frame_index,image_file_name,frame_timestamp_ns,pose_record_index,pose_timestamp_ns,time_delta_ms,image_intrinsics_mode,tracking_state
0,frame_1468037636381928.jpg,1468037636381928,1,1468037636381928,0.000,session_fixed,TRACKING
1,frame_1468037669745939.jpg,1468037669745939,2,1468037669745939,0.000,session_fixed,TRACKING
2,frame_1468037703172417.jpg,1468037703172417,3,1468037703172417,0.000,session_fixed,TRACKING
3,frame_1468037736536480.jpg,1468037736536480,4,1468037736536480,0.000,session_fixed,TRACKING
4,frame_1468037769900490.jpg,1468037769900490,5,1468037769900490,0.000,session_fixed,TRACKING
5,frame_1468037804088449.jpg,1468037804088449,6,1468037804088449,0.000,session_fixed,TRACKING
6,frame_1468037837452511.jpg,1468037837452511,7,1468037837452511,0.000,session_fixed,TRACKING
7,frame_1468037870816522.jpg,1468037870816522,8,1468037870816522,0.000,session_fixed,TRACKING
8,frame_1468037904556719.jpg,1468037904556719,9,1468037904556719,0.000,session_fixed,TRACKING
9,frame_1468037937920729.jpg,1468037937920729,10,1468037937920729,0.000,session_fixed,TRACKING
10,frame_1468037971284792.jpg,1468037971284792,11,1468037971284792,0.000,session_fixed,TRACKING
11,frame_1468038003900760.jpg,1468038003900760,12,1468038003900760,0.000,session_fixed,TRACKING
12,frame_1468038037264771.jpg,1468038037264771,13,1468038037264771,0.000,session_fixed,TRACKING
13,frame_1468038070628833.jpg,1468038070628833,14,1468038070628833,0.000,session_fixed,TRACKING
14,frame_1468038103075670.jpg,1468038103075670,15,1468038103075670,0.000,session_fixed,TRACKING
15,frame_1468038136439680.jpg,1468038136439680,16,1468038136439680,0.000,session_fixed,TRACKING
16,frame_1468038169803743.jpg,1468038169803743,17,1468038169803743,0.000,session_fixed,TRACKING
17,frame_1468038202928819.jpg,1468038202928819,18,1468038202928819,0.000,session_fixed,TRACKING
18,frame_1468038236292830.jpg,1468038236292830,19,1468038236292830,0.000,session_fixed,TRACKING
19,frame_1468038269656892.jpg,1468038269656892,20,1468038269656892,0.000,session_fixed,TRACKING
20,frame_1468038303640543.jpg,1468038303640543,21,1468038303640543,0.000,session_fixed,TRACKING
21,frame_1468038337004553.jpg,1468038337004553,22,1468038337004553,0.000,session_fixed,TRACKING
22,frame_1468038370368616.jpg,1468038370368616,23,1468038370368616,0.000,session_fixed,TRACKING
23,frame_1468038404366557.jpg,1468038404366557,24,1468038404366557,0.000,session_fixed,TRACKING
24,frame_1468038437730620.jpg,1468038437730620,25,1468038437730620,0.000,session_fixed,TRACKING
25,frame_1468038471094682.jpg,1468038471094682,26,1468038471094682,0.000,session_fixed,TRACKING
26,frame_1468038503827879.jpg,1468038503827879,27,1468038503827879,0.000,session_fixed,TRACKING
27,frame_1468038537191942.jpg,1468038537191942,28,1468038537191942,0.000,session_fixed,TRACKING
28,frame_1468038570556004.jpg,1468038570556004,29,1468038570556004,0.000,session_fixed,TRACKING
29,frame_1468038603625303.jpg,1468038603625303,30,1468038603625303,0.000,session_fixed,TRACKING
30,frame_1468038636989365.jpg,1468038636989365,31,1468038636989365,0.000,session_fixed,TRACKING
31,frame_1468038670353428.jpg,1468038670353428,32,1468038670353428,0.000,session_fixed,TRACKING
32,frame_1468038703490117.jpg,1468038703490117,33,1468038703490117,0.000,session_fixed,TRACKING
33,frame_1468038736854180.jpg,1468038736854180,34,1468038736854180,0.000,session_fixed,TRACKING
34,frame_1468038770218242.jpg,1468038770218242,35,1468038770218242,0.000,session_fixed,TRACKING
35,frame_1468038803355258.jpg,1468038803355258,36,1468038803355258,0.000,session_fixed,TRACKING
36,frame_1468038836719320.jpg,1468038836719320,37,1468038836719320,0.000,session_fixed,TRACKING
37,frame_1468038870083331.jpg,1468038870083331,38,1468038870083331,0.000,session_fixed,TRACKING
38,frame_1468038903292714.jpg,1468038903292714,39,1468038903292714,0.000,session_fixed,TRACKING
39,frame_1468038936656777.jpg,1468038936656777,40,1468038936656777,0.000,session_fixed,TRACKING
40,frame_1468038970020787.jpg,1468038970020787,41,1468038970020787,0.000,session_fixed,TRACKING
41,frame_1468039003553347.jpg,1468039003553347,42,1468039003553347,0.000,session_fixed,TRACKING
42,frame_1468039041090409.jpg,1468039041090409,43,1468039041090409,0.000,session_fixed,TRACKING
43,frame_1468039074454419.jpg,1468039074454419,44,1468039074454419,0.000,session_fixed,TRACKING
44,frame_1468039107667806.jpg,1468039107667806,45,1468039107667806,0.000,session_fixed,TRACKING
45,frame_1468039141031868.jpg,1468039141031868,46,1468039141031868,0.000,session_fixed,TRACKING
46,frame_1468039174395879.jpg,1468039174395879,47,1468039174395879,0.000,session_fixed,TRACKING
47,frame_1468039207773232.jpg,1468039207773232,48,1468039207773232,0.000,session_fixed,TRACKING
48,frame_1468039241137295.jpg,1468039241137295,49,1468039241137295,0.000,session_fixed,TRACKING
49,frame_1468039274501305.jpg,1468039274501305,50,1468039274501305,0.000,session_fixed,TRACKING
50,frame_1468039307939980.jpg,1468039307939980,51,1468039307939980,0.000,session_fixed,TRACKING
51,frame_1468039341303990.jpg,1468039341303990,52,1468039341303990,0.000,session_fixed,TRACKING
52,frame_1468039374668053.jpg,1468039374668053,53,1468039374668053,0.000,session_fixed,TRACKING
53,frame_1468039408293487.jpg,1468039408293487,54,1468039408293487,0.000,session_fixed,TRACKING
54,frame_1468039441657498.jpg,1468039441657498,55,1468039441657498,0.000,session_fixed,TRACKING
55,frame_1468039475021560.jpg,1468039475021560,56,1468039475021560,0.000,session_fixed,TRACKING
56,frame_1468039508244281.jpg,1468039508244281,57,1468039508244281,0.000,session_fixed,TRACKING
57,frame_1468039541608291.jpg,1468039541608291,58,1468039541608291,0.000,session_fixed,TRACKING
58,frame_1468039574972354.jpg,1468039574972354,59,1468039574972354,0.000,session_fixed,TRACKING
59,frame_1468039608443020.jpg,1468039608443020,60,1468039608443020,0.000,session_fixed,TRACKING
60,frame_1468039641807030.jpg,1468039641807030,61,1468039641807030,0.000,session_fixed,TRACKING
61,frame_1468039675171093.jpg,1468039675171093,62,1468039675171093,0.000,session_fixed,TRACKING
62,frame_1468039708522847.jpg,1468039708522847,63,1468039708522847,0.000,session_fixed,TRACKING
63,frame_1468039741886858.jpg,1468039741886858,64,1468039741886858,0.000,session_fixed,TRACKING
64,frame_1468039775250920.jpg,1468039775250920,65,1468039775250920,0.000,session_fixed,TRACKING
65,frame_1468039808691713.jpg,1468039808691713,66,1468039808691713,0.000,session_fixed,TRACKING
66,frame_1468039842055775.jpg,1468039842055775,67,1468039842055775,0.000,session_fixed,TRACKING
67,frame_1468039875419838.jpg,1468039875419838,68,1468039875419838,0.000,session_fixed,TRACKING
68,frame_1468039908860261.jpg,1468039908860261,69,1468039908860261,0.000,session_fixed,TRACKING
69,frame_1468039942224324.jpg,1468039942224324,70,1468039942224324,0.000,session_fixed,TRACKING
70,frame_1468039975588386.jpg,1468039975588386,71,1468039975588386,0.000,session_fixed,TRACKING
71,frame_1468040008904585.jpg,1468040008904585,72,1468040008904585,0.000,session_fixed,TRACKING
72,frame_1468040042268647.jpg,1468040042268647,73,1468040042268647,0.000,session_fixed,TRACKING
73,frame_1468040075632710.jpg,1468040075632710,74,1468040075632710,0.000,session_fixed,TRACKING
74,frame_1468040108996534.jpg,1468040108996534,75,1468040108996534,0.000,session_fixed,TRACKING
75,frame_1468040142360597.jpg,1468040142360597,76,1468040142360597,0.000,session_fixed,TRACKING
76,frame_1468040175724659.jpg,1468040175724659,77,1468040175724659,0.000,session_fixed,TRACKING
77,frame_1468040209097075.jpg,1468040209097075,78,1468040209097075,0.000,session_fixed,TRACKING
78,frame_1468040242461138.jpg,1468040242461138,79,1468040242461138,0.000,session_fixed,TRACKING
79,frame_1468040275825148.jpg,1468040275825148,80,1468040275825148,0.000,session_fixed,TRACKING
80,frame_1468040309229349.jpg,1468040309229349,81,1468040309229349,0.000,session_fixed,TRACKING
81,frame_1468040342593411.jpg,1468040342593411,82,1468040342593411,0.000,session_fixed,TRACKING
82,frame_1468040375957422.jpg,1468040375957422,83,1468040375957422,0.000,session_fixed,TRACKING
83,frame_1468040409378470.jpg,1468040409378470,84,1468040409378470,0.000,session_fixed,TRACKING
84,frame_1468040442742533.jpg,1468040442742533,85,1468040442742533,0.000,session_fixed,TRACKING
85,frame_1468040476106543.jpg,1468040476106543,86,1468040476106543,0.000,session_fixed,TRACKING
86,frame_1468040509506312.jpg,1468040509506312,87,1468040509506312,0.000,session_fixed,TRACKING
87,frame_1468040542870374.jpg,1468040542870374,88,1468040542870374,0.000,session_fixed,TRACKING
88,frame_1468040576234385.jpg,1468040576234385,89,1468040576234385,0.000,session_fixed,TRACKING
89,frame_1468040609729827.jpg,1468040609729827,90,1468040609729827,0.000,session_fixed,TRACKING
90,frame_1468040643093890.jpg,1468040643093890,91,1468040643093890,0.000,session_fixed,TRACKING
91,frame_1468040676457900.jpg,1468040676457900,92,1468040676457900,0.000,session_fixed,TRACKING
92,frame_1468040709799626.jpg,1468040709799626,93,1468040709799626,0.000,session_fixed,TRACKING
93,frame_1468040743163636.jpg,1468040743163636,94,1468040743163636,0.000,session_fixed,TRACKING
94,frame_1468040776527698.jpg,1468040776527698,95,1468040776527698,0.000,session_fixed,TRACKING
95,frame_1468040809890912.jpg,1468040809890912,96,1468040809890912,0.000,session_fixed,TRACKING
96,frame_1468040843254922.jpg,1468040843254922,97,1468040843254922,0.000,session_fixed,TRACKING
97,frame_1468040876618985.jpg,1468040876618985,98,1468040876618985,0.000,session_fixed,TRACKING
98,frame_1468040910027767.jpg,1468040910027767,99,1468040910027767,0.000,session_fixed,TRACKING
99,frame_1468040943391778.jpg,1468040943391778,100,1468040943391778,0.000,session_fixed,TRACKING
100,frame_1468040976755840.jpg,1468040976755840,101,1468040976755840,0.000,session_fixed,TRACKING
101,frame_1468041010198273.jpg,1468041010198273,102,1468041010198273,0.000,session_fixed,TRACKING
102,frame_1468041043562283.jpg,1468041043562283,103,1468041043562283,0.000,session_fixed,TRACKING
103,frame_1468041076926346.jpg,1468041076926346,104,1468041076926346,0.000,session_fixed,TRACKING
104,frame_1468041110271231.jpg,1468041110271231,105,1468041110271231,0.000,session_fixed,TRACKING
105,frame_1468041143635242.jpg,1468041143635242,106,1468041143635242,0.000,session_fixed,TRACKING
106,frame_1468041176999304.jpg,1468041176999304,107,1468041176999304,0.000,session_fixed,TRACKING
107,frame_1468041210346488.jpg,1468041210346488,108,1468041210346488,0.000,session_fixed,TRACKING
108,frame_1468041243710498.jpg,1468041243710498,109,1468041243710498,0.000,session_fixed,TRACKING
109,frame_1468041277074561.jpg,1468041277074561,110,1468041277074561,0.000,session_fixed,TRACKING
110,frame_1468041310401835.jpg,1468041310401835,111,1468041310401835,0.000,session_fixed,TRACKING
111,frame_1468041343765897.jpg,1468041343765897,112,1468041343765897,0.000,session_fixed,TRACKING
112,frame_1468041377129960.jpg,1468041377129960,113,1468041377129960,0.000,session_fixed,TRACKING
113,frame_1468041410552702.jpg,1468041410552702,114,1468041410552702,0.000,session_fixed,TRACKING
114,frame_1468041443916765.jpg,1468041443916765,115,1468041443916765,0.000,session_fixed,TRACKING
115,frame_1468041477280827.jpg,1468041477280827,116,1468041477280827,0.000,session_fixed,TRACKING
116,frame_1468041510672866.jpg,1468041510672866,117,1468041510672866,0.000,session_fixed,TRACKING
117,frame_1468041544036928.jpg,1468041544036928,118,1468041544036928,0.000,session_fixed,TRACKING
118,frame_1468041577400991.jpg,1468041577400991,119,1468041577400991,0.000,session_fixed,TRACKING
119,frame_1468041610700424.jpg,1468041610700424,120,1468041610700424,0.000,session_fixed,TRACKING
120,frame_1468041644064487.jpg,1468041644064487,121,1468041644064487,0.000,session_fixed,TRACKING
121,frame_1468041677428549.jpg,1468041677428549,122,1468041677428549,0.000,session_fixed,TRACKING
122,frame_1468041710821730.jpg,1468041710821730,123,1468041710821730,0.000,session_fixed,TRACKING
123,frame_1468041744185792.jpg,1468041744185792,124,1468041744185792,0.000,session_fixed,TRACKING
124,frame_1468041777549803.jpg,1468041777549803,125,1468041777549803,0.000,session_fixed,TRACKING
125,frame_1468041810957166.jpg,1468041810957166,126,1468041810957166,0.000,session_fixed,TRACKING
126,frame_1468041844321229.jpg,1468041844321229,127,1468041844321229,0.000,session_fixed,TRACKING
127,frame_1468041877685239.jpg,1468041877685239,128,1468041877685239,0.000,session_fixed,TRACKING
128,frame_1468041911023485.jpg,1468041911023485,129,1468041911023485,0.000,session_fixed,TRACKING
129,frame_1468041944387548.jpg,1468041944387548,130,1468041944387548,0.000,session_fixed,TRACKING
130,frame_1468041977751558.jpg,1468041977751558,131,1468041977751558,0.000,session_fixed,TRACKING
131,frame_1468042011149481.jpg,1468042011149481,132,1468042011149481,0.000,session_fixed,TRACKING
132,frame_1468042044513543.jpg,1468042044513543,133,1468042044513543,0.000,session_fixed,TRACKING
133,frame_1468042077877554.jpg,1468042077877554,134,1468042077877554,0.000,session_fixed,TRACKING
134,frame_1468042111308687.jpg,1468042111308687,135,1468042111308687,0.000,session_fixed,TRACKING
135,frame_1468042144672750.jpg,1468042144672750,136,1468042144672750,0.000,session_fixed,TRACKING
136,frame_1468042178036760.jpg,1468042178036760,137,1468042178036760,0.000,session_fixed,TRACKING
137,frame_1468042211365421.jpg,1468042211365421,138,1468042211365421,0.000,session_fixed,TRACKING
138,frame_1468042244729431.jpg,1468042244729431,139,1468042244729431,0.000,session_fixed,TRACKING
139,frame_1468042278093494.jpg,1468042278093494,140,1468042278093494,0.000,session_fixed,TRACKING
140,frame_1468042311456808.jpg,1468042311456808,141,1468042311456808,0.000,session_fixed,TRACKING
141,frame_1468042344820819.jpg,1468042344820819,142,1468042344820819,0.000,session_fixed,TRACKING
142,frame_1468042378184881.jpg,1468042378184881,143,1468042378184881,0.000,session_fixed,TRACKING
143,frame_1468042411544785.jpg,1468042411544785,144,1468042411544785,0.000,session_fixed,TRACKING
144,frame_1468042444908795.jpg,1468042444908795,145,1468042444908795,0.000,session_fixed,TRACKING
145,frame_1468042478272857.jpg,1468042478272857,146,1468042478272857,0.000,session_fixed,TRACKING
146,frame_1468042511584265.jpg,1468042511584265,147,1468042511584265,0.000,session_fixed,TRACKING
147,frame_1468042544948275.jpg,1468042544948275,148,1468042544948275,0.000,session_fixed,TRACKING
148,frame_1468042578312338.jpg,1468042578312338,149,1468042578312338,0.000,session_fixed,TRACKING
149,frame_1468042611763442.jpg,1468042611763442,150,1468042611763442,0.000,session_fixed,TRACKING
150,frame_1468042645127453.jpg,1468042645127453,151,1468042645127453,0.000,session_fixed,TRACKING
151,frame_1468042678491515.jpg,1468042678491515,152,1468042678491515,0.000,session_fixed,TRACKING
152,frame_1468042711820295.jpg,1468042711820295,153,1468042711820295,0.000,session_fixed,TRACKING
153,frame_1468042745184305.jpg,1468042745184305,154,1468042745184305,0.000,session_fixed,TRACKING
154,frame_1468042778548368.jpg,1468042778548368,155,1468042778548368,0.000,session_fixed,TRACKING
155,frame_1468042811867072.jpg,1468042811867072,156,1468042811867072,0.000,session_fixed,TRACKING
156,frame_1468042845231135.jpg,1468042845231135,157,1468042845231135,0.000,session_fixed,TRACKING
157,frame_1468042878595197.jpg,1468042878595197,158,1468042878595197,0.000,session_fixed,TRACKING
158,frame_1468042911932005.jpg,1468042911932005,159,1468042911932005,0.000,session_fixed,TRACKING
159,frame_1468042945296067.jpg,1468042945296067,160,1468042945296067,0.000,session_fixed,TRACKING
160,frame_1468042978660130.jpg,1468042978660130,161,1468042978660130,0.000,session_fixed,TRACKING
161,frame_1468043011943591.jpg,1468043011943591,162,1468043011943591,0.000,session_fixed,TRACKING
162,frame_1468043045307653.jpg,1468043045307653,163,1468043045307653,0.000,session_fixed,TRACKING
163,frame_1468043078671716.jpg,1468043078671716,164,1468043078671716,0.000,session_fixed,TRACKING
164,frame_1468043107846205.jpg,1468043107846205,165,1468043107846205,0.000,session_fixed,TRACKING
165,frame_1468043141210268.jpg,1468043141210268,166,1468043141210268,0.000,session_fixed,TRACKING
166,frame_1468043174574330.jpg,1468043174574330,167,1468043174574330,0.000,session_fixed,TRACKING
167,frame_1468043207932366.jpg,1468043207932366,168,1468043207932366,0.000,session_fixed,TRACKING
168,frame_1468043241296428.jpg,1468043241296428,169,1468043241296428,0.000,session_fixed,TRACKING
169,frame_1468043274660491.jpg,1468043274660491,170,1468043274660491,0.000,session_fixed,TRACKING
170,frame_1468043308033034.jpg,1468043308033034,171,1468043308033034,0.000,session_fixed,TRACKING
171,frame_1468043341397097.jpg,1468043341397097,172,1468043341397097,0.000,session_fixed,TRACKING
172,frame_1468043374761107.jpg,1468043374761107,173,1468043374761107,0.000,session_fixed,TRACKING
173,frame_1468043408112046.jpg,1468043408112046,174,1468043408112046,0.000,session_fixed,TRACKING
174,frame_1468043441476108.jpg,1468043441476108,175,1468043441476108,0.000,session_fixed,TRACKING
175,frame_1468043474840119.jpg,1468043474840119,176,1468043474840119,0.000,session_fixed,TRACKING
176,frame_1468043508235502.jpg,1468043508235502,177,1468043508235502,0.000,session_fixed,TRACKING
177,frame_1468043541599565.jpg,1468043541599565,178,1468043541599565,0.000,session_fixed,TRACKING
178,frame_1468043574963575.jpg,1468043574963575,179,1468043574963575,0.000,session_fixed,TRACKING
179,frame_1468043608255478.jpg,1468043608255478,180,1468043608255478,0.000,session_fixed,TRACKING
180,frame_1468043641619541.jpg,1468043641619541,181,1468043641619541,0.000,session_fixed,TRACKING
181,frame_1468043674983551.jpg,1468043674983551,182,1468043674983551,0.000,session_fixed,TRACKING
182,frame_1468043708372821.jpg,1468043708372821,183,1468043708372821,0.000,session_fixed,TRACKING
183,frame_1468043741736831.jpg,1468043741736831,184,1468043741736831,0.000,session_fixed,TRACKING
184,frame_1468043775100894.jpg,1468043775100894,185,1468043775100894,0.000,session_fixed,TRACKING
185,frame_1468043808477967.jpg,1468043808477967,186,1468043808477967,0.000,session_fixed,TRACKING
186,frame_1468043841841978.jpg,1468043841841978,187,1468043841841978,0.000,session_fixed,TRACKING
187,frame_1468043875206040.jpg,1468043875206040,188,1468043875206040,0.000,session_fixed,TRACKING
188,frame_1468043908529494.jpg,1468043908529494,189,1468043908529494,0.000,session_fixed,TRACKING
189,frame_1468043941893504.jpg,1468043941893504,190,1468043941893504,0.000,session_fixed,TRACKING
190,frame_1468043975257567.jpg,1468043975257567,191,1468043975257567,0.000,session_fixed,TRACKING
191,frame_1468044008566291.jpg,1468044008566291,192,1468044008566291,0.000,session_fixed,TRACKING
192,frame_1468044041930302.jpg,1468044041930302,193,1468044041930302,0.000,session_fixed,TRACKING
193,frame_1468044075294364.jpg,1468044075294364,194,1468044075294364,0.000,session_fixed,TRACKING
194,frame_1468044108650475.jpg,1468044108650475,195,1468044108650475,0.000,session_fixed,TRACKING
195,frame_1468044142014485.jpg,1468044142014485,196,1468044142014485,0.000,session_fixed,TRACKING
196,frame_1468044175378547.jpg,1468044175378547,197,1468044175378547,0.000,session_fixed,TRACKING
197,frame_1468044208774216.jpg,1468044208774216,198,1468044208774216,0.000,session_fixed,TRACKING
198,frame_1468044242138278.jpg,1468044242138278,199,1468044242138278,0.000,session_fixed,TRACKING
199,frame_1468044275502341.jpg,1468044275502341,200,1468044275502341,0.000,session_fixed,TRACKING
200,frame_1468044308901183.jpg,1468044308901183,201,1468044308901183,0.000,session_fixed,TRACKING
201,frame_1468044342265246.jpg,1468044342265246,202,1468044342265246,0.000,session_fixed,TRACKING
202,frame_1468044375629308.jpg,1468044375629308,203,1468044375629308,0.000,session_fixed,TRACKING
203,frame_1468044408938476.jpg,1468044408938476,204,1468044408938476,0.000,session_fixed,TRACKING
204,frame_1468044442302538.jpg,1468044442302538,205,1468044442302538,0.000,session_fixed,TRACKING
205,frame_1468044475666601.jpg,1468044475666601,206,1468044475666601,0.000,session_fixed,TRACKING
206,frame_1468044508994205.jpg,1468044508994205,207,1468044508994205,0.000,session_fixed,TRACKING
207,frame_1468044542358268.jpg,1468044542358268,208,1468044542358268,0.000,session_fixed,TRACKING
208,frame_1468044575722330.jpg,1468044575722330,209,1468044575722330,0.000,session_fixed,TRACKING
209,frame_1468044609146288.jpg,1468044609146288,210,1468044609146288,0.000,session_fixed,TRACKING
210,frame_1468044642510350.jpg,1468044642510350,211,1468044642510350,0.000,session_fixed,TRACKING
211,frame_1468044675874360.jpg,1468044675874360,212,1468044675874360,0.000,session_fixed,TRACKING
212,frame_1468044709240302.jpg,1468044709240302,213,1468044709240302,0.000,session_fixed,TRACKING
213,frame_1468044742604364.jpg,1468044742604364,214,1468044742604364,0.000,session_fixed,TRACKING
214,frame_1468044775968375.jpg,1468044775968375,215,1468044775968375,0.000,session_fixed,TRACKING
215,frame_1468044809380458.jpg,1468044809380458,216,1468044809380458,0.000,session_fixed,TRACKING
216,frame_1468044842744521.jpg,1468044842744521,217,1468044842744521,0.000,session_fixed,TRACKING
217,frame_1468044876108531.jpg,1468044876108531,218,1468044876108531,0.000,session_fixed,TRACKING
218,frame_1468044909503927.jpg,1468044909503927,219,1468044909503927,0.000,session_fixed,TRACKING
219,frame_1468044942867989.jpg,1468044942867989,220,1468044942867989,0.000,session_fixed,TRACKING
220,frame_1468044976232000.jpg,1468044976232000,221,1468044976232000,0.000,session_fixed,TRACKING
221,frame_1468045009578661.jpg,1468045009578661,222,1468045009578661,0.000,session_fixed,TRACKING
222,frame_1468045042942724.jpg,1468045042942724,223,1468045042942724,0.000,session_fixed,TRACKING
223,frame_1468045076306734.jpg,1468045076306734,224,1468045076306734,0.000,session_fixed,TRACKING
224,frame_1468045109647532.jpg,1468045109647532,225,1468045109647532,0.000,session_fixed,TRACKING
225,frame_1468045143011594.jpg,1468045143011594,226,1468045143011594,0.000,session_fixed,TRACKING
226,frame_1468045176375605.jpg,1468045176375605,227,1468045176375605,0.000,session_fixed,TRACKING
227,frame_1468045209736798.jpg,1468045209736798,228,1468045209736798,0.000,session_fixed,TRACKING
228,frame_1468045243100808.jpg,1468045243100808,229,1468045243100808,0.000,session_fixed,TRACKING
229,frame_1468045276464871.jpg,1468045276464871,230,1468045276464871,0.000,session_fixed,TRACKING
230,frame_1468045309924307.jpg,1468045309924307,231,1468045309924307,0.000,session_fixed,TRACKING
231,frame_1468045343288318.jpg,1468045343288318,232,1468045343288318,0.000,session_fixed,TRACKING
232,frame_1468045376652380.jpg,1468045376652380,233,1468045376652380,0.000,session_fixed,TRACKING
233,frame_1468045409947436.jpg,1468045409947436,234,1468045409947436,0.000,session_fixed,TRACKING
234,frame_1468045443311446.jpg,1468045443311446,235,1468045443311446,0.000,session_fixed,TRACKING
235,frame_1468045476675509.jpg,1468045476675509,236,1468045476675509,0.000,session_fixed,TRACKING
236,frame_1468045510065036.jpg,1468045510065036,237,1468045510065036,0.000,session_fixed,TRACKING
237,frame_1468045543429047.jpg,1468045543429047,238,1468045543429047,0.000,session_fixed,TRACKING
238,frame_1468045576793109.jpg,1468045576793109,239,1468045576793109,0.000,session_fixed,TRACKING
239,frame_1468045610261447.jpg,1468045610261447,240,1468045610261447,0.000,session_fixed,TRACKING
240,frame_1468045643625457.jpg,1468045643625457,241,1468045643625457,0.000,session_fixed,TRACKING
241,frame_1468045676989520.jpg,1468045676989520,242,1468045676989520,0.000,session_fixed,TRACKING
242,frame_1468045710420891.jpg,1468045710420891,243,1468045710420891,0.000,session_fixed,TRACKING
243,frame_1468045743784954.jpg,1468045743784954,244,1468045743784954,0.000,session_fixed,TRACKING
244,frame_1468045777149016.jpg,1468045777149016,245,1468045777149016,0.000,session_fixed,TRACKING
245,frame_1468045810525978.jpg,1468045810525978,246,1468045810525978,0.000,session_fixed,TRACKING
246,frame_1468045843890041.jpg,1468045843890041,247,1468045843890041,0.000,session_fixed,TRACKING
247,frame_1468045877254103.jpg,1468045877254103,248,1468045877254103,0.000,session_fixed,TRACKING
248,frame_1468045910588330.jpg,1468045910588330,249,1468045910588330,0.000,session_fixed,TRACKING
249,frame_1468045943952392.jpg,1468045943952392,250,1468045943952392,0.000,session_fixed,TRACKING
250,frame_1468045977316455.jpg,1468045977316455,251,1468045977316455,0.000,session_fixed,TRACKING
251,frame_1468046010630629.jpg,1468046010630629,252,1468046010630629,0.000,session_fixed,TRACKING
252,frame_1468046043994692.jpg,1468046043994692,253,1468046043994692,0.000,session_fixed,TRACKING
253,frame_1468046077358754.jpg,1468046077358754,254,1468046077358754,0.000,session_fixed,TRACKING
254,frame_1468046110803202.jpg,1468046110803202,255,1468046110803202,0.000,session_fixed,TRACKING
255,frame_1468046144167264.jpg,1468046144167264,256,1468046144167264,0.000,session_fixed,TRACKING
256,frame_1468046177531275.jpg,1468046177531275,257,1468046177531275,0.000,session_fixed,TRACKING
257,frame_1468046210990248.jpg,1468046210990248,258,1468046210990248,0.000,session_fixed,TRACKING
258,frame_1468046244354311.jpg,1468046244354311,259,1468046244354311,0.000,session_fixed,TRACKING
259,frame_1468046277718321.jpg,1468046277718321,260,1468046277718321,0.000,session_fixed,TRACKING
260,frame_1468046311062079.jpg,1468046311062079,261,1468046311062079,0.000,session_fixed,TRACKING
261,frame_1468046344426141.jpg,1468046344426141,262,1468046344426141,0.000,session_fixed,TRACKING
262,frame_1468046377790151.jpg,1468046377790151,263,1468046377790151,0.000,session_fixed,TRACKING
263,frame_1468046411139232.jpg,1468046411139232,264,1468046411139232,0.000,session_fixed,TRACKING
264,frame_1468046444503294.jpg,1468046444503294,265,1468046444503294,0.000,session_fixed,TRACKING
265,frame_1468046477867305.jpg,1468046477867305,266,1468046477867305,0.000,session_fixed,TRACKING
266,frame_1468046511362225.jpg,1468046511362225,267,1468046511362225,0.000,session_fixed,TRACKING
267,frame_1468046544726288.jpg,1468046544726288,268,1468046544726288,0.000,session_fixed,TRACKING
268,frame_1468046578090298.jpg,1468046578090298,269,1468046578090298,0.000,session_fixed,TRACKING
269,frame_1468046611440527.jpg,1468046611440527,270,1468046611440527,0.000,session_fixed,TRACKING
270,frame_1468046644804589.jpg,1468046644804589,271,1468046644804589,0.000,session_fixed,TRACKING
271,frame_1468046678168600.jpg,1468046678168600,272,1468046678168600,0.000,session_fixed,TRACKING
272,frame_1468046711542775.jpg,1468046711542775,273,1468046711542775,0.000,session_fixed,TRACKING
273,frame_1468046744906786.jpg,1468046744906786,274,1468046744906786,0.000,session_fixed,TRACKING
274,frame_1468046778270848.jpg,1468046778270848,275,1468046778270848,0.000,session_fixed,TRACKING
275,frame_1468046811568794.jpg,1468046811568794,276,1468046811568794,0.000,session_fixed,TRACKING
276,frame_1468046844932804.jpg,1468046844932804,277,1468046844932804,0.000,session_fixed,TRACKING
277,frame_1468046878296867.jpg,1468046878296867,278,1468046878296867,0.000,session_fixed,TRACKING
278,frame_1468046911583953.jpg,1468046911583953,279,1468046911583953,0.000,session_fixed,TRACKING
279,frame_1468046944947963.jpg,1468046944947963,280,1468046944947963,0.000,session_fixed,TRACKING
280,frame_1468046978312026.jpg,1468046978312026,281,1468046978312026,0.000,session_fixed,TRACKING
281,frame_1468047011687522.jpg,1468047011687522,282,1468047011687522,0.000,session_fixed,TRACKING
282,frame_1468047045051533.jpg,1468047045051533,283,1468047045051533,0.000,session_fixed,TRACKING
283,frame_1468047078415595.jpg,1468047078415595,284,1468047078415595,0.000,session_fixed,TRACKING
284,frame_1468047111692941.jpg,1468047111692941,285,1468047111692941,0.000,session_fixed,TRACKING
285,frame_1468047145057003.jpg,1468047145057003,286,1468047145057003,0.000,session_fixed,TRACKING
286,frame_1468047178421066.jpg,1468047178421066,287,1468047178421066,0.000,session_fixed,TRACKING
287,frame_1468047211894278.jpg,1468047211894278,288,1468047211894278,0.000,session_fixed,TRACKING
288,frame_1468047245258341.jpg,1468047245258341,289,1468047245258341,0.000,session_fixed,TRACKING
289,frame_1468047278622403.jpg,1468047278622403,290,1468047278622403,0.000,session_fixed,TRACKING
290,frame_1468047312012628.jpg,1468047312012628,291,1468047312012628,0.000,session_fixed,TRACKING
291,frame_1468047345376690.jpg,1468047345376690,292,1468047345376690,0.000,session_fixed,TRACKING
292,frame_1468047378740753.jpg,1468047378740753,293,1468047378740753,0.000,session_fixed,TRACKING
293,frame_1468047412138196.jpg,1468047412138196,294,1468047412138196,0.000,session_fixed,TRACKING
294,frame_1468047445502259.jpg,1468047445502259,295,1468047445502259,0.000,session_fixed,TRACKING
295,frame_1468047478866321.jpg,1468047478866321,296,1468047478866321,0.000,session_fixed,TRACKING
296,frame_1468047512173939.jpg,1468047512173939,297,1468047512173939,0.000,session_fixed,TRACKING
297,frame_1468047545538002.jpg,1468047545538002,298,1468047545538002,0.000,session_fixed,TRACKING
298,frame_1468047578902064.jpg,1468047578902064,299,1468047578902064,0.000,session_fixed,TRACKING
299,frame_1468047612229225.jpg,1468047612229225,300,1468047612229225,0.000,session_fixed,TRACKING
300,frame_1468047645593287.jpg,1468047645593287,301,1468047645593287,0.000,session_fixed,TRACKING
301,frame_1468047678957298.jpg,1468047678957298,302,1468047678957298,0.000,session_fixed,TRACKING
302,frame_1468047712278828.jpg,1468047712278828,303,1468047712278828,0.000,session_fixed,TRACKING
303,frame_1468047745642891.jpg,1468047745642891,304,1468047745642891,0.000,session_fixed,TRACKING
304,frame_1468047779006901.jpg,1468047779006901,305,1468047779006901,0.000,session_fixed,TRACKING
305,frame_1468047812477160.jpg,1468047812477160,306,1468047812477160,0.000,session_fixed,TRACKING
306,frame_1468047845841222.jpg,1468047845841222,307,1468047845841222,0.000,session_fixed,TRACKING
307,frame_1468047879205233.jpg,1468047879205233,308,1468047879205233,0.000,session_fixed,TRACKING
308,frame_1468047912540624.jpg,1468047912540624,309,1468047912540624,0.000,session_fixed,TRACKING
309,frame_1468047945904687.jpg,1468047945904687,310,1468047945904687,0.000,session_fixed,TRACKING
310,frame_1468047979268697.jpg,1468047979268697,311,1468047979268697,0.000,session_fixed,TRACKING
311,frame_1468048012635475.jpg,1468048012635475,312,1468048012635475,0.000,session_fixed,TRACKING
312,frame_1468048045999537.jpg,1468048045999537,313,1468048045999537,0.000,session_fixed,TRACKING
313,frame_1468048079363547.jpg,1468048079363547,314,1468048079363547,0.000,session_fixed,TRACKING
314,frame_1468048112695023.jpg,1468048112695023,315,1468048112695023,0.000,session_fixed,TRACKING
315,frame_1468048146059033.jpg,1468048146059033,316,1468048146059033,0.000,session_fixed,TRACKING
316,frame_1468048179423096.jpg,1468048179423096,317,1468048179423096,0.000,session_fixed,TRACKING
317,frame_1468048212752956.jpg,1468048212752956,318,1468048212752956,0.000,session_fixed,TRACKING
318,frame_1468048246116967.jpg,1468048246116967,319,1468048246116967,0.000,session_fixed,TRACKING
319,frame_1468048279481029.jpg,1468048279481029,320,1468048279481029,0.000,session_fixed,TRACKING
320,frame_1468048312822374.jpg,1468048312822374,321,1468048312822374,0.000,session_fixed,TRACKING
321,frame_1468048346186384.jpg,1468048346186384,322,1468048346186384,0.000,session_fixed,TRACKING
322,frame_1468048379550447.jpg,1468048379550447,323,1468048379550447,0.000,session_fixed,TRACKING
323,frame_1468048412932071.jpg,1468048412932071,324,1468048412932071,0.000,session_fixed,TRACKING
324,frame_1468048446296082.jpg,1468048446296082,325,1468048446296082,0.000,session_fixed,TRACKING
325,frame_1468048479660144.jpg,1468048479660144,326,1468048479660144,0.000,session_fixed,TRACKING
326,frame_1468048512968845.jpg,1468048512968845,327,1468048512968845,0.000,session_fixed,TRACKING
327,frame_1468048546332855.jpg,1468048546332855,328,1468048546332855,0.000,session_fixed,TRACKING
328,frame_1468048579696918.jpg,1468048579696918,329,1468048579696918,0.000,session_fixed,TRACKING
329,frame_1468048613044294.jpg,1468048613044294,330,1468048613044294,0.000,session_fixed,TRACKING
330,frame_1468048646408356.jpg,1468048646408356,331,1468048646408356,0.000,session_fixed,TRACKING
331,frame_1468048679772419.jpg,1468048679772419,332,1468048679772419,0.000,session_fixed,TRACKING
332,frame_1468048713144391.jpg,1468048713144391,333,1468048713144391,0.000,session_fixed,TRACKING
333,frame_1468048746508454.jpg,1468048746508454,334,1468048746508454,0.000,session_fixed,TRACKING
334,frame_1468048779872516.jpg,1468048779872516,335,1468048779872516,0.000,session_fixed,TRACKING
335,frame_1468048813183617.jpg,1468048813183617,336,1468048813183617,0.000,session_fixed,TRACKING
336,frame_1468048846547679.jpg,1468048846547679,337,1468048846547679,0.000,session_fixed,TRACKING
337,frame_1468048879911742.jpg,1468048879911742,338,1468048879911742,0.000,session_fixed,TRACKING
338,frame_1468048913268607.jpg,1468048913268607,339,1468048913268607,0.000,session_fixed,TRACKING
339,frame_1468048946632670.jpg,1468048946632670,340,1468048946632670,0.000,session_fixed,TRACKING
340,frame_1468048979996732.jpg,1468048979996732,341,1468048979996732,0.000,session_fixed,TRACKING
341,frame_1468049013340206.jpg,1468049013340206,342,1468049013340206,0.000,session_fixed,TRACKING
342,frame_1468049046704268.jpg,1468049046704268,343,1468049046704268,0.000,session_fixed,TRACKING
343,frame_1468049080068331.jpg,1468049080068331,344,1468049080068331,0.000,session_fixed,TRACKING
344,frame_1468049113531268.jpg,1468049113531268,345,1468049113531268,0.000,session_fixed,TRACKING
345,frame_1468049146895331.jpg,1468049146895331,346,1468049146895331,0.000,session_fixed,TRACKING
346,frame_1468049180259341.jpg,1468049180259341,347,1468049180259341,0.000,session_fixed,TRACKING
347,frame_1468049213542023.jpg,1468049213542023,348,1468049213542023,0.000,session_fixed,TRACKING
348,frame_1468049246906086.jpg,1468049246906086,349,1468049246906086,0.000,session_fixed,TRACKING
349,frame_1468049280270096.jpg,1468049280270096,350,1468049280270096,0.000,session_fixed,TRACKING
350,frame_1468049313685209.jpg,1468049313685209,351,1468049313685209,0.000,session_fixed,TRACKING
351,frame_1468049347049271.jpg,1468049347049271,352,1468049347049271,0.000,session_fixed,TRACKING
352,frame_1468049380413282.jpg,1468049380413282,353,1468049380413282,0.000,session_fixed,TRACKING
353,frame_1468049413889475.jpg,1468049413889475,354,1468049413889475,0.000,session_fixed,TRACKING
354,frame_1468049447253538.jpg,1468049447253538,355,1468049447253538,0.000,session_fixed,TRACKING
355,frame_1468049480617548.jpg,1468049480617548,356,1468049480617548,0.000,session_fixed,TRACKING
356,frame_1468049514035953.jpg,1468049514035953,357,1468049514035953,0.000,session_fixed,TRACKING
357,frame_1468049547400015.jpg,1468049547400015,358,1468049547400015,0.000,session_fixed,TRACKING
358,frame_1468049580764026.jpg,1468049580764026,359,1468049580764026,0.000,session_fixed,TRACKING
359,frame_1468049614156866.jpg,1468049614156866,360,1468049614156866,0.000,session_fixed,TRACKING
360,frame_1468049647520877.jpg,1468049647520877,361,1468049647520877,0.000,session_fixed,TRACKING
361,frame_1468049680884939.jpg,1468049680884939,362,1468049680884939,0.000,session_fixed,TRACKING
362,frame_1468049714271928.jpg,1468049714271928,363,1468049714271928,0.000,session_fixed,TRACKING
363,frame_1468049747635938.jpg,1468049747635938,364,1468049747635938,0.000,session_fixed,TRACKING
364,frame_1468049781000000.jpg,1468049781000000,365,1468049781000000,0.000,session_fixed,TRACKING
365,frame_1468049814307446.jpg,1468049814307446,366,1468049814307446,0.000,session_fixed,TRACKING
366,frame_1468049847671456.jpg,1468049847671456,367,1468049847671456,0.000,session_fixed,TRACKING
367,frame_1468049881035519.jpg,1468049881035519,368,1468049881035519,0.000,session_fixed,TRACKING
368,frame_1468049914390924.jpg,1468049914390924,369,1468049914390924,0.000,session_fixed,TRACKING
369,frame_1468049947754935.jpg,1468049947754935,370,1468049947754935,0.000,session_fixed,TRACKING
370,frame_1468049981118997.jpg,1468049981118997,371,1468049981118997,0.000,session_fixed,TRACKING
371,frame_1468050014505155.jpg,1468050014505155,372,1468050014505155,0.000,session_fixed,TRACKING
372,frame_1468050047869165.jpg,1468050047869165,373,1468050047869165,0.000,session_fixed,TRACKING
373,frame_1468050081233228.jpg,1468050081233228,374,1468050081233228,0.000,session_fixed,TRACKING
374,frame_1468050114670446.jpg,1468050114670446,375,1468050114670446,0.000,session_fixed,TRACKING
375,frame_1468050148034509.jpg,1468050148034509,376,1468050148034509,0.000,session_fixed,TRACKING
376,frame_1468050181398571.jpg,1468050181398571,377,1468050181398571,0.000,session_fixed,TRACKING
377,frame_1468050214709997.jpg,1468050214709997,378,1468050214709997,0.000,session_fixed,TRACKING
378,frame_1468050248074059.jpg,1468050248074059,379,1468050248074059,0.000,session_fixed,TRACKING
379,frame_1468050281438122.jpg,1468050281438122,380,1468050281438122,0.000,session_fixed,TRACKING
380,frame_1468050314819402.jpg,1468050314819402,381,1468050314819402,0.000,session_fixed,TRACKING
381,frame_1468050348183464.jpg,1468050348183464,382,1468050348183464,0.000,session_fixed,TRACKING
382,frame_1468050381547527.jpg,1468050381547527,383,1468050381547527,0.000,session_fixed,TRACKING
383,frame_1468050414919065.jpg,1468050414919065,384,1468050414919065,0.000,session_fixed,TRACKING
384,frame_1468050448283128.jpg,1468050448283128,385,1468050448283128,0.000,session_fixed,TRACKING
385,frame_1468050481647190.jpg,1468050481647190,386,1468050481647190,0.000,session_fixed,TRACKING
386,frame_1468050515024423.jpg,1468050515024423,387,1468050515024423,0.000,session_fixed,TRACKING
387,frame_1468050548388485.jpg,1468050548388485,388,1468050548388485,0.000,session_fixed,TRACKING
388,frame_1468050581752548.jpg,1468050581752548,389,1468050581752548,0.000,session_fixed,TRACKING
389,frame_1468050615242416.jpg,1468050615242416,390,1468050615242416,0.000,session_fixed,TRACKING
390,frame_1468050648606479.jpg,1468050648606479,391,1468050648606479,0.000,session_fixed,TRACKING
391,frame_1468050681970489.jpg,1468050681970489,392,1468050681970489,0.000,session_fixed,TRACKING
392,frame_1468050715386647.jpg,1468050715386647,393,1468050715386647,0.000,session_fixed,TRACKING
393,frame_1468050748750709.jpg,1468050748750709,394,1468050748750709,0.000,session_fixed,TRACKING
394,frame_1468050782114720.jpg,1468050782114720,395,1468050782114720,0.000,session_fixed,TRACKING
395,frame_1468050815442546.jpg,1468050815442546,396,1468050815442546,0.000,session_fixed,TRACKING
396,frame_1468050848806609.jpg,1468050848806609,397,1468050848806609,0.000,session_fixed,TRACKING
397,frame_1468050882170619.jpg,1468050882170619,398,1468050882170619,0.000,session_fixed,TRACKING
398,frame_1468050915489208.jpg,1468050915489208,399,1468050915489208,0.000,session_fixed,TRACKING
399,frame_1468050948853271.jpg,1468050948853271,400,1468050948853271,0.000,session_fixed,TRACKING
400,frame_1468050982217281.jpg,1468050982217281,401,1468050982217281,0.000,session_fixed,TRACKING
401,frame_1468051015477810.jpg,1468051015477810,402,1468051015477810,0.000,session_fixed,TRACKING
402,frame_1468051048841820.jpg,1468051048841820,403,1468051048841820,0.000,session_fixed,TRACKING
403,frame_1468051082205883.jpg,1468051082205883,404,1468051082205883,0.000,session_fixed,TRACKING
404,frame_1468051115518754.jpg,1468051115518754,405,1468051115518754,0.000,session_fixed,TRACKING
405,frame_1468051148882765.jpg,1468051148882765,406,1468051148882765,0.000,session_fixed,TRACKING
406,frame_1468051182246827.jpg,1468051182246827,407,1468051182246827,0.000,session_fixed,TRACKING
407,frame_1468051215669247.jpg,1468051215669247,408,1468051215669247,0.000,session_fixed,TRACKING
408,frame_1468051249033257.jpg,1468051249033257,409,1468051249033257,0.000,session_fixed,TRACKING
409,frame_1468051282397320.jpg,1468051282397320,410,1468051282397320,0.000,session_fixed,TRACKING
410,frame_1468051315836131.jpg,1468051315836131,411,1468051315836131,0.000,session_fixed,TRACKING
411,frame_1468051349200142.jpg,1468051349200142,412,1468051349200142,0.000,session_fixed,TRACKING
412,frame_1468051382564204.jpg,1468051382564204,413,1468051382564204,0.000,session_fixed,TRACKING
413,frame_1468051415854612.jpg,1468051415854612,414,1468051415854612,0.000,session_fixed,TRACKING
414,frame_1468051449218622.jpg,1468051449218622,415,1468051449218622,0.000,session_fixed,TRACKING
415,frame_1468051482582684.jpg,1468051482582684,416,1468051482582684,0.000,session_fixed,TRACKING
416,frame_1468051516147528.jpg,1468051516147528,417,1468051516147528,0.000,session_fixed,TRACKING
417,frame_1468051549511538.jpg,1468051549511538,418,1468051549511538,0.000,session_fixed,TRACKING
418,frame_1468051582875601.jpg,1468051582875601,419,1468051582875601,0.000,session_fixed,TRACKING
419,frame_1468051616172423.jpg,1468051616172423,420,1468051616172423,0.000,session_fixed,TRACKING
420,frame_1468051649536486.jpg,1468051649536486,421,1468051649536486,0.000,session_fixed,TRACKING
421,frame_1468051682900548.jpg,1468051682900548,422,1468051682900548,0.000,session_fixed,TRACKING
422,frame_1468051716219395.jpg,1468051716219395,423,1468051716219395,0.000,session_fixed,TRACKING
423,frame_1468051749583457.jpg,1468051749583457,424,1468051749583457,0.000,session_fixed,TRACKING
424,frame_1468051782947520.jpg,1468051782947520,425,1468051782947520,0.000,session_fixed,TRACKING
425,frame_1468051816386061.jpg,1468051816386061,426,1468051816386061,0.000,session_fixed,TRACKING
426,frame_1468051849750124.jpg,1468051849750124,427,1468051849750124,0.000,session_fixed,TRACKING
427,frame_1468051883114186.jpg,1468051883114186,428,1468051883114186,0.000,session_fixed,TRACKING
428,frame_1468051916517471.jpg,1468051916517471,429,1468051916517471,0.000,session_fixed,TRACKING
429,frame_1468051949881533.jpg,1468051949881533,430,1468051949881533,0.000,session_fixed,TRACKING
430,frame_1468051983245543.jpg,1468051983245543,431,1468051983245543,0.000,session_fixed,TRACKING
431,frame_1468052016589038.jpg,1468052016589038,432,1468052016589038,0.000,session_fixed,TRACKING
432,frame_1468052049953100.jpg,1468052049953100,433,1468052049953100,0.000,session_fixed,TRACKING
433,frame_1468052083317111.jpg,1468052083317111,434,1468052083317111,0.000,session_fixed,TRACKING
434,frame_1468052116614698.jpg,1468052116614698,435,1468052116614698,0.000,session_fixed,TRACKING
435,frame_1468052149978761.jpg,1468052149978761,436,1468052149978761,0.000,session_fixed,TRACKING
436,frame_1468052183342771.jpg,1468052183342771,437,1468052183342771,0.000,session_fixed,TRACKING
437,frame_1468052216728604.jpg,1468052216728604,438,1468052216728604,0.000,session_fixed,TRACKING
438,frame_1468052250092666.jpg,1468052250092666,439,1468052250092666,0.000,session_fixed,TRACKING
439,frame_1468052283456677.jpg,1468052283456677,440,1468052283456677,0.000,session_fixed,TRACKING
440,frame_1468052316767623.jpg,1468052316767623,441,1468052316767623,0.000,session_fixed,TRACKING
441,frame_1468052350131686.jpg,1468052350131686,442,1468052350131686,0.000,session_fixed,TRACKING
442,frame_1468052383495696.jpg,1468052383495696,443,1468052383495696,0.000,session_fixed,TRACKING
443,frame_1468052416851876.jpg,1468052416851876,444,1468052416851876,0.000,session_fixed,TRACKING
444,frame_1468052450215938.jpg,1468052450215938,445,1468052450215938,0.000,session_fixed,TRACKING
445,frame_1468052483579949.jpg,1468052483579949,446,1468052483579949,0.000,session_fixed,TRACKING
446,frame_1468052516949177.jpg,1468052516949177,447,1468052516949177,0.000,session_fixed,TRACKING
447,frame_1468052550313187.jpg,1468052550313187,448,1468052550313187,0.000,session_fixed,TRACKING
448,frame_1468052583677250.jpg,1468052583677250,449,1468052583677250,0.000,session_fixed,TRACKING
449,frame_1468052617055451.jpg,1468052617055451,450,1468052617055451,0.000,session_fixed,TRACKING
450,frame_1468052650419462.jpg,1468052650419462,451,1468052650419462,0.000,session_fixed,TRACKING
451,frame_1468052683783524.jpg,1468052683783524,452,1468052683783524,0.000,session_fixed,TRACKING
452,frame_1468052717120551.jpg,1468052717120551,453,1468052717120551,0.000,session_fixed,TRACKING
453,frame_1468052750484561.jpg,1468052750484561,454,1468052750484561,0.000,session_fixed,TRACKING
454,frame_1468052783848624.jpg,1468052783848624,455,1468052783848624,0.000,session_fixed,TRACKING
455,frame_1468052817239053.jpg,1468052817239053,456,1468052817239053,0.000,session_fixed,TRACKING
456,frame_1468052850603064.jpg,1468052850603064,457,1468052850603064,0.000,session_fixed,TRACKING
457,frame_1468052883967126.jpg,1468052883967126,458,1468052883967126,0.000,session_fixed,TRACKING
458,frame_1468052917318408.jpg,1468052917318408,459,1468052917318408,0.000,session_fixed,TRACKING
459,frame_1468052950682418.jpg,1468052950682418,460,1468052950682418,0.000,session_fixed,TRACKING
460,frame_1468052984046481.jpg,1468052984046481,461,1468052984046481,0.000,session_fixed,TRACKING
461,frame_1468053017434836.jpg,1468053017434836,462,1468053017434836,0.000,session_fixed,TRACKING
462,frame_1468053050798899.jpg,1468053050798899,463,1468053050798899,0.000,session_fixed,TRACKING
463,frame_1468053084162961.jpg,1468053084162961,464,1468053084162961,0.000,session_fixed,TRACKING
464,frame_1468053117535820.jpg,1468053117535820,465,1468053117535820,0.000,session_fixed,TRACKING
465,frame_1468053150899883.jpg,1468053150899883,466,1468053150899883,0.000,session_fixed,TRACKING
466,frame_1468053184263945.jpg,1468053184263945,467,1468053184263945,0.000,session_fixed,TRACKING
467,frame_1468053217625004.jpg,1468053217625004,468,1468053217625004,0.000,session_fixed,TRACKING
468,frame_1468053250989066.jpg,1468053250989066,469,1468053250989066,0.000,session_fixed,TRACKING
469,frame_1468053284353129.jpg,1468053284353129,470,1468053284353129,0.000,session_fixed,TRACKING
470,frame_1468053317674646.jpg,1468053317674646,471,1468053317674646,0.000,session_fixed,TRACKING
471,frame_1468053351038709.jpg,1468053351038709,472,1468053351038709,0.000,session_fixed,TRACKING
472,frame_1468053384402771.jpg,1468053384402771,473,1468053384402771,0.000,session_fixed,TRACKING
473,frame_1468053417757785.jpg,1468053417757785,474,1468053417757785,0.000,session_fixed,TRACKING
474,frame_1468053451121847.jpg,1468053451121847,475,1468053451121847,0.000,session_fixed,TRACKING
475,frame_1468053484485858.jpg,1468053484485858,476,1468053484485858,0.000,session_fixed,TRACKING
476,frame_1468053517851276.jpg,1468053517851276,477,1468053517851276,0.000,session_fixed,TRACKING
477,frame_1468053551215339.jpg,1468053551215339,478,1468053551215339,0.000,session_fixed,TRACKING
478,frame_1468053584579349.jpg,1468053584579349,479,1468053584579349,0.000,session_fixed,TRACKING
479,frame_1468053617911119.jpg,1468053617911119,480,1468053617911119,0.000,session_fixed,TRACKING
480,frame_1468053651275181.jpg,1468053651275181,481,1468053651275181,0.000,session_fixed,TRACKING
481,frame_1468053684639191.jpg,1468053684639191,482,1468053684639191,0.000,session_fixed,TRACKING
482,frame_1468053718011943.jpg,1468053718011943,483,1468053718011943,0.000,session_fixed,TRACKING
483,frame_1468053751376005.jpg,1468053751376005,484,1468053751376005,0.000,session_fixed,TRACKING
484,frame_1468053784740016.jpg,1468053784740016,485,1468053784740016,0.000,session_fixed,TRACKING
485,frame_1468053818083528.jpg,1468053818083528,486,1468053818083528,0.000,session_fixed,TRACKING
486,frame_1468053851447591.jpg,1468053851447591,487,1468053851447591,0.000,session_fixed,TRACKING
487,frame_1468053884811601.jpg,1468053884811601,488,1468053884811601,0.000,session_fixed,TRACKING
488,frame_1468053918164615.jpg,1468053918164615,489,1468053918164615,0.000,session_fixed,TRACKING
489,frame_1468053951528677.jpg,1468053951528677,490,1468053951528677,0.000,session_fixed,TRACKING
490,frame_1468053984892688.jpg,1468053984892688,491,1468053984892688,0.000,session_fixed,TRACKING
491,frame_1468054018236937.jpg,1468054018236937,492,1468054018236937,0.000,session_fixed,TRACKING
492,frame_1468054051600948.jpg,1468054051600948,493,1468054051600948,0.000,session_fixed,TRACKING
493,frame_1468054084965010.jpg,1468054084965010,494,1468054084965010,0.000,session_fixed,TRACKING
494,frame_1468054118257075.jpg,1468054118257075,495,1468054118257075,0.000,session_fixed,TRACKING
495,frame_1468054151621085.jpg,1468054151621085,496,1468054151621085,0.000,session_fixed,TRACKING
496,frame_1468054184985148.jpg,1468054184985148,497,1468054184985148,0.000,session_fixed,TRACKING
497,frame_1468054218372736.jpg,1468054218372736,498,1468054218372736,0.000,session_fixed,TRACKING
498,frame_1468054251736746.jpg,1468054251736746,499,1468054251736746,0.000,session_fixed,TRACKING
499,frame_1468054285100809.jpg,1468054285100809,500,1468054285100809,0.000,session_fixed,TRACKING
500,frame_1468054318476280.jpg,1468054318476280,501,1468054318476280,0.000,session_fixed,TRACKING
501,frame_1468054351840291.jpg,1468054351840291,502,1468054351840291,0.000,session_fixed,TRACKING
502,frame_1468054385204353.jpg,1468054385204353,503,1468054385204353,0.000,session_fixed,TRACKING
503,frame_1468054418530486.jpg,1468054418530486,504,1468054418530486,0.000,session_fixed,TRACKING
504,frame_1468054451894548.jpg,1468054451894548,505,1468054451894548,0.000,session_fixed,TRACKING
505,frame_1468054485258611.jpg,1468054485258611,506,1468054485258611,0.000,session_fixed,TRACKING
506,frame_1468054518622321.jpg,1468054518622321,507,1468054518622321,0.000,session_fixed,TRACKING
507,frame_1468054551986332.jpg,1468054551986332,508,1468054551986332,0.000,session_fixed,TRACKING
508,frame_1468054585350394.jpg,1468054585350394,509,1468054585350394,0.000,session_fixed,TRACKING
509,frame_1468054618713182.jpg,1468054618713182,510,1468054618713182,0.000,session_fixed,TRACKING
510,frame_1468054652077244.jpg,1468054652077244,511,1468054652077244,0.000,session_fixed,TRACKING
511,frame_1468054685441307.jpg,1468054685441307,512,1468054685441307,0.000,session_fixed,TRACKING
512,frame_1468054718782799.jpg,1468054718782799,513,1468054718782799,0.000,session_fixed,TRACKING
513,frame_1468054752146862.jpg,1468054752146862,514,1468054752146862,0.000,session_fixed,TRACKING
514,frame_1468054785510924.jpg,1468054785510924,515,1468054785510924,0.000,session_fixed,TRACKING
515,frame_1468054818816215.jpg,1468054818816215,516,1468054818816215,0.000,session_fixed,TRACKING
516,frame_1468054852180278.jpg,1468054852180278,517,1468054852180278,0.000,session_fixed,TRACKING
517,frame_1468054885544340.jpg,1468054885544340,518,1468054885544340,0.000,session_fixed,TRACKING
518,frame_1468054918853409.jpg,1468054918853409,519,1468054918853409,0.000,session_fixed,TRACKING
519,frame_1468054952217471.jpg,1468054952217471,520,1468054952217471,0.000,session_fixed,TRACKING
520,frame_1468054985581482.jpg,1468054985581482,521,1468054985581482,0.000,session_fixed,TRACKING
521,frame_1468055018926291.jpg,1468055018926291,522,1468055018926291,0.000,session_fixed,TRACKING
522,frame_1468055052290354.jpg,1468055052290354,523,1468055052290354,0.000,session_fixed,TRACKING
523,frame_1468055085654364.jpg,1468055085654364,524,1468055085654364,0.000,session_fixed,TRACKING
524,frame_1468055119048094.jpg,1468055119048094,525,1468055119048094,0.000,session_fixed,TRACKING
525,frame_1468055152412156.jpg,1468055152412156,526,1468055152412156,0.000,session_fixed,TRACKING
526,frame_1468055185776167.jpg,1468055185776167,527,1468055185776167,0.000,session_fixed,TRACKING
527,frame_1468055219155271.jpg,1468055219155271,528,1468055219155271,0.000,session_fixed,TRACKING
528,frame_1468055252519334.jpg,1468055252519334,529,1468055252519334,0.000,session_fixed,TRACKING
529,frame_1468055285883344.jpg,1468055285883344,530,1468055285883344,0.000,session_fixed,TRACKING
530,frame_1468055319321030.jpg,1468055319321030,531,1468055319321030,0.000,session_fixed,TRACKING
531,frame_1468055352685092.jpg,1468055352685092,532,1468055352685092,0.000,session_fixed,TRACKING
532,frame_1468055386049102.jpg,1468055386049102,533,1468055386049102,0.000,session_fixed,TRACKING
533,frame_1468055419395753.jpg,1468055419395753,534,1468055419395753,0.000,session_fixed,TRACKING
534,frame_1468055452759763.jpg,1468055452759763,535,1468055452759763,0.000,session_fixed,TRACKING
535,frame_1468055486123826.jpg,1468055486123826,536,1468055486123826,0.000,session_fixed,TRACKING
536,frame_1468055519343147.jpg,1468055519343147,537,1468055519343147,0.000,session_fixed,TRACKING
537,frame_1468055552707158.jpg,1468055552707158,538,1468055552707158,0.000,session_fixed,TRACKING
538,frame_1468055586071220.jpg,1468055586071220,539,1468055586071220,0.000,session_fixed,TRACKING
539,frame_1468055619547356.jpg,1468055619547356,540,1468055619547356,0.000,session_fixed,TRACKING
540,frame_1468055652911366.jpg,1468055652911366,541,1468055652911366,0.000,session_fixed,TRACKING
541,frame_1468055686275429.jpg,1468055686275429,542,1468055686275429,0.000,session_fixed,TRACKING
542,frame_1468055719682936.jpg,1468055719682936,543,1468055719682936,0.000,session_fixed,TRACKING
543,frame_1468055753046947.jpg,1468055753046947,544,1468055753046947,0.000,session_fixed,TRACKING
544,frame_1468055786411009.jpg,1468055786411009,545,1468055786411009,0.000,session_fixed,TRACKING
545,frame_1468055819824948.jpg,1468055819824948,546,1468055819824948,0.000,session_fixed,TRACKING
546,frame_1468055853188958.jpg,1468055853188958,547,1468055853188958,0.000,session_fixed,TRACKING
547,frame_1468055886553021.jpg,1468055886553021,548,1468055886553021,0.000,session_fixed,TRACKING
548,frame_1468055919908968.jpg,1468055919908968,549,1468055919908968,0.000,session_fixed,TRACKING
549,frame_1468055953272978.jpg,1468055953272978,550,1468055953272978,0.000,session_fixed,TRACKING
550,frame_1468055986637041.jpg,1468055986637041,551,1468055986637041,0.000,session_fixed,TRACKING
551,frame_1468056020008447.jpg,1468056020008447,552,1468056020008447,0.000,session_fixed,TRACKING
552,frame_1468056053372510.jpg,1468056053372510,553,1468056053372510,0.000,session_fixed,TRACKING
553,frame_1468056086736572.jpg,1468056086736572,554,1468056086736572,0.000,session_fixed,TRACKING
554,frame_1468056120093968.jpg,1468056120093968,555,1468056120093968,0.000,session_fixed,TRACKING
555,frame_1468056153458030.jpg,1468056153458030,556,1468056153458030,0.000,session_fixed,TRACKING
556,frame_1468056186822093.jpg,1468056186822093,557,1468056186822093,0.000,session_fixed,TRACKING
557,frame_1468056220280523.jpg,1468056220280523,558,1468056220280523,0.000,session_fixed,TRACKING
558,frame_1468056253644586.jpg,1468056253644586,559,1468056253644586,0.000,session_fixed,TRACKING
559,frame_1468056287008648.jpg,1468056287008648,560,1468056287008648,0.000,session_fixed,TRACKING
560,frame_1468056320269145.jpg,1468056320269145,561,1468056320269145,0.000,session_fixed,TRACKING
561,frame_1468056353633207.jpg,1468056353633207,562,1468056353633207,0.000,session_fixed,TRACKING
562,frame_1468056386997270.jpg,1468056386997270,563,1468056386997270,0.000,session_fixed,TRACKING
563,frame_1468056420413849.jpg,1468056420413849,564,1468056420413849,0.000,session_fixed,TRACKING
564,frame_1468056453777912.jpg,1468056453777912,565,1468056453777912,0.000,session_fixed,TRACKING
565,frame_1468056487141922.jpg,1468056487141922,566,1468056487141922,0.000,session_fixed,TRACKING
566,frame_1468056520485899.jpg,1468056520485899,567,1468056520485899,0.000,session_fixed,TRACKING
567,frame_1468056553849962.jpg,1468056553849962,568,1468056553849962,0.000,session_fixed,TRACKING
568,frame_1468056587213972.jpg,1468056587213972,569,1468056587213972,0.000,session_fixed,TRACKING
569,frame_1468056620549578.jpg,1468056620549578,570,1468056620549578,0.000,session_fixed,TRACKING
570,frame_1468056653913640.jpg,1468056653913640,571,1468056653913640,0.000,session_fixed,TRACKING
571,frame_1468056687277651.jpg,1468056687277651,572,1468056687277651,0.000,session_fixed,TRACKING
572,frame_1468056720666476.jpg,1468056720666476,573,1468056720666476,0.000,session_fixed,TRACKING
573,frame_1468056754030539.jpg,1468056754030539,574,1468056754030539,0.000,session_fixed,TRACKING
574,frame_1468056787394549.jpg,1468056787394549,575,1468056787394549,0.000,session_fixed,TRACKING
575,frame_1468056820809689.jpg,1468056820809689,576,1468056820809689,0.000,session_fixed,TRACKING
576,frame_1468056854173751.jpg,1468056854173751,577,1468056854173751,0.000,session_fixed,TRACKING
577,frame_1468056887537762.jpg,1468056887537762,578,1468056887537762,0.000,session_fixed,TRACKING
578,frame_1468056920872307.jpg,1468056920872307,579,1468056920872307,0.000,session_fixed,TRACKING
579,frame_1468056954236318.jpg,1468056954236318,580,1468056954236318,0.000,session_fixed,TRACKING
580,frame_1468056987600380.jpg,1468056987600380,581,1468056987600380,0.000,session_fixed,TRACKING
581,frame_1468057020900239.jpg,1468057020900239,582,1468057020900239,0.000,session_fixed,TRACKING
582,frame_1468057054264249.jpg,1468057054264249,583,1468057054264249,0.000,session_fixed,TRACKING
583,frame_1468057087628311.jpg,1468057087628311,584,1468057087628311,0.000,session_fixed,TRACKING
584,frame_1468057120920349.jpg,1468057120920349,585,1468057120920349,0.000,session_fixed,TRACKING
585,frame_1468057154284359.jpg,1468057154284359,586,1468057154284359,0.000,session_fixed,TRACKING
586,frame_1468057187648422.jpg,1468057187648422,587,1468057187648422,0.000,session_fixed,TRACKING
587,frame_1468057221034142.jpg,1468057221034142,588,1468057221034142,0.000,session_fixed,TRACKING
588,frame_1468057254398153.jpg,1468057254398153,589,1468057254398153,0.000,session_fixed,TRACKING
589,frame_1468057287762215.jpg,1468057287762215,590,1468057287762215,0.000,session_fixed,TRACKING
590,frame_1468057321179538.jpg,1468057321179538,591,1468057321179538,0.000,session_fixed,TRACKING
591,frame_1468057354543548.jpg,1468057354543548,592,1468057354543548,0.000,session_fixed,TRACKING
592,frame_1468057387907611.jpg,1468057387907611,593,1468057387907611,0.000,session_fixed,TRACKING
593,frame_1468057421288579.jpg,1468057421288579,594,1468057421288579,0.000,session_fixed,TRACKING
594,frame_1468057454652642.jpg,1468057454652642,595,1468057454652642,0.000,session_fixed,TRACKING
595,frame_1468057488016704.jpg,1468057488016704,596,1468057488016704,0.000,session_fixed,TRACKING
596,frame_1468057521387994.jpg,1468057521387994,597,1468057521387994,0.000,session_fixed,TRACKING
597,frame_1468057554752004.jpg,1468057554752004,598,1468057554752004,0.000,session_fixed,TRACKING
598,frame_1468057588116067.jpg,1468057588116067,599,1468057588116067,0.000,session_fixed,TRACKING
599,frame_1468057621492371.jpg,1468057621492371,600,1468057621492371,0.000,session_fixed,TRACKING
600,frame_1468057654856433.jpg,1468057654856433,601,1468057654856433,0.000,session_fixed,TRACKING
601,frame_1468057688220496.jpg,1468057688220496,602,1468057688220496,0.000,session_fixed,TRACKING
602,frame_1468057721563128.jpg,1468057721563128,603,1468057721563128,0.000,session_fixed,TRACKING
603,frame_1468057754927191.jpg,1468057754927191,604,1468057754927191,0.000,session_fixed,TRACKING
604,frame_1468057788291253.jpg,1468057788291253,605,1468057788291253,0.000,session_fixed,TRACKING
605,frame_1468057821663952.jpg,1468057821663952,606,1468057821663952,0.000,session_fixed,TRACKING
606,frame_1468057855028014.jpg,1468057855028014,607,1468057855028014,0.000,session_fixed,TRACKING
607,frame_1468057888392025.jpg,1468057888392025,608,1468057888392025,0.000,session_fixed,TRACKING
608,frame_1468057921749747.jpg,1468057921749747,609,1468057921749747,0.000,session_fixed,TRACKING
609,frame_1468057955113810.jpg,1468057955113810,610,1468057955113810,0.000,session_fixed,TRACKING
610,frame_1468057988477820.jpg,1468057988477820,611,1468057988477820,0.000,session_fixed,TRACKING
611,frame_1468058021881830.jpg,1468058021881830,612,1468058021881830,0.000,session_fixed,TRACKING
612,frame_1468058055245892.jpg,1468058055245892,613,1468058055245892,0.000,session_fixed,TRACKING
613,frame_1468058088609903.jpg,1468058088609903,614,1468058088609903,0.000,session_fixed,TRACKING
614,frame_1468058122062596.jpg,1468058122062596,615,1468058122062596,0.000,session_fixed,TRACKING
615,frame_1468058155426659.jpg,1468058155426659,616,1468058155426659,0.000,session_fixed,TRACKING
616,frame_1468058188790669.jpg,1468058188790669,617,1468058188790669,0.000,session_fixed,TRACKING
617,frame_1468058222166965.jpg,1468058222166965,618,1468058222166965,0.000,session_fixed,TRACKING
618,frame_1468058255531028.jpg,1468058255531028,619,1468058255531028,0.000,session_fixed,TRACKING
619,frame_1468058288895038.jpg,1468058288895038,620,1468058288895038,0.000,session_fixed,TRACKING
620,frame_1468058322299959.jpg,1468058322299959,621,1468058322299959,0.000,session_fixed,TRACKING
621,frame_1468058355663969.jpg,1468058355663969,622,1468058355663969,0.000,session_fixed,TRACKING
622,frame_1468058389028032.jpg,1468058389028032,623,1468058389028032,0.000,session_fixed,TRACKING
623,frame_1468058422406249.jpg,1468058422406249,624,1468058422406249,0.000,session_fixed,TRACKING
624,frame_1468058455770260.jpg,1468058455770260,625,1468058455770260,0.000,session_fixed,TRACKING
625,frame_1468058489134322.jpg,1468058489134322,626,1468058489134322,0.000,session_fixed,TRACKING
626,frame_1468058522447125.jpg,1468058522447125,627,1468058522447125,0.000,session_fixed,TRACKING
627,frame_1468058555811135.jpg,1468058555811135,628,1468058555811135,0.000,session_fixed,TRACKING
628,frame_1468058589175198.jpg,1468058589175198,629,1468058589175198,0.000,session_fixed,TRACKING
629,frame_1468058622526273.jpg,1468058622526273,630,1468058622526273,0.000,session_fixed,TRACKING
630,frame_1468058655890284.jpg,1468058655890284,631,1468058655890284,0.000,session_fixed,TRACKING
631,frame_1468058689254346.jpg,1468058689254346,632,1468058689254346,0.000,session_fixed,TRACKING
632,frame_1468058722658638.jpg,1468058722658638,633,1468058722658638,0.000,session_fixed,TRACKING
633,frame_1468058756022648.jpg,1468058756022648,634,1468058756022648,0.000,session_fixed,TRACKING
634,frame_1468058789386710.jpg,1468058789386710,635,1468058789386710,0.000,session_fixed,TRACKING
635,frame_1468058822798207.jpg,1468058822798207,636,1468058822798207,0.000,session_fixed,TRACKING
636,frame_1468058856162217.jpg,1468058856162217,637,1468058856162217,0.000,session_fixed,TRACKING
637,frame_1468058889526280.jpg,1468058889526280,638,1468058889526280,0.000,session_fixed,TRACKING
638,frame_1468058922969610.jpg,1468058922969610,639,1468058922969610,0.000,session_fixed,TRACKING
639,frame_1468058956333673.jpg,1468058956333673,640,1468058956333673,0.000,session_fixed,TRACKING
640,frame_1468058989697735.jpg,1468058989697735,641,1468058989697735,0.000,session_fixed,TRACKING
641,frame_1468059023073790.jpg,1468059023073790,642,1468059023073790,0.000,session_fixed,TRACKING
642,frame_1468059056437852.jpg,1468059056437852,643,1468059056437852,0.000,session_fixed,TRACKING
643,frame_1468059089801915.jpg,1468059089801915,644,1468059089801915,0.000,session_fixed,TRACKING
644,frame_1468059123131056.jpg,1468059123131056,645,1468059123131056,0.000,session_fixed,TRACKING
645,frame_1468059156495119.jpg,1468059156495119,646,1468059156495119,0.000,session_fixed,TRACKING
646,frame_1468059189859181.jpg,1468059189859181,647,1468059189859181,0.000,session_fixed,TRACKING
647,frame_1468059223219797.jpg,1468059223219797,648,1468059223219797,0.000,session_fixed,TRACKING
648,frame_1468059256583859.jpg,1468059256583859,649,1468059256583859,0.000,session_fixed,TRACKING
649,frame_1468059289947869.jpg,1468059289947869,650,1468059289947869,0.000,session_fixed,TRACKING
650,frame_1468059323272322.jpg,1468059323272322,651,1468059323272322,0.000,session_fixed,TRACKING
651,frame_1468059356636384.jpg,1468059356636384,652,1468059356636384,0.000,session_fixed,TRACKING
652,frame_1468059390000447.jpg,1468059390000447,653,1468059390000447,0.000,session_fixed,TRACKING
653,frame_1468059423347467.jpg,1468059423347467,654,1468059423347467,0.000,session_fixed,TRACKING
654,frame_1468059456711530.jpg,1468059456711530,655,1468059456711530,0.000,session_fixed,TRACKING
655,frame_1468059490075540.jpg,1468059490075540,656,1468059490075540,0.000,session_fixed,TRACKING
656,frame_1468059523409022.jpg,1468059523409022,657,1468059523409022,0.000,session_fixed,TRACKING
657,frame_1468059556773084.jpg,1468059556773084,658,1468059556773084,0.000,session_fixed,TRACKING
658,frame_1468059590137095.jpg,1468059590137095,659,1468059590137095,0.000,session_fixed,TRACKING
659,frame_1468059623438228.jpg,1468059623438228,660,1468059623438228,0.000,session_fixed,TRACKING
660,frame_1468059656802291.jpg,1468059656802291,661,1468059656802291,0.000,session_fixed,TRACKING
661,frame_1468059690166301.jpg,1468059690166301,662,1468059690166301,0.000,session_fixed,TRACKING
662,frame_1468059723616721.jpg,1468059723616721,663,1468059723616721,0.000,session_fixed,TRACKING
663,frame_1468059756980783.jpg,1468059756980783,664,1468059756980783,0.000,session_fixed,TRACKING
664,frame_1468059790344794.jpg,1468059790344794,665,1468059790344794,0.000,session_fixed,TRACKING
665,frame_1468059823670613.jpg,1468059823670613,666,1468059823670613,0.000,session_fixed,TRACKING
666,frame_1468059857034623.jpg,1468059857034623,667,1468059857034623,0.000,session_fixed,TRACKING
667,frame_1468059890398686.jpg,1468059890398686,668,1468059890398686,0.000,session_fixed,TRACKING
668,frame_1468059923897844.jpg,1468059923897844,669,1468059923897844,0.000,session_fixed,TRACKING
669,frame_1468059957261855.jpg,1468059957261855,670,1468059957261855,0.000,session_fixed,TRACKING
670,frame_1468059990625917.jpg,1468059990625917,671,1468059990625917,0.000,session_fixed,TRACKING
671,frame_1468060024001652.jpg,1468060024001652,672,1468060024001652,0.000,session_fixed,TRACKING
672,frame_1468060057365662.jpg,1468060057365662,673,1468060057365662,0.000,session_fixed,TRACKING
673,frame_1468060090729725.jpg,1468060090729725,674,1468060090729725,0.000,session_fixed,TRACKING
674,frame_1468060124093853.jpg,1468060124093853,675,1468060124093853,0.000,session_fixed,TRACKING
675,frame_1468060157457864.jpg,1468060157457864,676,1468060157457864,0.000,session_fixed,TRACKING
676,frame_1468060190821926.jpg,1468060190821926,677,1468060190821926,0.000,session_fixed,TRACKING
677,frame_1468060224200495.jpg,1468060224200495,678,1468060224200495,0.000,session_fixed,TRACKING
678,frame_1468060257564505.jpg,1468060257564505,679,1468060257564505,0.000,session_fixed,TRACKING
679,frame_1468060290928568.jpg,1468060290928568,680,1468060290928568,0.000,session_fixed,TRACKING
680,frame_1468060324263195.jpg,1468060324263195,681,1468060324263195,0.000,session_fixed,TRACKING
681,frame_1468060357627206.jpg,1468060357627206,682,1468060357627206,0.000,session_fixed,TRACKING
682,frame_1468060390991268.jpg,1468060390991268,683,1468060390991268,0.000,session_fixed,TRACKING
683,frame_1468060424417429.jpg,1468060424417429,684,1468060424417429,0.000,session_fixed,TRACKING
684,frame_1468060457781492.jpg,1468060457781492,685,1468060457781492,0.000,session_fixed,TRACKING
685,frame_1468060491145554.jpg,1468060491145554,686,1468060491145554,0.000,session_fixed,TRACKING
686,frame_1468060524555312.jpg,1468060524555312,687,1468060524555312,0.000,session_fixed,TRACKING
687,frame_1468060557919374.jpg,1468060557919374,688,1468060557919374,0.000,session_fixed,TRACKING
688,frame_1468060591283437.jpg,1468060591283437,689,1468060591283437,0.000,session_fixed,TRACKING
689,frame_1468060624523406.jpg,1468060624523406,690,1468060624523406,0.000,session_fixed,TRACKING
690,frame_1468060657887469.jpg,1468060657887469,691,1468060657887469,0.000,session_fixed,TRACKING
691,frame_1468060691251531.jpg,1468060691251531,692,1468060691251531,0.000,session_fixed,TRACKING
692,frame_1468060724526433.jpg,1468060724526433,693,1468060724526433,0.000,session_fixed,TRACKING
693,frame_1468060757890495.jpg,1468060757890495,694,1468060757890495,0.000,session_fixed,TRACKING
694,frame_1468060791254506.jpg,1468060791254506,695,1468060791254506,0.000,session_fixed,TRACKING
695,frame_1468060824526845.jpg,1468060824526845,696,1468060824526845,0.000,session_fixed,TRACKING
696,frame_1468060857890908.jpg,1468060857890908,697,1468060857890908,0.000,session_fixed,TRACKING
697,frame_1468060891254918.jpg,1468060891254918,698,1468060891254918,0.000,session_fixed,TRACKING
698,frame_1468060924606285.jpg,1468060924606285,699,1468060924606285,0.000,session_fixed,TRACKING
699,frame_1468060957970347.jpg,1468060957970347,700,1468060957970347,0.000,session_fixed,TRACKING
700,frame_1468060991334357.jpg,1468060991334357,701,1468060991334357,0.000,session_fixed,TRACKING
701,frame_1468061024649470.jpg,1468061024649470,702,1468061024649470,0.000,session_fixed,TRACKING
702,frame_1468061058013532.jpg,1468061058013532,703,1468061058013532,0.000,session_fixed,TRACKING
703,frame_1468061091377543.jpg,1468061091377543,704,1468061091377543,0.000,session_fixed,TRACKING
704,frame_1468061124706778.jpg,1468061124706778,705,1468061124706778,0.000,session_fixed,TRACKING
705,frame_1468061158070841.jpg,1468061158070841,706,1468061158070841,0.000,session_fixed,TRACKING
706,frame_1468061191434851.jpg,1468061191434851,707,1468061191434851,0.000,session_fixed,TRACKING
707,frame_1468061224781807.jpg,1468061224781807,708,1468061224781807,0.000,session_fixed,TRACKING
708,frame_1468061258145869.jpg,1468061258145869,709,1468061258145869,0.000,session_fixed,TRACKING
709,frame_1468061291509880.jpg,1468061291509880,710,1468061291509880,0.000,session_fixed,TRACKING
710,frame_1468061324879452.jpg,1468061324879452,711,1468061324879452,0.000,session_fixed,TRACKING
711,frame_1468061358243463.jpg,1468061358243463,712,1468061358243463,0.000,session_fixed,TRACKING
712,frame_1468061391607525.jpg,1468061391607525,713,1468061391607525,0.000,session_fixed,TRACKING
713,frame_1468061424924532.jpg,1468061424924532,714,1468061424924532,0.000,session_fixed,TRACKING
714,frame_1468061458288542.jpg,1468061458288542,715,1468061458288542,0.000,session_fixed,TRACKING
715,frame_1468061491652605.jpg,1468061491652605,716,1468061491652605,0.000,session_fixed,TRACKING
716,frame_1468061525007833.jpg,1468061525007833,717,1468061525007833,0.000,session_fixed,TRACKING
717,frame_1468061558371843.jpg,1468061558371843,718,1468061558371843,0.000,session_fixed,TRACKING
718,frame_1468061591735906.jpg,1468061591735906,719,1468061591735906,0.000,session_fixed,TRACKING
719,frame_1468061625086723.jpg,1468061625086723,720,1468061625086723,0.000,session_fixed,TRACKING
720,frame_1468061658450734.jpg,1468061658450734,721,1468061658450734,0.000,session_fixed,TRACKING
721,frame_1468061691814796.jpg,1468061691814796,722,1468061691814796,0.000,session_fixed,TRACKING
722,frame_1468061725142396.jpg,1468061725142396,723,1468061725142396,0.000,session_fixed,TRACKING
723,frame_1468061758506458.jpg,1468061758506458,724,1468061758506458,0.000,session_fixed,TRACKING
724,frame_1468061791870521.jpg,1468061791870521,725,1468061791870521,0.000,session_fixed,TRACKING
725,frame_1468061825282948.jpg,1468061825282948,726,1468061825282948,0.000,session_fixed,TRACKING
726,frame_1468061858646959.jpg,1468061858646959,727,1468061858646959,0.000,session_fixed,TRACKING
727,frame_1468061892011021.jpg,1468061892011021,728,1468061892011021,0.000,session_fixed,TRACKING
728,frame_1468061925422606.jpg,1468061925422606,729,1468061925422606,0.000,session_fixed,TRACKING
729,frame_1468061958786668.jpg,1468061958786668,730,1468061958786668,0.000,session_fixed,TRACKING
730,frame_1468061992150731.jpg,1468061992150731,731,1468061992150731,0.000,session_fixed,TRACKING
731,frame_1468062025481629.jpg,1468062025481629,732,1468062025481629,0.000,session_fixed,TRACKING
732,frame_1468062058845692.jpg,1468062058845692,733,1468062058845692,0.000,session_fixed,TRACKING
733,frame_1468062092209754.jpg,1468062092209754,734,1468062092209754,0.000,session_fixed,TRACKING
734,frame_1468062125641426.jpg,1468062125641426,735,1468062125641426,0.000,session_fixed,TRACKING
735,frame_1468062159005489.jpg,1468062159005489,736,1468062159005489,0.000,session_fixed,TRACKING
736,frame_1468062192369551.jpg,1468062192369551,737,1468062192369551,0.000,session_fixed,TRACKING
737,frame_1468062225748626.jpg,1468062225748626,738,1468062225748626,0.000,session_fixed,TRACKING
738,frame_1468062259112688.jpg,1468062259112688,739,1468062259112688,0.000,session_fixed,TRACKING
739,frame_1468062292476699.jpg,1468062292476699,740,1468062292476699,0.000,session_fixed,TRACKING
740,frame_1468062325903436.jpg,1468062325903436,741,1468062325903436,0.000,session_fixed,TRACKING
741,frame_1468062359267499.jpg,1468062359267499,742,1468062359267499,0.000,session_fixed,TRACKING
742,frame_1468062392631561.jpg,1468062392631561,743,1468062392631561,0.000,session_fixed,TRACKING
743,frame_1468062425919182.jpg,1468062425919182,744,1468062425919182,0.000,session_fixed,TRACKING
744,frame_1468062459283244.jpg,1468062459283244,745,1468062459283244,0.000,session_fixed,TRACKING
745,frame_1468062496820255.jpg,1468062496820255,746,1468062496820255,0.000,session_fixed,TRACKING
746,frame_1468062530163735.jpg,1468062530163735,747,1468062530163735,0.000,session_fixed,TRACKING
747,frame_1468062563527798.jpg,1468062563527798,748,1468062563527798,0.000,session_fixed,TRACKING
748,frame_1468062596891808.jpg,1468062596891808,749,1468062596891808,0.000,session_fixed,TRACKING
749,frame_1468062630178357.jpg,1468062630178357,750,1468062630178357,0.000,session_fixed,TRACKING
750,frame_1468062663542419.jpg,1468062663542419,751,1468062663542419,0.000,session_fixed,TRACKING
751,frame_1468062696906429.jpg,1468062696906429,752,1468062696906429,0.000,session_fixed,TRACKING
752,frame_1468062726115529.jpg,1468062726115529,753,1468062726115529,0.000,session_fixed,TRACKING
753,frame_1468062759479591.jpg,1468062759479591,754,1468062759479591,0.000,session_fixed,TRACKING
754,frame_1468062792843602.jpg,1468062792843602,755,1468062792843602,0.000,session_fixed,TRACKING
755,frame_1468062826263376.jpg,1468062826263376,756,1468062826263376,0.000,session_fixed,TRACKING
756,frame_1468062859627387.jpg,1468062859627387,757,1468062859627387,0.000,session_fixed,TRACKING
757,frame_1468062892991449.jpg,1468062892991449,758,1468062892991449,0.000,session_fixed,TRACKING
758,frame_1468062926313710.jpg,1468062926313710,759,1468062926313710,0.000,session_fixed,TRACKING
759,frame_1468062959677720.jpg,1468062959677720,760,1468062959677720,0.000,session_fixed,TRACKING
760,frame_1468062993041783.jpg,1468062993041783,761,1468062993041783,0.000,session_fixed,TRACKING
761,frame_1468063026451597.jpg,1468063026451597,762,1468063026451597,0.000,session_fixed,TRACKING
762,frame_1468063059815608.jpg,1468063059815608,763,1468063059815608,0.000,session_fixed,TRACKING
763,frame_1468063093179670.jpg,1468063093179670,764,1468063093179670,0.000,session_fixed,TRACKING
764,frame_1468063126579269.jpg,1468063126579269,765,1468063126579269,0.000,session_fixed,TRACKING
765,frame_1468063159943279.jpg,1468063159943279,766,1468063159943279,0.000,session_fixed,TRACKING
766,frame_1468063193307342.jpg,1468063193307342,767,1468063193307342,0.000,session_fixed,TRACKING
767,frame_1468063226676988.jpg,1468063226676988,768,1468063226676988,0.000,session_fixed,TRACKING
768,frame_1468063260041050.jpg,1468063260041050,769,1468063260041050,0.000,session_fixed,TRACKING
769,frame_1468063293405113.jpg,1468063293405113,770,1468063293405113,0.000,session_fixed,TRACKING
770,frame_1468063326791346.jpg,1468063326791346,771,1468063326791346,0.000,session_fixed,TRACKING
771,frame_1468063360155357.jpg,1468063360155357,772,1468063360155357,0.000,session_fixed,TRACKING
772,frame_1468063393519419.jpg,1468063393519419,773,1468063393519419,0.000,session_fixed,TRACKING
773,frame_1468063426920541.jpg,1468063426920541,774,1468063426920541,0.000,session_fixed,TRACKING
774,frame_1468063460284603.jpg,1468063460284603,775,1468063460284603,0.000,session_fixed,TRACKING
775,frame_1468063493648666.jpg,1468063493648666,776,1468063493648666,0.000,session_fixed,TRACKING
776,frame_1468063527060032.jpg,1468063527060032,777,1468063527060032,0.000,session_fixed,TRACKING
777,frame_1468063560424095.jpg,1468063560424095,778,1468063560424095,0.000,session_fixed,TRACKING
778,frame_1468063593788157.jpg,1468063593788157,779,1468063593788157,0.000,session_fixed,TRACKING
779,frame_1468063627150452.jpg,1468063627150452,780,1468063627150452,0.000,session_fixed,TRACKING
780,frame_1468063660514514.jpg,1468063660514514,781,1468063660514514,0.000,session_fixed,TRACKING
781,frame_1468063693878577.jpg,1468063693878577,782,1468063693878577,0.000,session_fixed,TRACKING
782,frame_1468063727235737.jpg,1468063727235737,783,1468063727235737,0.000,session_fixed,TRACKING
783,frame_1468063760599800.jpg,1468063760599800,784,1468063760599800,0.000,session_fixed,TRACKING
784,frame_1468063793963862.jpg,1468063793963862,785,1468063793963862,0.000,session_fixed,TRACKING
785,frame_1468063827361457.jpg,1468063827361457,786,1468063827361457,0.000,session_fixed,TRACKING
786,frame_1468063860725520.jpg,1468063860725520,787,1468063860725520,0.000,session_fixed,TRACKING
787,frame_1468063894089530.jpg,1468063894089530,788,1468063894089530,0.000,session_fixed,TRACKING
788,frame_1468063927392466.jpg,1468063927392466,789,1468063927392466,0.000,session_fixed,TRACKING
789,frame_1468063960756528.jpg,1468063960756528,790,1468063960756528,0.000,session_fixed,TRACKING
790,frame_1468063994120539.jpg,1468063994120539,791,1468063994120539,0.000,session_fixed,TRACKING
791,frame_1468064027461091.jpg,1468064027461091,792,1468064027461091,0.000,session_fixed,TRACKING
792,frame_1468064060825154.jpg,1468064060825154,793,1468064060825154,0.000,session_fixed,TRACKING
793,frame_1468064094189164.jpg,1468064094189164,794,1468064094189164,0.000,session_fixed,TRACKING
794,frame_1468064127578294.jpg,1468064127578294,795,1468064127578294,0.000,session_fixed,TRACKING
795,frame_1468064160942356.jpg,1468064160942356,796,1468064160942356,0.000,session_fixed,TRACKING
796,frame_1468064194306367.jpg,1468064194306367,797,1468064194306367,0.000,session_fixed,TRACKING
797,frame_1468064227686500.jpg,1468064227686500,798,1468064227686500,0.000,session_fixed,TRACKING
798,frame_1468064261050563.jpg,1468064261050563,799,1468064261050563,0.000,session_fixed,TRACKING
799,frame_1468064294414573.jpg,1468064294414573,800,1468064294414573,0.000,session_fixed,TRACKING
800,frame_1468064327708713.jpg,1468064327708713,801,1468064327708713,0.000,session_fixed,TRACKING
801,frame_1468064361072723.jpg,1468064361072723,802,1468064361072723,0.000,session_fixed,TRACKING
802,frame_1468064394436785.jpg,1468064394436785,803,1468064394436785,0.000,session_fixed,TRACKING
803,frame_1468064427833862.jpg,1468064427833862,804,1468064427833862,0.000,session_fixed,TRACKING
804,frame_1468064461197872.jpg,1468064461197872,805,1468064461197872,0.000,session_fixed,TRACKING
805,frame_1468064494561935.jpg,1468064494561935,806,1468064494561935,0.000,session_fixed,TRACKING
806,frame_1468064527920787.jpg,1468064527920787,807,1468064527920787,0.000,session_fixed,TRACKING
807,frame_1468064561284798.jpg,1468064561284798,808,1468064561284798,0.000,session_fixed,TRACKING
808,frame_1468064594648860.jpg,1468064594648860,809,1468064594648860,0.000,session_fixed,TRACKING
809,frame_1468064628076866.jpg,1468064628076866,810,1468064628076866,0.000,session_fixed,TRACKING
810,frame_1468064661440876.jpg,1468064661440876,811,1468064661440876,0.000,session_fixed,TRACKING
811,frame_1468064694804939.jpg,1468064694804939,812,1468064694804939,0.000,session_fixed,TRACKING
812,frame_1468064728236542.jpg,1468064728236542,813,1468064728236542,0.000,session_fixed,TRACKING
813,frame_1468064761600553.jpg,1468064761600553,814,1468064761600553,0.000,session_fixed,TRACKING
814,frame_1468064794964615.jpg,1468064794964615,815,1468064794964615,0.000,session_fixed,TRACKING
815,frame_1468064828301683.jpg,1468064828301683,816,1468064828301683,0.000,session_fixed,TRACKING
816,frame_1468064861665745.jpg,1468064861665745,817,1468064861665745,0.000,session_fixed,TRACKING
817,frame_1468064895029808.jpg,1468064895029808,818,1468064895029808,0.000,session_fixed,TRACKING
818,frame_1468064928483693.jpg,1468064928483693,819,1468064928483693,0.000,session_fixed,TRACKING
819,frame_1468064961847755.jpg,1468064961847755,820,1468064961847755,0.000,session_fixed,TRACKING
820,frame_1468064995211818.jpg,1468064995211818,821,1468064995211818,0.000,session_fixed,TRACKING
821,frame_1468065028568433.jpg,1468065028568433,822,1468065028568433,0.000,session_fixed,TRACKING
822,frame_1468065061932496.jpg,1468065061932496,823,1468065061932496,0.000,session_fixed,TRACKING
823,frame_1468065095296558.jpg,1468065095296558,824,1468065095296558,0.000,session_fixed,TRACKING
824,frame_1468065128624742.jpg,1468065128624742,825,1468065128624742,0.000,session_fixed,TRACKING
825,frame_1468065161988804.jpg,1468065161988804,826,1468065161988804,0.000,session_fixed,TRACKING
826,frame_1468065195352867.jpg,1468065195352867,827,1468065195352867,0.000,session_fixed,TRACKING
827,frame_1468065228806927.jpg,1468065228806927,828,1468065228806927,0.000,session_fixed,TRACKING
828,frame_1468065262170990.jpg,1468065262170990,829,1468065262170990,0.000,session_fixed,TRACKING
829,frame_1468065295535000.jpg,1468065295535000,830,1468065295535000,0.000,session_fixed,TRACKING
830,frame_1468065328884586.jpg,1468065328884586,831,1468065328884586,0.000,session_fixed,TRACKING
831,frame_1468065362248648.jpg,1468065362248648,832,1468065362248648,0.000,session_fixed,TRACKING
832,frame_1468065395612659.jpg,1468065395612659,833,1468065395612659,0.000,session_fixed,TRACKING
833,frame_1468065429015806.jpg,1468065429015806,834,1468065429015806,0.000,session_fixed,TRACKING
834,frame_1468065462379869.jpg,1468065462379869,835,1468065462379869,0.000,session_fixed,TRACKING
835,frame_1468065495743879.jpg,1468065495743879,836,1468065495743879,0.000,session_fixed,TRACKING
836,frame_1468065528977208.jpg,1468065528977208,837,1468065528977208,0.000,session_fixed,TRACKING
837,frame_1468065562341271.jpg,1468065562341271,838,1468065562341271,0.000,session_fixed,TRACKING
838,frame_1468065595705281.jpg,1468065595705281,839,1468065595705281,0.000,session_fixed,TRACKING
839,frame_1468065629133177.jpg,1468065629133177,840,1468065629133177,0.000,session_fixed,TRACKING
840,frame_1468065662497239.jpg,1468065662497239,841,1468065662497239,0.000,session_fixed,TRACKING
841,frame_1468065695861250.jpg,1468065695861250,842,1468065695861250,0.000,session_fixed,TRACKING
842,frame_1468065729270182.jpg,1468065729270182,843,1468065729270182,0.000,session_fixed,TRACKING
843,frame_1468065762634193.jpg,1468065762634193,844,1468065762634193,0.000,session_fixed,TRACKING
844,frame_1468065795998255.jpg,1468065795998255,845,1468065795998255,0.000,session_fixed,TRACKING
845,frame_1468065829349935.jpg,1468065829349935,846,1468065829349935,0.000,session_fixed,TRACKING
846,frame_1468065862713945.jpg,1468065862713945,847,1468065862713945,0.000,session_fixed,TRACKING
847,frame_1468065896078008.jpg,1468065896078008,848,1468065896078008,0.000,session_fixed,TRACKING
848,frame_1468065929394264.jpg,1468065929394264,849,1468065929394264,0.000,session_fixed,TRACKING
849,frame_1468065962758275.jpg,1468065962758275,850,1468065962758275,0.000,session_fixed,TRACKING
850,frame_1468065996122337.jpg,1468065996122337,851,1468065996122337,0.000,session_fixed,TRACKING
851,frame_1468066029516543.jpg,1468066029516543,852,1468066029516543,0.000,session_fixed,TRACKING
852,frame_1468066062880553.jpg,1468066062880553,853,1468066062880553,0.000,session_fixed,TRACKING
853,frame_1468066096244615.jpg,1468066096244615,854,1468066096244615,0.000,session_fixed,TRACKING
854,frame_1468066129648676.jpg,1468066129648676,855,1468066129648676,0.000,session_fixed,TRACKING
855,frame_1468066163012686.jpg,1468066163012686,856,1468066163012686,0.000,session_fixed,TRACKING
856,frame_1468066196376749.jpg,1468066196376749,857,1468066196376749,0.000,session_fixed,TRACKING
857,frame_1468066229731252.jpg,1468066229731252,858,1468066229731252,0.000,session_fixed,TRACKING
858,frame_1468066263095315.jpg,1468066263095315,859,1468066263095315,0.000,session_fixed,TRACKING
859,frame_1468066296459377.jpg,1468066296459377,860,1468066296459377,0.000,session_fixed,TRACKING
860,frame_1468066329811685.jpg,1468066329811685,861,1468066329811685,0.000,session_fixed,TRACKING
861,frame_1468066363175747.jpg,1468066363175747,862,1468066363175747,0.000,session_fixed,TRACKING
862,frame_1468066396539810.jpg,1468066396539810,863,1468066396539810,0.000,session_fixed,TRACKING
863,frame_1468066429848567.jpg,1468066429848567,864,1468066429848567,0.000,session_fixed,TRACKING
864,frame_1468066463212630.jpg,1468066463212630,865,1468066463212630,0.000,session_fixed,TRACKING
865,frame_1468066496576692.jpg,1468066496576692,866,1468066496576692,0.000,session_fixed,TRACKING
866,frame_1468066529923854.jpg,1468066529923854,867,1468066529923854,0.000,session_fixed,TRACKING
867,frame_1468066563287916.jpg,1468066563287916,868,1468066563287916,0.000,session_fixed,TRACKING
868,frame_1468066596651979.jpg,1468066596651979,869,1468066596651979,0.000,session_fixed,TRACKING
869,frame_1468066630038507.jpg,1468066630038507,870,1468066630038507,0.000,session_fixed,TRACKING
870,frame_1468066663402569.jpg,1468066663402569,871,1468066663402569,0.000,session_fixed,TRACKING
871,frame_1468066696766580.jpg,1468066696766580,872,1468066696766580,0.000,session_fixed,TRACKING
872,frame_1468066730201388.jpg,1468066730201388,873,1468066730201388,0.000,session_fixed,TRACKING
873,frame_1468066763565451.jpg,1468066763565451,874,1468066763565451,0.000,session_fixed,TRACKING
874,frame_1468066796929461.jpg,1468066796929461,875,1468066796929461,0.000,session_fixed,TRACKING
875,frame_1468066830152338.jpg,1468066830152338,876,1468066830152338,0.000,session_fixed,TRACKING
876,frame_1468066863516400.jpg,1468066863516400,877,1468066863516400,0.000,session_fixed,TRACKING
877,frame_1468066896880411.jpg,1468066896880411,878,1468066896880411,0.000,session_fixed,TRACKING
878,frame_1468066930302647.jpg,1468066930302647,879,1468066930302647,0.000,session_fixed,TRACKING
879,frame_1468066963666710.jpg,1468066963666710,880,1468066963666710,0.000,session_fixed,TRACKING
880,frame_1468066997030720.jpg,1468066997030720,881,1468066997030720,0.000,session_fixed,TRACKING
881,frame_1468067030451367.jpg,1468067030451367,882,1468067030451367,0.000,session_fixed,TRACKING
882,frame_1468067063815429.jpg,1468067063815429,883,1468067063815429,0.000,session_fixed,TRACKING
883,frame_1468067097179440.jpg,1468067097179440,884,1468067097179440,0.000,session_fixed,TRACKING
884,frame_1468067130587796.jpg,1468067130587796,885,1468067130587796,0.000,session_fixed,TRACKING
885,frame_1468067163951806.jpg,1468067163951806,886,1468067163951806,0.000,session_fixed,TRACKING
886,frame_1468067197315869.jpg,1468067197315869,887,1468067197315869,0.000,session_fixed,TRACKING
887,frame_1468067230656021.jpg,1468067230656021,888,1468067230656021,0.000,session_fixed,TRACKING
888,frame_1468067264020084.jpg,1468067264020084,889,1468067264020084,0.000,session_fixed,TRACKING
889,frame_1468067297384094.jpg,1468067297384094,890,1468067297384094,0.000,session_fixed,TRACKING
890,frame_1468067330807713.jpg,1468067330807713,891,1468067330807713,0.000,session_fixed,TRACKING
891,frame_1468067364171723.jpg,1468067364171723,892,1468067364171723,0.000,session_fixed,TRACKING
892,frame_1468067397535786.jpg,1468067397535786,893,1468067397535786,0.000,session_fixed,TRACKING
893,frame_1468067430850118.jpg,1468067430850118,894,1468067430850118,0.000,session_fixed,TRACKING
894,frame_1468067464214129.jpg,1468067464214129,895,1468067464214129,0.000,session_fixed,TRACKING
895,frame_1468067497578191.jpg,1468067497578191,896,1468067497578191,0.000,session_fixed,TRACKING
896,frame_1468067530976433.jpg,1468067530976433,897,1468067530976433,0.000,session_fixed,TRACKING
897,frame_1468067564340443.jpg,1468067564340443,898,1468067564340443,0.000,session_fixed,TRACKING
898,frame_1468067597704506.jpg,1468067597704506,899,1468067597704506,0.000,session_fixed,TRACKING
899,frame_1468067630924960.jpg,1468067630924960,900,1468067630924960,0.000,session_fixed,TRACKING
900,frame_1468067664288971.jpg,1468067664288971,901,1468067664288971,0.000,session_fixed,TRACKING
901,frame_1468067697653033.jpg,1468067697653033,902,1468067697653033,0.000,session_fixed,TRACKING
902,frame_1468067730999177.jpg,1468067730999177,903,1468067730999177,0.000,session_fixed,TRACKING
903,frame_1468067764363240.jpg,1468067764363240,904,1468067764363240,0.000,session_fixed,TRACKING
904,frame_1468067797727302.jpg,1468067797727302,905,1468067797727302,0.000,session_fixed,TRACKING
905,frame_1468067831089093.jpg,1468067831089093,906,1468067831089093,0.000,session_fixed,TRACKING
906,frame_1468067864453155.jpg,1468067864453155,907,1468067864453155,0.000,session_fixed,TRACKING
907,frame_1468067897817218.jpg,1468067897817218,908,1468067897817218,0.000,session_fixed,TRACKING
908,frame_1468067931207314.jpg,1468067931207314,909,1468067931207314,0.000,session_fixed,TRACKING
909,frame_1468067964571377.jpg,1468067964571377,910,1468067964571377,0.000,session_fixed,TRACKING
910,frame_1468067997935439.jpg,1468067997935439,911,1468067997935439,0.000,session_fixed,TRACKING
911,frame_1468068031307612.jpg,1468068031307612,912,1468068031307612,0.000,session_fixed,TRACKING
912,frame_1468068064671674.jpg,1468068064671674,913,1468068064671674,0.000,session_fixed,TRACKING
913,frame_1468068098035737.jpg,1468068098035737,914,1468068098035737,0.000,session_fixed,TRACKING
914,frame_1468068131376017.jpg,1468068131376017,915,1468068131376017,0.000,session_fixed,TRACKING
915,frame_1468068164740080.jpg,1468068164740080,916,1468068164740080,0.000,session_fixed,TRACKING
916,frame_1468068198104142.jpg,1468068198104142,917,1468068198104142,0.000,session_fixed,TRACKING
917,frame_1468068231443844.jpg,1468068231443844,918,1468068231443844,0.000,session_fixed,TRACKING
918,frame_1468068264807906.jpg,1468068264807906,919,1468068264807906,0.000,session_fixed,TRACKING
919,frame_1468068298171916.jpg,1468068298171916,920,1468068298171916,0.000,session_fixed,TRACKING
920,frame_1468068331460924.jpg,1468068331460924,921,1468068331460924,0.000,session_fixed,TRACKING
921,frame_1468068364824986.jpg,1468068364824986,922,1468068364824986,0.000,session_fixed,TRACKING
922,frame_1468068398188997.jpg,1468068398188997,923,1468068398188997,0.000,session_fixed,TRACKING
923,frame_1468068431539383.jpg,1468068431539383,924,1468068431539383,0.000,session_fixed,TRACKING
924,frame_1468068464903446.jpg,1468068464903446,925,1468068464903446,0.000,session_fixed,TRACKING
925,frame_1468068498267456.jpg,1468068498267456,926,1468068498267456,0.000,session_fixed,TRACKING
926,frame_1468068531638093.jpg,1468068531638093,927,1468068531638093,0.000,session_fixed,TRACKING
927,frame_1468068565002155.jpg,1468068565002155,928,1468068565002155,0.000,session_fixed,TRACKING
928,frame_1468068598366166.jpg,1468068598366166,929,1468068598366166,0.000,session_fixed,TRACKING
929,frame_1468068631841132.jpg,1468068631841132,930,1468068631841132,0.000,session_fixed,TRACKING
930,frame_1468068665205195.jpg,1468068665205195,931,1468068665205195,0.000,session_fixed,TRACKING
931,frame_1468068698569205.jpg,1468068698569205,932,1468068698569205,0.000,session_fixed,TRACKING
932,frame_1468068731926618.jpg,1468068731926618,933,1468068731926618,0.000,session_fixed,TRACKING
933,frame_1468068765290628.jpg,1468068765290628,934,1468068765290628,0.000,session_fixed,TRACKING
934,frame_1468068798654691.jpg,1468068798654691,935,1468068798654691,0.000,session_fixed,TRACKING
935,frame_1468068832029894.jpg,1468068832029894,936,1468068832029894,0.000,session_fixed,TRACKING
936,frame_1468068865393904.jpg,1468068865393904,937,1468068865393904,0.000,session_fixed,TRACKING
937,frame_1468068898757967.jpg,1468068898757967,938,1468068898757967,0.000,session_fixed,TRACKING
938,frame_1468068932090283.jpg,1468068932090283,939,1468068932090283,0.000,session_fixed,TRACKING
939,frame_1468068965454294.jpg,1468068965454294,940,1468068965454294,0.000,session_fixed,TRACKING
940,frame_1468068998818356.jpg,1468068998818356,941,1468068998818356,0.000,session_fixed,TRACKING
941,frame_1468069032136249.jpg,1468069032136249,942,1468069032136249,0.000,session_fixed,TRACKING
942,frame_1468069065500259.jpg,1468069065500259,943,1468069065500259,0.000,session_fixed,TRACKING
943,frame_1468069098864322.jpg,1468069098864322,944,1468069098864322,0.000,session_fixed,TRACKING
944,frame_1468069132307407.jpg,1468069132307407,945,1468069132307407,0.000,session_fixed,TRACKING
945,frame_1468069165671418.jpg,1468069165671418,946,1468069165671418,0.000,session_fixed,TRACKING
946,frame_1468069199035480.jpg,1468069199035480,947,1468069199035480,0.000,session_fixed,TRACKING
947,frame_1468069232427748.jpg,1468069232427748,948,1468069232427748,0.000,session_fixed,TRACKING
948,frame_1468069265791810.jpg,1468069265791810,949,1468069265791810,0.000,session_fixed,TRACKING
949,frame_1468069299155873.jpg,1468069299155873,950,1468069299155873,0.000,session_fixed,TRACKING
950,frame_1468069332600116.jpg,1468069332600116,951,1468069332600116,0.000,session_fixed,TRACKING
951,frame_1468069365964179.jpg,1468069365964179,952,1468069365964179,0.000,session_fixed,TRACKING
952,frame_1468069399328241.jpg,1468069399328241,953,1468069399328241,0.000,session_fixed,TRACKING
953,frame_1468069432629555.jpg,1468069432629555,954,1468069432629555,0.000,session_fixed,TRACKING
954,frame_1468069465993618.jpg,1468069465993618,955,1468069465993618,0.000,session_fixed,TRACKING
955,frame_1468069499357680.jpg,1468069499357680,956,1468069499357680,0.000,session_fixed,TRACKING
956,frame_1468069532655618.jpg,1468069532655618,957,1468069532655618,0.000,session_fixed,TRACKING
957,frame_1468069566019680.jpg,1468069566019680,958,1468069566019680,0.000,session_fixed,TRACKING
958,frame_1468069599383743.jpg,1468069599383743,959,1468069599383743,0.000,session_fixed,TRACKING
959,frame_1468069632716626.jpg,1468069632716626,960,1468069632716626,0.000,session_fixed,TRACKING
960,frame_1468069666080689.jpg,1468069666080689,961,1468069666080689,0.000,session_fixed,TRACKING
961,frame_1468069699444751.jpg,1468069699444751,962,1468069699444751,0.000,session_fixed,TRACKING
962,frame_1468069732777298.jpg,1468069732777298,963,1468069732777298,0.000,session_fixed,TRACKING
963,frame_1468069766141360.jpg,1468069766141360,964,1468069766141360,0.000,session_fixed,TRACKING
964,frame_1468069799505371.jpg,1468069799505371,965,1468069799505371,0.000,session_fixed,TRACKING
965,frame_1468069832824603.jpg,1468069832824603,966,1468069832824603,0.000,session_fixed,TRACKING
966,frame_1468069866188666.jpg,1468069866188666,967,1468069866188666,0.000,session_fixed,TRACKING
967,frame_1468069899552676.jpg,1468069899552676,968,1468069899552676,0.000,session_fixed,TRACKING
968,frame_1468069932885703.jpg,1468069932885703,969,1468069932885703,0.000,session_fixed,TRACKING
969,frame_1468069966249765.jpg,1468069966249765,970,1468069966249765,0.000,session_fixed,TRACKING
970,frame_1468069999613775.jpg,1468069999613775,971,1468069999613775,0.000,session_fixed,TRACKING
971,frame_1468070032922065.jpg,1468070032922065,972,1468070032922065,0.000,session_fixed,TRACKING
972,frame_1468070066286127.jpg,1468070066286127,973,1468070066286127,0.000,session_fixed,TRACKING
973,frame_1468070099650138.jpg,1468070099650138,974,1468070099650138,0.000,session_fixed,TRACKING
974,frame_1468070133070341.jpg,1468070133070341,975,1468070133070341,0.000,session_fixed,TRACKING
975,frame_1468070166434404.jpg,1468070166434404,976,1468070166434404,0.000,session_fixed,TRACKING
976,frame_1468070199798414.jpg,1468070199798414,977,1468070199798414,0.000,session_fixed,TRACKING
977,frame_1468070233083888.jpg,1468070233083888,978,1468070233083888,0.000,session_fixed,TRACKING
978,frame_1468070266447898.jpg,1468070266447898,979,1468070266447898,0.000,session_fixed,TRACKING
979,frame_1468070299811961.jpg,1468070299811961,980,1468070299811961,0.000,session_fixed,TRACKING
980,frame_1468070333207306.jpg,1468070333207306,981,1468070333207306,0.000,session_fixed,TRACKING
981,frame_1468070366571317.jpg,1468070366571317,982,1468070366571317,0.000,session_fixed,TRACKING
982,frame_1468070399935379.jpg,1468070399935379,983,1468070399935379,0.000,session_fixed,TRACKING
983,frame_1468070433172971.jpg,1468070433172971,984,1468070433172971,0.000,session_fixed,TRACKING
984,frame_1468070466536981.jpg,1468070466536981,985,1468070466536981,0.000,session_fixed,TRACKING
985,frame_1468070499901044.jpg,1468070499901044,986,1468070499901044,0.000,session_fixed,TRACKING
986,frame_1468070533296298.jpg,1468070533296298,987,1468070533296298,0.000,session_fixed,TRACKING
987,frame_1468070566660308.jpg,1468070566660308,988,1468070566660308,0.000,session_fixed,TRACKING
988,frame_1468070600024371.jpg,1468070600024371,989,1468070600024371,0.000,session_fixed,TRACKING
989,frame_1468070633403713.jpg,1468070633403713,990,1468070633403713,0.000,session_fixed,TRACKING
990,frame_1468070666767724.jpg,1468070666767724,991,1468070666767724,0.000,session_fixed,TRACKING
991,frame_1468070700131786.jpg,1468070700131786,992,1468070700131786,0.000,session_fixed,TRACKING
992,frame_1468070733390909.jpg,1468070733390909,993,1468070733390909,0.000,session_fixed,TRACKING
993,frame_1468070766754971.jpg,1468070766754971,994,1468070766754971,0.000,session_fixed,TRACKING
994,frame_1468070800119034.jpg,1468070800119034,995,1468070800119034,0.000,session_fixed,TRACKING
995,frame_1468070833588614.jpg,1468070833588614,996,1468070833588614,0.000,session_fixed,TRACKING
996,frame_1468070866952677.jpg,1468070866952677,997,1468070866952677,0.000,session_fixed,TRACKING
997,frame_1468070900316739.jpg,1468070900316739,998,1468070900316739,0.000,session_fixed,TRACKING
998,frame_1468070933828876.jpg,1468070933828876,999,1468070933828876,0.000,session_fixed,TRACKING
999,frame_1468070967192938.jpg,1468070967192938,1000,1468070967192938,0.000,session_fixed,TRACKING
1000,frame_1468071000557001.jpg,1468071000557001,1001,1468071000557001,0.000,session_fixed,TRACKING
1001,frame_1468071034029453.jpg,1468071034029453,1002,1468071034029453,0.000,session_fixed,TRACKING
1002,frame_1468071067393516.jpg,1468071067393516,1003,1468071067393516,0.000,session_fixed,TRACKING
1003,frame_1468071100757578.jpg,1468071100757578,1004,1468071100757578,0.000,session_fixed,TRACKING
1004,frame_1468071134069106.jpg,1468071134069106,1005,1468071134069106,0.000,session_fixed,TRACKING
1005,frame_1468071167433169.jpg,1468071167433169,1006,1468071167433169,0.000,session_fixed,TRACKING
1006,frame_1468071200797179.jpg,1468071200797179,1007,1468071200797179,0.000,session_fixed,TRACKING
1007,frame_1468071234162117.jpg,1468071234162117,1008,1468071234162117,0.000,session_fixed,TRACKING
1008,frame_1468071267526179.jpg,1468071267526179,1009,1468071267526179,0.000,session_fixed,TRACKING
1009,frame_1468071300890190.jpg,1468071300890190,1010,1468071300890190,0.000,session_fixed,TRACKING
1010,frame_1468071334279441.jpg,1468071334279441,1011,1468071334279441,0.000,session_fixed,TRACKING
1011,frame_1468071367643504.jpg,1468071367643504,1012,1468071367643504,0.000,session_fixed,TRACKING
1012,frame_1468071401007514.jpg,1468071401007514,1013,1468071401007514,0.000,session_fixed,TRACKING
1013,frame_1468071434333641.jpg,1468071434333641,1014,1468071434333641,0.000,session_fixed,TRACKING
1014,frame_1468071467697703.jpg,1468071467697703,1015,1468071467697703,0.000,session_fixed,TRACKING
1015,frame_1468071501061714.jpg,1468071501061714,1016,1468071501061714,0.000,session_fixed,TRACKING
1016,frame_1468071534402305.jpg,1468071534402305,1017,1468071534402305,0.000,session_fixed,TRACKING
1017,frame_1468071567766368.jpg,1468071567766368,1018,1468071567766368,0.000,session_fixed,TRACKING
1018,frame_1468071601130378.jpg,1468071601130378,1019,1468071601130378,0.000,session_fixed,TRACKING
1019,frame_1468071634534160.jpg,1468071634534160,1020,1468071634534160,0.000,session_fixed,TRACKING
1020,frame_1468071667898170.jpg,1468071667898170,1021,1468071667898170,0.000,session_fixed,TRACKING
1021,frame_1468071701262232.jpg,1468071701262232,1022,1468071701262232,0.000,session_fixed,TRACKING
1022,frame_1468071734533746.jpg,1468071734533746,1023,1468071734533746,0.000,session_fixed,TRACKING
1023,frame_1468071767897756.jpg,1468071767897756,1024,1468071767897756,0.000,session_fixed,TRACKING
1024,frame_1468071801261819.jpg,1468071801261819,1025,1468071801261819,0.000,session_fixed,TRACKING
1025,frame_1468071834791522.jpg,1468071834791522,1026,1468071834791522,0.000,session_fixed,TRACKING
1026,frame_1468071868155533.jpg,1468071868155533,1027,1468071868155533,0.000,session_fixed,TRACKING
1027,frame_1468071901519595.jpg,1468071901519595,1028,1468071901519595,0.000,session_fixed,TRACKING
1028,frame_1468071934798252.jpg,1468071934798252,1029,1468071934798252,0.000,session_fixed,TRACKING
1029,frame_1468071968162262.jpg,1468071968162262,1030,1468071968162262,0.000,session_fixed,TRACKING
1030,frame_1468072001526325.jpg,1468072001526325,1031,1468072001526325,0.000,session_fixed,TRACKING
1031,frame_1468072034830863.jpg,1468072034830863,1032,1468072034830863,0.000,session_fixed,TRACKING
1032,frame_1468072068194926.jpg,1468072068194926,1033,1468072068194926,0.000,session_fixed,TRACKING
1033,frame_1468072101558988.jpg,1468072101558988,1034,1468072101558988,0.000,session_fixed,TRACKING
1034,frame_1468072134972013.jpg,1468072134972013,1035,1468072134972013,0.000,session_fixed,TRACKING
1035,frame_1468072168336023.jpg,1468072168336023,1036,1468072168336023,0.000,session_fixed,TRACKING
1036,frame_1468072201700086.jpg,1468072201700086,1037,1468072201700086,0.000,session_fixed,TRACKING
1037,frame_1468072235059982.jpg,1468072235059982,1038,1468072235059982,0.000,session_fixed,TRACKING
1038,frame_1468072268424044.jpg,1468072268424044,1039,1468072268424044,0.000,session_fixed,TRACKING
1039,frame_1468072301788107.jpg,1468072301788107,1040,1468072301788107,0.000,session_fixed,TRACKING
1040,frame_1468072335150215.jpg,1468072335150215,1041,1468072335150215,0.000,session_fixed,TRACKING
1041,frame_1468072368514278.jpg,1468072368514278,1042,1468072368514278,0.000,session_fixed,TRACKING
1042,frame_1468072401878340.jpg,1468072401878340,1043,1468072401878340,0.000,session_fixed,TRACKING
1043,frame_1468072435251110.jpg,1468072435251110,1044,1468072435251110,0.000,session_fixed,TRACKING
1044,frame_1468072468615172.jpg,1468072468615172,1045,1468072468615172,0.000,session_fixed,TRACKING
1045,frame_1468072501979235.jpg,1468072501979235,1046,1468072501979235,0.000,session_fixed,TRACKING
1046,frame_1468072535353936.jpg,1468072535353936,1047,1468072535353936,0.000,session_fixed,TRACKING
1047,frame_1468072568717999.jpg,1468072568717999,1048,1468072568717999,0.000,session_fixed,TRACKING
1048,frame_1468072602082009.jpg,1468072602082009,1049,1468072602082009,0.000,session_fixed,TRACKING
1049,frame_1468072635379262.jpg,1468072635379262,1050,1468072635379262,0.000,session_fixed,TRACKING
1050,frame_1468072668743324.jpg,1468072668743324,1051,1468072668743324,0.000,session_fixed,TRACKING
1051,frame_1468072702107335.jpg,1468072702107335,1052,1468072702107335,0.000,session_fixed,TRACKING
1052,frame_1468072735461728.jpg,1468072735461728,1053,1468072735461728,0.000,session_fixed,TRACKING
1053,frame_1468072768825791.jpg,1468072768825791,1054,1468072768825791,0.000,session_fixed,TRACKING
1054,frame_1468072802189801.jpg,1468072802189801,1055,1468072802189801,0.000,session_fixed,TRACKING
1055,frame_1468072835511943.jpg,1468072835511943,1056,1468072835511943,0.000,session_fixed,TRACKING
1056,frame_1468072868876006.jpg,1468072868876006,1057,1468072868876006,0.000,session_fixed,TRACKING
1057,frame_1468072902240016.jpg,1468072902240016,1058,1468072902240016,0.000,session_fixed,TRACKING
1058,frame_1468072935416460.jpg,1468072935416460,1059,1468072935416460,0.000,session_fixed,TRACKING
1059,frame_1468072968780522.jpg,1468072968780522,1060,1468072968780522,0.000,session_fixed,TRACKING
1060,frame_1468073002144533.jpg,1468073002144533,1061,1468073002144533,0.000,session_fixed,TRACKING
1061,frame_1468073035565175.jpg,1468073035565175,1062,1468073035565175,0.000,session_fixed,TRACKING
1062,frame_1468073068929238.jpg,1468073068929238,1063,1468073068929238,0.000,session_fixed,TRACKING
1063,frame_1468073102293248.jpg,1468073102293248,1064,1468073102293248,0.000,session_fixed,TRACKING
1064,frame_1468073135667756.jpg,1468073135667756,1065,1468073135667756,0.000,session_fixed,TRACKING
1065,frame_1468073169031766.jpg,1468073169031766,1066,1468073169031766,0.000,session_fixed,TRACKING
1066,frame_1468073202395829.jpg,1468073202395829,1067,1468073202395829,0.000,session_fixed,TRACKING
1067,frame_1468073235727837.jpg,1468073235727837,1068,1468073235727837,0.000,session_fixed,TRACKING
1068,frame_1468073269091848.jpg,1468073269091848,1069,1468073269091848,0.000,session_fixed,TRACKING
1069,frame_1468073306628910.jpg,1468073306628910,1070,1468073306628910,0.000,session_fixed,TRACKING
1070,frame_1468073339995104.jpg,1468073339995104,1071,1468073339995104,0.000,session_fixed,TRACKING
1071,frame_1468073373359114.jpg,1468073373359114,1072,1468073373359114,0.000,session_fixed,TRACKING
1072,frame_1468073406723176.jpg,1468073406723176,1073,1468073406723176,0.000,session_fixed,TRACKING
1073,frame_1468073440082277.jpg,1468073440082277,1074,1468073440082277,0.000,session_fixed,TRACKING
1074,frame_1468073473446287.jpg,1468073473446287,1075,1468073473446287,0.000,session_fixed,TRACKING
1075,frame_1468073506810350.jpg,1468073506810350,1076,1468073506810350,0.000,session_fixed,TRACKING
1076,frame_1468073540192915.jpg,1468073540192915,1077,1468073540192915,0.000,session_fixed,TRACKING
1077,frame_1468073573556978.jpg,1468073573556978,1078,1468073573556978,0.000,session_fixed,TRACKING
1078,frame_1468073606921040.jpg,1468073606921040,1079,1468073606921040,0.000,session_fixed,TRACKING
1079,frame_1468073640282214.jpg,1468073640282214,1080,1468073640282214,0.000,session_fixed,TRACKING
1080,frame_1468073673646276.jpg,1468073673646276,1081,1468073673646276,0.000,session_fixed,TRACKING
1081,frame_1468073707010339.jpg,1468073707010339,1082,1468073707010339,0.000,session_fixed,TRACKING
1082,frame_1468073740378655.jpg,1468073740378655,1083,1468073740378655,0.000,session_fixed,TRACKING
1083,frame_1468073773742718.jpg,1468073773742718,1084,1468073773742718,0.000,session_fixed,TRACKING
1084,frame_1468073807106780.jpg,1468073807106780,1085,1468073807106780,0.000,session_fixed,TRACKING
1085,frame_1468073840501844.jpg,1468073840501844,1086,1468073840501844,0.000,session_fixed,TRACKING
1086,frame_1468073873865906.jpg,1468073873865906,1087,1468073873865906,0.000,session_fixed,TRACKING
1087,frame_1468073907229969.jpg,1468073907229969,1088,1468073907229969,0.000,session_fixed,TRACKING
1088,frame_1468073940592008.jpg,1468073940592008,1089,1468073940592008,0.000,session_fixed,TRACKING
1089,frame_1468073973956070.jpg,1468073973956070,1090,1468073973956070,0.000,session_fixed,TRACKING
1090,frame_1468074007320133.jpg,1468074007320133,1091,1468074007320133,0.000,session_fixed,TRACKING
1091,frame_1468074040659002.jpg,1468074040659002,1092,1468074040659002,0.000,session_fixed,TRACKING
1092,frame_1468074074023065.jpg,1468074074023065,1093,1468074074023065,0.000,session_fixed,TRACKING
1093,frame_1468074107387075.jpg,1468074107387075,1094,1468074107387075,0.000,session_fixed,TRACKING
1094,frame_1468074140714775.jpg,1468074140714775,1095,1468074140714775,0.000,session_fixed,TRACKING
1095,frame_1468074174078837.jpg,1468074174078837,1096,1468074174078837,0.000,session_fixed,TRACKING
1096,frame_1468074207442848.jpg,1468074207442848,1097,1468074207442848,0.000,session_fixed,TRACKING
1097,frame_1468074240831517.jpg,1468074240831517,1098,1468074240831517,0.000,session_fixed,TRACKING
1098,frame_1468074274195580.jpg,1468074274195580,1099,1468074274195580,0.000,session_fixed,TRACKING
1099,frame_1468074307559590.jpg,1468074307559590,1100,1468074307559590,0.000,session_fixed,TRACKING
1100,frame_1468074340906359.jpg,1468074340906359,1101,1468074340906359,0.000,session_fixed,TRACKING
1101,frame_1468074374270421.jpg,1468074374270421,1102,1468074374270421,0.000,session_fixed,TRACKING
1102,frame_1468074407634432.jpg,1468074407634432,1103,1468074407634432,0.000,session_fixed,TRACKING
1103,frame_1468074440991529.jpg,1468074440991529,1104,1468074440991529,0.000,session_fixed,TRACKING
1104,frame_1468074474355592.jpg,1468074474355592,1105,1468074474355592,0.000,session_fixed,TRACKING
1105,frame_1468074507719602.jpg,1468074507719602,1106,1468074507719602,0.000,session_fixed,TRACKING
1106,frame_1468074541062579.jpg,1468074541062579,1107,1468074541062579,0.000,session_fixed,TRACKING
1107,frame_1468074574426642.jpg,1468074574426642,1108,1468074574426642,0.000,session_fixed,TRACKING
1108,frame_1468074607790652.jpg,1468074607790652,1109,1468074607790652,0.000,session_fixed,TRACKING
1109,frame_1468074641151904.jpg,1468074641151904,1110,1468074641151904,0.000,session_fixed,TRACKING
1110,frame_1468074674515914.jpg,1468074674515914,1111,1468074674515914,0.000,session_fixed,TRACKING
1111,frame_1468074707879977.jpg,1468074707879977,1112,1468074707879977,0.000,session_fixed,TRACKING
1112,frame_1468074741250956.jpg,1468074741250956,1113,1468074741250956,0.000,session_fixed,TRACKING
1113,frame_1468074774614967.jpg,1468074774614967,1114,1468074774614967,0.000,session_fixed,TRACKING
1114,frame_1468074807979029.jpg,1468074807979029,1115,1468074807979029,0.000,session_fixed,TRACKING
1115,frame_1468074841345093.jpg,1468074841345093,1116,1468074841345093,0.000,session_fixed,TRACKING
1116,frame_1468074874709103.jpg,1468074874709103,1117,1468074874709103,0.000,session_fixed,TRACKING
1117,frame_1468074908073166.jpg,1468074908073166,1118,1468074908073166,0.000,session_fixed,TRACKING
1118,frame_1468074941530485.jpg,1468074941530485,1119,1468074941530485,0.000,session_fixed,TRACKING
1119,frame_1468074970721496.jpg,1468074970721496,1120,1468074970721496,0.000,session_fixed,TRACKING
1120,frame_1468075004085558.jpg,1468075004085558,1121,1468075004085558,0.000,session_fixed,TRACKING
1121,frame_1468075037408411.jpg,1468075037408411,1122,1468075037408411,0.000,session_fixed,TRACKING
1122,frame_1468075070772474.jpg,1468075070772474,1123,1468075070772474,0.000,session_fixed,TRACKING
1123,frame_1468075104136536.jpg,1468075104136536,1124,1468075104136536,0.000,session_fixed,TRACKING
1124,frame_1468075137500547.jpg,1468075137500547,1125,1468075137500547,0.000,session_fixed,TRACKING
1125,frame_1468075170855198.jpg,1468075170855198,1126,1468075170855198,0.000,session_fixed,TRACKING
1126,frame_1468075204219261.jpg,1468075204219261,1127,1468075204219261,0.000,session_fixed,TRACKING
1127,frame_1468075237615907.jpg,1468075237615907,1128,1468075237615907,0.000,session_fixed,TRACKING
1128,frame_1468075270979970.jpg,1468075270979970,1129,1468075270979970,0.000,session_fixed,TRACKING
1129,frame_1468075304344032.jpg,1468075304344032,1130,1468075304344032,0.000,session_fixed,TRACKING
1130,frame_1468075337723403.jpg,1468075337723403,1131,1468075337723403,0.000,session_fixed,TRACKING
1131,frame_1468075371087465.jpg,1468075371087465,1132,1468075371087465,0.000,session_fixed,TRACKING
1132,frame_1468075404451528.jpg,1468075404451528,1133,1468075404451528,0.000,session_fixed,TRACKING
1133,frame_1468075437869060.jpg,1468075437869060,1134,1468075437869060,0.000,session_fixed,TRACKING
1134,frame_1468075471233123.jpg,1468075471233123,1135,1468075471233123,0.000,session_fixed,TRACKING
1135,frame_1468075504597185.jpg,1468075504597185,1136,1468075504597185,0.000,session_fixed,TRACKING
1136,frame_1468075537980386.jpg,1468075537980386,1137,1468075537980386,0.000,session_fixed,TRACKING
1137,frame_1468075571344448.jpg,1468075571344448,1138,1468075571344448,0.000,session_fixed,TRACKING
1138,frame_1468075604708458.jpg,1468075604708458,1139,1468075604708458,0.000,session_fixed,TRACKING
1139,frame_1468075638071455.jpg,1468075638071455,1140,1468075638071455,0.000,session_fixed,TRACKING
1140,frame_1468075671435517.jpg,1468075671435517,1141,1468075671435517,0.000,session_fixed,TRACKING
1141,frame_1468075704799528.jpg,1468075704799528,1142,1468075704799528,0.000,session_fixed,TRACKING
1142,frame_1468075738151254.jpg,1468075738151254,1143,1468075738151254,0.000,session_fixed,TRACKING
1143,frame_1468075771515317.jpg,1468075771515317,1144,1468075771515317,0.000,session_fixed,TRACKING
1144,frame_1468075804879327.jpg,1468075804879327,1145,1468075804879327,0.000,session_fixed,TRACKING
1145,frame_1468075838309294.jpg,1468075838309294,1146,1468075838309294,0.000,session_fixed,TRACKING
1146,frame_1468075871673356.jpg,1468075871673356,1147,1468075871673356,0.000,session_fixed,TRACKING
1147,frame_1468075905037367.jpg,1468075905037367,1148,1468075905037367,0.000,session_fixed,TRACKING
1148,frame_1468075938452179.jpg,1468075938452179,1149,1468075938452179,0.000,session_fixed,TRACKING
1149,frame_1468075971816242.jpg,1468075971816242,1150,1468075971816242,0.000,session_fixed,TRACKING
1150,frame_1468076005180252.jpg,1468076005180252,1151,1468076005180252,0.000,session_fixed,TRACKING
1151,frame_1468076038626500.jpg,1468076038626500,1152,1468076038626500,0.000,session_fixed,TRACKING
1152,frame_1468076071990510.jpg,1468076071990510,1153,1468076071990510,0.000,session_fixed,TRACKING
1153,frame_1468076105354573.jpg,1468076105354573,1154,1468076105354573,0.000,session_fixed,TRACKING
1154,frame_1468076138659775.jpg,1468076138659775,1155,1468076138659775,0.000,session_fixed,TRACKING
1155,frame_1468076172023785.jpg,1468076172023785,1156,1468076172023785,0.000,session_fixed,TRACKING
1156,frame_1468076205387848.jpg,1468076205387848,1157,1468076205387848,0.000,session_fixed,TRACKING
1157,frame_1468076238724387.jpg,1468076238724387,1158,1468076238724387,0.000,session_fixed,TRACKING
1158,frame_1468076272088398.jpg,1468076272088398,1159,1468076272088398,0.000,session_fixed,TRACKING
1159,frame_1468076305452460.jpg,1468076305452460,1160,1468076305452460,0.000,session_fixed,TRACKING
1160,frame_1468076338782733.jpg,1468076338782733,1161,1468076338782733,0.000,session_fixed,TRACKING
1161,frame_1468076372146743.jpg,1468076372146743,1162,1468076372146743,0.000,session_fixed,TRACKING
1162,frame_1468076405510806.jpg,1468076405510806,1163,1468076405510806,0.000,session_fixed,TRACKING
1163,frame_1468076438844144.jpg,1468076438844144,1164,1468076438844144,0.000,session_fixed,TRACKING
1164,frame_1468076472208155.jpg,1468076472208155,1165,1468076472208155,0.000,session_fixed,TRACKING
1165,frame_1468076509745217.jpg,1468076509745217,1166,1468076509745217,0.000,session_fixed,TRACKING
1166,frame_1468076543110927.jpg,1468076543110927,1167,1468076543110927,0.000,session_fixed,TRACKING
1167,frame_1468076576474989.jpg,1468076576474989,1168,1468076576474989,0.000,session_fixed,TRACKING
1168,frame_1468076609839052.jpg,1468076609839052,1169,1468076609839052,0.000,session_fixed,TRACKING
1169,frame_1468076643206253.jpg,1468076643206253,1170,1468076643206253,0.000,session_fixed,TRACKING
