ply
format ascii 1.0
element vertex 3696
property float x
property float y
property float z
end_header
-1.4998881816864014 -1.0956166982650757 2.1081550121307373
-1.415381908416748 -1.117271900177002 2.1498234272003174
-1.3084337711334229 -1.1234575510025024 2.1617255210876465
-0.9273159503936768 -0.8727854490280151 1.6793893575668335
-0.8148366808891296 -0.8485156893730164 1.632690191268921
-0.703475296497345 -0.8197695016860962 1.5773775577545166
-0.568605363368988 -0.7521559000015259 1.447277307510376
-0.46995681524276733 -0.7188114523887634 1.3831168413162231
-0.3875602185726166 -0.7025769948959351 1.3518790006637573
-0.315353661775589 -0.7016336917877197 1.3500639200210571
-0.20389477908611298 -0.587109386920929 1.129699468612671
-0.1367049217224121 -0.5577164888381958 1.073142409324646
-0.05201363563537598 -0.36387157440185547 0.7001515030860901
-0.01350015215575695 -0.33109191060066223 0.637077808380127
0.01855402998626232 -0.3022037148475647 0.5814919471740723
0.045204855501651764 -0.27637043595314026 0.5317842364311218
0.06756611168384552 -0.25425973534584045 0.4892394542694092
0.10105997323989868 -0.2746888995170593 0.5285487174987793
0.16565464437007904 -0.3523986339569092 0.6780756115913391
0.20232689380645752 -0.35356515645980835 0.6803202033042908
0.24143211543560028 -0.3579857647418976 0.6888262033462524
-1.5230966806411743 -0.998876690864563 2.140775442123413
-1.4335449934005737 -1.0159708261489868 2.1774113178253174
-1.3388394117355347 -1.0320911407470703 2.2119600772857666
-0.9585147500038147 -0.809959352016449 1.7358911037445068
-0.8583806157112122 -0.8025163412094116 1.7199393510818481
-0.759723424911499 -0.7948461771011353 1.703500747680664
-0.6637693643569946 -0.7883131504058838 1.6894992589950562
-0.5135863423347473 -0.7052695751190186 1.5115216970443726
-0.4257120192050934 -0.6928756833076477 1.484959363937378
-0.37216076254844666 -0.7434089779853821 1.593261480331421
-0.20560623705387115 -0.5315374135971069 1.1391819715499878
-0.1286010444164276 -0.4710407555103302 1.0095264911651611
-0.05112779513001442 -0.3211238980293274 0.6882272362709045
-0.013158118352293968 -0.2897266149520874 0.6209371089935303
0.017373748123645782 -0.2540619969367981 0.5445013642311096
0.04487749934196472 -0.24633142352104187 0.5279332995414734
0.06750848889350891 -0.22808235883712769 0.48882222175598145
0.0874282643198967 -0.21335285902023315 0.45725420117378235
0.18962393701076508 -0.3621666431427002 0.776189386844635
0.23516954481601715 -0.36896196007728577 0.7907530069351196
0.24051064252853394 -0.3201766610145569 0.6861971616744995
-1.552968978881836 -0.9025446176528931 2.1827621459960938
-1.457906723022461 -0.915632426738739 2.214414358139038
-1.3606635332107544 -0.9295266270637512 2.248016834259033
-1.2599499225616455 -0.9434942007064819 2.28179669380188
-0.8419032692909241 -0.6975216269493103 1.686923623085022
-0.779542088508606 -0.7227509617805481 1.7479394674301147
-0.6939019560813904 -0.7302997708320618 1.7661960124969482
-0.6085982918739319 -0.7406174540519714 1.7911487817764282
-0.5212631821632385 -0.7518271207809448 1.8182588815689087
-0.3374675512313843 -0.5973801016807556 1.4447360038757324
-0.14799995720386505 -0.33906319737434387 0.8200085759162903
-0.09464401006698608 -0.3072052597999573 0.742961585521698
-0.0500846765935421 -0.2787673771381378 0.6741859316825867
-0.012498552910983562 -0.2438797950744629 0.5898119211196899
0.017615551128983498 -0.22827793657779694 0.5520795583724976
0.044285450130701065 -0.2154139131307602 0.520968496799469
0.06707432866096497 -0.20082193613052368 0.485678493976593
0.08654700219631195 -0.1871630847454071 0.4526451826095581
0.24838201701641083 -0.4203944206237793 1.0167043209075928
0.2543596029281616 -0.3536471426486969 0.8552791476249695
0.24063654243946075 -0.28388237953186035 0.686556339263916
-1.5742839574813843 -0.797418475151062 2.212721347808838
-1.4822701215744019 -0.8113646507263184 2.251420021057129
-1.3905062675476074 -0.8279064893722534 2.297321319580078
-1.298263669013977 -0.8473173975944519 2.3511836528778076
-1.2072298526763916 -0.8717315196990967 2.4189293384552
-0.8803199529647827 -0.7113558650016785 1.9739100933074951
-0.6942821145057678 -0.6368488073348999 1.767163634300232
-0.5972397327423096 -0.6334453821182251 1.75771963596344
-0.4285104274749756 -0.5386660695075989 1.494720697402954
-0.20171406865119934 -0.3112090528011322 0.8635602593421936
-0.14352452754974365 -0.2865777611732483 0.7952120304107666
-0.09382164478302002 -0.2654213309288025 0.736505925655365
-0.04926060140132904 -0.23896487057209015 0.663093090057373
-0.012815851718187332 -0.21795199811458588 0.6047853827476501
0.017445528879761696 -0.19703760743141174 0.5467509627342224
0.04374701902270317 -0.18546347320079803 0.5146344304084778
0.06638924777507782 -0.17324067652225494 0.4807179272174835
0.08553430438041687 -0.16121511161327362 0.4473487138748169
0.2511066794395447 -0.3704182207584381 1.0278571844100952
0.2875867187976837 -0.3484882712364197 0.9670047163963318
0.31704312562942505 -0.32598114013671875 0.9045507311820984
-1.5979589223861694 -0.690129280090332 2.245997428894043
-1.5074727535247803 -0.7035579085350037 2.2897002696990967
-1.4189565181732178 -0.7203425765037537 2.344325304031372
-1.3287280797958374 -0.7394025921821594 2.406355381011963
-1.235988736152649 -0.7609724998474121 2.4765536785125732
-1.1417378187179565 -0.7866371273994446 2.5600781440734863
-0.7788745760917664 -0.609157383441925 1.9824776649475098
-0.20536194741725922 -0.18571290373802185 0.6043950319290161
-0.17690859735012054 -0.18961329758167267 0.6170886754989624
-0.14423561096191406 -0.18973618745803833 0.6174886226654053
-0.11253642290830612 -0.19158923625946045 0.6235193014144897
-0.08021377772092819 -0.19348326325416565 0.6296833157539368
-0.047239214181900024 -0.19538836181163788 0.6358833909034729
-0.012390987016260624 -0.1796722263097763 0.5847358703613281
0.017178408801555634 -0.16542820632457733 0.5383793115615845
0.04295897111296654 -0.15528355538845062 0.505363941192627
0.06534131616353989 -0.1453789919614792 0.4731299579143524
0.08430910110473633 -0.13548821210861206 0.44094082713127136
0.2504898011684418 -0.3150545358657837 1.0253320932388306
0.2833103835582733 -0.2927139699459076 0.952625572681427
0.3163802921772003 -0.2773608863353729 0.9026596546173096
-1.6362329721450806 -0.5845209956169128 2.299793243408203
-1.545350432395935 -0.5965782999992371 2.3472325801849365
-1.4568965435028076 -0.6117709279060364 2.407007932662964
-1.364515781402588 -0.6280779838562012 2.471167802810669
-1.2684624195098877 -0.6459845900535583 2.541621208190918
-1.1647775173187256 -0.6638059020042419 2.611739158630371
-1.000319242477417 -0.6471287608146667 2.5461230278015137
-0.20361262559890747 -0.1523059755563736 0.5992466807365417
-0.17423784732818604 -0.1544729620218277 0.6077726483345032
-0.1427442580461502 -0.15531964600086212 0.6111039519309998
-0.11088775843381882 -0.15615350008010864 0.6143847107887268
-0.07916214317083359 -0.15794360637664795 0.6214278936386108
-0.046704381704330444 -0.1597878485918045 0.6286840438842773
-0.01212749257683754 -0.14545752108097076 0.57230144739151
0.016889391466975212 -0.1345335990190506 0.5293213725090027
0.04197274148464203 -0.1254957616329193 0.4937620759010315
0.06425058841705322 -0.11824450641870499 0.46523207426071167
0.08338279277086258 -0.11083925515413284 0.43609619140625
0.16573216021060944 -0.17242199182510376 0.6783929467201233
0.214412122964859 -0.18324005603790283 0.720956563949585
0.2670530378818512 -0.19365264475345612 0.7619248032569885
-1.6888972520828247 -0.47726520895957947 2.3738150596618652
-1.6050819158554077 -0.4901615381240845 2.4379587173461914
-1.5209095478057861 -0.505202054977417 2.5127668380737305
-1.4105596542358398 -0.5136035680770874 2.5545542240142822
-1.0559439659118652 -0.42538973689079285 2.115797519683838
-0.9565432071685791 -0.43122538924217224 2.144822835922241
-0.464297354221344 -0.2376018762588501 1.1817809343338013
-0.2038515955209732 -0.12062238901853561 0.5999499559402466
-0.17235802114009857 -0.12087682634592056 0.6012154817581177
-0.14110516011714935 -0.12145411968231201 0.6040868163108826
-0.10963903367519379 -0.1221335232257843 0.6074660420417786
-0.07798735797405243 -0.12308647483587265 0.6122058033943176
-0.045955054461956024 -0.12437152862548828 0.6185973882675171
-0.011891085654497147 -0.11282055079936981 0.5611453056335449
0.016587359830737114 -0.1045190840959549 0.5198555588722229
0.04111320152878761 -0.0972399190068245 0.4836505651473999
0.06329026818275452 -0.09213875979185104 0.45827847719192505
0.08222286403179169 -0.08645922690629959 0.4300296902656555
0.2160186767578125 -0.17777828872203827 0.8842312097549438
0.2716069519519806 -0.1836172640323639 0.91327303647995
0.30382829904556274 -0.17428328096866608 0.8668477535247803
-1.7106245756149292 -0.3557139039039612 2.404353618621826
-1.6250911951065063 -0.3651820421218872 2.468350887298584
-1.5270713567733765 -0.3732593059539795 2.522947072982788
-1.201268196105957 -0.32185935974121094 2.175522804260254
-1.0483423471450806 -0.31076982617378235 2.1005661487579346
-0.63711017370224 -0.21135078370571136 1.4285694360733032
-0.4444347321987152 -0.1673598438501358 1.1312243938446045
-0.2007192075252533 -0.08739615976810455 0.590731143951416
-0.17015337944030762 -0.08780954778194427 0.5935252904891968
-0.13907480239868164 -0.08808610588312149 0.5953946113586426
-0.10793416947126389 -0.08847452700138092 0.598020076751709
-0.07656123489141464 -0.08891696482896805 0.6010106205940247
-0.04503859207034111 -0.08969373255968094 0.6062609553337097
-0.011747907847166061 -0.08201945573091507 0.554388701915741
0.016374802216887474 -0.07592485845088959 0.5131939053535461
0.04044600576162338 -0.07039284706115723 0.4758017361164093
0.062271494418382645 -0.06670898199081421 0.45090165734291077
0.08100031316280365 -0.0626751035451889 0.42363569140434265
0.10381975769996643 -0.06287196278572083 0.42496633529663086
0.26934492588043213 -0.1339896023273468 0.9056670665740967
0.30182361602783203 -0.1274002641439438 0.8611282110214233
-1.7265961170196533 -0.2301516830921173 2.426802396774292
-1.6484167575836182 -0.23745205998420715 2.5037801265716553
-1.5753910541534424 -0.24684077501296997 2.602778196334839
-1.1757484674453735 -0.20193789899349213 2.1293060779571533
-0.8026956915855408 -0.15253302454948425 1.6083632707595825
-0.6027809977531433 -0.12818172574043274 1.35159432888031
-0.41347911953926086 -0.09981001168489456 1.0524327754974365
-0.1974901258945465 -0.05512214079499245 0.581227719783783
-0.16764119267463684 -0.055457353591918945 0.5847623348236084
-0.13707152009010315 -0.05565233901143074 0.5868183374404907
-0.10614915192127228 -0.05577673390507698 0.588129997253418
-0.07534226030111313 -0.05609079450368881 0.5914415717124939
-0.044278956949710846 -0.05652648210525513 0.5960355997085571
-0.011628399603068829 -0.05204194411635399 0.5487490296363831
0.016110984608530998 -0.04788585379719734 0.5049257278442383
0.04000119864940643 -0.044627562165260315 0.47056910395622253
0.06136754900217056 -0.04214160516858101 0.4443562924861908
0.08006443083286285 -0.039712317287921906 0.41874098777770996
0.0981353372335434 -0.03809602931141853 0.4016982614994049
0.26826703548431396 -0.08554739505052567 0.9020426273345947
0.2997082769870758 -0.08109481632709503 0.8550930023193359
-1.732823371887207 -0.10163350403308868 2.4355549812316895
-1.659095048904419 -0.1051572859287262 2.5199992656707764
-1.5937228202819824 -0.10987541824579239 2.6330649852752686
-1.46734619140625 -0.11089072376489639 2.657395839691162
-0.8139762282371521 -0.06805873662233353 1.630966067314148
-0.5809895992279053 -0.05436183512210846 1.302732229232788
-0.3864717483520508 -0.04104851931333542 0.983690619468689
-0.19411838054656982 -0.02384001761674881 0.571304440498352
-0.16462309658527374 -0.023962292820215225 0.574234664440155
-0.13478870689868927 -0.02407958172261715 0.5770453810691833
-0.10396800935268402 -0.024037843570113182 0.5760451555252075
-0.07388249784708023 -0.0242021381855011 0.579982340335846
-0.043383918702602386 -0.024369271472096443 0.5839875340461731
-0.011428704485297203 -0.022505559027194977 0.5393253564834595
0.015888342633843422 -0.020778920501470566 0.4979480504989624
0.03926944360136986 -0.01927720569074154 0.4619607925415039
0.060644421726465225 -0.01832408830523491 0.43912020325660706
0.07916366308927536 -0.01727709360420704 0.41402992606163025
0.0954907014966011 -0.01631077378988266 0.3908729553222656
0.26449453830718994 -0.03711209446191788 0.8893577456474304
0.2960839569568634 -0.03525075688958168 0.8447524905204773
-1.741119146347046 0.02784743346273899 2.4472150802612305
-1.5656098127365112 0.027059869840741158 2.378004550933838
-1.4455804824829102 0.02717716246843338 2.3883121013641357
-0.9312041401863098 0.019190292805433273 1.6864309310913086
-0.6670774221420288 0.015209764242172241 1.3366246223449707
-0.5535733103752136 0.014124561101198196 1.241257667541504
-0.41014671325683594 0.011879360303282738 1.0439507961273193
-0.1903938204050064 0.006376271601766348 0.5603427886962891
-0.16193637251853943 0.006427707150578499 0.5648629069328308
-0.1319064348936081 0.006425922736525536 0.5647060871124268
-0.1016826406121254 0.00641086557880044 0.5633828639984131
-0.07200606912374496 0.006432138383388519 0.5652523040771484
-0.04235309362411499 0.006487434264272451 0.5701116919517517
-0.011192024685442448 0.006010014563798904 0.5281563401222229
0.015599774196743965 0.005563355050981045 0.4889041781425476
0.03865653648972511 0.005174714140594006 0.454750657081604
0.06013607978820801 0.004954966250807047 0.4354393482208252
0.07809949666261673 0.004648010712116957 0.4084642827510834
0.09437863528728485 0.004396036267280579 0.38632091879844666
0.26030996441841125 0.009960097260773182 0.8752871155738831
0.2938050329685211 0.009538648650050163 0.8382505178451538
-1.761859655380249 0.1596948504447937 2.4763667583465576
-1.5575268268585205 0.15255999565124512 2.365727424621582
-1.0116770267486572 0.10778706520795822 1.6714396476745605
-0.7762157320976257 0.09065297991037369 1.4057435989379883
-0.7071687579154968 0.09137602150440216 1.4169557094573975
-0.5371492505073547 0.07767079025506973 1.2044305801391602
-0.40218567848205566 0.06601510941982269 1.023687481880188
-0.18685074150562286 0.035462696105241776 0.5499152541160583
-0.1598978191614151 0.03596807271242142 0.5577520728111267
-0.1296948939561844 0.03580595552921295 0.5552381873130798
-0.09984764456748962 0.035675544291734695 0.5532158613204956
-0.07047820091247559 0.03567828610539436 0.5532584190368652
-0.0412072092294693 0.03577041253447533 0.5546870231628418
-0.010894247330725193 0.033153317868709564 0.5141040682792664
0.015251780860126019 0.030824920162558556 0.47799789905548096
0.03808470442891121 0.028891954571008682 0.4480236768722534
0.059006284922361374 0.02755286730825901 0.42725861072540283
0.07678796350955963 0.02589852176606655 0.40160492062568665
0.09261196851730347 0.024446552619338036 0.3790894150733948
0.25944188237190247 0.05625690519809723 0.8723682761192322
0.29167628288269043 0.05366506800055504 0.8321770429611206
-1.9585784673690796 0.3237254023551941 2.7528631687164307
-1.8484413623809814 0.3301619291305542 2.8075973987579346
-1.7393548488616943 0.3379318416118622 2.8736705780029297
-0.8987998962402344 0.19141624867916107 1.6277461051940918
-0.6864187717437744 0.16173891723155975 1.375378966331482
-0.5260802507400513 0.1387173980474472 1.1796109676361084
-0.3809035122394562 0.11401130259037018 0.9695177674293518
-0.2958708703517914 0.10239889472723007 0.8707693219184875
-0.22297430038452148 0.09146302938461304 0.7777740359306335
-0.16633225977420807 0.08373848348855972 0.7120867967605591
-0.11817625910043716 0.07699795812368393 0.6547673940658569
-0.07656592130661011 0.07068070769309998 0.6010473966598511
-0.041439421474933624 0.06559649109840393 0.5578128099441528
-0.010670720599591732 0.05921608954668045 0.5035557746887207
0.01498644333332777 0.055232685059309006 0.46968209743499756
0.03728768974542618 0.051583170890808105 0.43864771723747253
0.05804634466767311 0.04942646995186806 0.42030778527259827
0.07546491175889969 0.0464133657515049 0.3946852684020996
0.09058448672294617 0.04360341653227806 0.3707903027534485
0.2578667104244232 0.1019640788435936 0.867071807384491
0.28792330622673035 0.09660143405199051 0.8214694857597351
-2.5106117725372314 0.6023757457733154 3.52876877784729
-2.43696928024292 0.6318638324737549 3.701512575149536
-2.338499069213867 0.6595234870910645 3.8635451793670654
-0.8403943181037903 0.25980710983276367 1.521972417831421
-0.6435557007789612 0.2201220989227295 1.2894941568374634
-0.46946612000465393 0.17969472706317902 1.0526671409606934
-0.3771089017391205 0.1638520359992981 0.959859311580658
-0.29310062527656555 0.14725224673748016 0.8626163005828857
-0.22229324281215668 0.13236378133296967 0.7753984332084656
-0.1661641150712967 0.12143334001302719 0.7113669514656067
-0.11756453663110733 0.111192986369133 0.6513780951499939
-0.07582885771989822 0.10161363333463669 0.5952613949775696
-0.040864795446395874 0.09390059858560562 0.5500777959823608
-0.01082402653992176 0.08719407021999359 0.5107903480529785
0.01512864325195551 0.0809374749660492 0.47413870692253113
0.037431500852108 0.07516780495643616 0.44033947587013245
0.057218391448259354 0.07072491943836212 0.4143126606941223
0.0743396133184433 0.06636978685855865 0.38879990577697754
0.08934102207422256 0.062426600605249405 0.3657003939151764
0.14812971651554108 0.08502491563558578 0.4980832636356354
0.28349220752716064 0.138070210814476 0.8088271617889404
-2.450684070587158 0.770930826663971 3.444538116455078
-2.3678267002105713 0.8049399852752686 3.596491813659668
-2.2552478313446045 0.8339259624481201 3.726001739501953
-2.0336952209472656 0.8243164420127869 3.6830663681030273
-0.6767018437385559 0.3034694790840149 1.3559091091156006
-0.46703627705574036 0.23438070714473724 1.0472187995910645
-0.37453749775886536 0.21336369216442108 0.9533142447471619
-0.28846821188926697 0.19001299142837524 0.8489827513694763
-0.22016330063343048 0.1718810498714447 0.7679687738418579
-0.16498033702373505 0.15807859599590302 0.7062990665435791
-0.1123928651213646 0.13937343657016754 0.6227239370346069
-0.07502364367246628 0.13181225955486298 0.588940441608429
-0.04043179377913475 0.12180981040000916 0.5442492365837097
-0.010711190290749073 0.11312953382730484 0.505465567111969
0.0149741405621171 0.10503444820642471 0.46929651498794556
0.037156280130147934 0.09782887995243073 0.4371018409729004
0.05628618970513344 0.09121763706207275 0.4075626730918884
0.0730280727148056 0.08548307418823242 0.38194048404693604
0.0878082662820816 0.08044412732124329 0.359426349401474
0.10426096618175507 0.07846318185329437 0.35057544708251953
0.1904512196779251 0.12161378562450409 0.5433734059333801
-2.3499507904052734 0.9146566390991211 3.302953004837036
-2.274937391281128 0.9568729996681213 3.455402135848999
-2.1778101921081543 0.9963789582252502 3.5980637073516846
-2.02976131439209 1.0179450511932373 3.6759419441223145
-0.6546970009803772 0.3632698059082031 1.31181800365448
-0.451923668384552 0.28061288595199585 1.0133323669433594
-0.36645975708961487 0.2582990229129791 0.9327539205551147
-0.2842864692211151 0.23169293999671936 0.8366755843162537
-0.16508358716964722 0.15946237742900848 0.575840950012207
-0.13354292511940002 0.15831901133060455 0.571712076663971
-0.10675710439682007 0.1637982726097107 0.5914984345436096
-0.07428698241710663 0.16148851811885834 0.5831575989723206
-0.03990134596824646 0.14873667061328888 0.5371088981628418
-0.010587834753096104 0.13836196064949036 0.49964436888694763
0.014787341468036175 0.1283368021249771 0.4634421467781067
0.03663422539830208 0.11934194713830948 0.43096044659614563
0.05546058341860771 0.11120714247226715 0.40158453583717346
0.07172597199678421 0.10388144850730896 0.37513044476509094
0.08602692931890488 0.09751347452402115 0.3521347939968109
0.10020829737186432 0.09330805391073227 0.336948424577713
0.3062497675418854 0.24196138978004456 0.8737564086914062
-1.3357912302017212 -0.9828839898109436 1.9765430688858032
-1.2615972757339478 -1.0069122314453125 2.022777557373047
-1.1737537384033203 -1.0234363079071045 2.054572582244873
-1.068638563156128 -1.0268824100494385 2.0612034797668457
-0.8266499042510986 -0.8885307908058167 1.7949912548065186
-0.6716134548187256 -0.8185616731643677 1.6603585481643677
-0.5486291646957397 -0.7720783352851868 1.5709166526794434
-0.40044137835502625 -0.6725174784660339 1.3793444633483887
-0.3174973130226135 -0.6543511748313904 1.3443893194198608
-0.24414372444152832 -0.6492636799812317 1.3346000909805298
-0.18398433923721313 -0.6791750192642212 1.3921546936035156
-0.06505393981933594 -0.4942532777786255 1.036333441734314
-0.003255009651184082 -0.44465920329093933 0.9409059286117554
0.05190103501081467 -0.3094431757926941 0.6807270050048828
0.08557025343179703 -0.27428823709487915 0.6130828857421875
0.11291269958019257 -0.24437162280082703 0.5555181503295898
0.13468961417675018 -0.2165159285068512 0.5019190311431885
0.19964569807052612 -0.32149603962898254 0.7039188146591187
0.22901929914951324 -0.3051467537879944 0.6724599599838257
0.2629689574241638 -0.3026321828365326 0.6676214933395386
0.31022828817367554 -0.3206145465373993 0.7022226452827454
-1.3406364917755127 -0.88140869140625 1.9833532571792603
-1.2615605592727661 -0.8997778296470642 2.022721767425537
-1.1770435571670532 -0.9171753525733948 2.0600078105926514
-1.0857211351394653 -0.9321683049201965 2.0921404361724854
-0.7834751605987549 -0.753154993057251 1.708482027053833
-0.7042183876037598 -0.7648130655288696 1.73346745967865
-0.6059364080429077 -0.7570273876190186 1.7167813777923584
-0.5108007192611694 -0.7511289119720459 1.7041398286819458
-0.3523204028606415 -0.6399478316307068 1.4658584594726562
-0.27510902285575867 -0.6405579447746277 1.4671659469604492
-0.22219422459602356 -0.7043389678001404 1.6038603782653809
-0.06720840930938721 -0.4474247097969055 1.0532461404800415
0.011324595659971237 -0.3034355342388153 0.7446510195732117
0.052230317145586014 -0.26635849475860596 0.6651881337165833
0.08506198227405548 -0.23461374640464783 0.5971533060073853
0.11222319304943085 -0.2114022672176361 0.5474068522453308
0.13484297692775726 -0.19069597125053406 0.503029465675354
0.1656438261270523 -0.20145463943481445 0.5260872840881348
0.23887450993061066 -0.2885741591453552 0.7128003835678101
0.2822924256324768 -0.297810822725296 0.732596218585968
0.3173011541366577 -0.2930542826652527 0.7224020957946777
-1.3513814210891724 -0.7826387882232666 1.9984557628631592
-1.2749180793762207 -0.8010615706443787 2.0430104732513428
-1.1907109022140503 -0.8174265623092651 2.0825884342193604
-1.0975133180618286 -0.830206573009491 2.1134963035583496
-1.0052144527435303 -0.8464505672454834 2.1527817249298096
-0.6835129261016846 -0.6538723707199097 1.6870402097702026
-0.6229276657104492 -0.6840524673461914 1.7600293159484863
-0.5388538837432861 -0.6950814127922058 1.786702275276184
-0.44725170731544495 -0.6993376016616821 1.7969956398010254
-0.30236339569091797 -0.6112024188041687 1.5838449001312256
-0.1775151789188385 -0.5171202421188354 1.356311559677124
-0.03579399734735489 -0.28983843326568604 0.8066410422325134
0.01215355470776558 -0.2595924437046051 0.7334924936294556
0.052551303058862686 -0.22508618235588074 0.6500407457351685
0.08407270908355713 -0.19039809703826904 0.5661491751670837
0.11175491660833359 -0.18037062883377075 0.5418981909751892
0.13460509479045868 -0.16358667612075806 0.5013070106506348
0.15654587745666504 -0.1541581153869629 0.4785045087337494
0.30743762850761414 -0.36708176136016846 0.993450403213501
0.3503876030445099 -0.3538975119590759 0.9615649580955505
0.3396280109882355 -0.28134602308273315 0.7861025333404541
-1.3585467338562012 -0.6804515719413757 2.0085270404815674
-1.283366084098816 -0.6975029706954956 2.055842161178589
-1.2035937309265137 -0.714812159538269 2.103872776031494
-1.119807481765747 -0.7328307032585144 2.153871536254883
-1.0316264629364014 -0.7515098452568054 2.2057034969329834
-0.9466555118560791 -0.7772309184074402 2.27707576751709
-0.725568413734436 -0.6850482821464539 2.021282196044922
-0.5410994291305542 -0.602892279624939 1.7933111190795898
-0.44239696860313416 -0.598117470741272 1.7800616025924683
-0.27816587686538696 -0.4900725483894348 1.4802526235580444
-0.09248845279216766 -0.2756325900554657 0.8852125406265259
-0.034138478338718414 -0.24263358116149902 0.7936450839042664
0.013405956327915192 -0.21488040685653687 0.7166339755058289
0.05273384600877762 -0.18777716159820557 0.6414263844490051
0.08469107747077942 -0.16763290762901306 0.5855290293693542
0.11121051758527756 -0.1496013104915619 0.5354939103126526
0.13448330760002136 -0.13696327805519104 0.5004252195358276
0.1557566523551941 -0.12757599353790283 0.4743768274784088
0.3135823607444763 -0.3237035572528839 1.0186026096343994
0.3494326174259186 -0.30199116468429565 0.9583538174629211
0.38157132267951965 -0.28304117918014526 0.9057703018188477
-1.3799500465393066 -0.5833437442779541 2.0386102199554443
-1.2947980165481567 -0.5939740538597107 2.0732061862945557
-1.2128245830535889 -0.6080830693244934 2.1191234588623047
-1.1334254741668701 -0.6263381838798523 2.1785340309143066
-1.049353003501892 -0.645600438117981 2.2412221431732178
-0.962628960609436 -0.6676226258277893 2.312892436981201
-0.8776717185974121 -0.6969792246818542 2.4084322452545166
-0.5740381479263306 -0.5377576351165771 1.8902521133422852
-0.12352614104747772 -0.1621287763118744 0.6677833199501038
-0.0906202495098114 -0.16506803035736084 0.6773490309715271
-0.052995145320892334 -0.1617024540901184 0.666395902633667
-0.017171554267406464 -0.15987655520439148 0.6604536175727844
0.014792677015066147 -0.17140346765518188 0.6979674696922302
0.05302068591117859 -0.14987081289291382 0.6278902888298035
0.0842379778623581 -0.13249105215072632 0.5713286399841309
0.11073338985443115 -0.11975545436143875 0.5298811197280884
0.13367897272109985 -0.10891491919755936 0.4946010410785675
0.15278777480125427 -0.09792950004339218 0.4588494598865509
0.31406617164611816 -0.27053380012512207 1.0205830335617065
0.34857913851737976 -0.25053077936172485 0.9554840326309204
0.37919437885284424 -0.23317140340805054 0.8989887237548828
-1.4714030027389526 -0.5080648064613342 2.1671512126922607
-1.3491532802581787 -0.5051711797714233 2.155766248703003
-1.252790093421936 -0.5126399993896484 2.185152292251587
-1.1651952266693115 -0.5255813002586365 2.236069679260254
-1.0728931427001953 -0.5388790369033813 2.2883896827697754
-0.8902720212936401 -0.5038705468177795 2.150648832321167
-0.7807869911193848 -0.5067124366760254 2.161830425262451
-0.778528094291687 -0.5906497240066528 2.4920809268951416
-0.12129956483840942 -0.12500786781311035 0.6600165963172913
-0.08747437596321106 -0.1259901225566864 0.6638811826705933
-0.0517677441239357 -0.12490081042051315 0.6595953702926636
-0.016660094261169434 -0.12409850209951401 0.6564386487007141
0.01800302416086197 -0.12367012351751328 0.6547532081604004
0.053281135857105255 -0.11371872574090958 0.615599513053894
0.08392085134983063 -0.09994063526391983 0.5613897442817688
0.1099393293261528 -0.08955811709165573 0.5205398201942444
0.13276273012161255 -0.08127923309803009 0.4879665970802307
0.15205040574073792 -0.07289858907461166 0.45499300956726074
0.23391644656658173 -0.13326531648635864 0.6925054788589478
0.27583926916122437 -0.1379399299621582 0.71089768409729
0.3209644556045532 -0.14352035522460938 0.7328538298606873
-1.4953827857971191 -0.40006542205810547 2.2008557319641113
-1.4073880910873413 -0.40878382325172424 2.2442190647125244
-1.3221626281738281 -0.41995176672935486 2.2997660636901855
-1.2312318086624146 -0.4311901330947876 2.355663299560547
-1.135924220085144 -0.44305673241615295 2.4146852493286133
-0.8694614171981812 -0.38058939576148987 2.1039860248565674
-0.7423242330551147 -0.3725361227989197 2.0639307498931885
-0.3152041435241699 -0.18446096777915955 1.128485083580017
-0.11850252747535706 -0.08831187337636948 0.6502600312232971
-0.08492819964885712 -0.08885888010263443 0.6529807448387146
-0.04986947029829025 -0.08807417005300522 0.6490777730941772
-0.015625782310962677 -0.08792167156934738 0.6483192443847656
0.01875290647149086 -0.08718577772378922 0.6446591019630432
0.05354626849293709 -0.07882772386074066 0.6030879020690918
0.0836472362279892 -0.06872006505727768 0.5528145432472229
0.10908912122249603 -0.06022021174430847 0.5105381011962891
0.13190437853336334 -0.05443252623081207 0.48175138235092163
0.15074017643928528 -0.04767491668462753 0.4481405019760132
0.25047338008880615 -0.11043145507574081 0.7602781057357788
0.33596405386924744 -0.1411501169204712 0.9130660891532898
0.3708178699016571 -0.13351482152938843 0.8750898241996765
-1.5036154985427856 -0.28521159291267395 2.2124271392822266
-1.4221184253692627 -0.2932251989841461 2.2665929794311523
-1.3358980417251587 -0.30149033665657043 2.3224589824676514
-1.244687795639038 -0.31000810861587524 2.380032539367676
-0.9808704853057861 -0.2691707909107208 2.104003667831421
-0.6444532871246338 -0.19452548027038574 1.5994583368301392
-0.4823361337184906 -0.16533902287483215 1.4021803140640259
-0.31210458278656006 -0.1234973892569542 1.1193628311157227
-0.11592146754264832 -0.052763648331165314 0.6412568688392639
-0.08234217762947083 -0.05286023020744324 0.6419097185134888
-0.04825592041015625 -0.052598074078559875 0.6401377320289612
-0.01463627815246582 -0.052659302949905396 0.6405515670776367
0.01920948550105095 -0.05235772579908371 0.6385131478309631
0.053641147911548615 -0.046454302966594696 0.598610520362854
0.0834617093205452 -0.03881873935461044 0.546999990940094
0.10856819152832031 -0.03251773118972778 0.5044099688529968
0.13110828399658203 -0.028312675654888153 0.4759870171546936
0.14989888668060303 -0.02354193478822708 0.44374048709869385
0.25595682859420776 -0.07369305938482285 0.7827236652374268
0.33515435457229614 -0.0925738736987114 0.9103435277938843
0.3696003556251526 -0.0868443176150322 0.8716161251068115
-1.525155782699585 -0.1709025502204895 2.2427029609680176
-1.4384346008300781 -0.17551854252815247 2.2913756370544434
-1.351603627204895 -0.18092721700668335 2.3484067916870117
-1.2618141174316406 -0.18686801195144653 2.411048650741577
-1.0130736827850342 -0.16386809945106506 2.1685292720794678
-0.6211789846420288 -0.10494958609342575 1.5472710132598877
-0.45382001996040344 -0.0843060240149498 1.3295978307724
-0.2951144278049469 -0.05962570756673813 1.0693596601486206
-0.11338570713996887 -0.01818668469786644 0.6324116587638855
-0.08004207909107208 -0.018153592944145203 0.6320627331733704
-0.046686381101608276 -0.018094677478075027 0.6314415335655212
-0.013338863849639893 -0.01799275353550911 0.6303668022155762
0.019930750131607056 -0.01784456893801689 0.6288042664527893
0.053792234510183334 -0.01430489495396614 0.5914806723594666
0.0832962840795517 -0.009594783186912537 0.5418155789375305
0.10838751494884491 -0.00584576278924942 0.5022845268249512
0.1303616166114807 -0.0028390251100063324 0.47058039903640747
0.14923398196697235 3.620237112045288e-05 0.44026297330856323
0.25388556718826294 -0.031637825071811676 0.7742453217506409
0.33425721526145935 -0.04425893723964691 0.907326877117157
0.3679264485836029 -0.04041929543018341 0.8668403625488281
-1.5384113788604736 -0.05289179086685181 2.261334180831909
-1.4466729164123535 -0.054667554795742035 2.3038887977600098
-1.3562110662460327 -0.056842900812625885 2.3560190200805664
-1.2665387392044067 -0.05949629098176956 2.419605016708374
-1.1675987243652344 -0.06193938106298447 2.478151559829712
-0.6516162157058716 -0.025942526757717133 1.6155192852020264
-0.4455091059207916 -0.013128548860549927 1.3084440231323242
-0.2865617573261261 -0.002101406455039978 1.0441884994506836
-0.11103585362434387 0.015423709526658058 0.6242149472236633
-0.07793931663036346 0.015471883118152618 0.6230605244636536
-0.04505307227373123 0.015499776229262352 0.6223920583724976
-0.011906720697879791 0.015636134892702103 0.6191243529319763
0.020745452493429184 0.015689829364418983 0.6178376078605652
0.05396244302392006 0.01712486334145069 0.5834483504295349
0.08307396620512009 0.019152909517288208 0.5348480343818665
0.10779978334903717 0.02080027386546135 0.49537044763565063
0.12990790605545044 0.02197182923555374 0.46729516983032227
0.14821216464042664 0.02332286350429058 0.4349188506603241
0.24434085190296173 0.01079341396689415 0.7351757884025574
0.33065205812454224 0.004115555435419083 0.8952046036720276
0.3640119433403015 0.005765218287706375 0.8556719422340393
-1.5683234930038452 0.06736432015895844 2.3033769130706787
-1.4712028503417969 0.06779412180185318 2.3411474227905273
-1.368096947669983 0.06818680465221405 2.3756563663482666
-1.132562279701233 0.06592591851949692 2.1769707202911377
-0.7637288570404053 0.06014464795589447 1.6689162254333496
-0.6115944385528564 0.058515869081020355 1.5257800817489624
-0.43162766098976135 0.05564069375395775 1.2731114625930786
-0.2931896150112152 0.053257688879966736 1.063694715499878
-0.10773847997188568 0.048125866800546646 0.6127131581306458
-0.07542099058628082 0.048120927065610886 0.6122792959213257
-0.04289300739765167 0.0480998158454895 0.6104239821434021
-0.010324090719223022 0.048057448118925095 0.606700599193573
0.021747034043073654 0.04803076013922691 0.6043553948402405
0.05418494716286659 0.04767337441444397 0.5729483962059021
0.0827789455652237 0.047134608030319214 0.5256019830703735
0.1071963831782341 0.0467098206281662 0.48827216029167175
0.12936614453792572 0.04642648249864578 0.46337229013442993
0.14700813591480255 0.04603104665875435 0.42862167954444885
0.23384693264961243 0.049030601978302 0.6922209858894348
0.32609590888023376 0.051166072487831116 0.8798846006393433
0.3614397943019867 0.05080704391002655 0.8483333587646484
-1.588178277015686 0.1911744773387909 2.3312835693359375
-1.5010647773742676 0.1947355568408966 2.386504650115967
-1.2945038080215454 0.18619513511657715 2.2540695667266846
-1.1077213287353516 0.17832207679748535 2.1319832801818848
-0.7349648475646973 0.14474332332611084 1.6112817525863647
-0.6069039106369019 0.138551265001297 1.515262484550476
-0.42122671008110046 0.12122832238674164 1.2466378211975098
-0.29168057441711426 0.10914436727762222 1.0592535734176636
-0.10366375744342804 0.07943147420883179 0.5984997749328613
-0.07366327941417694 0.07983481884002686 0.6047543883323669
-0.04107598215341568 0.07955121994018555 0.6003565788269043
-0.009046860039234161 0.07931375503540039 0.5966742634773254
0.022598933428525925 0.0790695920586586 0.5928880572319031
0.05437035858631134 0.07721947878599167 0.5641986131668091
0.08257663995027542 0.07432159781455994 0.5192616581916809
0.10668647289276123 0.07193633168935776 0.4822736084461212
0.12848687171936035 0.07030685991048813 0.4570055305957794
0.1461091935634613 0.06817325949668884 0.4239201545715332
0.16499191522598267 0.06729983538389206 0.41037607192993164
0.32236960530281067 0.0967693030834198 0.8673550486564636
0.3591673970222473 0.09512454271316528 0.8418500423431396
-2.670637607574463 0.4935823380947113 3.852725028991699
-2.5144407749176025 0.5021663904190063 3.9257214069366455
-2.420574426651001 0.5243664383888245 4.114503860473633
-2.2743771076202393 0.5396913290023804 4.244822025299072
-1.0885848999023438 0.3133203387260437 2.319831371307373
-0.5077266693115234 0.19255521893501282 1.2928810119628906
-0.40391412377357483 0.18193522095680237 1.2025718688964844
-0.2656428813934326 0.15607011318206787 0.9826227426528931
-0.19025781750679016 0.14641931653022766 0.9005552530288696
-0.1212150901556015 0.1355738639831543 0.8083289265632629
-0.0654485821723938 0.126997172832489 0.7353953719139099
-0.018691830337047577 0.11958776414394379 0.6723878979682922
0.020806245505809784 0.11307664215564728 0.6170192956924438
0.05460149422287941 0.10558249056339264 0.5532912611961365
0.0823846384882927 0.10087311267852783 0.5132441520690918
0.10616690665483475 0.09651234745979309 0.47616150975227356
0.1278068870306015 0.09368067979812622 0.4520818293094635
0.14541080594062805 0.08993944525718689 0.4202675223350525
0.161983460187912 0.08732811361551285 0.3980615735054016
0.318917840719223 0.14115020632743835 0.8557484745979309
0.35722899436950684 0.13886547088623047 0.836319625377655
-2.6508870124816895 0.6931373476982117 3.824964761734009
-2.4839296340942383 0.7024259567260742 3.879378080368042
-2.404552698135376 0.7380443811416626 4.088033676147461
-2.259605646133423 0.760242223739624 4.2180705070495605
-2.048245906829834 0.7644476294517517 4.242706298828125
-0.5482192039489746 0.27639904618263245 1.3836759328842163
-0.36391329765319824 0.2281036674976349 1.100757360458374
-0.2707229256629944 0.21048977971076965 0.9975736737251282
-0.1853378713130951 0.19099873304367065 0.8833935856819153
-0.11788058280944824 0.17574802041053772 0.7940535545349121
-0.06337884068489075 0.16377726197242737 0.7239277958869934
-0.017548836767673492 0.15344753861427307 0.6634153127670288
0.021364808082580566 0.14424404501914978 0.609500527381897
0.054396502673625946 0.1363002359867096 0.5629650354385376
0.08258096128702164 0.12886297702789307 0.519396960735321
0.10658639669418335 0.12232490628957748 0.4810963273048401
0.12721678614616394 0.11664263159036636 0.44780904054641724
0.14477261900901794 0.11137142032384872 0.41692984104156494
0.16113002598285675 0.10755418986082077 0.39456817507743835
0.2410404533147812 0.141578808426857 0.5938873291015625
0.27942419052124023 0.14506947994232178 0.6143359541893005
-2.5483577251434326 0.8637034296989441 3.6808557510375977
-2.4288525581359863 0.8894118666648865 3.7957215309143066
-2.274744987487793 0.9068358540534973 3.87357234954834
-2.1462724208831787 0.9380016326904297 4.012821674346924
-1.9790139198303223 0.9584053158760071 4.103985786437988
-0.5531595945358276 0.3520451486110687 1.3947536945343018
-0.35581085085868835 0.2816293239593506 1.0801341533660889
-0.2639883756637573 0.2587152421474457 0.9777534008026123
-0.1806117594242096 0.23390668630599976 0.8669081330299377
-0.0758504718542099 0.17732906341552734 0.6141179800033569
-0.046520210802555084 0.1810002326965332 0.6305208802223206
-0.014900833368301392 0.1837100386619568 0.6426283121109009
0.021864257752895355 0.17479091882705688 0.6027774810791016
0.054529666900634766 0.16447395086288452 0.5566809773445129
0.08242593705654144 0.15504190325737 0.5145384073257446
0.10620113462209702 0.14654280245304108 0.4765641689300537
0.12642791867256165 0.1388285756111145 0.44209685921669006
0.14372503757476807 0.1319696307182312 0.41145089268684387
0.15929609537124634 0.12651094794273376 0.38706138730049133
0.31919315457344055 0.23161619901657104 0.8566742539405823
0.2849067151546478 0.18087875843048096 0.6299780607223511
-0.6347637176513672 0.3140532672405243 0.9912198185920715
-0.5853399038314819 0.31526899337768555 0.9956100583076477
-0.6177266836166382 0.35412758588790894 1.1359338760375977
-2.092271566390991 1.123715877532959 3.915024995803833
-1.915856122970581 1.1409989595413208 3.9774365425109863
-0.5609437227249146 0.4306335747241974 1.4122076034545898
-0.30037611722946167 0.29960232973098755 0.9390354752540588
-0.2551916241645813 0.30315476655960083 0.9518638849258423
-0.17661045491695404 0.27576369047164917 0.8529508709907532
-0.07399861514568329 0.20743045210838318 0.6061899662017822
-0.05455103516578674 0.22648993134498596 0.675016462802887
-0.014516778290271759 0.21668612957000732 0.6396135091781616
0.022382140159606934 0.2045549750328064 0.5958063006401062
0.05468863248825073 0.19164299964904785 0.5491792559623718
0.08220577239990234 0.180139422416687 0.5076382756233215
0.10558740794658661 0.16953504085540771 0.4693444073200226
0.12541866302490234 0.15996591746807098 0.43478894233703613
0.1423933207988739 0.15157438814640045 0.40448594093322754
0.15707528591156006 0.14423179626464844 0.3779708445072174
0.31673699617385864 0.2745077610015869 0.8484154939651489
0.3692076802253723 0.2806222438812256 0.8704957962036133
-1.0737279653549194 -0.9643511176109314 1.7599422931671143
-0.9903943538665771 -0.9774680137634277 1.7851812839508057
-0.9065619707107544 -0.9924580454826355 1.8140246868133545
-0.8243919610977173 -1.0118956565856934 1.8514258861541748
-0.7511842250823975 -1.044801950454712 1.914743185043335
-0.546570360660553 -0.9324145317077637 1.6984906196594238
-0.3978159427642822 -0.8635397553443909 1.5659637451171875
-0.30637747049331665 -0.8608049154281616 1.5607013702392578
-0.09999310970306396 -0.648680567741394 1.1525378227233887
0.004017621278762817 -0.5678883194923401 0.9970795512199402
0.10816244781017303 -0.43917226791381836 0.7494077086448669
0.18825680017471313 -0.30127081274986267 0.484061598777771
0.2238258719444275 -0.2777238190174103 0.4387531280517578
0.2544783353805542 -0.25675177574157715 0.39839935302734375
0.2808583080768585 -0.23599103093147278 0.35845205187797546
0.30386531352996826 -0.22054484486579895 0.3287309408187866
0.32355159521102905 -0.2044799029827118 0.29781922698020935
0.3400956988334656 -0.1887969672679901 0.2676425576210022
0.45856472849845886 -0.3967571556568146 0.6677937507629395
0.49392834305763245 -0.38523170351982117 0.6456168293952942
0.5222586989402771 -0.3667697012424469 0.6100927591323853
-1.1196871995925903 -0.8945229649543762 1.8245396614074707
-1.0439059734344482 -0.9140828251838684 1.8664600849151611
-0.9658344984054565 -0.9353089928627014 1.9119515419006348
-0.8790919780731201 -0.9532903432846069 1.950488805770874
-0.7935246229171753 -0.9761964678764343 1.9995808601379395
-0.5867494344711304 -0.8777456879615784 1.7885828018188477
-0.48265397548675537 -0.8746288418769836 1.7819030284881592
-0.31183379888534546 -0.7789099216461182 1.5767598152160645
-0.11208328604698181 -0.6006473302841187 1.1947104930877686
0.09963038563728333 -0.31744253635406494 0.5877507328987122
0.14926797151565552 -0.2866041362285614 0.5216584205627441
0.18842753767967224 -0.2684362530708313 0.48272132873535156
0.22389331459999084 -0.24749721586704254 0.4378451108932495
0.2545856833457947 -0.22672812640666962 0.3933331370353699
0.28028589487075806 -0.20208224654197693 0.3405124843120575
0.30363696813583374 -0.19533175230026245 0.3260449469089508
0.32379159331321716 -0.18297256529331207 0.2995569407939911
0.34103018045425415 -0.17036183178424835 0.27252984046936035
0.46218228340148926 -0.36169949173927307 0.6826015114784241
0.4930630326271057 -0.34308502078056335 0.6427072882652283
0.5215106010437012 -0.3268713057041168 0.6079583168029785
-1.1486657857894897 -0.8079648613929749 1.8652703762054443
-1.069594144821167 -0.8245901465415955 1.90547776222229
-0.9902240037918091 -0.8439285159111023 1.9522466659545898
-0.9111951589584351 -0.867241621017456 2.0086283683776855
-0.556207537651062 -0.6668820381164551 1.5240681171417236
-0.4977245330810547 -0.693716287612915 1.5889654159545898
-0.44255542755126953 -0.731291651725769 1.679839849472046
-0.3703160881996155 -0.759837806224823 1.7488772869110107
0.047776252031326294 -0.3001285791397095 0.6370919346809387
0.0965261310338974 -0.2852216958999634 0.6010403633117676
0.1489832103252411 -0.25305062532424927 0.523236095905304
0.18806789815425873 -0.23746563494205475 0.48554450273513794
0.22450631856918335 -0.21433062851428986 0.429593563079834
0.255001038312912 -0.1912328004837036 0.3737325370311737
0.28031599521636963 -0.1778866946697235 0.3414556086063385
0.3039230406284332 -0.17290599644184113 0.32941004633903503
0.32416465878486633 -0.16167908906936646 0.30225828289985657
0.3416781723499298 -0.15078812837600708 0.27591899037361145
0.46319180727005005 -0.32065483927726746 0.6867337822914124
0.49469393491744995 -0.3047179579734802 0.6481911540031433
0.5237351059913635 -0.2907065153121948 0.6143051385879517
-1.1613121032714844 -0.7088077068328857 1.8830451965332031
-1.0885626077651978 -0.7272748947143555 1.9342889785766602
-1.0068432092666626 -0.7436414957046509 1.9797039031982422
-0.9449905157089233 -0.7761218547821045 2.0698323249816895
-0.5617724061012268 -0.5834581851959229 1.5352184772491455
-0.5002517104148865 -0.6048696637153625 1.5946321487426758
-0.17628836631774902 -0.3913361132144928 1.0021073818206787
-0.024057745933532715 -0.2932073175907135 0.7298140525817871
0.04954029619693756 -0.2575747072696686 0.6309386491775513
0.09703260660171509 -0.24601857364177704 0.5988720655441284
0.1483445167541504 -0.22003629803657532 0.5267749428749084
0.1882883906364441 -0.20455393195152283 0.48381364345550537
0.22364765405654907 -0.18917956948280334 0.4411519765853882
0.25467774271965027 -0.1703808754682541 0.38898831605911255
0.2810381352901459 -0.16140730679035187 0.36408793926239014
0.3040936589241028 -0.1496335119009018 0.33141738176345825
0.32457101345062256 -0.14018560945987701 0.3052007853984833
0.3428548276424408 -0.13185080885887146 0.28207293152809143
0.464597225189209 -0.27975526452064514 0.6924865245819092
0.4950847625732422 -0.26426568627357483 0.6495051980018616
0.5249234437942505 -0.25280219316482544 0.6176956295967102
-1.1918435096740723 -0.6154868006706238 1.9259583950042725
-1.116363525390625 -0.6310216188430786 1.976515769958496
-0.9423041343688965 -0.5992376208305359 1.8730759620666504
-0.809985876083374 -0.5845685601234436 1.825336217880249
-0.5105501413345337 -0.46388736367225647 1.432584285736084
-0.2453792691230774 -0.3380773067474365 1.0231406688690186
-0.11567553877830505 -0.28420913219451904 0.8478288650512695
0.0739164650440216 -0.15934661030769348 0.44146883487701416
0.10339793562889099 -0.1598397195339203 0.4430736303329468
0.13415619730949402 -0.158877432346344 0.4399418830871582
0.16463935375213623 -0.1578172892332077 0.4364917278289795
0.19443196058273315 -0.15753905475139618 0.43558621406555176
0.22382302582263947 -0.15852387249469757 0.43879127502441406
0.2546779215335846 -0.14321830868721008 0.3889799118041992
0.28073590993881226 -0.13265930116176605 0.35461607575416565
0.30412352085113525 -0.12563887238502502 0.33176836371421814
0.32471293210983276 -0.11779116094112396 0.3062283396720886
0.34291958808898926 -0.11047297716140747 0.2824116051197052
0.41997629404067993 -0.18035487830638885 0.5098393559455872
0.4611020088195801 -0.18815942108631134 0.5352389216423035
0.5049089193344116 -0.19594977796077728 0.5605923533439636
-1.2092150449752808 -0.5129066705703735 1.9503748416900635
-1.1324551105499268 -0.5257627964019775 2.0009572505950928
-1.0512765645980835 -0.5390191674232483 2.053114414215088
-0.8220912218093872 -0.4866985082626343 1.8472590446472168
-0.44650912284851074 -0.34868982434272766 1.304265022277832
-0.23963147401809692 -0.2739628851413727 1.0102524757385254
-0.10839298367500305 -0.2279696762561798 0.8292925357818604
0.07338358461856842 -0.1297980695962906 0.44303715229034424
0.10323786735534668 -0.12994925677776337 0.44363194704055786
0.13355840742588043 -0.12966182827949524 0.4425010681152344
0.16349390149116516 -0.12974752485752106 0.44283825159072876
0.1933443248271942 -0.13007435202598572 0.44412416219711304
0.22339043021202087 -0.13019898533821106 0.4446145296096802
0.25467562675476074 -0.11608631908893585 0.38908833265304565
0.2807404100894928 -0.10736051946878433 0.35475677251815796
0.30419012904167175 -0.10171695053577423 0.3325521945953369
0.32488229870796204 -0.0953381136059761 0.3074547052383423
0.3426535427570343 -0.08861944824457169 0.2810201644897461
0.42097437381744385 -0.1478150486946106 0.513924777507782
0.49751317501068115 -0.1843498796224594 0.657670795917511
0.5283970832824707 -0.17670857906341553 0.6276061534881592
-1.2245032787322998 -0.40714430809020996 1.971863031387329
-1.145053505897522 -0.41684114933013916 2.0200929641723633
-1.0751367807388306 -0.4314059019088745 2.0925350189208984
-1.0014034509658813 -0.4473821818828583 2.171997547149658
-0.5447331070899963 -0.3124908208847046 1.5010766983032227
-0.23500710725784302 -0.21172386407852173 0.9998834729194641
-0.10308763384819031 -0.17471086978912354 0.815788745880127
0.07196952402591705 -0.10060436278581619 0.4471988081932068
0.10237827897071838 -0.10049007087945938 0.4466303586959839
0.1328268051147461 -0.10028958320617676 0.4456331729888916
0.16300855576992035 -0.10026829689741135 0.4455273151397705
0.19314274191856384 -0.10030437260866165 0.44570672512054443
0.22303733229637146 -0.10104038566350937 0.4493675231933594
0.2547191381454468 -0.08850827813148499 0.3870354890823364
0.2807330787181854 -0.08197245746850967 0.35452771186828613
0.30434170365333557 -0.07791265845298767 0.3343351185321808
0.3247700333595276 -0.07234477996826172 0.30664169788360596
0.3421926200389862 -0.06670878827571869 0.2786094844341278
0.4654494524002075 -0.15062186121940613 0.695975124835968
0.4999241828918457 -0.14455054700374603 0.6657777428627014
0.5300649404525757 -0.13783268630504608 0.6323645710945129
-1.2443764209747314 -0.3000530004501343 1.99979567527771
-1.1545801162719727 -0.30519670248031616 2.0345630645751953
-0.9815287590026855 -0.29089295864105225 1.9378807544708252
-0.8507744073867798 -0.2851710319519043 1.899204969406128
-0.31941109895706177 -0.1594753861427307 1.0495984554290771
-0.2353503704071045 -0.15223413705825806 1.0006532669067383
-0.09775534272193909 -0.12287625670433044 0.8022164106369019
0.07217702269554138 -0.07026256620883942 0.4465881586074829
0.10240565240383148 -0.07025468349456787 0.4465348720550537
0.13249404728412628 -0.07033203542232513 0.44705772399902344
0.1627950370311737 -0.07028064131736755 0.44671034812927246
0.19299009442329407 -0.07030943036079407 0.4469049572944641
0.22289077937602997 -0.07096561044454575 0.4513401985168457
0.25468072295188904 -0.061720214784145355 0.3888484239578247
0.28078487515449524 -0.05688266456127167 0.3561502993106842
0.3043847978115082 -0.053730204701423645 0.33484208583831787
0.32492154836654663 -0.0497204065322876 0.30773890018463135
0.3424679636955261 -0.045623891055583954 0.280049592256546
0.46641600131988525 -0.10774362832307816 0.6999314427375793
0.5007346868515015 -0.10309392958879471 0.6685030460357666
0.5312095880508423 -0.09823054820299149 0.6356303095817566
-1.2535374164581299 -0.1885668784379959 2.012671709060669
-1.1694821119308472 -0.19278959929943085 2.0571975708007812
-0.9756590127944946 -0.18055419623851776 1.9281830787658691
-0.4643964171409607 -0.11144454777240753 1.1994662284851074
-0.34275907278060913 -0.10166820883750916 1.0963809490203857
-0.2303866147994995 -0.0915340930223465 0.9895231127738953
-0.11544844508171082 -0.07804135978221893 0.8472508192062378
0.07194370031356812 -0.040108658373355865 0.4472748041152954
0.10197435319423676 -0.04018115997314453 0.44803929328918457
0.13247044384479523 -0.04009765386581421 0.4471587538719177
0.16256794333457947 -0.0401744544506073 0.4479685425758362
0.19277577102184296 -0.04023314267396927 0.44858741760253906
0.22270625829696655 -0.04072977602481842 0.45382410287857056
0.2545931041240692 -0.034959763288497925 0.39298301935195923
0.2808878719806671 -0.03177279233932495 0.3593783974647522
0.30455800890922546 -0.029639093205332756 0.3368799090385437
0.3251296579837799 -0.027018336579203606 0.3092457056045532
0.34283357858657837 -0.02443079464137554 0.28196173906326294
0.46742138266563416 -0.06446025520563126 0.7040467858314514
0.501282274723053 -0.06126399338245392 0.6703442335128784
0.5323294401168823 -0.05827483534812927 0.6388254761695862
-2.00222110748291 -0.11908754706382751 3.0649776458740234
-1.892866849899292 -0.12288358807563782 3.1559464931488037
-1.7953541278839111 -0.12816205620765686 3.282440185546875
-1.6455870866775513 -0.1305067241191864 3.338628053665161
-0.3549463152885437 -0.0379587858915329 1.120800495147705
-0.2452101707458496 -0.03386770933866501 1.022761583328247
-0.11870205402374268 -0.026889385655522346 0.8555322885513306
0.07153923809528351 -0.009902844205498695 0.44846516847610474
0.10177132487297058 -0.009914625436067581 0.44874751567840576
0.13216489553451538 -0.009902913123369217 0.44846683740615845
0.16281938552856445 -0.009823985397815704 0.446575403213501
0.1926349401473999 -0.009954078122973442 0.449692964553833
0.22252438962459564 -0.010228622704744339 0.4562721848487854
0.25454646348953247 -0.007679436355829239 0.3951832056045532
0.2809334397315979 -0.006244927644729614 0.36080652475357056
0.3046126663684845 -0.005273319780826569 0.33752283453941345
0.3250906467437744 -0.004081558436155319 0.3089633285999298
0.34291374683380127 -0.002972301095724106 0.28238096833229065
0.4675081968307495 -0.020582860335707664 0.7044020891189575
0.5020022988319397 -0.019262688234448433 0.6727653741836548
0.5331721305847168 -0.01794673316180706 0.6412296891212463
-2.0679235458374023 0.05124061554670334 3.157325267791748
-1.921938180923462 0.05172739177942276 3.2001030445098877
-1.799067497253418 0.052734144032001495 3.2885754108428955
-1.6651691198349 0.05370724946260452 3.374091625213623
-0.33715730905532837 0.027660924941301346 1.0851566791534424
-0.24256658554077148 0.02688346430659294 1.016833782196045
-0.09873062372207642 0.0244695283472538 0.8046988248825073
0.06880268454551697 0.020507510751485825 0.45651906728744507
0.1003568172454834 0.020475223660469055 0.4536815881729126
0.13144151866436005 0.020451122894883156 0.4515637159347534
0.16243904829025269 0.020418338477611542 0.4486827254295349
0.19261139631271362 0.020431935787200928 0.44987767934799194
0.22271820902824402 0.020475013181567192 0.4536632299423218
0.2544925808906555 0.019838491454720497 0.39772599935531616
0.28098347783088684 0.019436217844486237 0.36237454414367676
0.3047499358654022 0.01917179860174656 0.3391374945640564
0.3252786695957184 0.018843932077288628 0.3103248178958893
0.3438546657562256 0.018581951037049294 0.28730204701423645
0.4684593677520752 0.023372534662485123 0.7082955837249756
0.5026758909225464 0.02299400046467781 0.6750302910804749
0.5339137315750122 0.022633453831076622 0.6433455944061279
-2.050191640853882 0.22381512820720673 3.132402181625366
-1.9262380599975586 0.22860217094421387 3.206634283065796
-1.8074440956115723 0.23477882146835327 3.302414655685425
-1.6850199699401855 0.24171942472457886 3.4100418090820312
-1.4978156089782715 0.24176642298698425 3.4107704162597656
-0.2588995695114136 0.08974900096654892 1.0534567832946777
-0.09959989786148071 0.07384989410638809 0.8069114089012146
0.06534221768379211 0.05191071331501007 0.46670347452163696
0.0984632670879364 0.05149690806865692 0.46028661727905273
0.13062326610088348 0.0511602908372879 0.4550667405128479
0.16222114861011505 0.05082645267248154 0.44989001750946045
0.19280409812927246 0.05072811245918274 0.4483650326728821
0.22299136221408844 0.05083266645669937 0.4499862790107727
0.25445905327796936 0.04756457358598709 0.3993085026741028
0.2810242176055908 0.04526515305042267 0.36365166306495667
0.3049286901950836 0.043819911777973175 0.34124043583869934
0.3256441652774811 0.041996896266937256 0.31297123432159424
0.3443729281425476 0.04051635041832924 0.2900125980377197
0.4697895646095276 0.0678415298461914 0.7137405276298523
0.5033655166625977 0.06549474596977234 0.6773492097854614
0.5335575342178345 0.06323640048503876 0.6423293948173523
-2.014890432357788 0.39083847403526306 3.08278489112854
-1.895636796951294 0.3999367356300354 3.160153865814209
-1.690129280090332 0.3938734233379364 3.108593225479126
-1.5162674188613892 0.39338353276252747 3.1044273376464844
-1.110849380493164 0.3382284641265869 2.6354053020477295
-0.25641393661499023 0.15154239535331726 1.0478832721710205
-0.11513954401016235 0.12785637378692627 0.8464645743370056
0.06404595077037811 0.08364665508270264 0.47051846981048584
0.09416179358959198 0.08420787006616592 0.4752908945083618
0.09431570768356323 0.1001083105802536 0.6105034351348877
0.14439433813095093 0.0928359255194664 0.5486612915992737
0.185909703373909 0.08740595728158951 0.5024864673614502
0.22236290574073792 0.08222698420286179 0.45844602584838867
0.2545092701911926 0.0749940574169159 0.39693939685821533
0.2809436619281769 0.07078269869089127 0.36112725734710693
0.3046174943447113 0.06801360100507736 0.3375796675682068
0.32553520798683167 0.06502697616815567 0.31218230724334717
0.34396013617515564 0.062166035175323486 0.28785377740859985
0.47032850980758667 0.11250799149274826 0.7159465551376343
0.503539502620697 0.10803789645433426 0.6779342293739319
0.5336482524871826 0.1038813516497612 0.6425882577896118
-1.96173095703125 0.5483068823814392 3.0080671310424805
-1.761446237564087 0.5394754409790039 2.956331729888916
-1.4921643733978271 0.509635329246521 2.7815260887145996
-1.367722749710083 0.5188335180282593 2.835409641265869
-0.9043599367141724 0.4140641689300537 2.2216618061065674
-0.6633650660514832 0.36946144700050354 1.9603753089904785
-0.06940203905105591 0.15943942964076996 0.730048418045044
-0.031133294105529785 0.16295413672924042 0.7506378889083862
0.03694655001163483 0.15001988410949707 0.6748678684234619
0.09482850134372711 0.1386578530073166 0.6083081364631653
0.1469355821609497 0.12607234716415405 0.534581184387207
0.18610979616641998 0.12032551318407059 0.5009157061576843
0.22259646654129028 0.11253903806209564 0.4553018808364868
0.25446873903274536 0.10290279239416122 0.3988519310951233
0.2809453308582306 0.09647193551063538 0.3611794114112854
0.3044776916503906 0.09216262400150299 0.3359350860118866
0.3253820240497589 0.08791858702898026 0.3110731542110443
0.3438680171966553 0.08387269079685211 0.2873719334602356
0.40254905819892883 0.10967161506414413 0.43850427865982056
0.43682557344436646 0.1122502014040947 0.453609824180603
0.4736323356628418 0.11527983844280243 0.47135770320892334
-0.30333828926086426 0.1928682178258896 0.6771275997161865
-0.2558246850967407 0.19114841520786285 0.6694434881210327
-0.2460404634475708 0.20307812094688416 0.7227457165718079
-1.1037935018539429 0.5689405798912048 2.3574280738830566
-0.6885549426078796 0.4417757987976074 1.789252758026123
-0.5437619686126709 0.42005273699760437 1.6921935081481934
-0.050220638513565063 0.19378544390201569 0.6812258362770081
-0.03165426850318909 0.20966389775276184 0.7521711587905884
0.0790056437253952 0.1595270037651062 0.5281582474708557
0.12140123546123505 0.1520044505596161 0.4945473074913025
0.1518084853887558 0.15492187440395355 0.507582426071167
0.18576611578464508 0.1540336161851883 0.5036136507987976
0.22258546948432922 0.14325398206710815 0.45544999837875366
0.25416871905326843 0.13375534117221832 0.4130098223686218
0.2813229560852051 0.124803826212883 0.3730142414569855
0.30444595217704773 0.11642144620418549 0.3355615735054016
0.325096070766449 0.11047720164060593 0.30900251865386963
0.34355559945106506 0.10527030378580093 0.2857379913330078
0.47183626890182495 0.20293767750263214 0.7221181988716125
0.5053436756134033 0.19440646469593048 0.684000551700592
0.5376880764961243 0.1877174973487854 0.6541140675544739
-0.280689001083374 0.22651514410972595 0.6452930569648743
-0.24042993783950806 0.2267276495695114 0.6460604071617126
-0.20975914597511292 0.2313642054796219 0.6628036499023438
-0.19671162962913513 0.24573072791099548 0.7146831750869751
-0.20670288801193237 0.2759377062320709 0.8237647414207458
-0.15624412894248962 0.2758023738861084 0.8232761025428772
-0.1075950562953949 0.2769060432910919 0.8272615671157837
-0.0026092529296875 0.2324402928352356 0.6666895747184753
0.02684725821018219 0.24446043372154236 0.710096001625061
0.08970017731189728 0.2223530262708664 0.6302630305290222
0.1397794932126999 0.20683637261390686 0.5742302536964417
0.18459463119506836 0.18982776999473572 0.5128098130226135
0.2223353087902069 0.1748761534690857 0.45881742238998413
0.25412556529045105 0.1627551168203354 0.41504669189453125
0.28138497471809387 0.1516536921262741 0.3749578893184662
0.30461472272872925 0.14129386842250824 0.3375471234321594
0.3247668147087097 0.13272909820079803 0.30661848187446594
0.34221071004867554 0.1249990463256836 0.2787042260169983
0.47496169805526733 0.2513324022293091 0.7349116206169128
0.5039349794387817 0.23592238128185272 0.6792638897895813
0.5381761193275452 0.2293434739112854 0.6555065512657166
-0.33365780115127563 -0.5801447033882141 0.7085503339767456
-0.3465162515640259 -0.6326559782028198 0.8095911741256714
-0.21268612146377563 -0.5684297680854797 0.6860088109970093
-0.12825751304626465 -0.5383477210998535 0.628125786781311
-0.08331197500228882 -0.5429795980453491 0.6370383501052856
3.263354301452637e-05 -0.5039674639701843 0.5619722604751587
0.08858782052993774 -0.44751760363578796 0.45335298776626587
0.15665113925933838 -0.4047675132751465 0.3710944652557373
0.2090083211660385 -0.37465372681617737 0.3131503462791443
0.25389963388442993 -0.34745997190475464 0.26082485914230347
0.29245874285697937 -0.3224988877773285 0.2127954363822937
0.3214780390262604 -0.3156486749649048 0.19961446523666382
0.35081982612609863 -0.29674988985061646 0.16324999928474426
0.37607401609420776 -0.28338974714279175 0.1375427544116974
0.398559033870697 -0.26939254999160767 0.1106097400188446
0.41827917098999023 -0.255977988243103 0.08479782938957214
0.4357075095176697 -0.24425432085990906 0.06223946809768677
0.4510456919670105 -0.2333609163761139 0.0412786602973938
0.46525076031684875 -0.22479239106178284 0.024791359901428223
0.47702062129974365 -0.2150280624628067 0.0060031116008758545
0.486422061920166 -0.20471039414405823 -0.013849854469299316
-0.8024837970733643 -0.8339359164237976 1.3675047159194946
-0.3381655216217041 -0.5676976442337036 0.7969073057174683
-0.23635894060134888 -0.5342019200325012 0.7251198291778564
-0.15372097492218018 -0.5104619264602661 0.6742407083511353
-0.08206683397293091 -0.49193936586380005 0.6345434784889221
0.012805789709091187 -0.4447142779827118 0.5333314538002014
0.08892342448234558 -0.4069980978965759 0.45249879360198975
0.1863545924425125 -0.32822564244270325 0.28367501497268677
0.20874737203121185 -0.34240344166755676 0.31406062841415405
0.25368672609329224 -0.3179891109466553 0.2617362141609192
0.2908788323402405 -0.299237996339798 0.2215491533279419
0.32111918926239014 -0.29031768441200256 0.202431321144104
0.35042300820350647 -0.27452823519706726 0.16859164834022522
0.3760318160057068 -0.26097020506858826 0.13953429460525513
0.3985605239868164 -0.24749590456485748 0.11065638065338135
0.4183955490589142 -0.23606917262077332 0.08616679906845093
0.43583354353904724 -0.22533053159713745 0.06315195560455322
0.4512549638748169 -0.2156352549791336 0.0423731803894043
0.46542832255363464 -0.20777080953121185 0.02551823854446411
0.4781104326248169 -0.20037496089935303 0.009667575359344482
0.5901041030883789 -0.3274271786212921 0.2819637656211853
-0.8505539894104004 -0.7732030153274536 1.4350693225860596
-0.7853536605834961 -0.790185809135437 1.476141333580017
-0.3934254050254822 -0.5869465470314026 0.984616756439209
-0.18004727363586426 -0.4783240854740143 0.7219182252883911
-0.08523952960968018 -0.44482430815696716 0.6409006118774414
0.009354263544082642 -0.40354591608047485 0.5410706996917725
0.08637398481369019 -0.3696057200431824 0.4589879512786865
0.18397130072116852 -0.300016313791275 0.29068922996520996
0.215129554271698 -0.30047494173049927 0.2917984127998352
0.2525951564311981 -0.28997689485549927 0.26640939712524414
0.2893409729003906 -0.27495095133781433 0.2300698161125183
0.32084861397743225 -0.26440104842185974 0.20455539226531982
0.35018977522850037 -0.25082865357398987 0.17173117399215698
0.37616124749183655 -0.2349901646375656 0.1334265172481537
0.398583322763443 -0.22587020695209503 0.11137032508850098
0.41846293210983276 -0.21577654778957367 0.08695927262306213
0.4359815716743469 -0.20637574791908264 0.06422385573387146
0.45158109068870544 -0.19804605841636658 0.04407891631126404
0.4659551680088043 -0.1912631392478943 0.027674734592437744
0.478664368391037 -0.18458758294582367 0.011530190706253052
0.5941411256790161 -0.3011709153652191 0.29348158836364746
-0.5676003098487854 -0.5376209020614624 1.0373661518096924
-0.5184256434440613 -0.5496352910995483 1.0707043409347534
-0.36370235681533813 -0.5009140372276306 0.9355099201202393
-0.199926495552063 -0.436914324760437 0.7579199075698853
-0.09145572781562805 -0.3992317020893097 0.6533560156822205
0.0038286149501800537 -0.36323150992393494 0.5534606575965881
0.08149698376655579 -0.3336590528488159 0.4714013934135437
0.18081185221672058 -0.2718851566314697 0.2999877333641052
0.21107536554336548 -0.27403029799461365 0.3059401512145996
0.2509060800075531 -0.2623901665210724 0.273640513420105
0.288190633058548 -0.24898508191108704 0.23644328117370605
0.31989043951034546 -0.2402040809392929 0.21207726001739502
0.34995418787002563 -0.22680705785751343 0.17490246891975403
0.3760175108909607 -0.21430446207523346 0.14020958542823792
0.3986179232597351 -0.20430220663547516 0.11245474219322205
0.4185578227043152 -0.195516437292099 0.08807551860809326
0.43624287843704224 -0.18760265409946442 0.06611591577529907
0.4519386887550354 -0.18033497035503387 0.04594910144805908
0.46633243560791016 -0.17430579662322998 0.02921903133392334
0.47930940985679626 -0.16871273517608643 0.013699084520339966
0.5995429754257202 -0.2750946879386902 0.30889368057250977
-0.6049352288246155 -0.48260828852653503 1.0898419618606567
-0.548513650894165 -0.4907703399658203 1.1164050102233887
-0.3985670804977417 -0.4528858959674835 0.9931116104125977
-0.2619357109069824 -0.4151248633861542 0.8702199459075928
-0.10212978720664978 -0.35506072640419006 0.67474365234375
0.016108006238937378 -0.3093337416648865 0.5259270668029785
0.07560664415359497 -0.2971864342689514 0.48639416694641113
0.17140471935272217 -0.2484162598848343 0.32767361402511597
0.19919851422309875 -0.25446799397468567 0.3473687171936035
0.2494303584098816 -0.2337547242641449 0.27995824813842773
0.28757041692733765 -0.22143973410129547 0.23987960815429688
0.31939345598220825 -0.21409566700458527 0.21597862243652344
0.3495140075683594 -0.20329473912715912 0.18082746863365173
0.3767700791358948 -0.17990142107009888 0.1046949028968811
0.3977031707763672 -0.1734766662120819 0.0837857723236084
0.4170120358467102 -0.16920733451843262 0.06989139318466187
0.4362833499908447 -0.16813728213310242 0.06640896201133728
0.45256930589675903 -0.16286399960517883 0.049247294664382935
0.46700432896614075 -0.1575549840927124 0.031969308853149414
0.4801490902900696 -0.15280863642692566 0.016522526741027832
0.6051304340362549 -0.2475440949201584 0.3248351812362671
-0.6576688289642334 -0.42752280831336975 1.1639611721038818
-0.5773239731788635 -0.4265579879283905 1.1601650714874268
-0.4502079486846924 -0.4057839810848236 1.078429937362671
-0.17521518468856812 -0.31294792890548706 0.7131671905517578
-0.10729473829269409 -0.30581244826316833 0.6850926876068115
0.02131366729736328 -0.2623918056488037 0.5142545700073242
0.07175689935684204 -0.25780120491981506 0.49619293212890625
0.13909852504730225 -0.23913556337356567 0.4227530360221863
0.1973787546157837 -0.22158904373645782 0.3537163734436035
0.24710972607135773 -0.2053675800561905 0.28989315032958984
0.286403626203537 -0.1942991316318512 0.2463444471359253
0.31924283504486084 -0.18688179552555084 0.21716099977493286
0.3491508364677429 -0.17888973653316498 0.18571630120277405
0.3766043484210968 -0.1602848917245865 0.11251571774482727
0.3979504406452179 -0.15495267510414124 0.09153616428375244
0.41753238439559937 -0.15100714564323425 0.07601246237754822
0.43721333146095276 -0.15027783811092377 0.07314300537109375
0.45328354835510254 -0.14515388011932373 0.052982836961746216
0.46790993213653564 -0.14075517654418945 0.03567621111869812
0.4828953742980957 -0.13823403418064117 0.025756776332855225
0.5324241518974304 -0.16152577102184296 0.11739790439605713
-1.2953895330429077 -0.5298760533332825 2.0603041648864746
-1.118414044380188 -0.5141380429267883 1.9820266962051392
-0.2510177493095398 -0.2663010358810425 0.7493383884429932
-0.19283026456832886 -0.26544255018234253 0.7450684309005737
-0.1096760630607605 -0.25434350967407227 0.6898641586303711
-0.0007220208644866943 -0.22897054255008698 0.5636643767356873
0.18855014443397522 -0.1556367576122284 0.19891786575317383
0.21430329978466034 -0.1561398208141327 0.20141994953155518
0.24155917763710022 -0.15577535331249237 0.19960719347000122
0.2690467834472656 -0.15504571795463562 0.19597816467285156
0.29620274901390076 -0.15425622463226318 0.19205141067504883
0.3224314749240875 -0.15427201986312866 0.1921299397945404
0.348653107881546 -0.1543295532464981 0.19241613149642944
0.3755740523338318 -0.14804047346115112 0.16113555431365967
0.39916539192199707 -0.14170269668102264 0.12961283326148987
0.41982796788215637 -0.13635560870170593 0.10301753878593445
0.4381473660469055 -0.13170897960662842 0.07990622520446777
0.4542642831802368 -0.12732718884944916 0.058112114667892456
0.4687044620513916 -0.1234702467918396 0.03892853856086731
0.4895826578140259 -0.12534290552139282 0.0482427179813385
0.5355919599533081 -0.14106397330760956 0.12643596529960632
-1.3178218603134155 -0.40907731652259827 2.0918335914611816
-1.2152385711669922 -0.4145897328853607 2.129093647003174
-0.28590983152389526 -0.21898943185806274 0.8069852590560913
-0.2171066403388977 -0.2163335531949997 0.7890335321426392
-0.12860643863677979 -0.20727357268333435 0.7277950048446655
-0.015755921602249146 -0.18797840178012848 0.5973743796348572
0.18292801082134247 -0.13114556670188904 0.21322792768478394
0.2098497748374939 -0.1313377469778061 0.21452701091766357
0.2374776303768158 -0.13123676180839539 0.21384435892105103
0.2656968832015991 -0.1307152658700943 0.21031945943832397
0.29361847043037415 -0.13013093173503876 0.2063698172569275
0.32092589139938354 -0.12977275252342224 0.20394879579544067
0.3478761911392212 -0.1296137422323227 0.20287400484085083
0.37561413645744324 -0.12315893173217773 0.15924441814422607
0.39909565448760986 -0.118451789021492 0.12742772698402405
0.41961002349853516 -0.11446109414100647 0.10045373439788818
0.4387069344520569 -0.11202061176300049 0.08395794034004211
0.45515477657318115 -0.10888586193323135 0.06276941299438477
0.46939268708229065 -0.10577547550201416 0.04174557328224182
0.5032354593276978 -0.11352847516536713 0.09414991736412048
0.6424164772033691 -0.16339588165283203 0.43121540546417236
-1.300750970840454 -0.2796638607978821 2.0678396224975586
-1.2555500268936157 -0.2912798225879669 2.1903223991394043
-1.0398708581924438 -0.27822238206863403 2.052639961242676
-0.19083952903747559 -0.1538737267255783 0.7414631843566895
-0.11830359697341919 -0.15061967074871063 0.7071511745452881
-0.021937638521194458 -0.14152327179908752 0.6112354397773743
0.1789894998073578 -0.10472798347473145 0.22325265407562256
0.2070125788450241 -0.10469236224889755 0.22287708520889282
0.23496882617473602 -0.10466565936803818 0.22259551286697388
0.26356881856918335 -0.10436545312404633 0.21943002939224243
0.29187577962875366 -0.10404257476329803 0.2160254716873169
0.3196834623813629 -0.10382221639156342 0.21370196342468262
0.3473659157752991 -0.10344676673412323 0.20974308252334595
0.3755168616771698 -0.09909290820360184 0.16383439302444458
0.3992343544960022 -0.09605240821838379 0.13177433609962463
0.41994962096214294 -0.09346091747283936 0.10444870591163635
0.43919721245765686 -0.09185431152582169 0.08750802278518677
0.45589038729667664 -0.08987303078174591 0.06661668419837952
0.4710042476654053 -0.08813992142677307 0.04834213852882385
0.6169555187225342 -0.12874828279018402 0.476531445980072
0.6454387307167053 -0.1252683848142624 0.43983811140060425
-1.425668716430664 -0.16112691164016724 2.2434167861938477
-1.0948115587234497 -0.14872336387634277 1.9461768865585327
-0.9282240867614746 -0.14546874165534973 1.8681830167770386
-0.7671512365341187 -0.14200493693351746 1.785176157951355
-0.17389535903930664 -0.1016681045293808 0.8185404539108276
-0.011281818151473999 -0.0920204222202301 0.5873422622680664
0.17648150026798248 -0.07709367573261261 0.2296363115310669
0.20435157418251038 -0.07713841646909714 0.23070859909057617
0.23249851167201996 -0.07715944200754166 0.23121237754821777
0.26151788234710693 -0.07703416794538498 0.22821027040481567
0.2902708351612091 -0.0768967717885971 0.2249177098274231
0.31857404112815857 -0.0767921656370163 0.2224109172821045
0.3476145565509796 -0.07612387835979462 0.2063959836959839
0.3754674792289734 -0.07444509863853455 0.16616573929786682
0.3993266522884369 -0.07313066720962524 0.1346665322780609
0.4203965663909912 -0.07208910584449768 0.10970637202262878
0.43961673974990845 -0.0712895542383194 0.09054580330848694
0.4563378691673279 -0.07038867473602295 0.06895703077316284
0.4718938171863556 -0.06968037784099579 0.05198344588279724
0.6174861192703247 -0.08747083693742752 0.47831565141677856
0.6468426585197449 -0.08603234589099884 0.4438436031341553
-1.4346100091934204 -0.025795666500926018 2.255984306335449
-1.2457574605941772 -0.026712100952863693 2.175448417663574
-0.9754170179367065 -0.02932131104171276 1.9461528062820435
-0.5057793855667114 -0.0365394651889801 1.3118261098861694
-0.19734764099121094 -0.041617948561906815 0.8655319213867188
-0.024066120386123657 -0.044457338750362396 0.6160080432891846
0.17347532510757446 -0.048766884952783585 0.23728793859481812
0.20229168236255646 -0.048772767186164856 0.23677104711532593
0.23092526197433472 -0.048773571848869324 0.236700177192688
0.26023417711257935 -0.048807643353939056 0.23370587825775146
0.2890370190143585 -0.048829857259988785 0.23175376653671265
0.31753385066986084 -0.048843253403902054 0.23057657480239868
0.34725654125213623 -0.04906357079744339 0.21121525764465332
0.3753567337989807 -0.04951673001050949 0.1713918149471283
0.3994308114051819 -0.049897488206624985 0.13793113827705383
0.42104703187942505 -0.05013159289956093 0.11735829710960388
0.4399871528148651 -0.05040617659687996 0.09322783350944519
0.4567176401615143 -0.05065976083278656 0.07094326615333557
0.4726686477661133 -0.050839416682720184 0.05515506863594055
0.6185847520828247 -0.04598213732242584 0.48200976848602295
0.6487082839012146 -0.04635586962103844 0.44916635751724243
-1.4020628929138184 0.107109934091568 2.210237979888916
-1.2729530334472656 0.10753026604652405 2.2167558670043945
-1.0994079113006592 0.10329008102416992 2.151003837585449
-0.446170449256897 0.04221191629767418 1.2038730382919312
-0.27266156673431396 0.0301247276365757 1.016438603401184
-0.037009596824645996 0.006173539906740189 0.6450307369232178
0.17205072939395905 -0.019886966794729233 0.240913987159729
0.20116470754146576 -0.019940242171287537 0.24008780717849731
0.22970037162303925 -0.0198831707239151 0.24097281694412231
0.2590717077255249 -0.02003086730837822 0.23868250846862793
0.28804925084114075 -0.020124752074480057 0.237226665019989
0.3166801333427429 -0.02012142911553383 0.23727816343307495
0.34690430760383606 -0.021496407687664032 0.21595656871795654
0.3752710223197937 -0.024109525606036186 0.17543530464172363
0.39953482151031494 -0.02631787583231926 0.14119070768356323
0.4214704930782318 -0.02753351256251335 0.12233999371528625
0.44025421142578125 -0.029286181554198265 0.09516158699989319
0.456935316324234 -0.030774543061852455 0.07208177447319031
0.47910863161087036 -0.030166152864694595 0.08151599764823914
0.621063768863678 -0.003801744431257248 0.4903453588485718
0.6510570049285889 -0.006025142967700958 0.4558674097061157
-0.27280616760253906 0.05388588830828667 0.6230208277702332
-0.24385136365890503 0.05748816952109337 0.6536535620689392
-1.0503071546554565 0.22403085231781006 2.069882392883301
-0.44872260093688965 0.12273524701595306 1.208495020866394
-0.2666446566581726 0.09873244166374207 1.0043824911117554
0.070868581533432 0.028028730303049088 0.4031393527984619
0.17065034806728363 0.009370852261781693 0.24447840452194214
0.19852584600448608 0.009767826646566391 0.24785417318344116
0.2277326136827469 0.009765777736902237 0.24783670902252197
0.2576177418231964 0.009421277791261673 0.2449072003364563
0.28693705797195435 0.009242724627256393 0.243388831615448
0.3160037398338318 0.009148571640253067 0.24258816242218018
0.346687912940979 0.0063593462109565735 0.21886944770812988
0.3751879036426544 0.0017129890620708466 0.17935824394226074
0.3996463418006897 -0.002364344894886017 0.14468583464622498
0.42162206768989563 -0.004782449454069138 0.1241229772567749
0.4405202567577362 -0.007961645722389221 0.09708806872367859
0.45728906989097595 -0.010684706270694733 0.07393196225166321
0.5911287665367126 0.044128742069005966 0.5400490164756775
0.6217097043991089 0.03853919729590416 0.49251723289489746
0.6518701910972595 0.03450217470526695 0.4581875801086426
-0.2032964825630188 0.08634001016616821 0.5253220796585083
-0.16720998287200928 0.08837494254112244 0.5372429490089417
-0.13518571853637695 0.09191259741783142 0.5579667687416077
-0.13003277778625488 0.10443785786628723 0.6313408613204956
-0.07389432191848755 0.10218922793865204 0.6181681752204895
-0.025774627923965454 0.10247443616390228 0.6198389530181885
0.16789476573467255 0.03959609195590019 0.2514922022819519
0.19594910740852356 0.040269602090120316 0.2554376721382141
0.22529460489749908 0.040423791855573654 0.2563409209251404
0.2557653784751892 0.03982572630047798 0.2528374195098877
0.2856629490852356 0.03941788151860237 0.25044822692871094
0.315387099981308 0.038902442902326584 0.24742871522903442
0.34647855162620544 0.0345083586871624 0.22168779373168945
0.3751387298107147 0.02767866477370262 0.1816788911819458
0.39972376823425293 0.021778013557195663 0.14711233973503113
0.4217051863670349 0.01802058145403862 0.1251010000705719
0.4409189820289612 0.013731490820646286 0.09997513890266418
0.45794785022735596 0.009873952716588974 0.07737734913825989
0.5876854062080383 0.08644790947437286 0.5259541869163513
0.6223816871643066 0.08112579584121704 0.49477678537368774
0.6518337726593018 0.07486213743686676 0.45808374881744385
-0.20175176858901978 0.12979717552661896 0.5231509208679199
-0.156427800655365 0.12928573787212372 0.5208658576011658
-0.1115630567073822 0.1288544088602066 0.5189386606216431
-0.09758895635604858 0.14086100459098816 0.5725843906402588
-0.052291810512542725 0.14137549698352814 0.5748831629753113
-0.011988610029220581 0.14451870322227478 0.5889270901679993
0.11849308013916016 0.09713931381702423 0.3772348165512085
0.10282355546951294 0.13122107088565826 0.5295129418373108
0.20775549113750458 0.08377449214458466 0.3175204396247864
0.24279439449310303 0.08172595500946045 0.3083675503730774
0.27507615089416504 0.08189110457897186 0.30910545587539673
0.312894731760025 0.07246603071689606 0.26699399948120117
0.34641891717910767 0.0625055730342865 0.2224903702735901
0.37511566281318665 0.05361497029662132 0.18276694416999817
0.3997776508331299 0.046013105660676956 0.14880162477493286
0.4218441843986511 0.04107457026839256 0.1267361342906952
0.44137606024742126 0.035825859755277634 0.10328477621078491
0.4589085280895233 0.03115197643637657 0.08240175247192383
0.5213948488235474 0.06969356536865234 0.25460654497146606
0.5609197616577148 0.07719258964061737 0.2881123423576355
0.6067889332771301 0.08647063374519348 0.3295668959617615
-0.2119361162185669 0.17758895456790924 0.5374654531478882
-0.18849259614944458 0.1864791065454483 0.5695690512657166
-0.11469781398773193 0.17389267683029175 0.5241177082061768
-0.07812854647636414 0.17755453288555145 0.5373411774635315
-0.03351771831512451 0.1775335818529129 0.5372654795646667
0.008921891450881958 0.1788558065891266 0.542040228843689
0.04657188057899475 0.18391138315200806 0.5602966547012329
0.13815905153751373 0.14658835530281067 0.4255179762840271
0.21702033281326294 0.10773222148418427 0.2852030396461487
0.22324305772781372 0.13732562959194183 0.3920689821243286
0.27374738454818726 0.11639004945755005 0.31646764278411865
0.31167322397232056 0.10534510016441345 0.2765827775001526
0.34607142210006714 0.09166108071804047 0.22716790437698364
0.3750697076320648 0.07996603846549988 0.18493545055389404
0.39988258481025696 0.07087047398090363 0.15209010243415833
0.42224398255348206 0.06515182554721832 0.13143926858901978
0.4416976571083069 0.0580001063644886 0.10561341047286987
0.45907893776893616 0.05181911215186119 0.08329296112060547
0.5890529751777649 0.17595145106315613 0.5315521955490112
0.6228867769241333 0.16623789072036743 0.4964751601219177
0.6496540307998657 0.15388432145118713 0.45186471939086914
-0.49237412214279175 -0.7031437158584595 0.9987998008728027
-0.4191785454750061 -0.6978962421417236 0.9887027740478516
-0.19116371870040894 -0.5587959885597229 0.7210500240325928
-0.11970865726470947 -0.5402966737747192 0.6854541301727295
-0.02907124161720276 -0.49788573384284973 0.6038482189178467
0.0586169958114624 -0.4488126039505005 0.509423017501831
0.1262282431125641 -0.41303279995918274 0.44057658314704895
0.17760705947875977 -0.3908981680870056 0.3979857265949249
0.22813405096530914 -0.3621083199977875 0.3425891101360321
0.2732061743736267 -0.33236607909202576 0.2853598892688751
0.30931711196899414 -0.310927152633667 0.24410775303840637
0.33980655670166016 -0.29454970359802246 0.2125946581363678
0.3672409653663635 -0.2761327624320984 0.17715734243392944
0.39068540930747986 -0.26327332854270935 0.15241357684135437
0.41153013706207275 -0.25086939334869385 0.12854623794555664
0.42986711859703064 -0.23862990736961365 0.10499539971351624
0.446787565946579 -0.2304714322090149 0.0892970860004425
0.4616554379463196 -0.2212652862071991 0.0715828537940979
0.4753597378730774 -0.2135857343673706 0.056806087493896484
0.48780393600463867 -0.20644637942314148 0.04306870698928833
0.4992014169692993 -0.19991818070411682 0.03050735592842102
-0.6635681986808777 -0.7488556504249573 1.2394201755523682
-0.5282858610153198 -0.7091977000236511 1.154425859451294
-0.23286855220794678 -0.5391359329223633 0.7899525165557861
-0.13429802656173706 -0.5027056932449341 0.7118757963180542
-0.03005310893058777 -0.4532184302806854 0.6058155298233032
0.0548439621925354 -0.4121895432472229 0.5178831815719604
0.1263626217842102 -0.37595903873443604 0.440234512090683
0.20610502362251282 -0.3171117901802063 0.31411412358283997
0.22819554805755615 -0.3302980065345764 0.3423745930194855
0.28068268299102783 -0.2887605130672455 0.2533521354198456
0.3143360912799835 -0.27147194743156433 0.21629959344863892
0.3410038948059082 -0.2653576135635376 0.2031954526901245
0.36689358949661255 -0.2553901672363281 0.1818333864212036
0.3906474709510803 -0.24249866604804993 0.15420451760292053
0.4115697145462036 -0.23110556602478027 0.12978702783584595
0.4301315248012543 -0.22098922729492188 0.10810583829879761
0.44692111015319824 -0.212664395570755 0.0902642011642456
0.46213197708129883 -0.20511063933372498 0.0740751326084137
0.4759618639945984 -0.19820299744606018 0.05927079916000366
0.48824983835220337 -0.1913427710533142 0.04456809163093567
0.4995442032814026 -0.18523839116096497 0.031485289335250854
-0.5118571519851685 -0.5813457369804382 1.0261839628219604
-0.44322216510772705 -0.5809482336044312 1.025222659111023
-0.3893839716911316 -0.5905892848968506 1.0485390424728394
-0.14976584911346436 -0.46296611428260803 0.7398883104324341
-0.03904029726982117 -0.4149746298789978 0.6238231658935547
0.04834538698196411 -0.37719491124153137 0.5324547290802002
0.16618116199970245 -0.29715585708618164 0.3388839662075043
0.20785650610923767 -0.28478240966796875 0.30895939469337463
0.23312512040138245 -0.2914891839027405 0.3251793682575226
0.2797110974788666 -0.2635093927383423 0.25751158595085144
0.3131575286388397 -0.24916881322860718 0.22282952070236206
0.33946236968040466 -0.2460540533065796 0.2152966558933258
0.36648333072662354 -0.23450088500976562 0.1873558759689331
0.39056214690208435 -0.222458153963089 0.15823107957839966
0.4116717576980591 -0.21201911568641663 0.1329847276210785
0.4304008483886719 -0.20304206013679504 0.1112741231918335
0.44730550050735474 -0.19550558924674988 0.09304752945899963
0.4625491201877594 -0.18856287002563477 0.0762569010257721
0.4764094650745392 -0.18229687213897705 0.06110289692878723
0.48882171511650085 -0.17625507712364197 0.04649105668067932
0.5002334117889404 -0.17086346447467804 0.03345170617103577
-0.5445217490196228 -0.5298764705657959 1.0720953941345215
-0.46798670291900635 -0.5265401005744934 1.0628374814987183
-0.3957093358039856 -0.525153398513794 1.0589895248413086
-0.16235816478729248 -0.4183743894100189 0.7626932859420776
-0.05133029818534851 -0.3772030472755432 0.6484487056732178
0.03778532147407532 -0.34393444657325745 0.5561331510543823
0.16098079085350037 -0.2704125940799713 0.3521205484867096
0.20545567572116852 -0.2574045956134796 0.3160252273082733
0.22977091372013092 -0.26492002606391907 0.3368794620037079
0.2785177230834961 -0.2381586730480194 0.26262059807777405
0.3120516538619995 -0.22602692246437073 0.2289566993713379
0.33829692006111145 -0.22440111637115479 0.2244453728199005
0.36611223220825195 -0.21283501386642456 0.1923511028289795
0.3904953896999359 -0.201674222946167 0.16138145327568054
0.4117577373981476 -0.192411869764328 0.13567975163459778
0.43069401383399963 -0.1848594844341278 0.11472296714782715
0.44759583473205566 -0.17780566215515137 0.09514963626861572
0.46278345584869385 -0.17143875360488892 0.0774824321269989
0.47671768069267273 -0.16599059104919434 0.062364548444747925
0.48924654722213745 -0.16078488528728485 0.04791945219039917
0.5004692673683167 -0.155813530087471 0.034124672412872314
-0.5797398686408997 -0.47463342547416687 1.1215959787368774
-0.5179193615913391 -0.4798829257488251 1.1386802196502686
-0.282495379447937 -0.39792248606681824 0.8719433546066284
-0.18675869703292847 -0.3779314160346985 0.8068832159042358
-0.06104332208633423 -0.3352292478084564 0.6679106950759888
0.030415862798690796 -0.30596068501472473 0.5726574659347534
0.10905274748802185 -0.2788090705871582 0.48429355025291443
0.19964860379695892 -0.23235657811164856 0.3331158459186554
0.22387723624706268 -0.23982995748519897 0.3574376404285431
0.27636340260505676 -0.21352937817573547 0.27184346318244934
0.31110069155693054 -0.20197048783302307 0.23422560095787048
0.33752870559692383 -0.20081833004951477 0.23047590255737305
0.366523802280426 -0.18740129470825195 0.18681076169013977
0.3905598521232605 -0.17865270376205444 0.15833881497383118
0.4118466079235077 -0.17254599928855896 0.1384648084640503
0.4307725727558136 -0.16553471982479095 0.1156468391418457
0.4476383924484253 -0.15933123230934143 0.09545785188674927
0.4628811180591583 -0.15396486222743988 0.07799321413040161
0.4768250584602356 -0.14929765462875366 0.06280401349067688
0.4893123507499695 -0.1447920799255371 0.048140764236450195
0.5005526542663574 -0.14055843651294708 0.0343625545501709
-0.8875595927238464 -0.5115156769752502 1.5542492866516113
-0.4716160297393799 -0.38801833987236023 1.068350076675415
-0.27146315574645996 -0.3334665596485138 0.8537164926528931
-0.18572556972503662 -0.3210877776145935 0.8050122261047363
-0.016795694828033447 -0.2637079358100891 0.5792516469955444
0.041421085596084595 -0.2557600736618042 0.547980785369873
0.09798765182495117 -0.24673140048980713 0.5124576091766357
0.16492457687854767 -0.2271236777305603 0.4353111684322357
0.220010444521904 -0.21075931191444397 0.3709256947040558
0.2732223868370056 -0.18899405002593994 0.2852904498577118
0.3093903660774231 -0.17842379212379456 0.24370187520980835
0.33679625391960144 -0.1765236258506775 0.2362256944179535
0.36634430289268494 -0.16457834839820862 0.18922710418701172
0.39035215973854065 -0.15921881794929504 0.16814002394676208
0.4105825126171112 -0.1416071206331253 0.09884697198867798
0.42810508608818054 -0.1379014104604721 0.08426687121391296
0.44589120149612427 -0.13753026723861694 0.08280664682388306
0.46313101053237915 -0.1366390585899353 0.07930013537406921
0.47717130184173584 -0.13280658423900604 0.0642213225364685
0.4896921217441559 -0.1290440708398819 0.049417734146118164
0.5006964802742004 -0.1253218948841095 0.0347728431224823
-0.5007985830307007 -0.306161493062973 1.0106407403945923
-0.4222525954246521 -0.3026895225048065 0.9933719635009766
-0.34811127185821533 -0.30007150769233704 0.9803504943847656
-0.21909356117248535 -0.276968777179718 0.8654423952102661
-0.06699153780937195 -0.23965048789978027 0.6798292398452759
0.09162607789039612 -0.19050860404968262 0.43540796637535095
0.1578502506017685 -0.1753653585910797 0.3600887358188629
0.19175492227077484 -0.17461317777633667 0.35634753108024597
0.22261789441108704 -0.17571553587913513 0.3618304431438446
0.2693244218826294 -0.16368195414543152 0.3019780218601227
0.3067067265510559 -0.15495476126670837 0.25857076048851013
0.33652544021606445 -0.15088963508605957 0.2383517324924469
0.3651221692562103 -0.1443205028772354 0.2056782841682434
0.39022308588027954 -0.13799801468849182 0.17423155903816223
0.4106699526309967 -0.12339261919260025 0.1015874445438385
0.4280419647693634 -0.11976099759340286 0.08352452516555786
0.44485652446746826 -0.11811035126447678 0.07531458139419556
0.4628864526748657 -0.1186545342206955 0.07802122831344604
0.4774130582809448 -0.11607898026704788 0.0652109682559967
0.4898952841758728 -0.11304102838039398 0.050100862979888916
0.5008533596992493 -0.11004926264286041 0.035220444202423096
-1.201707363128662 -0.3847218453884125 1.9957971572875977
-1.0706539154052734 -0.3821226954460144 1.9782288074493408
-0.5704748630523682 -0.2888427674770355 1.34772789478302
-0.2167171835899353 -0.21685397624969482 0.8611387014389038
-0.07497051358222961 -0.19239526987075806 0.6958166360855103
0.2024030238389969 -0.11712048947811127 0.18701675534248352
0.22298657894134521 -0.11819750815629959 0.19429653882980347
0.24570491909980774 -0.11868162453174591 0.19756880402565002
0.26933613419532776 -0.1188739687204361 0.19886893033981323
0.293086439371109 -0.11907833814620972 0.2002502977848053
0.31741905212402344 -0.11892564594745636 0.19921821355819702
0.3412756025791168 -0.1191985160112381 0.20106258988380432
0.36502620577812195 -0.12007249891757965 0.20697006583213806
0.3900347948074341 -0.11654341220855713 0.1831161379814148
0.41095301508903503 -0.10579411685466766 0.1104590892791748
0.4289003908634186 -0.10330328345298767 0.09362298250198364
0.4458737075328827 -0.1016843169927597 0.08268001675605774
0.46428239345550537 -0.10207517445087433 0.08532193303108215
0.47823798656463623 -0.09959939867258072 0.06858757138252258
0.4904230833053589 -0.09712693095207214 0.05187559127807617
0.5013889670372009 -0.09488897025585175 0.036748647689819336
-1.117211103439331 -0.2539493441581726 1.8770339488983154
-0.9935072064399719 -0.25243350863456726 1.8610506057739258
-0.40266722440719604 -0.17745831608772278 1.07048499584198
-0.2558627128601074 -0.16432780027389526 0.9320321083068848
-0.08147436380386353 -0.1431616246700287 0.7088484764099121
0.19679862260818481 -0.09486423432826996 0.1995832920074463
0.21827371418476105 -0.09550049901008606 0.20629224181175232
0.24150219559669495 -0.09584622085094452 0.20993772149085999
0.26530542969703674 -0.0961298793554306 0.21292874217033386
0.28975656628608704 -0.09627944976091385 0.21450582146644592
0.31437328457832336 -0.09643001854419708 0.21609345078468323
0.3392256796360016 -0.09653064608573914 0.21715456247329712
0.36388564109802246 -0.09702079743146896 0.22232285141944885
0.39006996154785156 -0.09314517676830292 0.18145689368247986
0.41234561800956726 -0.09055104851722717 0.15410351753234863
0.4322664141654968 -0.08857055008411407 0.13322046399116516
0.44979575276374817 -0.08647073805332184 0.11107918620109558
0.46534818410873413 -0.08455662429332733 0.09089609980583191
0.4793468117713928 -0.08287139236927032 0.0731264054775238
0.4913015365600586 -0.08113613724708557 0.05482932925224304
0.5020755529403687 -0.07960718125104904 0.038707435131073
-1.3017628192901611 -0.1515716314315796 2.1364290714263916
-1.013324499130249 -0.14133639633655548 1.891150951385498
-0.9306978583335876 -0.14349456131458282 1.9428694248199463
-0.32207345962524414 -0.1063169315457344 1.051941156387329
-0.028105735778808594 -0.08753769099712372 0.601913571357727
0.19282051920890808 -0.07112102955579758 0.20850324630737305
0.21463054418563843 -0.0714157223701477 0.2155652642250061
0.2386457473039627 -0.07153169810771942 0.21834444999694824
0.26274657249450684 -0.07167816907167435 0.2218545377254486
0.2873244881629944 -0.07180599868297577 0.22491788864135742
0.3122653067111969 -0.07192514091730118 0.2277730107307434
0.33778706192970276 -0.07195329666137695 0.228447824716568
0.3632783889770508 -0.07203882932662964 0.2304973304271698
0.3899598717689514 -0.07020923495292664 0.18665283918380737
0.4124448895454407 -0.06898081302642822 0.15721479058265686
0.43205276131629944 -0.06787467002868652 0.1307070553302765
0.44971317052841187 -0.0670306533575058 0.11048111319541931
0.4661202132701874 -0.06638187915086746 0.09493380784988403
0.4802091717720032 -0.06561917066574097 0.07665622234344482
0.49229881167411804 -0.06484828889369965 0.05818268656730652
0.5047991871833801 -0.0643598735332489 0.046478271484375
-1.4472205638885498 -0.022267114371061325 2.3408761024475098
-1.1782851219177246 -0.024533474817872047 2.141709804534912
-0.6519973874092102 -0.032035745680332184 1.4824150800704956
-0.4360395669937134 -0.03458558768033981 1.2583363056182861
-0.0370917022228241 -0.041850291192531586 0.6199188232421875
0.18787583708763123 -0.046405717730522156 0.21959054470062256
0.2111286073923111 -0.04635009542107582 0.22447878122329712
0.23549316823482513 -0.04631431773304939 0.22762271761894226
0.2599835991859436 -0.04627028852701187 0.23149216175079346
0.2850976884365082 -0.04623661935329437 0.23445096611976624
0.3105464577674866 -0.04620423913002014 0.23729631304740906
0.3362811505794525 -0.04617040976881981 0.24026942253112793
0.3626250624656677 -0.046181537210941315 0.23929142951965332
0.389863520860672 -0.04672878980636597 0.19119936227798462
0.4125734567642212 -0.04706965386867523 0.1612444519996643
0.43244102597236633 -0.04736517369747162 0.13527435064315796
0.4509124755859375 -0.047548484057188034 0.1191650927066803
0.466810941696167 -0.04778311029076576 0.09854632616043091
0.4808589518070221 -0.048001933842897415 0.07931607961654663
0.4932515621185303 -0.04820596054196358 0.061386287212371826
0.5849372148513794 -0.04577384889125824 0.27511879801750183
-1.4848110675811768 0.11897597461938858 2.3937108516693115
-1.25917649269104 0.11064835637807846 2.264575481414795
-0.6449411511421204 0.05945693701505661 1.4707571268081665
-0.3805195093154907 0.039274342358112335 1.1577882766723633
-0.049931228160858154 0.006247498095035553 0.6456453800201416
0.1822929084300995 -0.020420461893081665 0.2321089506149292
0.20699532330036163 -0.02023407071828842 0.23499926924705505
0.23196543753147125 -0.020040232688188553 0.23800507187843323
0.2572097182273865 -0.019836261868476868 0.24116802215576172
0.28296178579330444 -0.01967974752187729 0.24359509348869324
0.3088505268096924 -0.019479971379041672 0.2466929852962494
0.3350685238838196 -0.01928035169839859 0.24978849291801453
0.3634357452392578 -0.02066100388765335 0.22837889194488525
0.38980257511138916 -0.022873209789395332 0.19407451152801514
0.4126223623752594 -0.02489149197936058 0.16277727484703064
0.4325731098651886 -0.026564883068203926 0.13682821393013
0.45136579871177673 -0.027492254972457886 0.12244758009910583
0.4671924412250519 -0.028904912993311882 0.10054168105125427
0.48123395442962646 -0.03017471730709076 0.0808509886264801
0.4945337772369385 -0.031151914969086647 0.06569772958755493
0.6026698350906372 -0.01438426598906517 0.3257113993167877
-1.5034387111663818 0.2626967430114746 2.4198927879333496
-1.2466394901275635 0.24219277501106262 2.2455332279205322
-0.6678435206413269 0.1555318832397461 1.5085952281951904
-0.09336414933204651 0.053123317658901215 0.6377435922622681
-0.042638927698135376 0.052334271371364594 0.6310337781906128
0.17959316074848175 0.006134219467639923 0.23816248774528503
0.2042602151632309 0.006580900400876999 0.24196094274520874
0.2294517606496811 0.006985675543546677 0.24540302157402039
0.25494736433029175 0.007415659725666046 0.24905946850776672
0.2809098958969116 0.007806066423654556 0.2523793876171112
0.30742961168289185 0.008063159883022308 0.25456562638282776
0.3336973786354065 0.008767161518335342 0.2605522572994232
0.36306965351104736 0.005563210695981979 0.23330682516098022
0.38972434401512146 0.0013839490711688995 0.19776764512062073
0.4126928448677063 -0.002471078187227249 0.16498565673828125
0.4327603578567505 -0.005523219704627991 0.13903114199638367
0.45157891511917114 -0.0072918906807899475 0.12399089336395264
0.4673681855201721 -0.009941328316926956 0.10146090388298035
0.4815133810043335 -0.012230448424816132 0.08199489116668701
0.4962019622325897 -0.013487309217453003 0.07130694389343262
0.6191617250442505 0.02196282148361206 0.37276414036750793
-1.4628210067749023 0.3949836492538452 2.3628032207489014
-1.0955536365509033 0.3357912003993988 2.0160486698150635
-0.10544878244400024 0.09055539220571518 0.5794363021850586
-0.06035175919532776 0.0903029516339302 0.5779575109481812
-0.020791620016098022 0.09189065545797348 0.5872583389282227
0.17846310138702393 0.0327310636639595 0.24069637060165405
0.20134223997592926 0.03421477973461151 0.24938812851905823
0.22691701352596283 0.034807950258255005 0.25286296010017395
0.25287681818008423 0.03539159893989563 0.2562820017337799
0.2792552411556244 0.03593464195728302 0.25946322083473206
0.3059907853603363 0.036459460854530334 0.2625376284122467
0.33272334933280945 0.03742575645446777 0.26819828152656555
0.3626135289669037 0.03251776099205017 0.23944681882858276
0.38961517810821533 0.026282183825969696 0.20291826128959656
0.4128173887729645 0.02047336846590042 0.16888973116874695
0.43316856026649475 0.0161961168050766 0.1438332200050354
0.45204854011535645 0.013389401137828827 0.1273912489414215
0.4678376317024231 0.009382080286741257 0.10391601920127869
0.4823668301105499 0.0062363892793655396 0.08548828959465027
0.5849389433860779 0.05474967509508133 0.36968329548835754
0.6341661810874939 0.06258327513933182 0.41557320952415466
-0.07892253994941711 0.09864028543233871 0.4176764190196991
-0.05452370643615723 0.10247915238142014 0.4348285496234894
-0.07599705457687378 0.12395376712083817 0.5307776927947998
-0.041162729263305664 0.12673532962799072 0.543205738067627
-0.0074806809425354 0.13062551617622375 0.5605871677398682
0.174874946475029 0.06083063781261444 0.24874195456504822
0.1976068913936615 0.06310317665338516 0.25889572501182556
0.22322915494441986 0.06418215483427048 0.26371660828590393
0.2502533197402954 0.06456635147333145 0.2654332220554352
0.27707403898239136 0.06532013416290283 0.26880112290382385
0.3041543960571289 0.06619550287723541 0.2727123200893402
0.3316675126552582 0.06704027950763702 0.2764867842197418
0.3623315095901489 0.05959988385438919 0.24324291944503784
0.38955825567245483 0.05117584764957428 0.20560410618782043
0.41292232275009155 0.04369468241930008 0.17217808961868286
0.43391335010528564 0.03931163251399994 0.15259450674057007
0.4521995186805725 0.033915504813194275 0.12848448753356934
0.4681844711303711 0.028822779655456543 0.10573005676269531
0.4832375943660736 0.025090143084526062 0.08905252814292908
0.5795110464096069 0.08381395787000656 0.3514319956302643
0.6228221654891968 0.09092576056718826 0.3832077085971832
-0.06612849235534668 0.12935853004455566 0.39969387650489807
-0.05942907929420471 0.1411513388156891 0.44227930903434753
-0.04871785640716553 0.15317773818969727 0.4857083857059479
-0.02574056386947632 0.1613655984401703 0.5152758359909058
0.006556570529937744 0.16612443327903748 0.5324606895446777
0.1678963452577591 0.09189002960920334 0.26438984274864197
0.19346407055854797 0.09328865259885788 0.26944050192832947
0.2194886952638626 0.09475205093622208 0.2747250497341156
0.24682830274105072 0.0954873338341713 0.2773802578449249
0.2753123939037323 0.0952000692486763 0.27634289860725403
0.28962185978889465 0.11649207025766373 0.353231281042099
0.3287692368030548 0.10154030472040176 0.2992383539676666
0.3621644377708435 0.08665678650140762 0.2454918920993805
0.38952603936195374 0.07603219896554947 0.2071250081062317
0.4129883646965027 0.06692778319120407 0.17424771189689636
0.4344295561313629 0.06261320412158966 0.15866714715957642
0.45250263810157776 0.054862819612026215 0.1306794285774231
0.46803849935531616 0.04774239659309387 0.10496658086776733
0.48369064927101135 0.04384902864694595 0.09090709686279297
0.5628098249435425 0.10044267028570175 0.29527464509010315
0.6684640645980835 0.16085389256477356 0.5134279727935791
-0.8588385581970215 -0.9342750906944275 1.7597172260284424
-0.7929022312164307 -0.9564712643623352 1.8024264574050903
-0.7114565372467041 -0.9692448973655701 1.82700514793396
-0.6298547983169556 -0.98432856798172 1.85602867603302
-0.49746084213256836 -0.9497300982475281 1.7894552946090698
-0.2554089426994324 -0.7791070938110352 1.4611473083496094
-0.26135003566741943 -0.8904113173484802 1.6753157377243042
-0.09774056077003479 -0.7771709561347961 1.4574217796325684
0.053734928369522095 -0.6439793109893799 1.2011381387710571
0.17415277659893036 -0.5193338990211487 0.961298942565918
0.2505698800086975 -0.44804686307907104 0.8241304159164429
0.29985207319259644 -0.428033709526062 0.785621702671051
0.35812169313430786 -0.31653863191604614 0.5710859894752502
0.3854902684688568 -0.4041387140750885 0.7396436333656311
0.42487484216690063 -0.39589691162109375 0.7237849831581116
0.4627503752708435 -0.3887256979942322 0.7099863290786743
0.4958946108818054 -0.3692644536495209 0.6725395321846008
0.5321471691131592 -0.369060754776001 0.6721475720405579
0.5656641721725464 -0.36312636733055115 0.6607288122177124
0.600001871585846 -0.3607451617717743 0.6561469435691833
0.617350161075592 -0.333894282579422 0.6044812202453613
-0.9031466245651245 -0.8692607283592224 1.8219940662384033
-0.8315685987472534 -0.8875339031219482 1.861156702041626
-0.7553147077560425 -0.9054085612297058 1.8994654417037964
-0.4851306080818176 -0.7628470659255981 1.5939300060272217
-0.3936520218849182 -0.7570254802703857 1.5814533233642578
-0.31526148319244385 -0.7635108232498169 1.5953526496887207
-0.24927353858947754 -0.7864788770675659 1.6445773839950562
-0.12139219045639038 -0.731631875038147 1.5270302295684814
0.05125477910041809 -0.5836086869239807 1.2097893953323364
0.1433948576450348 -0.5291045308113098 1.0929770469665527
0.21869786083698273 -0.4860580265522003 1.000720500946045
0.2878296971321106 -0.42972949147224426 0.8799981474876404
0.3394295275211334 -0.4029943645000458 0.8226999044418335
0.39169931411743164 -0.22752457857131958 0.44663602113723755
0.4149758517742157 -0.2120850682258606 0.4135463535785675
0.43556395173072815 -0.20117712020874023 0.39016860723495483
0.5171908736228943 -0.40488114953041077 0.8267436027526855
0.5554753541946411 -0.3896755278110504 0.7941551804542542
0.5930472016334534 -0.37971875071525574 0.772816002368927
0.6252588033676147 -0.3649076223373413 0.7410730123519897
0.6544271111488342 -0.3505326807498932 0.7102649211883545
-0.9383209943771362 -0.7923232913017273 1.8714330196380615
-0.8700219392776489 -0.8122245669364929 1.9195634126663208
-0.7924487590789795 -0.8292821645736694 1.9608163833618164
-0.5166695713996887 -0.7011967301368713 1.651047706604004
-0.40015512704849243 -0.6778081655502319 1.5944836139678955
-0.32575613260269165 -0.6878975629806519 1.6188843250274658
-0.2515660524368286 -0.700934112071991 1.6504125595092773
-0.17737501859664917 -0.718043863773346 1.6917917728424072
0.04646456241607666 -0.5256509780883789 1.2264984846115112
0.1388150155544281 -0.47854864597320557 1.1125837564468384
0.28393232822418213 -0.28284451365470886 0.6392824053764343
0.3311668038368225 -0.2417093813419342 0.5397990345954895
0.36383166909217834 -0.22286488115787506 0.4942244589328766
0.39150434732437134 -0.20699207484722137 0.45583683252334595
0.41521045565605164 -0.19254548847675323 0.4208984076976776
0.4681433141231537 -0.3383120894432068 0.7734281420707703
0.5188449621200562 -0.36530962586402893 0.838720440864563
0.5574241280555725 -0.3510968089103699 0.8043473958969116
0.5950810313224792 -0.34150126576423645 0.7811410427093506
0.6284244060516357 -0.32933491468429565 0.7517172694206238
0.6574775576591492 -0.31579354405403137 0.7189680933952332
-0.9618533849716187 -0.7042375802993774 1.9045088291168213
-0.8944793939590454 -0.7230504751205444 1.9567118883132935
-0.8159507513046265 -0.7385226488113403 1.9996449947357178
-0.5879444479942322 -0.6594133973121643 1.7801281213760376
-0.40886586904525757 -0.5988009572029114 1.611937403678894
-0.40058374404907227 -0.6617701053619385 1.7866677045822144
-0.32390326261520386 -0.6790198683738708 1.8345332145690918
-0.19568639993667603 -0.6470003128051758 1.7456835508346558
0.18449285626411438 -0.2863861322402954 0.7450312376022339
0.24324819445610046 -0.25772252678871155 0.6654938459396362
0.28962597250938416 -0.23690788447856903 0.6077362298965454
0.3298291862010956 -0.21620887517929077 0.5502994656562805
0.36311304569244385 -0.1994865983724594 0.5038975477218628
0.39133408665657043 -0.18506205081939697 0.46387147903442383
0.4154965281486511 -0.17280669510364532 0.42986464500427246
0.47774115204811096 -0.3373093903064728 0.8863359093666077
0.5207219123840332 -0.32504764199256897 0.8523113131523132
0.5599231719970703 -0.3124726414680481 0.8174175024032593
0.5976576209068298 -0.30320021510124207 0.7916878461837769
0.6311474442481995 -0.2920953333377838 0.7608733773231506
0.6608343720436096 -0.2804449796676636 0.7285453677177429
-0.985973596572876 -0.6128925681114197 1.938410758972168
-0.918494701385498 -0.6297242641448975 1.9931888580322266
-0.8425333499908447 -0.6452028751373291 2.0435633659362793
-0.5592663884162903 -0.5482983589172363 1.7281914949417114
-0.4087856411933899 -0.5125274062156677 1.61177659034729
-0.1317068338394165 -0.3810149133205414 1.183774471282959
0.00966489315032959 -0.32009056210517883 0.9854986071586609
0.14371851086616516 -0.24674245715141296 0.7467902898788452
0.18618831038475037 -0.2443847358226776 0.7391172051429749
0.24423690140247345 -0.22046183049678802 0.6612610816955566
0.28787747025489807 -0.20699195563793182 0.617423951625824
0.3296145498752594 -0.1868843287229538 0.5519844889640808
0.36258241534233093 -0.17430345714092255 0.5110405683517456
0.39117154479026794 -0.16216686367988586 0.47154247760772705
0.4157222807407379 -0.15153437852859497 0.4369395077228546
0.47794389724731445 -0.2903536558151245 0.8887211084365845
0.5219314694404602 -0.2818572223186493 0.8610697984695435
0.5618278980255127 -0.2715051770210266 0.8273795247077942
0.5994613170623779 -0.26280680298805237 0.7990710735321045
0.632823646068573 -0.2528016269207001 0.7665095925331116
0.6630753874778748 -0.24310094118118286 0.7349391579627991
-1.0107448101043701 -0.518179178237915 1.9732277393341064
-0.9391727447509766 -0.5312352180480957 2.024596691131592
-0.8648098707199097 -0.5454100966453552 2.0803675651550293
-0.7733691930770874 -0.5544503331184387 2.115936279296875
-0.25839662551879883 -0.3497238755226135 1.3104417324066162
-0.11422300338745117 -0.3075658082962036 1.1445711851119995
0.0029276609420776367 -0.2714940011501312 1.0026469230651855
0.14302188158035278 -0.2069859504699707 0.7488405704498291
0.18088769912719727 -0.2092139720916748 0.7576066851615906
0.24261364340782166 -0.18649280071258545 0.6682103872299194
0.286659300327301 -0.17530019581317902 0.6241732239723206
0.3285159766674042 -0.15914441645145416 0.5606083869934082
0.3623203635215759 -0.14744272828102112 0.5145682096481323
0.391119122505188 -0.13713595271110535 0.4740162193775177
0.4157765209674835 -0.12814444303512573 0.43863922357559204
0.4790914058685303 -0.24596929550170898 0.9022201895713806
0.5228137969970703 -0.2371341437101364 0.8674584031105042
0.5627421140670776 -0.22816284000873566 0.8321608304977417
0.6001609563827515 -0.2204805463552475 0.8019349575042725
0.634019136428833 -0.21249845623970032 0.7705294489860535
0.6363414525985718 -0.18406671285629272 0.6586650013923645
-1.0354208946228027 -0.4197407364845276 2.007910966873169
-0.9514703750610352 -0.42685091495513916 2.0432755947113037
-0.7996784448623657 -0.4126736521720886 1.972760796546936
-0.6958013772964478 -0.41321617364883423 1.9754592180252075
-0.5586197376251221 -0.40045735239982605 1.9119995832443237
-0.12724649906158447 -0.25203391909599304 1.1737732887268066
-0.0035647153854370117 -0.22095072269439697 1.0191720724105835
0.13824012875556946 -0.16942889988422394 0.7629135847091675
0.17510105669498444 -0.1724201738834381 0.7777915000915527
0.2409062534570694 -0.15185806155204773 0.6755199432373047
0.287413090467453 -0.14069491624832153 0.6199968457221985
0.3328550457954407 -0.12190631031990051 0.5265463590621948
0.3642142117023468 -0.11437258124351501 0.4890751540660858
0.39107266068458557 -0.11178557574748993 0.4762079417705536
0.41584986448287964 -0.10469445586204529 0.440938264131546
0.479503333568573 -0.19841133058071136 0.9070659875869751
0.5231581330299377 -0.19094941020011902 0.8699519634246826
0.5638245940208435 -0.18448957800865173 0.8378221392631531
0.552386999130249 -0.13795742392539978 0.6063811779022217
0.59232497215271 -0.14277315139770508 0.6303336024284363
0.6379883289337158 -0.14941397309303284 0.6633635759353638
-1.0591119527816772 -0.3174135088920593 2.0412096977233887
-0.9696286916732788 -0.3217995762825012 2.0708560943603516
-0.7996667623519897 -0.3072839379310608 1.9727416038513184
-0.7164442539215088 -0.3132169544696808 2.0128440856933594
-0.2255086898803711 -0.19955021142959595 1.2445441484451294
-0.1351493000984192 -0.19170160591602325 1.1914935111999512
0.014060735702514648 -0.15957018733024597 0.9743098020553589
0.09402495622634888 -0.14754697680473328 0.8930420279502869
0.17209020256996155 -0.13204993307590485 0.7882938981056213
0.2390168309211731 -0.11656221747398376 0.6836087703704834
0.2888947129249573 -0.10593661665916443 0.6117878556251526
0.3259006440639496 -0.10140222311019897 0.5811388492584229
0.3614160716533661 -0.0933542251586914 0.5267404913902283
0.3909454345703125 -0.08676639199256897 0.4822118282318115
0.4159674644470215 -0.08120544254779816 0.44462403655052185
0.4814876317977905 -0.15307527780532837 0.9304091334342957
0.47560596466064453 -0.09319013357162476 0.5256314277648926
0.511400043964386 -0.09881322085857391 0.5636391639709473
0.5509194135665894 -0.10424798727035522 0.6003739833831787
0.6334330439567566 -0.12913018465042114 0.7685586214065552
0.6641575694084167 -0.12461312115192413 0.7380267381668091
-1.7311040163040161 -0.2979666292667389 2.985722541809082
-1.5842334032058716 -0.29973599314689636 3.0043792724609375
-1.423890471458435 -0.2997048795223236 3.0040512084960938
-1.0844024419784546 -0.2688991129398346 2.6792242527008057
-0.20807558298110962 -0.12952499091625214 1.20961332321167
-0.12771934270858765 -0.12622657418251038 1.1748335361480713
0.14452612400054932 -0.0757162868976593 0.6422349214553833
0.18072614073753357 -0.07530272752046585 0.637874186038971
0.21743635833263397 -0.07456719130277634 0.6301184296607971
0.2526584267616272 -0.07410144805908203 0.6252074837684631
0.2872301936149597 -0.07370340079069138 0.6210103034973145
0.3269898295402527 -0.06911122798919678 0.5725888013839722
0.3618501126766205 -0.06420900672674179 0.5208979845046997
0.3908240497112274 -0.06108337268233299 0.4879401624202728
0.4161307215690613 -0.05746063217520714 0.4497406482696533
0.44512879848480225 -0.062482040375471115 0.5026882290840149
0.4744318723678589 -0.06385165452957153 0.5171298980712891
0.5624535083770752 -0.09358520805835724 0.8306512236595154
0.6001514196395874 -0.09085811674594879 0.8018958568572998
0.6348490715026855 -0.0881480723619461 0.7733201384544373
0.6658457517623901 -0.08525772392749786 0.7428432703018188
-1.7651103734970093 -0.1407776027917862 3.033519744873047
-1.6457115411758423 -0.14345821738243103 3.0977585315704346
-1.5359474420547485 -0.14727340638637543 3.189185857772827
-0.35598766803741455 -0.07094518840312958 1.3600492477416992
-0.2705739736557007 -0.06989329308271408 1.3348414897918701
-0.14518344402313232 -0.06485038250684738 1.213992714881897
0.1420036256313324 -0.04125937074422836 0.6486554145812988
0.17858169972896576 -0.04107284173369408 0.6441854238510132
0.21492548286914825 -0.04085131734609604 0.6388767957687378
0.2506802976131439 -0.04063429683446884 0.6336761713027954
0.2853984236717224 -0.0405292734503746 0.6311593055725098
0.3265612721443176 -0.038225553929805756 0.5759527683258057
0.3615027964115143 -0.03612326458096504 0.5255733132362366
0.390745609998703 -0.034707337617874146 0.49164190888404846
0.41623586416244507 -0.033096350729465485 0.45303598046302795
0.4509604573249817 -0.03803103417158127 0.5712912082672119
0.48629826307296753 -0.039356429129838943 0.6030531525611877
0.5624329447746277 -0.04884941130876541 0.8305439352989197
0.6017160415649414 -0.047921210527420044 0.8083003759384155
0.6357817053794861 -0.04659236967563629 0.7764559388160706
0.6675703525543213 -0.04539507254958153 0.7477637529373169
-1.830448031425476 0.02198939025402069 3.125354528427124
-1.6906601190567017 0.022452253848314285 3.1660306453704834
-1.5543503761291504 0.02306171879172325 3.219590187072754
-1.426347255706787 0.023959584534168243 3.2984938621520996
-0.26935243606567383 0.0015868740156292915 1.332394003868103
-0.14066201448440552 0.00012419186532497406 1.2038544416427612
0.14081653952598572 -0.006159165408462286 0.6516768932342529
0.17692676186561584 -0.0061889891512691975 0.6490560173988342
0.2134697586297989 -0.0062470389530062675 0.6439546346664429
0.2491225004196167 -0.0062881107442080975 0.6403452754020691
0.2844967842102051 -0.006335793994367123 0.6361548900604248
0.3255327343940735 -0.006928968243300915 0.584027111530304
0.3612437844276428 -0.0075544556602835655 0.529059648513794
0.39065638184547424 -0.007932326756417751 0.4958525598049164
0.41636738181114197 -0.008372651413083076 0.45715710520744324
0.45169270038604736 -0.006975870113819838 0.5799053907394409
0.4841167628765106 -0.006892212200909853 0.5872572064399719
0.5639104843139648 -0.004035860300064087 0.8382716178894043
0.6022361516952515 -0.004352684132754803 0.8104293346405029
0.6371190547943115 -0.00468810461461544 0.7809528112411499
0.6687781810760498 -0.005026558414101601 0.7512097358703613
-1.8386441469192505 0.18933145701885223 3.1368744373321533
-1.7094734907150269 0.1930544674396515 3.1946065425872803
-1.4992234706878662 0.18879221379756927 3.128512382507324
-1.2469803094863892 0.17880593240261078 2.973656415939331
-1.0199427604675293 0.16995160281658173 2.8363535404205322
-0.20887917280197144 0.07453978061676025 1.3568153381347656
0.13818153738975525 0.029499638825654984 0.658383846282959
0.17477011680603027 0.029307421296834946 0.655403196811676
0.2118140459060669 0.028941579163074493 0.6497300863265991
0.24807077646255493 0.028626732528209686 0.6448478102684021
0.2837451100349426 0.02833472564816475 0.6403197050094604
0.3248426914215088 0.02505386993288994 0.5894439220428467
0.36087316274642944 0.021481558680534363 0.5340485572814941
0.39058083295822144 0.019248325377702713 0.49941810965538025
0.4164349436759949 0.016659609973430634 0.4592752158641815
0.4506238102912903 0.023627866059541702 0.567331075668335
0.4824642539024353 0.02414122223854065 0.575291633605957
0.5658128261566162 0.04174176976084709 0.848220944404602
0.6031473278999329 0.039545197039842606 0.8141589760780334
0.638114869594574 0.03761974722146988 0.7843012809753418
0.6696345210075378 0.035643309354782104 0.7536529302597046
-1.8193775415420532 0.3533579111099243 3.1097943782806396
-1.7108324766159058 0.36357420682907104 3.1966705322265625
-1.287686824798584 0.31446051597595215 2.779022693634033
-0.9510452747344971 0.2743237316608429 2.437711477279663
-0.7941503524780273 0.2679995894432068 2.3839328289031982
-0.2524961233139038 0.15871576964855194 1.4546160697937012
0.13696369528770447 0.0654466450214386 0.661483645439148
0.17339535057544708 0.06520740687847137 0.6594492197036743
0.21060584485530853 0.06456007063388824 0.6539444923400879
0.24706178903579712 0.06399831175804138 0.6491674184799194
0.2827146351337433 0.06362925469875336 0.6460291743278503
0.32371923327445984 0.058012161403894424 0.5982630252838135
0.36051803827285767 0.05102294310927391 0.5388288497924805
0.39050447940826416 0.046812109649181366 0.5030211806297302
0.4165165424346924 0.04196847230195999 0.46183231472969055
0.44978067278862 0.05320829525589943 0.5574123859405518
0.4810451865196228 0.054102469235658646 0.5650162100791931
0.5683536529541016 0.08896885812282562 0.8615095019340515
0.6051790118217468 0.08437860012054443 0.8224753141403198
0.6391735672950745 0.08030810952186584 0.7878610491752625
0.6709348559379578 0.07672165334224701 0.7573629021644592
-1.885280728340149 0.5349430441856384 3.2024242877960205
-1.7652844190597534 0.5480793118476868 3.2793776988983154
-1.6540015935897827 0.5659777522087097 3.384228467941284
-1.3078606128692627 0.5147124528884888 3.083911895751953
-0.5236591100692749 0.3027041256427765 1.8419488668441772
-0.36783313751220703 0.2807316482067108 1.713232159614563
0.1325041651725769 0.10313139855861664 0.6728345155715942
0.17113925516605377 0.10197991132736206 0.6660890579223633
0.20875419676303864 0.10100933909416199 0.6604033708572388
0.24585555493831635 0.09997284412384033 0.6543314456939697
0.2821977734565735 0.09904444217681885 0.6488927602767944
0.3228214979171753 0.09160475432872772 0.6053104400634766
0.3601051867008209 0.08120477199554443 0.5443864464759827
0.3904787003993988 0.0743512511253357 0.504237949848175
0.4165656566619873 0.06737524271011353 0.4633719027042389
0.44955378770828247 0.08297272026538849 0.5547432899475098
0.4803394079208374 0.08385397493839264 0.5599057078361511
0.569440484046936 0.13630931079387665 0.8671935796737671
0.6064608097076416 0.1295713633298874 0.8277220726013184
0.6399059891700745 0.12318731844425201 0.7903238534927368
0.6716044545173645 0.11788685619831085 0.7592732906341553
-1.8801347017288208 0.704016387462616 3.1951911449432373
-1.7450960874557495 0.7159953713417053 3.248713493347168
-1.6165624856948853 0.7324814796447754 3.322373867034912
-1.29678213596344 0.6746202707290649 3.0638484954833984
-0.5093116164207458 0.39470958709716797 1.8132007122039795
-0.13516956567764282 0.2555738687515259 1.19153892993927
0.13027530908584595 0.14075104892253876 0.6785076260566711
0.16864226758480072 0.13961637020111084 0.6734378933906555
0.20671798288822174 0.13828875124454498 0.6675060391426086
0.24527452886104584 0.13589683175086975 0.6568188667297363
0.2821676731109619 0.13416019082069397 0.649059534072876
0.3226584792137146 0.12465497851371765 0.6065899729728699
0.35980281233787537 0.1116439700126648 0.5484564900398254
0.3903861343860626 0.10272477567195892 0.5086053013801575
0.41661307215690613 0.09293343126773834 0.4648573398590088
0.44822126626968384 0.10954262316226959 0.5390676259994507
0.47935575246810913 0.11261235177516937 0.5527832508087158
0.5175701379776001 0.12226444482803345 0.595909059047699
0.6064500212669373 0.1741372048854828 0.827677845954895
0.6409388780593872 0.16655424237251282 0.793796956539154
0.6729804277420044 0.15970604121685028 0.7631990313529968
-1.815428614616394 0.8491393327713013 3.1042442321777344
-1.7177122831344604 0.8776278495788574 3.207120180130005
-0.2776890993118286 0.2969905138015747 1.1103575229644775
-0.14274829626083374 0.2591937482357025 0.9738681316375732
-0.06510543823242188 0.24514712393283844 0.923143744468689
-0.0016430914402008057 0.23656077682971954 0.8921372294425964
0.05096670985221863 0.23330290615558624 0.8803726434707642
0.03625911474227905 0.28389036655426025 1.0630511045455933
0.1854047328233719 0.19494321942329407 0.7418504357337952
0.22454920411109924 0.1959666758775711 0.745546281337738
0.2706553041934967 0.18691101670265198 0.7128450274467468
0.3218075633049011 0.15933655202388763 0.6132698059082031
0.35965847969055176 0.14192639291286469 0.5503993034362793
0.3903213441371918 0.13119953870773315 0.5116631388664246
0.4164767265319824 0.11705484986305237 0.4605846107006073
0.4462806284427643 0.13246653974056244 0.5162384510040283
0.47672656178474426 0.1373146027326584 0.5337454676628113
0.5133024454116821 0.14834806323051453 0.5735888481140137
0.5543369054794312 0.15963923931121826 0.6143628358840942
0.5986306071281433 0.1699332892894745 0.6515361070632935
0.6411902904510498 0.1757383644580841 0.6724990606307983
-1.3123332262039185 -1.0978106260299683 2.2450671195983887
-1.2234364748001099 -1.117215633392334 2.2824056148529053
-1.1171412467956543 -1.1250864267349243 2.2975504398345947
-0.6627469062805176 -0.8068416118621826 1.6851927042007446
-0.5865775346755981 -0.8147366046905518 1.7003840208053589
-0.5175528526306152 -0.8328371644020081 1.7352125644683838
-0.4378884732723236 -0.8417562246322632 1.7523744106292725
-0.26082807779312134 -0.7044930458068848 1.4882564544677734
-0.12215980887413025 -0.5859811305999756 1.2602190971374512
-0.04179424047470093 -0.5433071255683899 1.1781070232391357
0.024406909942626953 -0.5163101553916931 1.1261601448059082
0.09358692169189453 -0.45465418696403503 1.0075234174728394
0.15104913711547852 -0.38683468103408813 0.8770270347595215
0.1960572749376297 -0.28457707166671753 0.6802657842636108
0.2330709993839264 -0.39244794845581055 0.8878279328346252
0.2721940875053406 -0.37845346331596375 0.8609001040458679
0.3042100667953491 -0.3484751582145691 0.8032166957855225
0.3358777165412903 -0.3342004120349884 0.7757496237754822
0.36438310146331787 -0.3194037675857544 0.7472783327102661
0.3853614926338196 -0.296737402677536 0.7036643624305725
0.40968215465545654 -0.2858944833278656 0.6828007102012634
-1.370182991027832 -1.0222491025924683 2.3263773918151855
-1.2749971151351929 -1.0382736921310425 2.3607211112976074
-1.1714740991592407 -1.0506829023361206 2.3873162269592285
-1.0636005401611328 -1.0618023872375488 2.411147356033325
-0.581256628036499 -0.7251884937286377 1.6897222995758057
-0.5125821828842163 -0.7412136197090149 1.7240670919418335
-0.42716822028160095 -0.7416900396347046 1.725088119506836
-0.35242488980293274 -0.7569684386253357 1.7578325271606445
-0.20618194341659546 -0.6615359783172607 1.5533032417297363
-0.04533281922340393 -0.4935394823551178 1.1932560205459595
0.020230621099472046 -0.4730294644832611 1.1492992639541626
0.09234968572854996 -0.4114092290401459 1.0172357559204102
0.16310054063796997 -0.2702958881855011 0.7148041129112244
0.19644612073898315 -0.24561870098114014 0.6619163751602173
0.233821839094162 -0.36200764775276184 0.9113591909408569
0.2713717222213745 -0.33394962549209595 0.851225733757019
0.30839666724205017 -0.3256935179233551 0.833531379699707
0.34226375818252563 -0.3143167793750763 0.809148907661438
0.3755042254924774 -0.30668872594833374 0.7928006052970886
0.39012014865875244 -0.2725640833377838 0.7196652889251709
0.41250938177108765 -0.2591269314289093 0.690867006778717
-1.4348479509353638 -0.9420117735862732 2.417266607284546
-1.3382436037063599 -0.9583525657653809 2.4567861557006836
-1.235937476158142 -0.9736652970314026 2.493819236755371
-1.1310750246047974 -0.9900088310241699 2.5333452224731445
-1.0213826894760132 -1.0058283805847168 2.571604013442993
-0.9123451709747314 -1.026021957397461 2.620441436767578
-0.458047479391098 -0.6883036494255066 1.8036853075027466
-0.35951176285743713 -0.6779682636260986 1.7786897420883179
-0.20628678798675537 -0.5849249958992004 1.5536689758300781
-0.090659499168396 -0.5161354541778564 1.387304663658142
0.010590866208076477 -0.439807653427124 1.2027093172073364
0.12416823953390121 -0.2598367929458618 0.7674581408500671
0.1633964478969574 -0.2364180088043213 0.7108209729194641
0.19642388820648193 -0.216630220413208 0.6629651188850403
0.23547561466693878 -0.34076929092407227 0.9631896615028381
0.28283458948135376 -0.35023143887519836 0.98607337474823
0.3302087187767029 -0.3524629771709442 0.9914702773094177
0.39430344104766846 -0.3896143436431885 1.0813190937042236
0.4355875253677368 -0.37200841307640076 1.0387400388717651
0.39585885405540466 -0.24805381894111633 0.7389615774154663
0.42249244451522827 -0.2399444580078125 0.7193495035171509
-1.4974435567855835 -0.851072371006012 2.5052473545074463
-1.3975642919540405 -0.8660789132118225 2.5468883514404297
-1.2972016334533691 -0.8834306001663208 2.595036745071411
-1.195237636566162 -0.9030742049217224 2.6495449542999268
-1.0904461145401 -0.9248560667037964 2.709986448287964
-0.6640080213546753 -0.6919132471084595 2.063603639602661
-0.5079225301742554 -0.6439932584762573 1.9306327104568481
-0.41019198298454285 -0.6429887413978577 1.9278452396392822
-0.24137532711029053 -0.5522520542144775 1.6760640144348145
0.015572533011436462 -0.2842920422554016 0.9325135350227356
0.07474252581596375 -0.2535722851753235 0.8472706079483032
0.12371160089969635 -0.2261013388633728 0.7710427641868591
0.16331684589385986 -0.20478478074073792 0.7118923664093018
0.1963784247636795 -0.18792572617530823 0.6651109457015991
0.2455919086933136 -0.4096050560474396 1.2802391052246094
0.30126953125 -0.3817480206489563 1.2029398679733276
0.35058850049972534 -0.35871919989585876 1.1390382051467896
0.39593106508255005 -0.3409862220287323 1.0898317098617554
0.4369564652442932 -0.32459327578544617 1.0443435907363892
0.47350573539733887 -0.30862995982170105 1.0000476837158203
0.42549675703048706 -0.21056118607521057 0.7279210686683655
-1.5861058235168457 -0.762045681476593 2.629865884780884
-1.48068106174469 -0.7753407955169678 2.6731343269348145
-1.3743207454681396 -0.7904936671257019 2.7224488258361816
-1.2660737037658691 -0.8075108528137207 2.7778306007385254
-1.1444573402404785 -0.8199179768562317 2.818208932876587
-0.6557568311691284 -0.5823649764060974 2.045102596282959
-0.5439879894256592 -0.5753985643386841 2.022430658340454
-0.4459012448787689 -0.5786278247833252 2.032940149307251
-0.057221680879592896 -0.2715916037559509 1.0337032079696655
0.018336445093154907 -0.2368631362915039 0.9206808805465698
0.07493963837623596 -0.21397072076797485 0.8461784720420837
0.12474580854177475 -0.18838909268379211 0.7629241347312927
0.16383889317512512 -0.17054933309555054 0.7048653364181519
0.19637872278690338 -0.15832963585853577 0.6650968194007874
0.24607056379318237 -0.35195428133010864 1.2952402830123901
0.30187395215034485 -0.3257778286933899 1.210050106048584
0.35122716426849365 -0.3053789734840393 1.1436628103256226
0.3958591818809509 -0.2887227237224579 1.0894557237625122
0.4370986819267273 -0.2750399708747864 1.0449258089065552
0.47351953387260437 -0.26126450300216675 1.0000940561294556
0.506791353225708 -0.24890220165252686 0.9598615169525146
-1.608860731124878 -0.6362379193305969 2.661848783493042
-1.5067425966262817 -0.6491672396659851 2.712719202041626
-1.3992094993591309 -0.6620912551879883 2.763568639755249
-1.2839863300323486 -0.6739611625671387 2.8102707862854004
-1.148367166519165 -0.6779699325561523 2.826043128967285
-0.620211124420166 -0.45922672748565674 1.9653996229171753
-0.5592401027679443 -0.4835887551307678 2.0612518787384033
-0.12268692255020142 -0.2346227467060089 1.0816971063613892
-0.04426312446594238 -0.21093595027923584 0.9885016083717346
0.01885819435119629 -0.19313079118728638 0.9184472560882568
0.07503798604011536 -0.1746242642402649 0.8456335663795471
0.1277146190404892 -0.14767929911613464 0.7396187782287598
0.16357946395874023 -0.13973382115364075 0.7083573341369629
0.19640648365020752 -0.12840566039085388 0.6637868285179138
0.2462005764245987 -0.2899330258369446 1.2993148565292358
0.30204176902770996 -0.26774701476097107 1.212024211883545
0.3510016202926636 -0.24995702505111694 1.1420296430587769
0.394983172416687 -0.23543024063110352 1.084874153137207
0.4354395866394043 -0.22355079650878906 1.0381345748901367
0.46172797679901123 -0.2038050889968872 0.9604452252388
0.38916242122650146 -0.11835845559835434 0.6242561340332031
-1.630208969116211 -0.5066355466842651 2.69185471534729
-1.526737093925476 -0.5169363617897034 2.743088960647583
-1.4264373779296875 -0.5300982594490051 2.8085532188415527
-1.3171145915985107 -0.5425060391426086 2.870266914367676
-1.1057668924331665 -0.5164530277252197 2.740684747695923
-0.4012199342250824 -0.26185399293899536 1.4743635654449463
-0.24703457951545715 -0.2200806736946106 1.266592025756836
-0.10601341724395752 -0.17304080724716187 1.0326257944107056
-0.026665374636650085 -0.15182793140411377 0.9271174669265747
0.02040603756904602 -0.14875245094299316 0.9118207097053528
0.08066007494926453 -0.12918248772621155 0.8144838809967041
0.12411622703075409 -0.11980985850095749 0.7678664326667786
0.1640782356262207 -0.1064954400062561 0.7016433477401733
0.1964430809020996 -0.09853699058294296 0.6620597243309021
0.24598923325538635 -0.2253279983997345 1.2926911115646362
0.3016327917575836 -0.20814231038093567 1.2072131633758545
0.32165175676345825 -0.15230897068977356 0.9295101165771484
0.36690688133239746 -0.1540226936340332 0.9380336999893188
0.41363459825515747 -0.15620338916778564 0.9488800764083862
0.46677064895629883 -0.1619376540184021 0.9774011373519897
0.3848077654838562 -0.0884385034441948 0.6118320226669312
-1.651291012763977 -0.3737907111644745 2.7214863300323486
-1.545712947845459 -0.38125085830688477 2.771911382675171
-1.4399131536483765 -0.3899657428264618 2.830817222595215
-1.3378692865371704 -0.4013630151748657 2.9078540802001953
-1.2648152112960815 -0.4237791895866394 3.059370279312134
-0.3790620267391205 -0.18193364143371582 1.4246796369552612
-0.06517723202705383 -0.09006361663341522 0.803708553314209
-0.029286444187164307 -0.09052286297082901 0.8068127036094666
0.008540868759155273 -0.09015286713838577 0.8043118119239807
0.04556344449520111 -0.09012435376644135 0.8041191101074219
0.08326414227485657 -0.08952319622039795 0.800055742263794
0.12535510957241058 -0.08332210779190063 0.7581411004066467
0.16408203542232513 -0.07495594769716263 0.7015922665596008
0.19642701745033264 -0.0692194253206253 0.6628177762031555
0.23196619749069214 -0.09738604724407196 0.8532025814056396
0.2741120457649231 -0.10186289995908737 0.88346266746521
0.32194724678993225 -0.10899198800325394 0.9316498637199402
0.39279109239578247 -0.1299647092819214 1.0734094381332397
0.4356483519077301 -0.12487237900495529 1.0389890670776367
0.4743797779083252 -0.11954595893621445 1.0029865503311157
0.38696372509002686 -0.06258633732795715 0.6179831624031067
-1.67551589012146 -0.23821741342544556 2.755535364151001
-1.5617202520370483 -0.24207627773284912 2.79622483253479
-1.4496175050735474 -0.24687746167182922 2.8468501567840576
-1.1574268341064453 -0.2216714322566986 2.581068754196167
-1.0030003786087036 -0.21728068590164185 2.534771203994751
-0.3591848909854889 -0.10777557641267776 1.3801097869873047
-0.06387099623680115 -0.052795857191085815 0.8003838062286377
-0.029051125049591064 -0.0533398762345314 0.8061201572418213
0.008336320519447327 -0.05323604494333267 0.8050253391265869
0.04531705379486084 -0.05325014144182205 0.805173933506012
0.08271192014217377 -0.05305491387844086 0.8031153678894043
0.1256987452507019 -0.0485338419675827 0.7554435729980469
0.16404734551906586 -0.043471015989780426 0.7020593285560608
0.1964055299758911 -0.03984560817480087 0.6638317108154297
0.24501270055770874 -0.09658249467611313 1.2620859146118164
0.2998814582824707 -0.08942461013793945 1.1866105794906616
0.3486023545265198 -0.08354907482862473 1.1246567964553833
0.39323633909225464 -0.07890975475311279 1.0757380723953247
0.4349990487098694 -0.07517251372337341 1.036331295967102
0.4730782210826874 -0.07159513235092163 0.9986101388931274
0.5073310136795044 -0.0680663138628006 0.9614010453224182
-1.7040185928344727 -0.09927842020988464 2.7955970764160156
-1.579330325126648 -0.10042078793048859 2.8229727745056152
-1.4526112079620361 -0.10162355750799179 2.8517961502075195
-1.1412485837936401 -0.08910372853279114 2.551769733428955
-0.9470782279968262 -0.08371859788894653 2.422719955444336
-0.3326455056667328 -0.037728194147348404 1.3206015825271606
-0.06333300471305847 -0.015962837263941765 0.7990144491195679
-0.028295263648033142 -0.016166523098945618 0.8038955926895142
0.009304314851760864 -0.016072764992713928 0.8016487956047058
0.045866578817367554 -0.016121694818139076 0.8028213381767273
0.08288489282131195 -0.016093971207737923 0.8021569848060608
0.12565091252326965 -0.014160331338644028 0.7558190226554871
0.16406777501106262 -0.01190551370382309 0.7017843723297119
0.19646389782428741 -0.010206850245594978 0.6610774397850037
0.2447519600391388 -0.034945402294397354 1.253914475440979
0.2989925742149353 -0.03170052543282509 1.1761538982391357
0.34794074296951294 -0.02935168147087097 1.1198660135269165
0.3923337459564209 -0.02731328457593918 1.0710176229476929
0.43375879526138306 -0.025654006749391556 1.031254529953003
0.4719502329826355 -0.02413351461291313 0.9948173761367798
0.5072321891784668 -0.022727321833372116 0.9611192345619202
-2.3482577800750732 0.05376385152339935 3.7011022567749023
-2.24465274810791 0.05527079105377197 3.833531141281128
-2.1038057804107666 0.05634197220206261 3.9276657104492188
-1.939860463142395 0.05714315548539162 3.9980733394622803
-0.5165001153945923 0.02939940243959427 1.5599695444107056
-0.3675672709941864 0.027566615492105484 1.3989053964614868
-0.06501144170761108 0.020788930356502533 0.8032865524291992
-0.027795687317848206 0.02077912911772728 0.8024253249168396
0.009062603116035461 0.020779887214303017 0.8024919033050537
0.045800358057022095 0.020786862820386887 0.803104817867279
0.08258633315563202 0.020794900134205818 0.803811252117157
0.12538397312164307 0.0202726311981678 0.7579144835472107
0.16395938396453857 0.01965051330626011 0.7032432556152344
0.19644227623939514 0.01918230578303337 0.6620973944664001
0.24483703076839447 0.025947069749236107 1.2565807104110718
0.29879164695739746 0.025004979223012924 1.1737903356552124
0.3475923538208008 0.024362655356526375 1.1173433065414429
0.3915756344795227 0.0237903855741024 1.0670527219772339
0.4330204427242279 0.023348640650510788 1.028232216835022
0.47107577323913574 0.022934943437576294 0.991877019405365
0.5055167078971863 0.022529250010848045 0.956224799156189
-2.3791496753692627 0.24739208817481995 3.7445220947265625
-2.2312235832214355 0.25181666016578674 3.813133478164673
-2.072544574737549 0.2558719217777252 3.8760178089141846
-1.9271999597549438 0.2622643709182739 3.975144624710083
-0.49039533734321594 0.10314252227544785 1.5076634883880615
-0.31998685002326965 0.08924893289804459 1.292217493057251
-0.06407520174980164 0.057565294206142426 0.8009035587310791
-0.028681129217147827 0.057831477373838425 0.8050312399864197
0.008608981966972351 0.057769764214754105 0.804074227809906
0.045951589941978455 0.057665497064590454 0.8024573922157288
0.08307576179504395 0.05757792666554451 0.8010994791984558
0.1256369948387146 0.05466494336724281 0.7559282183647156
0.16410845518112183 0.0511380173265934 0.7012366652488708
0.19646506011486053 0.048544686287641525 0.6610221862792969
0.23432810604572296 0.06571151316165924 0.9272258281707764
0.29867708683013916 0.08152493089437485 1.1724424362182617
0.34720349311828613 0.07779014110565186 1.1145275831222534
0.3908168375492096 0.07447268068790436 1.0630840063095093
0.43131157755851746 0.07177408039569855 1.0212372541427612
0.46920090913772583 0.06947416067123413 0.9855727553367615
0.5029367804527283 0.06710690259933472 0.9488640427589417
-2.3696541786193848 0.43895673751831055 3.731175661087036
-2.2284278869628906 0.44809526205062866 3.808887004852295
-2.0827627182006836 0.45797479152679443 3.892899513244629
-1.940994143486023 0.4705842137336731 4.000126361846924
-1.7933653593063354 0.48449596762657166 4.118427276611328
-0.4247192442417145 0.17976123094558716 1.5270551443099976
-0.06633323431015015 0.09504464268684387 0.8066509366035461
-0.030577480792999268 0.09551048278808594 0.8106123208999634
0.006828829646110535 0.09547184407711029 0.8102837204933167
0.045089155435562134 0.09498568624258041 0.8061496019363403
0.08336544781923294 0.09420306980609894 0.7994944453239441
0.12629443407058716 0.08847296237945557 0.7507673501968384
0.1643446385860443 0.08227448165416718 0.6980573534965515
0.1965436041355133 0.07748344540596008 0.6573157906532288
0.22504597902297974 0.07501442730426788 0.6363200545310974
0.29849928617477417 0.13781426846981049 1.1703509092330933
0.3467477560043335 0.13086162507534027 1.1112277507781982
0.390247106552124 0.12484972178936005 1.0601043701171875
0.4304545223712921 0.11986657232046127 1.0177291631698608
0.46806612610816956 0.1156364157795906 0.9817571640014648
0.5016155242919922 0.11132503300905228 0.9450944662094116
-2.333185911178589 0.6226322054862976 3.679918050765991
-2.1519060134887695 0.6248070001602173 3.6926581859588623
-2.0353949069976807 0.6456300020217896 3.814640998840332
-1.799394965171814 0.6335178017616272 3.7436869144439697
-1.4156605005264282 0.568297266960144 3.361619472503662
-0.40092334151268005 0.24602118134498596 1.4736984968185425
-0.22864452004432678 0.20267683267593384 1.2197835445404053
-0.13440799713134766 0.18499350547790527 1.1161930561065674
-0.051584064960479736 0.16755524277687073 1.0140382051467896
0.016278207302093506 0.1531229019165039 0.9294924139976501
0.07445162534713745 0.13936245441436768 0.8488823771476746
0.12659265100955963 0.1222141683101654 0.7484263181686401
0.16450834274291992 0.11323980242013931 0.6958537101745605
0.19661584496498108 0.10607930272817612 0.6539068818092346
0.22514861822128296 0.10362623631954193 0.6395366191864014
0.26944804191589355 0.13589942455291748 0.828595757484436
0.34643641114234924 0.18376106023788452 1.1089733839035034
0.3899971842765808 0.17519578337669373 1.0587972402572632
0.4295555651187897 0.16755715012550354 1.0140494108200073
0.4665745794773102 0.16118860244750977 0.9767418503761292
0.49995437264442444 0.1549772024154663 0.9403550028800964
-2.317882537841797 0.8075212836265564 3.6584086418151855
-2.149775743484497 0.8144625425338745 3.689422369003296
-1.8388758897781372 0.7698209285736084 3.489962577819824
-1.1738864183425903 0.5730706453323364 2.610877513885498
-1.0305312871932983 0.5683834552764893 2.589935064315796
-0.5430173873901367 0.38986513018608093 1.7923108339309692
-0.22704559564590454 0.26081550121307373 1.2157138586044312
-0.13467711210250854 0.23871874809265137 1.1169850826263428
-0.02187199890613556 0.19248181581497192 0.9103973507881165
0.022623464465141296 0.1906757354736328 0.9023277163505554
0.07471811771392822 0.17838352918624878 0.8474058508872986
0.12402797490358353 0.16073668003082275 0.7685592174530029
0.16455891728401184 0.14431193470954895 0.6951731443405151
0.19663898646831512 0.13483160734176636 0.6528148055076599
0.2247956246137619 0.12938372790813446 0.6284735202789307
0.2690426707267761 0.17310625314712524 0.8238268494606018
0.3088685870170593 0.1760430634021759 0.8369486331939697
0.3507470488548279 0.17975130677223206 0.8535170555114746
0.3921276032924652 0.1813914179801941 0.8608452081680298
0.43458861112594604 0.1832590401172638 0.8691896796226501
0.5001417398452759 0.19930633902549744 0.9408894777297974
-2.304572582244873 0.9909014701843262 3.6397008895874023
-2.165929079055786 1.0114647150039673 3.7139575481414795
-1.9579182863235474 1.003899335861206 3.6866378784179688
-0.3533581793308258 0.29449591040611267 1.1248830556869507
-0.24868282675743103 0.2663774788379669 1.0233434438705444
-0.17859220504760742 0.2530381381511688 0.97517329454422
-0.12932997941970825 0.2507740259170532 0.9669972062110901
-0.09759306907653809 0.2620853781700134 1.007844090461731
-0.009429261088371277 0.2230812907218933 0.8669948577880859
0.020561620593070984 0.23531004786491394 0.9111546874046326
0.07302229106426239 0.22025859355926514 0.8568017482757568
0.12285378575325012 0.1983748972415924 0.7777766585350037
0.16355371475219727 0.17924726009368896 0.7087040543556213
0.19667020440101624 0.1633622944355011 0.6513412594795227
0.2244446575641632 0.15398380160331726 0.6174742579460144
0.30602389574050903 0.33159950375556946 1.2588694095611572
0.35511910915374756 0.30750036239624023 1.1718440055847168
0.3973972201347351 0.2869129180908203 1.0974998474121094
0.4381389617919922 0.2735331952571869 1.0491838455200195
0.47521641850471497 0.26151928305625916 1.0057997703552246
0.4692140817642212 0.2191089689731598 0.8526502847671509
-1.5260188579559326 -1.1374939680099487 2.324796199798584
-1.4453694820404053 -1.1651719808578491 2.3780534267425537
-1.3527910709381104 -1.187463641166687 2.4209463596343994
-1.249139428138733 -1.203620433807373 2.4520347118377686
-1.0179452896118164 -1.0904009342193604 2.2341809272766113
-0.7121120691299438 -0.8632434606552124 1.797091007232666
-0.5528106689453125 -0.7685180306434631 1.6148228645324707
-0.41615840792655945 -0.6788293123245239 1.442246437072754
-0.3384062647819519 -0.662692129611969 1.4111957550048828
-0.2682724893093109 -0.6561685800552368 1.3986432552337646
-0.1444091498851776 -0.4910937249660492 1.0810108184814453
-0.08763302117586136 -0.46210047602653503 1.0252227783203125
-0.028601743280887604 -0.3758847415447235 0.8593288064002991
0.0109694330021739 -0.3348615765571594 0.7803931832313538
0.04242434725165367 -0.29817822575569153 0.7098081111907959
0.08898379653692245 -0.3996679186820984 0.9050917625427246
0.12724041938781738 -0.3918715715408325 0.8900902271270752
0.15949292480945587 -0.37208572030067444 0.8520188331604004
0.19072109460830688 -0.35872161388397217 0.826304018497467
0.21083781123161316 -0.3307124376296997 0.7724095582962036
0.2359561026096344 -0.31860584020614624 0.7491143941879272
-1.5429961681365967 -1.0328940153121948 2.348658561706543
-1.4509029388427734 -1.0505311489105225 2.386458158493042
-1.3557956218719482 -1.0689393281936646 2.425910234451294
-1.2532925605773926 -1.0846383571624756 2.4595561027526855
-0.8784192800521851 -0.8490336537361145 1.9546122550964355
-0.7366421222686768 -0.8011990189552307 1.8520936965942383
-0.6102365255355835 -0.7586902379989624 1.7609896659851074
-0.44880759716033936 -0.6548006534576416 1.5383353233337402
-0.3716135621070862 -0.649524986743927 1.5270285606384277
-0.29785728454589844 -0.6487179398536682 1.525298833847046
-0.14761298894882202 -0.4496976435184479 1.098762035369873
-0.08191698789596558 -0.39444780349731445 0.980351448059082
-0.02778531238436699 -0.3328513205051422 0.8483389019966125
0.011107426136732101 -0.29810965061187744 0.773881196975708
0.042461737990379333 -0.26876017451286316 0.7109798789024353
0.09483643621206284 -0.3914569616317749 0.9739415049552917
0.1305001676082611 -0.36334556341171265 0.9136936664581299
0.16314814984798431 -0.34348824620246887 0.8711358308792114
0.19915539026260376 -0.338678777217865 0.8608282208442688
0.21751387417316437 -0.3078972101211548 0.7948576807975769
0.2412220984697342 -0.2935638427734375 0.7641386985778809
-1.5481525659561157 -0.9188893437385559 2.3559060096740723
-1.4625747203826904 -0.9388527274131775 2.404186487197876
-1.3686256408691406 -0.9565999507904053 2.4471073150634766
-1.267433762550354 -0.9723367691040039 2.485166072845459
-1.1541279554367065 -0.9813857078552246 2.5070505142211914
-0.7178499698638916 -0.693146288394928 1.8099567890167236
-0.6580065488815308 -0.7231746912002563 1.8825790882110596
-0.569015383720398 -0.7271178364753723 1.892115592956543
-0.4703228771686554 -0.7185291647911072 1.8713443279266357
-0.35815584659576416 -0.6821834444999695 1.7834436893463135
-0.14278921484947205 -0.38802507519721985 1.072035312652588
-0.07577890902757645 -0.33019131422042847 0.9321671724319458
-0.0273263119161129 -0.2929746210575104 0.8421603441238403
0.011201334185898304 -0.2629096806049347 0.7694496512413025
0.04246078431606293 -0.2387208342552185 0.7109500765800476
0.09615854918956757 -0.35389551520347595 0.9894946813583374
0.13881513476371765 -0.34744793176651 0.9739015102386475
0.1880161017179489 -0.3587340712547302 1.0011963844299316
0.22919654846191406 -0.35153916478157043 0.9837959408760071
0.22167576849460602 -0.27920204401016235 0.808851957321167
0.24736182391643524 -0.26795679330825806 0.7816558480262756
-1.5561103820800781 -0.8055339455604553 2.367091178894043
-1.4674792289733887 -0.8215869069099426 2.4116358757019043
-1.376492977142334 -0.8390543460845947 2.4601054191589355
-1.2826764583587646 -0.8580338954925537 2.512770891189575
-1.1862908601760864 -0.8791968822479248 2.571495294570923
-1.08782160282135 -0.9037156105041504 2.639531135559082
-0.7906830310821533 -0.7526270151138306 2.2202820777893066
-0.5713355541229248 -0.6368235349655151 1.8989441394805908
-0.47038960456848145 -0.6269610524177551 1.8715770244598389
-0.3374207317829132 -0.563209056854248 1.6946744918823242
-0.1315704733133316 -0.31642237305641174 1.0098768472671509
-0.07313834130764008 -0.2809472382068634 0.911438524723053
-0.023823406547307968 -0.23898813128471375 0.7950080037117004
0.011281445622444153 -0.22841501235961914 0.7656691670417786
0.04236656427383423 -0.20763123035430908 0.7079971432685852
0.11053953319787979 -0.3700445592403412 1.1586706638336182
0.16288459300994873 -0.3662661015987396 1.1481859683990479
0.23762428760528564 -0.4067956507205963 1.2606496810913086
0.28151920437812805 -0.38420677185058594 1.1979687213897705
0.2701183557510376 -0.30267834663391113 0.9717391729354858
0.2511976957321167 -0.23812028765678406 0.7925999164581299
-1.5626081228256226 -0.690359890460968 2.3762240409851074
-1.4758226871490479 -0.705134928226471 2.4243087768554688
-1.3854358196258545 -0.7206740379333496 2.4748802185058594
-1.2930057048797607 -0.738064706325531 2.531477451324463
-1.19901704788208 -0.7581962943077087 2.5969948768615723
-1.1007558107376099 -0.780177891254425 2.6685330867767334
-1.0004470348358154 -0.8064998984336853 2.754196882247925
-0.6411455869674683 -0.6068363189697266 2.1043999195098877
-0.5115569829940796 -0.5794204473495483 2.0151760578155518
-0.205588236451149 -0.3075193166732788 1.1302849054336548
-0.1310567408800125 -0.2696468234062195 1.0070304870605469
-0.07184964418411255 -0.23716574907302856 0.9013221859931946
-0.02507200837135315 -0.20966291427612305 0.8118153214454651
0.011404515244066715 -0.19369900226593018 0.7598614692687988
0.04219274967908859 -0.17608878016471863 0.7025496363639832
0.13137933611869812 -0.3915709853172302 1.4038276672363281
0.18604052066802979 -0.3645398020744324 1.3158557415008545
0.23536169528961182 -0.34394052624702454 1.2488162517547607
0.27948498725891113 -0.3257580101490021 1.1896419525146484
0.3187047839164734 -0.30900195240974426 1.1351101398468018
0.2239258885383606 -0.17985022068023682 0.7147911787033081
-1.576950192451477 -0.5770180225372314 2.3963823318481445
-1.5010243654251099 -0.5938449501991272 2.462587594985962
-1.40803062915802 -0.6064571142196655 2.5122101306915283
-1.3126457929611206 -0.6203942894935608 2.5670459270477295
-1.2167329788208008 -0.6370283365249634 2.6324923038482666
-1.1107056140899658 -0.6518588662147522 2.690843105316162
-0.760046124458313 -0.5124403238296509 2.1423017978668213
-0.23382940888404846 -0.1981271505355835 0.9056389927864075
-0.19329793751239777 -0.1979728639125824 0.9050319790840149
-0.15119002759456635 -0.19603314995765686 0.8974002003669739
-0.10986976325511932 -0.194061279296875 0.8896418809890747
-0.07103489339351654 -0.19540438055992126 0.8949263095855713
-0.02426425740122795 -0.17151716351509094 0.8009422421455383
0.011534196324646473 -0.15952056646347046 0.7537417411804199
0.04208289831876755 -0.1456344723701477 0.6991069316864014
0.13110405206680298 -0.3239248991012573 1.4005892276763916
0.18453842401504517 -0.2996244430541992 1.3049793243408203
0.2338821440935135 -0.28338319063186646 1.2410781383514404
0.2775033414363861 -0.26824840903282166 1.181530475616455
0.31554290652275085 -0.2537478804588318 1.1244783401489258
0.2221684604883194 -0.14834639430046082 0.7097770571708679
-1.5867335796356201 -0.46024683117866516 2.4101333618164062
-1.5017677545547485 -0.47102001309394836 2.463716745376587
-1.4130902290344238 -0.4824504554271698 2.520569324493408
-1.3239612579345703 -0.49591487646102905 2.587538480758667
-1.2302212715148926 -0.5103867650032043 2.6595187187194824
-0.930245041847229 -0.4353301227092743 2.286202907562256
-0.7611420154571533 -0.40695899724960327 2.1450910568237305
-0.230190247297287 -0.15560874342918396 0.8949286341667175
-0.18979088962078094 -0.15518054366111755 0.8927987813949585
-0.14928685128688812 -0.15446755290031433 0.8892524838447571
-0.10890902578830719 -0.15347561240196228 0.8843187689781189
-0.0701230838894844 -0.1541692018508911 0.887768566608429
-0.023685269057750702 -0.13514545559883118 0.7931485176086426
0.011729350313544273 -0.12537097930908203 0.7445323467254639
0.04193594306707382 -0.11531201004981995 0.6945012211799622
0.0870458260178566 -0.1530684530735016 0.8822937607765198
0.1319379061460495 -0.16147461533546448 0.9241042137145996
0.17833901941776276 -0.1667986512184143 0.9505848288536072
0.22881245613098145 -0.17315980792045593 0.9822237491607666
0.30820372700691223 -0.19679909944534302 1.0998005867004395
0.22641801834106445 -0.12082092463970184 0.7219014167785645
-1.5867524147033691 -0.3399845361709595 2.4101598262786865
-1.5010929107666016 -0.34775641560554504 2.4626917839050293
-1.420486330986023 -0.3581269681453705 2.5327887535095215
-1.3311402797698975 -0.3681504726409912 2.6005399227142334
-1.1201857328414917 -0.34425732493400574 2.439040422439575
-0.7874535322189331 -0.2742769122123718 1.9660265445709229
-0.5647754669189453 -0.22682338953018188 1.6452770233154297
-0.22524556517601013 -0.11365954577922821 0.8803761005401611
-0.18646469712257385 -0.1137809157371521 0.8811964392662048
-0.14713291823863983 -0.11360852420330048 0.8800312280654907
-0.10737289488315582 -0.11298367381095886 0.8758077025413513
-0.0664786547422409 -0.11052065342664719 0.8591595888137817
-0.02273155376315117 -0.09885528683662415 0.7803106307983398
0.011894232593476772 -0.09241089969873428 0.7367514967918396
0.04166093468666077 -0.08488503843545914 0.6858824491500854
0.11623873561620712 -0.1647510528564453 1.2257153987884521
0.17599225044250488 -0.16732260584831238 1.2430973052978516
0.22488833963871002 -0.16006481647491455 1.194040060043335
0.2674788236618042 -0.15214335918426514 1.1404972076416016
0.30623066425323486 -0.14514094591140747 1.0931661128997803
0.33982205390930176 -0.13808190822601318 1.04545259475708
-1.5816295146942139 -0.21903404593467712 2.4029593467712402
-1.5009764432907104 -0.22468215227127075 2.462514877319336
-1.4211382865905762 -0.23144888877868652 2.5338659286499023
-1.3292326927185059 -0.2374444603919983 2.5970852375030518
-1.0814603567123413 -0.21509703993797302 2.3614461421966553
-0.796714186668396 -0.17956575751304626 1.9867913722991943
-0.5248204469680786 -0.13753265142440796 1.543579339981079
-0.22413364052772522 -0.07432582974433899 0.8771036267280579
-0.18425238132476807 -0.0739821270108223 0.8734794855117798
-0.1450706273317337 -0.07376617193222046 0.8712023496627808
-0.10563924908638 -0.07329197227954865 0.8662022352218628
-0.0651329755783081 -0.07162223756313324 0.848595917224884
-0.022147636860609055 -0.0644008070230484 0.7724505662918091
0.012143338099122047 -0.05990034341812134 0.7249960899353027
0.04150870069861412 -0.0557384230196476 0.6811112761497498
0.11598598957061768 -0.1071052998304367 1.2227420806884766
0.17348656058311462 -0.1073150485754013 1.2249538898468018
0.22276490926742554 -0.10333003848791122 1.1829345226287842
0.2658306360244751 -0.09866556525230408 1.133750557899475
0.3042452335357666 -0.09418351948261261 1.0864901542663574
0.3379353880882263 -0.08978112787008286 1.040069818496704
-1.5788708925247192 -0.09898704290390015 2.3990819454193115
-1.4945036172866821 -0.10122377425432205 2.452683210372925
-1.4109387397766113 -0.10390827059745789 2.517014741897583
-1.0872013568878174 -0.08895867317914963 2.1587612628936768
-1.2357922792434692 -0.11032064259052277 2.6706814765930176
-0.644399881362915 -0.06753083318471909 1.6452624797821045
-0.4935900866985321 -0.05997060239315033 1.4640882015228271
-0.2220623940229416 -0.0352218896150589 0.8710078001022339
-0.1819261759519577 -0.03498643636703491 0.8653652667999268
-0.14303305745124817 -0.034866005182266235 0.8624792695045471
-0.10406318306922913 -0.03465696796774864 0.857469916343689
-0.06377026438713074 -0.03384027257561684 0.8378985524177551
-0.021494485437870026 -0.030742306262254715 0.7636585831642151
0.012368813157081604 -0.0286849457770586 0.7143558263778687
0.0411374494433403 -0.026812152937054634 0.6694760322570801
0.11498896032571793 -0.04941001161932945 1.2110133171081543
0.17061114311218262 -0.04912291467189789 1.2041332721710205
0.2199079394340515 -0.04761479049921036 1.167992353439331
0.26322415471076965 -0.04574069753289223 1.1230814456939697
0.3014667332172394 -0.04382391646504402 1.0771474838256836
0.3348795473575592 -0.041912879794836044 1.0313513278961182
-1.5912820100784302 0.020890751853585243 2.4165263175964355
-1.5024223327636719 0.02143905684351921 2.4647109508514404
-1.4073989391326904 0.021967686712741852 2.511166572570801
-1.1112569570541382 0.01845332235097885 2.202326536178589
-0.8257131576538086 0.014432793483138084 1.8490047454833984
-0.6869519948959351 0.01320008747279644 1.740675449371338
-0.47233089804649353 0.009436992928385735 1.4099769592285156
-0.22101615369319916 0.003268897533416748 0.8679286241531372
-0.18043866753578186 0.0031806854531168938 0.8601765632629395
-0.14080959558486938 0.003098570741713047 0.8529604077339172
-0.10207736492156982 0.003024684265255928 0.8464673161506653
-0.06171116232872009 0.0027432432398200035 0.8217344284057617
-0.02059708908200264 0.0019449261017143726 0.7515788078308105
0.012426602654159069 0.0014903247356414795 0.7116287350654602
0.040906377136707306 0.0009282520040869713 0.6622341275215149
0.11349766701459885 0.0069733066484332085 1.193469762802124
0.16828858852386475 0.006903279572725296 1.1873159408569336
0.21779660880565643 0.006557740271091461 1.1569499969482422
0.26197272539138794 0.006114051677286625 1.1179590225219727
0.2998211681842804 0.0055866846814751625 1.0716142654418945
0.33301353454589844 0.005067940801382065 1.0260274410247803
-2.349804401397705 0.2102488875389099 3.4826607704162598
-2.3006696701049805 0.22279223799705505 3.677168846130371
-2.0118839740753174 0.21200323104858398 3.5098648071289062
-1.788719654083252 0.20680302381515503 3.4292261600494385
-1.2274090051651 0.15680310130119324 2.653883934020996
-0.662893533706665 0.09443370252847672 1.686730146408081
-0.4622220993041992 0.07492730766534805 1.384247064590454
-0.21679195761680603 0.040829479694366455 0.8554965257644653
-0.1791093796491623 0.0408322699368 0.8555397987365723
-0.13964004814624786 0.04034304618835449 0.8479534387588501
-0.10043305903673172 0.03965969756245613 0.8373568654060364
-0.05870969593524933 0.037132807075977325 0.7981727123260498
-0.01964656263589859 0.03330296277999878 0.7387838363647461
0.012638899497687817 0.03090573474764824 0.7016103267669678
0.040768176317214966 0.02808714285492897 0.6579028367996216
0.11255297064781189 0.06190788745880127 1.182356595993042
0.16575418412685394 0.06104426085948944 1.1689643859863281
0.2150271236896515 0.059335410594940186 1.1424654722213745
0.25878727436065674 0.056914180517196655 1.1049199104309082
0.2972785234451294 0.054215047508478165 1.0630648136138916
0.3313837945461273 0.0515267476439476 1.0213775634765625
-2.3515233993530273 0.38775938749313354 3.485077142715454
-2.3005454540252686 0.41032639145851135 3.6769800186157227
-2.1868338584899902 0.42466458678245544 3.79890775680542
-2.083871603012085 0.4440496861934662 3.9637527465820312
-1.8257856369018555 0.4310082793235779 3.8528525829315186
-0.6294620037078857 0.1674659252166748 1.6117677688598633
-0.4298217296600342 0.13101240992546082 1.3017780780792236
-0.3376777172088623 0.12036927789449692 1.2112720012664795
-0.24238228797912598 0.10449086874723434 1.076246976852417
-0.16869059205055237 0.09226973354816437 0.9723220467567444
-0.10951419174671173 0.08231520652770996 0.8876717686653137
-0.056769080460071564 0.06999903917312622 0.7829387784004211
-0.018817085772752762 0.06349357217550278 0.7276182770729065
0.012814310379326344 0.059461720287799835 0.6933326125144958
0.040548328310251236 0.05448508262634277 0.6510127782821655
0.07767346501350403 0.06871720403432846 0.772038459777832
0.1647096872329712 0.11450468003749847 1.1614012718200684
0.21215373277664185 0.11051066964864731 1.1274374723434448
0.2554197907447815 0.10624173283576965 1.0911357402801514
0.2939160168170929 0.10161112248897552 1.0517584085464478
0.3275355398654938 0.09674733132123947 1.0103981494903564
-2.332552433013916 0.5605623126029968 3.4584124088287354
-2.223768711090088 0.5779659152030945 3.560364007949829
-2.112130641937256 0.5976178646087646 3.6754870414733887
-1.9904210567474365 0.6179358959197998 3.7945117950439453
-1.8775296211242676 0.6455934047698975 3.9565320014953613
-0.7100597620010376 0.2761821746826172 1.7924892902374268
-0.4379532039165497 0.19594880938529968 1.3224751949310303
-0.32993608713150024 0.1730765998363495 1.1884877681732178
-0.23806226253509521 0.15134426951408386 1.0611779689788818
-0.16157494485378265 0.13097605109214783 0.9418591856956482
-0.10823096334934235 0.12051234394311905 0.880561888217926
-0.05979158729314804 0.10789794474840164 0.8066656589508057
-0.020087771117687225 0.09732405841350555 0.7447229027748108
0.01285457331687212 0.08822717517614365 0.6914325952529907
0.04040597379207611 0.08056574314832687 0.646551251411438
0.0801042765378952 0.10686834156513214 0.8006341457366943
0.1158185824751854 0.10802087932825089 0.8073858022689819
0.15674921870231628 0.11319036781787872 0.8376691341400146
0.2534462809562683 0.1550792157649994 1.0830576419830322
0.2904382050037384 0.14774009585380554 1.0400643348693848
0.3229959309101105 0.14046502113342285 0.9974463582038879
-2.3133065700531006 0.7304465770721436 3.431361675262451
-2.2055487632751465 0.7531250715255737 3.5326898097991943
-2.096734046936035 0.7793917655944824 3.650049924850464
-1.985640287399292 0.809786319732666 3.785853624343872
-1.8713351488113403 0.8452083468437195 3.944120168685913
-0.6933503150939941 0.3552607297897339 1.7550220489501953
-0.4348984360694885 0.25671109557151794 1.3146998882293701
-0.23709538578987122 0.16730943322181702 0.9152509570121765
-0.18666568398475647 0.15984448790550232 0.881897509098053
-0.15239767730236053 0.1644713282585144 0.9025702476501465
-0.10705284774303436 0.1580846607685089 0.8740344643592834
-0.05886612832546234 0.1413806974887848 0.7994007468223572
-0.019707709550857544 0.12799808382987976 0.7396069169044495
0.01292860321700573 0.11643417924642563 0.6879391074180603
0.04030802473425865 0.10648401826620102 0.6434815526008606
0.1193820983171463 0.2450714409351349 1.2626936435699463
0.17003808915615082 0.23103618621826172 1.199983835220337
0.16002050042152405 0.15377482771873474 0.8547781109809875
0.19772456586360931 0.15381810069084167 0.8549714088439941
0.23930886387825012 0.15676605701446533 0.8681429028511047
0.31900089979171753 0.18315473198890686 0.98604816198349
-0.6713554859161377 0.2658620774745941 1.1235313415527344
-0.6613677740097046 0.2835024893283844 1.1872332096099854
-0.6566182374954224 0.30663445591926575 1.270766019821167
-0.640192985534668 0.32835978269577026 1.3492190837860107
-0.5414888858795166 0.3090541660785675 1.2795038223266602
-0.42488887906074524 0.2740393877029419 1.1530606746673584
-0.36346301436424255 0.2684493958950043 1.1328744888305664
-0.3182315230369568 0.27431073784828186 1.1540405750274658
-0.23512986302375793 0.24576258659362793 1.0509490966796875
-0.16298113763332367 0.21722036600112915 0.9478791952133179
-0.10623538494110107 0.19551697373390198 0.8695052266120911
-0.05843765288591385 0.17517215013504028 0.7960371971130371
-0.01925736665725708 0.1578667163848877 0.7335448861122131
0.013082543388009071 0.14322584867477417 0.6806746125221252
0.039972417056560516 0.13001364469528198 0.6329635381698608
0.118290014564991 0.30084139108657837 1.2498464584350586
0.16910459101200104 0.2851615846157074 1.1932244300842285
0.21501260995864868 0.27108433842658997 1.1423895359039307
0.25947830080986023 0.2614915072917938 1.1077485084533691
0.2986437976360321 0.2503889203071594 1.0676555633544922
0.27566221356391907 0.19354918599128723 0.8623992800712585
-1.5378139019012451 -1.1044766902923584 2.0597763061523438
-1.4659979343414307 -1.1324107646942139 2.1135263442993164
-1.3718258142471313 -1.146050214767456 2.139770984649658
-1.245843768119812 -1.132373571395874 2.113454818725586
-1.149641752243042 -1.1467974185943604 2.141209125518799
-1.039204716682434 -1.1480679512023926 2.143653392791748
-0.6191344857215881 -0.7400965094566345 1.358646273612976
-0.5433663725852966 -0.7312349081039429 1.3415950536727905
-0.4609048068523407 -0.706956684589386 1.2948795557022095
-0.3645928204059601 -0.6408246159553528 1.1676300764083862
-0.2974512577056885 -0.6197763085365295 1.1271295547485352
-0.23773181438446045 -0.6114611625671387 1.1111297607421875
-0.17417103052139282 -0.5643865466117859 1.020550012588501
-0.12008756399154663 -0.5138309001922607 0.9232723712921143
-0.077503502368927 -0.4442378580570221 0.7893633246421814
-0.04507007077336311 -0.3995281159877777 0.7033340930938721
-0.018790751695632935 -0.3660396635532379 0.6388965845108032
0.03651996701955795 -0.43006080389022827 0.7620842456817627
0.07337263971567154 -0.4269862174987793 0.7561682462692261
0.10962466150522232 -0.4239599108695984 0.7503451108932495
0.15338248014450073 -0.4329797923564911 0.7677009105682373
-1.5338720083236694 -0.994668185710907 2.0542359352111816
-1.4607957601547241 -1.018646001815796 2.1056246757507324
-1.3825068473815918 -1.0428123474121094 2.1574177742004395
-1.2954710721969604 -1.0642352104187012 2.2033309936523438
-1.1927039623260498 -1.0755090713500977 2.2274928092956543
-1.0776100158691406 -1.076570749282837 2.2297682762145996
-0.946721613407135 -1.05916166305542 2.1924571990966797
-0.5871767997741699 -0.7223144769668579 1.4705322980880737
-0.4573674201965332 -0.6345983743667603 1.2825405597686768
-0.3756869435310364 -0.6031426787376404 1.215125322341919
-0.30867570638656616 -0.591101884841919 1.1893196105957031
-0.2460198700428009 -0.584976315498352 1.1761914491653442
-0.1721363663673401 -0.49957534670829773 0.9931615591049194
-0.12039849162101746 -0.47381162643432617 0.9379451870918274
-0.07850518822669983 -0.389835923910141 0.7579699158668518
-0.046799592673778534 -0.35484978556632996 0.6829882264137268
-0.021237261593341827 -0.32601112127304077 0.6211816668510437
0.04711537808179855 -0.41761186718940735 0.8174988031387329
0.08095661550760269 -0.40348008275032043 0.7872118353843689
0.11013432592153549 -0.38707783818244934 0.7520588040351868
0.16029030084609985 -0.40357235074043274 0.7874095439910889
-1.5327197313308716 -0.8870693445205688 2.052616596221924
-1.4588801860809326 -0.9077845215797424 2.102715015411377
-1.377679705619812 -0.927105724811554 2.149442672729492
-1.2933861017227173 -0.9478265643119812 2.199554920196533
-1.2062387466430664 -0.9705921411514282 2.254612445831299
-1.1096247434616089 -0.9900017976760864 2.301553726196289
-0.7404302358627319 -0.7277795672416687 1.6673816442489624
-0.5861805081367493 -0.6451724171638489 1.4676001071929932
-0.4763476848602295 -0.596028208732605 1.3487470149993896
-0.39290937781333923 -0.5712641477584839 1.2888563871383667
-0.3234412968158722 -0.5639344453811646 1.271129846572876
-0.2581630349159241 -0.5640941858291626 1.2715160846710205
-0.17279231548309326 -0.4526490569114685 1.0019912719726562
-0.11790089309215546 -0.37743204832077026 0.820082426071167
-0.08046035468578339 -0.32641252875328064 0.6966941356658936
-0.04817100241780281 -0.31407445669174194 0.6668550968170166
-0.022738970816135406 -0.29069292545318604 0.6103079319000244
0.05405213683843613 -0.3913648724555969 0.8537783622741699
0.0868103876709938 -0.37374815344810486 0.811173141002655
0.11889445036649704 -0.36148473620414734 0.781514585018158
0.16588905453681946 -0.37052711844444275 0.8033832311630249
-1.5295524597167969 -0.7786218523979187 2.0481648445129395
-1.4534791707992554 -0.7953243255615234 2.0945115089416504
-1.3736112117767334 -0.8126978874206543 2.1427206993103027
-1.2904722690582275 -0.8312779664993286 2.194277763366699
-1.2036638259887695 -0.8511620163917542 2.249453067779541
-1.1077156066894531 -0.8683952689170837 2.2972731590270996
-1.00390625 -0.883076012134552 2.338009834289551
-0.5719128251075745 -0.5542659759521484 1.4256093502044678
-0.5074263215065002 -0.5656343102455139 1.4571548700332642
-0.42236313223838806 -0.5504249334335327 1.414951205253601
-0.34295520186424255 -0.5375584959983826 1.3792486190795898
-0.27484819293022156 -0.5459362268447876 1.4024956226348877
-0.16484548151493073 -0.36305251717567444 0.8950196504592896
-0.11734891682863235 -0.32665950059890747 0.7940342426300049
-0.0802028551697731 -0.29448848962783813 0.7047643661499023
-0.049625374376773834 -0.2746610641479492 0.6497460603713989
-0.024670429527759552 -0.25540828704833984 0.5963224172592163
0.061500661075115204 -0.36222901940345764 0.8927345275878906
0.10664578527212143 -0.36209601163864136 0.8923655152320862
0.1427372694015503 -0.3510396480560303 0.8616856336593628
0.17974665760993958 -0.34427696466445923 0.842920184135437
-1.520777940750122 -0.6682255864143372 2.0358316898345947
-1.4447044134140015 -0.6821608543395996 2.081183433532715
-1.367469310760498 -0.6979514956474304 2.1325736045837402
-1.2869625091552734 -0.7149583697319031 2.1879215240478516
-1.200105905532837 -0.7316746711730957 2.2423243522644043
-1.1080961227416992 -0.7488210201263428 2.298126220703125
-1.0096359252929688 -0.7655572295188904 2.352593421936035
-0.6305617690086365 -0.5337595343589783 1.598217487335205
-0.5019838213920593 -0.48458173871040344 1.4381704330444336
-0.2807113528251648 -0.2911098599433899 0.8085241913795471
-0.2382568120956421 -0.2882315516471863 0.7991567850112915
-0.2096385657787323 -0.31632813811302185 0.8905959725379944
-0.16188570857048035 -0.3054453134536743 0.8551782965660095
-0.116753488779068 -0.27802374958992004 0.7659358978271484
-0.08112619817256927 -0.250335693359375 0.6758262515068054
-0.051226574927568436 -0.23653416335582733 0.6309097409248352
-0.027100086212158203 -0.22050070762634277 0.578729510307312
0.08819902688264847 -0.3598906397819519 1.0323684215545654
0.1668911874294281 -0.39264577627182007 1.138968586921692
0.2071499228477478 -0.37399545311927795 1.0782718658447266
0.24232932925224304 -0.35654306411743164 1.02147376537323
-1.528745412826538 -0.5651201009750366 2.047030448913574
-1.4452916383743286 -0.5740272402763367 2.082075595855713
-1.361826777458191 -0.584492564201355 2.123250961303711
-1.2788220643997192 -0.5971823930740356 2.1731791496276855
-1.195363163948059 -0.6123411059379578 2.232820987701416
-1.1049669981002808 -0.6271560192108154 2.291110038757324
-1.009063720703125 -0.6424126625061035 2.351137161254883
-0.908333420753479 -0.658827006816864 2.415719509124756
-0.31654277443885803 -0.24596549570560455 0.7913190722465515
-0.27585509419441223 -0.24505433440208435 0.7877340912818909
-0.23515331745147705 -0.2435871660709381 0.7819615602493286
-0.19474747776985168 -0.24148735404014587 0.7736998200416565
-0.15490290522575378 -0.23830614984035492 0.7611834406852722
-0.1157958060503006 -0.22802753746509552 0.7207422852516174
-0.08171221613883972 -0.2119436264038086 0.6574602723121643
-0.05268976092338562 -0.20082063972949982 0.6136969923973083
-0.02919425070285797 -0.18807920813560486 0.5635659098625183
0.11256111413240433 -0.33961525559425354 1.1597832441329956
0.16402465105056763 -0.3313426971435547 1.127234935760498
0.2026200294494629 -0.31502678990364075 1.0630401372909546
0.23615765571594238 -0.2999868094921112 1.0038654804229736
-1.5215094089508057 -0.45652878284454346 2.0368597507476807
-1.4428991079330444 -0.46488896012306213 2.078441619873047
-1.3642970323562622 -0.4747186601161957 2.1273322105407715
-1.2848434448242188 -0.4861288368701935 2.184083938598633
-1.200749397277832 -0.4980974793434143 2.2436137199401855
-1.1072258949279785 -0.5086652040481567 2.296175003051758
-1.007395625114441 -0.5188619494438171 2.346891403198242
-0.8998623490333557 -0.5276875495910645 2.3907885551452637
-0.30990639328956604 -0.2014535665512085 0.768170177936554
-0.2704835534095764 -0.20076347887516022 0.7647378444671631
-0.23122763633728027 -0.19985331594944 0.7602108716964722
-0.19223728775978088 -0.198603555560112 0.7539948225021362
-0.15356048941612244 -0.19641578197479248 0.7431132793426514
-0.11524908244609833 -0.18673075735569 0.694942057132721
-0.08237509429454803 -0.1750180423259735 0.6366854906082153
-0.05412356182932854 -0.16700491309165955 0.5968299508094788
-0.030933566391468048 -0.15778492391109467 0.5509716868400574
0.0588633194565773 -0.22372451424598694 0.8789411187171936
0.10454129427671432 -0.22469161450862885 0.8837512135505676
0.14749908447265625 -0.2234743982553482 0.8776970505714417
0.1917288899421692 -0.22335565090179443 0.8771064281463623
-1.5088467597961426 -0.34788933396339417 2.019062042236328
-1.4350011348724365 -0.35489949584007263 2.0664453506469727
-1.3571913242340088 -0.36217063665390015 2.1155924797058105
-1.2741931676864624 -0.3694501221179962 2.1647963523864746
-1.190761923789978 -0.3781501352787018 2.223601818084717
-1.1041522026062012 -0.38786742091178894 2.289283275604248
-0.9804855585098267 -0.3862568438053131 2.2783970832824707
-0.5726521611213684 -0.26041245460510254 1.4277851581573486
-0.3054047226905823 -0.16050207614898682 0.7524675726890564
-0.2655843496322632 -0.15921440720558167 0.7437638640403748
-0.22717368602752686 -0.15832459926605225 0.7377495169639587
-0.18939393758773804 -0.15742579102516174 0.7316742539405823
-0.15227988362312317 -0.15656782686710358 0.7258750200271606
-0.1147841289639473 -0.1487453281879425 0.6730009317398071
-0.08292005956172943 -0.14084577560424805 0.6196060180664062
-0.05566681921482086 -0.13479024171829224 0.5786752700805664
-0.03301297128200531 -0.12846404314041138 0.5359148979187012
0.06814513355493546 -0.18639524281024933 0.927485466003418
0.14853766560554504 -0.20656859874725342 1.0638419389724731
0.18854981660842896 -0.1994505375623703 1.015729308128357
0.2227356731891632 -0.1920298933982849 0.965571403503418
-1.5002100467681885 -0.24167697131633759 2.006922721862793
-1.4258379936218262 -0.2460019886493683 2.05252742767334
-1.350245475769043 -0.25089460611343384 2.104116916656494
-1.270753264427185 -0.2560584545135498 2.158566474914551
-1.1873401403427124 -0.26157599687576294 2.216745376586914
-0.9565205574035645 -0.23706133663654327 1.9582538604736328
-0.6822417378425598 -0.19542960822582245 1.5192738771438599
-0.5014952421188354 -0.16689220070838928 1.21836519241333
-0.3002856969833374 -0.12101424485445023 0.7346115112304688
-0.2617330849170685 -0.12031858414411545 0.7272761464118958
-0.2242545187473297 -0.11977795511484146 0.7215756177902222
-0.18719178438186646 -0.11909622699022293 0.7143871784210205
-0.15114513039588928 -0.11873707175254822 0.7106001377105713
-0.11432051658630371 -0.11309641599655151 0.6511229872703552
-0.08350178599357605 -0.10837836563587189 0.6013742685317993
-0.056823402643203735 -0.10493530333042145 0.5650693774223328
-0.03479428589344025 -0.10094712674617767 0.5230165719985962
0.06663485616445541 -0.1385568082332611 0.9195866584777832
0.14845982193946838 -0.1522074043750763 1.063523292541504
0.18460622429847717 -0.14641717076301575 1.0024690628051758
0.2180444598197937 -0.1416485458612442 0.9521870017051697
-1.4924323558807373 -0.13680435717105865 1.9959907531738281
-1.419222116470337 -0.13874423503875732 2.042478561401367
-1.3449561595916748 -0.1409517079591751 2.0953783988952637
-1.2637176513671875 -0.14305679500102997 2.145824909210205
-1.1831889152526855 -0.1456691473722458 2.2084274291992188
-0.9097636342048645 -0.13085469603538513 1.8534125089645386
-0.6318427324295044 -0.11155833303928375 1.3909927606582642
-0.3340229094028473 -0.08378718048334122 0.7254821062088013
-0.29611051082611084 -0.08356040716171265 0.720047652721405
-0.2582644820213318 -0.08324238657951355 0.7124266624450684
-0.22097419202327728 -0.08286574482917786 0.7034006714820862
-0.18476621806621552 -0.08252964168787003 0.6953463554382324
-0.1498674899339676 -0.08244851231575012 0.693402111530304
-0.11386849731206894 -0.07979410886764526 0.629791796207428
-0.08409226685762405 -0.0778360366821289 0.5828683972358704
-0.05792875960469246 -0.0765506848692894 0.5520660877227783
-0.036411359906196594 -0.07484986633062363 0.5113075375556946
0.06503938883543015 -0.09153877943754196 0.9112422466278076
0.1270121932029724 -0.09422986209392548 0.9757314920425415
0.17982885241508484 -0.09467527270317078 0.9864053130149841
0.21371299028396606 -0.09273168444633484 0.9398289918899536
-1.4881396293640137 -0.03303716331720352 1.9899572134017944
-1.4151089191436768 -0.03251060098409653 2.03623104095459
-1.3358780145645142 -0.03200821951031685 2.0803799629211426
-1.246341586112976 -0.03162159398198128 2.114356517791748
-1.1274194717407227 -0.03182271122932434 2.096682071685791
-0.6539457440376282 -0.04111819341778755 1.2798011302947998
-0.5746248364448547 -0.04151015728712082 1.2453553676605225
-0.4481278955936432 -0.04360455274581909 1.061301350593567
-0.3484739363193512 -0.04540930688381195 0.902700662612915
-0.25404831767082214 -0.0477798730134964 0.6943767666816711
-0.21790070831775665 -0.04787096381187439 0.6863717436790466
-0.1823294758796692 -0.047986507415771484 0.676217794418335
-0.14839254319667816 -0.04801689088344574 0.6735478639602661
-0.11341959238052368 -0.04875585809350014 0.6086079478263855
-0.08458589017391205 -0.049224793910980225 0.5673978924751282
-0.059003766626119614 -0.04954316467046738 0.5394198298454285
-0.0379166454076767 -0.04998709261417389 0.500407874584198
0.06158352643251419 -0.04551778361201286 0.8931679129600525
0.10778368264436722 -0.04547391086816788 0.8970232605934143
0.1745450794696808 -0.04465898126363754 0.9686387181282043
0.20885437726974487 -0.04514455422759056 0.9259669184684753
-1.4788419008255005 0.06963551789522171 1.97688889503479
-1.4059453010559082 0.07256476581096649 2.0223124027252197
-1.3307589292526245 0.075764000415802 2.0719223022460938
-1.2117643356323242 0.07446223497390747 2.051736354827881
-0.8796521425247192 0.045345716178417206 1.6002302169799805
-0.638444721698761 0.022440604865550995 1.2450437545776367
-0.5631779432296753 0.020581796765327454 1.216219425201416
-0.43674400448799133 0.008430935442447662 1.0277976989746094
-0.35420987010002136 0.0016539990901947021 0.9227086305618286
-0.2874225676059723 -0.003856651484966278 0.8372557163238525
-0.2319488525390625 -0.00856739655137062 0.7642068266868591
-0.18560537695884705 -0.012583225965499878 0.7019338607788086
-0.1456577181816101 -0.01678777113556862 0.6367345452308655
-0.11303087323904037 -0.019784551113843918 0.5902639031410217
-0.08500289916992188 -0.02210192382335663 0.5543287396430969
-0.060185227543115616 -0.02395964413881302 0.5255212783813477
-0.03932437673211098 -0.026236483827233315 0.49021464586257935
0.05851783603429794 -0.0012849830090999603 0.8771342039108276
0.10063657909631729 -0.0018889904022216797 0.8677679896354675
0.16912841796875 0.0034413784742355347 0.9504252672195435
0.20395171642303467 0.0009620897471904755 0.9119792580604553
-1.8396958112716675 0.2321009635925293 2.484084129333496
-1.7759015560150146 0.24387875199317932 2.5842390060424805
-1.5534881353378296 0.22690555453300476 2.439903736114502
-1.4185476303100586 0.2252970039844513 2.426225185394287
-1.1498448848724365 0.19182813167572021 2.141615867614746
-0.615990161895752 0.08047406375408173 1.1946946382522583
-0.526877760887146 0.07213999330997467 1.1238242387771606
-0.41516488790512085 0.05337928980588913 0.9642888307571411
-0.3457646071910858 0.04502541571855545 0.8932499885559082
-0.28178027272224426 0.035600148141384125 0.8131003379821777
-0.228062242269516 0.027318157255649567 0.7426728010177612
-0.1828605681657791 0.01999358832836151 0.6803869009017944
-0.14526519179344177 0.014238901436328888 0.6314507722854614
-0.11299188435077667 0.009179145097732544 0.5884241461753845
-0.08522208034992218 0.004361879080533981 0.5474595427513123
-0.06137900799512863 0.00013057515025138855 0.5114778280258179
-0.04072611406445503 -0.0035634636878967285 0.4800648093223572
0.022949710488319397 0.02125471830368042 0.691111147403717
0.0910165086388588 0.03739815205335617 0.8283900618553162
0.16370737552642822 0.049605436623096466 0.932197093963623
0.19987627863883972 0.045860543847084045 0.9003516435623169
-1.8257853984832764 0.35852107405662537 2.4645323753356934
-1.7493776082992554 0.3720782697200775 2.5439515113830566
-1.688065528869629 0.39227157831192017 2.662245750427246
-1.6036282777786255 0.40919941663742065 2.7614102363586426
-1.5181379318237305 0.4293690323829651 2.879565715789795
-0.5978218913078308 0.1348002552986145 1.1539565324783325
-0.48169848322868347 0.11002637445926666 1.0088289976119995
-0.4071008265018463 0.09837183356285095 0.9405556917190552
-0.2825309932231903 0.05264430493116379 0.6726799011230469
-0.25378331542015076 0.05615440011024475 0.6932423710823059
-0.22092102468013763 0.057838186621665955 0.7031061053276062
-0.18064749240875244 0.05099432170391083 0.6630141735076904
-0.14395253360271454 0.04259004443883896 0.613781213760376
-0.11262305080890656 0.03529033809900284 0.5710188746452332
-0.08570744842290878 0.028671957552433014 0.5322478413581848
-0.06257294863462448 0.022728823125362396 0.4974324405193329
-0.04221963509917259 0.017918027937412262 0.4692503809928894
0.02193766087293625 0.054887041449546814 0.685818076133728
0.0590134933590889 0.0568627268075943 0.6973918080329895
0.10216975957155228 0.061623044312000275 0.7252781391143799
0.1955515742301941 0.08940255641937256 0.8880128860473633
-0.7639159560203552 0.15319982171058655 0.9720308184623718
-0.8113754391670227 0.18614265322685242 1.11922025680542
-1.6411733627319336 0.5141517519950867 2.584773063659668
-1.572886347770691 0.5412247776985168 2.7057361602783203
-1.4915622472763062 0.56821209192276 2.8263158798217773
-0.5819015502929688 0.18592751026153564 1.1182589530944824
-0.47555097937583923 0.15793363749980927 0.9931816458702087
-0.3915601670742035 0.1359187215566635 0.8948184251785278
-0.28261426091194153 0.08626633882522583 0.6729703545570374
-0.2529246211051941 0.08998069167137146 0.6895661950111389
-0.21803128719329834 0.0894276350736618 0.6870951652526855
-0.17811301350593567 0.07958506047725677 0.6431182622909546
-0.14266230165958405 0.06913194805383682 0.5964134931564331
-0.11227846890687943 0.05980890244245529 0.5547578930854797
-0.08619996905326843 0.05131615698337555 0.5168120861053467
-0.06378055363893509 0.043799228966236115 0.48322629928588867
-0.04425031691789627 0.037380315363407135 0.45454642176628113
0.07801377028226852 0.1547817438840866 0.979098916053772
0.06590881198644638 0.09804920852184296 0.7256165146827698
0.09692058712244034 0.09402312338352203 0.7076278924942017
0.1398845613002777 0.09884904325008392 0.7291902303695679
-0.7629971504211426 0.20229724049568176 0.9707394242286682
-0.7580806612968445 0.2209981083869934 1.0382708311080933
-1.6150333881378174 0.6372973918914795 2.541585922241211
-1.555134892463684 0.673851490020752 2.6735877990722656
-1.434531807899475 0.6845008134841919 2.7120437622070312
-0.549117386341095 0.22279182076454163 1.0447481870651245
-0.46584412455558777 0.2016701102256775 0.9684746861457825
-0.3833944797515869 0.17461811006069183 0.870786190032959
-0.3160213828086853 0.1521083563566208 0.7895002961158752
-0.26216480135917664 0.13538900017738342 0.7291243672370911
-0.21672366559505463 0.12174396216869354 0.6798502206802368
-0.1759515404701233 0.10687343776226044 0.6261506676673889
-0.14148327708244324 0.09424366056919098 0.580542802810669
-0.11193360388278961 0.08259657025337219 0.5384835004806519
-0.08674761652946472 0.07184231281280518 0.49964842200279236
-0.06520164012908936 0.06266526132822037 0.46650877594947815
-0.04700835421681404 0.05382233113050461 0.43457573652267456
0.07480072230100632 0.1999586820602417 0.9622945189476013
0.11936087161302567 0.19500672817230225 0.9444122910499573
0.1497350037097931 0.17861385643482208 0.8852153420448303
0.1337951123714447 0.1305960863828659 0.7118164896965027
-1.2060712575912476 -0.861148476600647 1.5506253242492676
-1.1304441690444946 -0.8689100742340088 1.565559983253479
-1.0590946674346924 -0.8817063570022583 1.5901821851730347
-0.9780906438827515 -0.8878768086433411 1.6020551919937134
-0.6160811185836792 -0.6027401685714722 1.0534032583236694
-0.5532593727111816 -0.5983541011810303 1.0449637174606323
-0.45532989501953125 -0.5463417768478394 0.9448829293251038
-0.37517186999320984 -0.5052551031112671 0.8658251166343689
-0.32365208864212036 -0.500864565372467 0.8573769330978394
-0.27533024549484253 -0.5015929341316223 0.8587784767150879
-0.20974260568618774 -0.45303356647491455 0.7653419375419617
-0.16043247282505035 -0.43040022253990173 0.7217915058135986
-0.11074307560920715 -0.3727591037750244 0.6108800768852234
-0.0736301839351654 -0.33469071984291077 0.5376299619674683
-0.04431943967938423 -0.29624417424201965 0.46365222334861755
-0.018359657377004623 -0.28534141182899475 0.4426734149456024
0.0031554847955703735 -0.26609671115875244 0.4056433141231537
0.050515949726104736 -0.32779040932655334 0.5243525505065918
0.08126794546842575 -0.3273347318172455 0.5234757661819458
0.12226002663373947 -0.3449362814426422 0.5573441386222839
0.14384236931800842 -0.3284247815608978 0.525573194026947
-1.2039130926132202 -0.7742575407028198 1.547592043876648
-1.1385235786437988 -0.7883673310279846 1.5778318643569946
-1.0671476125717163 -0.8003377914428711 1.6034867763519287
-0.9846136569976807 -0.8051818609237671 1.6138684749603271
-0.6337214112281799 -0.5601634383201599 1.0887491703033447
-0.5354864597320557 -0.5211387872695923 1.0051121711730957
-0.4660983085632324 -0.5058249831199646 0.972291886806488
-0.39037665724754333 -0.4770275950431824 0.9105738401412964
-0.3360028564929962 -0.47230786085128784 0.900458574295044
-0.2873264253139496 -0.476823091506958 0.9101355075836182
-0.21949917078018188 -0.43448591232299805 0.8193991780281067
-0.15267235040664673 -0.36051878333091736 0.6608741283416748
-0.10907791554927826 -0.32673323154449463 0.5884655117988586
-0.07272039353847504 -0.28298088908195496 0.4946962296962738
-0.044166870415210724 -0.27072691917419434 0.46843376755714417
-0.018817871809005737 -0.256192147731781 0.4372830390930176
0.002125568687915802 -0.23794952034950256 0.39818575978279114
0.0549466535449028 -0.307630717754364 0.5475253462791443
0.0880090519785881 -0.3092842698097229 0.5510692000389099
0.126219242811203 -0.3184238076210022 0.5706568956375122
0.140384703874588 -0.2927849590778351 0.5157081484794617
-1.1999971866607666 -0.6866671442985535 1.5420880317687988
-1.1398894786834717 -0.7023046612739563 1.5799065828323364
-1.0751830339431763 -0.7175441384315491 1.6167625188827515
-1.0019409656524658 -0.7293227910995483 1.6452486515045166
-0.6110736131668091 -0.48045340180397034 1.0433696508407593
-0.5570759177207947 -0.48465102910995483 1.0535213947296143
-0.49581268429756165 -0.48233669996261597 1.047924280166626
-0.41158372163772583 -0.45135143399238586 0.9729878306388855
-0.35432934761047363 -0.447794109582901 0.9643846154212952
-0.306189626455307 -0.45875415205955505 0.9908909201622009
-0.19469571113586426 -0.3310205340385437 0.6819731593132019
-0.14924903213977814 -0.3111845552921295 0.6340007781982422
-0.10811010003089905 -0.28696948289871216 0.5754377245903015
-0.07303183525800705 -0.2596609592437744 0.5093933343887329
-0.044462546706199646 -0.2388930469751358 0.45916709303855896
-0.01940033957362175 -0.22701102495193481 0.43043097853660583
0.0016687959432601929 -0.21231044828891754 0.3948783278465271
0.023855440318584442 -0.20819146931171417 0.3849167823791504
0.12074138969182968 -0.33229389786720276 0.685052752494812
0.1570189893245697 -0.32781490683555603 0.6742205023765564
0.14127448201179504 -0.26332178711891174 0.5182468295097351
-1.2045059204101562 -0.6039287447929382 1.5484251976013184
-1.1433411836624146 -0.6171633005142212 1.5851492881774902
-1.0778074264526367 -0.6301186084747314 1.6210983991622925
-1.0044667720794678 -0.6404703259468079 1.6498228311538696
-0.6579183340072632 -0.4557434916496277 1.1372325420379639
-0.5541614890098572 -0.423220694065094 1.04698646068573
-0.4909890294075012 -0.4191340506076813 1.0356465578079224
-0.2675465941429138 -0.24378427863121033 0.5490761399269104
-0.23603099584579468 -0.24474386870861053 0.5517388582229614
-0.2048850655555725 -0.2467101365327835 0.5571949481964111
-0.18177857995033264 -0.26588574051856995 0.6104044914245605
-0.1463959515094757 -0.2663179636001587 0.611603856086731
-0.10667751729488373 -0.2463349550962448 0.5561538934707642
-0.07278260588645935 -0.2252449244260788 0.49763211607933044
-0.04468199238181114 -0.208904430270195 0.4522896111011505
-0.020105283707380295 -0.19803845882415771 0.4221380949020386
0.0007857680320739746 -0.18591037392616272 0.3884844183921814
0.01990979164838791 -0.17718790471553802 0.3642808198928833
0.15835124254226685 -0.3482672870159149 0.839001476764679
0.1726108193397522 -0.3077773451805115 0.7266477346420288
0.1427820324897766 -0.2342240810394287 0.5225479602813721
-1.204809308052063 -0.5187010169029236 1.548851728439331
-1.1461219787597656 -0.5311520099639893 1.589372992515564
-1.0834559202194214 -0.5437677502632141 1.6304304599761963
-1.0153764486312866 -0.5557973980903625 1.6695804595947266
-0.9386419653892517 -0.565058171749115 1.6997191905975342
-0.874655544757843 -0.585307240486145 1.765618920326233
-0.5295063853263855 -0.3911324441432953 1.1336851119995117
-0.2622472643852234 -0.2067069411277771 0.5334797501564026
-0.23121580481529236 -0.2071564495563507 0.5349426865577698
-0.20071282982826233 -0.20850548148155212 0.5393330454826355
-0.16951602697372437 -0.2094670981168747 0.5424625873565674
-0.13793975114822388 -0.2103150337934494 0.5452221632003784
-0.10530705749988556 -0.2080056220293045 0.5377062559127808
-0.07248333096504211 -0.19135244190692902 0.48350921273231506
-0.04506710171699524 -0.17805097997188568 0.4402201473712921
-0.021013278514146805 -0.16921278834342957 0.4114565849304199
-0.00043330341577529907 -0.1594417691230774 0.37965723872184753
0.0167580246925354 -0.14965201914310455 0.3477969169616699
0.16077208518981934 -0.30362963676452637 0.8489107489585876
0.1922016143798828 -0.2863028347492218 0.7925213575363159
0.21734878420829773 -0.26871827244758606 0.7352931499481201
-1.2009540796279907 -0.431942343711853 1.5434330701828003
-1.14707612991333 -0.4439868927001953 1.5908222198486328
-1.088159203529358 -0.4560288190841675 1.638201117515564
-1.0261691808700562 -0.4689721465110779 1.6891264915466309
-0.9547578692436218 -0.4798716902732849 1.7320107221603394
-0.8801912665367126 -0.4915684461593628 1.7780314683914185
-0.5420663952827454 -0.3359251916408539 1.1656543016433716
-0.2557382881641388 -0.17038138210773468 0.5143234133720398
-0.22635599970817566 -0.17131350934505463 0.5179908275604248
-0.19682347774505615 -0.17250590026378632 0.5226823091506958
-0.16659274697303772 -0.17341670393943787 0.5262658596038818
-0.13574489951133728 -0.17385555803775787 0.5279924869537354
-0.10417640209197998 -0.17245617508888245 0.5224866271018982
-0.07210812717676163 -0.15804938971996307 0.4658032953739166
-0.04549810290336609 -0.1481139361858368 0.4267123341560364
-0.021754521876573563 -0.14202022552490234 0.40273669362068176
-0.001579679548740387 -0.13404454290866852 0.37135645747184753
0.016283676028251648 -0.12742607295513153 0.345316082239151
0.06739132851362228 -0.15827082097530365 0.4666745364665985
0.1120968833565712 -0.17263005673885345 0.5231707692146301
0.15989738702774048 -0.18488290905952454 0.571379542350769
-1.2118895053863525 -0.34993892908096313 1.5588032007217407
-1.1555461883544922 -0.3589630722999573 1.6036874055862427
-1.099354863166809 -0.36962103843688965 1.6566978693008423
-1.0389883518218994 -0.380808562040329 1.7123422622680664
-0.9578098058700562 -0.38599246740341187 1.7381258010864258
-0.8782671689987183 -0.3931482434272766 1.7737171649932861
-0.2799217104911804 -0.1367434710264206 0.4984146058559418
-0.2495262324810028 -0.13626623153686523 0.4960409104824066
-0.2214924693107605 -0.13726851344108582 0.5010259747505188
-0.19255927205085754 -0.13795225322246552 0.5044267773628235
-0.16342377662658691 -0.13881300389766693 0.5087079405784607
-0.13362355530261993 -0.13934214413166046 0.5113397836685181
-0.10289064794778824 -0.13810351490974426 0.5051791071891785
-0.07184697687625885 -0.12770910561084747 0.4534795582294464
-0.0458100289106369 -0.12036196887493134 0.4169364869594574
-0.022760052233934402 -0.1151287853717804 0.39090773463249207
-0.002959843724966049 -0.10918866097927094 0.3613628149032593
0.014727689325809479 -0.10432623326778412 0.33717817068099976
0.15524697303771973 -0.20266512036323547 0.8262947201728821
0.189057856798172 -0.1937495321035385 0.7819504737854004
0.21981742978096008 -0.1857849657535553 0.7423364520072937
-1.2006778717041016 -0.26169759035110474 1.5430448055267334
-1.1507163047790527 -0.269584059715271 1.5963513851165771
-1.101948857307434 -0.27914613485336304 1.6609835624694824
-1.0542163848876953 -0.2908245027065277 1.7399204969406128
-0.814749002456665 -0.24815016984939575 1.4514745473861694
-0.5602749586105347 -0.1903359293937683 1.0606945753097534
-0.27262240648269653 -0.10440032184123993 0.4798356592655182
-0.2441411018371582 -0.10445305705070496 0.480192095041275
-0.2168077528476715 -0.10511773824691772 0.4846847951412201
-0.18908998370170593 -0.10584113001823425 0.48957446217536926
-0.16087159514427185 -0.10657981038093567 0.4945673644542694
-0.13198837637901306 -0.10716216266155243 0.49850353598594666
-0.10170571506023407 -0.10579000413417816 0.4892288148403168
-0.07160282880067825 -0.09879648685455322 0.4419579803943634
-0.0461086668074131 -0.09370996057987213 0.4075770080089569
-0.02339305356144905 -0.0901421308517456 0.38346120715141296
-0.003940120339393616 -0.08582264184951782 0.3542647361755371
0.01340968906879425 -0.08227492868900299 0.3302849531173706
0.155722975730896 -0.15594574809074402 0.8282431960105896
0.18652859330177307 -0.14783872663974762 0.7734459638595581
0.21684271097183228 -0.14198055863380432 0.733849287033081
-1.1908034086227417 -0.17530831694602966 1.5291658639907837
-1.1413251161575317 -0.18032723665237427 1.5820871591567993
-1.0070654153823853 -0.17294271290302277 1.50422203540802
-0.9734618067741394 -0.18142594397068024 1.593672275543213
-0.7351974844932556 -0.15282341837882996 1.2920769453048706
-0.5551172494888306 -0.12978291511535645 1.049129605293274
-0.26733461022377014 -0.07451611012220383 0.46637651324272156
-0.23977252840995789 -0.0746070146560669 0.4673350751399994
-0.2128366231918335 -0.07493872940540314 0.47083279490470886
-0.1856694519519806 -0.07532736659049988 0.4749307334423065
-0.15811112523078918 -0.07573914527893066 0.47927263379096985
-0.1303270161151886 -0.07632610201835632 0.4854617416858673
-0.10045060515403748 -0.07508109509944916 0.4723338782787323
-0.07137855142354965 -0.07119660079479218 0.4313744008541107
-0.046444524079561234 -0.06794147193431854 0.3970510959625244
-0.023860950022935867 -0.0661306232213974 0.37795689702033997
-0.00467856228351593 -0.06337662041187286 0.34891775250434875
0.012017451226711273 -0.060918983072042465 0.32300350069999695
0.031881727278232574 -0.06075958535075188 0.3213227391242981
0.1824667751789093 -0.10234251618385315 0.7597881555557251
0.2127278447151184 -0.09876914322376251 0.7221092581748962
-1.1802542209625244 -0.09035362303256989 1.514338493347168
-1.132956862449646 -0.09265030920505524 1.5693764686584473
-1.0486736297607422 -0.09280005097389221 1.5729650259017944
-0.9598034024238586 -0.09263195097446442 1.5689365863800049
-0.7012916803359985 -0.07824389636516571 1.2241398096084595
-0.5312896966934204 -0.06871138513088226 0.9957018494606018
-0.2642950713634491 -0.04630028456449509 0.4586400091648102
-0.23562079668045044 -0.0461532399058342 0.4551161825656891
-0.2087687849998474 -0.046216972172260284 0.4566434323787689
-0.18193189799785614 -0.04631238058209419 0.4589298665523529
-0.1554376482963562 -0.046543147414922714 0.46445998549461365
-0.12830406427383423 -0.046756863594055176 0.4695814549922943
-0.09929604828357697 -0.046223193407058716 0.45679256319999695
-0.07111454010009766 -0.0446426123380661 0.418915331363678
-0.04673872888088226 -0.04334547370672226 0.38783061504364014
-0.024683233350515366 -0.04252979904413223 0.3682836890220642
-0.005686033517122269 -0.041417259722948074 0.3416227400302887
0.010905914008617401 -0.04039771109819412 0.31719011068344116
0.02773873507976532 -0.0398624949157238 0.3043642044067383
0.1782306730747223 -0.05827254429459572 0.7455443739891052
0.20859599113464355 -0.056802693754434586 0.7103207111358643
-1.1728127002716064 -0.006924150511622429 1.5038790702819824
-1.1224339008331299 -0.0063607171177864075 1.5533932447433472
-1.0724942684173584 -0.00569017231464386 1.6123203039169312
-0.7388048768043518 -0.0107381921261549 1.1687034368515015
-0.6321491599082947 -0.011683858931064606 1.0855988264083862
-0.5108815431594849 -0.013227536343038082 0.9499413371086121
-0.2565913498401642 -0.01904129795730114 0.4390316307544708
-0.23045286536216736 -0.0190313421189785 0.43990659713745117
-0.20453214645385742 -0.019009051844477654 0.44186535477638245
-0.17916184663772583 -0.01894981600344181 0.44707098603248596
-0.15325933694839478 -0.018889280036091805 0.4523908197879791
-0.1266702115535736 -0.01883961260318756 0.45675554871559143
-0.09811343997716904 -0.019020337611436844 0.44087353348731995
-0.0708562582731247 -0.019408898428082466 0.4067270755767822
-0.04708916321396828 -0.019748901948332787 0.3768477439880371
-0.02570909634232521 -0.019983680918812752 0.35621556639671326
-0.006695892661809921 -0.020232943817973137 0.33431047201156616
0.009748853743076324 -0.02049662172794342 0.3111386001110077
0.02517859637737274 -0.020692957565188408 0.2938847541809082
0.17336127161979675 -0.01573973335325718 0.7291710376739502
0.20386508107185364 -0.016107827425003052 0.6968230605125427
-1.1564360857009888 0.0745844841003418 1.4808610677719116
-0.9632208943367004 0.06366696953773499 1.311564564704895
-0.8346720337867737 0.05772368982434273 1.2194029092788696
-0.7629633545875549 0.057275641709566116 1.2124550342559814
-0.6202600002288818 0.047558750957250595 1.0617765188217163
-0.48865237832069397 0.03713247925043106 0.9000977277755737
-0.3878723978996277 0.028948035091161728 0.7731826305389404
-0.3143714964389801 0.02338292822241783 0.6868852376937866
-0.25584086775779724 0.019123781472444534 0.6208392381668091
-0.20640233159065247 0.015438392758369446 0.5636904239654541
-0.16430875658988953 0.012208908796310425 0.5136112570762634
-0.12853273749351501 0.00948530063033104 0.4713766276836395
-0.09697670489549637 0.006531473249197006 0.4255720376968384
-0.07059940695762634 0.0045345500111579895 0.3946060240268707
-0.047398410737514496 0.002764349803328514 0.3671557605266571
-0.026707176119089127 0.0013016760349273682 0.34447425603866577
-0.007799476385116577 0.00013091973960399628 0.32631951570510864
0.00835900753736496 -0.0013168156147003174 0.30386966466903687
0.022076502442359924 -0.0027795694768428802 0.28118693828582764
0.16752305626869202 0.024843890219926834 0.7095401883125305
0.20066064596176147 0.023434210568666458 0.6876804828643799
-1.1038377285003662 0.14766129851341248 1.40693199634552
-1.037972331047058 0.14979830384254456 1.4251044988632202
-0.8139472603797913 0.12158212065696716 1.1851625442504883
-0.7388087511062622 0.11964742839336395 1.168710470199585
-0.59975266456604 0.10224033892154694 1.0206859111785889
-0.46262261271476746 0.081196129322052 0.8417321443557739
-0.3842115104198456 0.07203921675682068 0.7638645768165588
-0.31251099705696106 0.06234285607933998 0.6814095973968506
-0.2536841332912445 0.0543353445827961 0.6133161783218384
-0.20407456159591675 0.0473276786506176 0.5537250638008118
-0.16220614314079285 0.04124050214886665 0.5019615292549133
-0.12727972865104675 0.03648712486028671 0.4615403115749359
-0.09620360285043716 0.031033620238304138 0.41516533493995667
-0.070435531437397 0.027706529945135117 0.3868727684020996
-0.047348856925964355 0.02557053416967392 0.36870890855789185
-0.026863809674978256 0.022503957152366638 0.34263166785240173
-0.008852437138557434 0.01968912035226822 0.3186951279640198
0.007024496793746948 0.01712493970990181 0.29689010977745056
0.02073739469051361 0.014633722603321075 0.2757055461406708
0.16539883613586426 0.06481094658374786 0.7023975253105164
0.19702380895614624 0.061860088258981705 0.6773043274879456
-1.1482957601547241 0.23617248237133026 1.4694194793701172
-1.0701032876968384 0.23693875968456268 1.4739083051681519
-0.8556551933288574 0.19941145181655884 1.2540701627731323
-0.6560441255569458 0.15925359725952148 1.0188219547271729
-0.5378779172897339 0.1384080946445465 0.8967071771621704
-0.4443945586681366 0.1220465749502182 0.8008599877357483
-0.3750189542770386 0.11173717677593231 0.7404666543006897
-0.3061298429965973 0.09845001995563507 0.6626293659210205
-0.249943345785141 0.08780461549758911 0.6002676486968994
-0.19712623953819275 0.07478174567222595 0.5239785313606262
-0.16044120490550995 0.06935405731201172 0.4921827018260956
-0.12609544396400452 0.06253629922866821 0.4522436559200287
-0.09657172858715057 0.05705276504158974 0.4201206564903259
-0.07048225402832031 0.051753561943769455 0.38907748460769653
-0.04760544002056122 0.04690384492278099 0.3606674075126648
-0.02741318941116333 0.04272182658314705 0.3361687958240509
-0.009775586426258087 0.03859793767333031 0.3120107054710388
0.005705021321773529 0.03483876958489418 0.289989173412323
0.019876830279827118 0.03179917857050896 0.27218300104141235
0.07379119843244553 0.052656788378953934 0.3943686783313751
0.19095709919929504 0.0980004072189331 0.659995436668396
-1.3042404651641846 0.3663921654224396 1.6886062622070312
-1.2526646852493286 0.380401611328125 1.751200795173645
-1.2005090713500977 0.3966546058654785 1.8238195180892944
-0.681035041809082 0.22661559283733368 1.064081072807312
-0.5215946435928345 0.18185293674468994 0.8640803694725037
-0.4451476037502289 0.1680813431739807 0.8025485277175903
-0.3620906472206116 0.14682172238826752 0.7075600624084473
-0.2361833155155182 0.09069214761257172 0.45677170157432556
-0.2129136323928833 0.09389930963516235 0.47110143303871155
-0.1923356056213379 0.10114365816116333 0.5034692883491516
-0.1584869772195816 0.09619422256946564 0.48135510087013245
-0.12480758130550385 0.08741599321365356 0.4421338140964508
-0.09577676653862 0.08009418845176697 0.4094197750091553
-0.07026708871126175 0.0732688158750534 0.37892383337020874
-0.04790098965167999 0.06710968911647797 0.35140469670295715
-0.02816314995288849 0.06172513589262962 0.3273463845252991
-0.010788623243570328 0.05665108188986778 0.3046754002571106
0.004391945898532867 0.05182709917426109 0.2831217348575592
0.018457673490047455 0.048078734427690506 0.2663739323616028
0.08114758878946304 0.08226172626018524 0.4191043972969055
0.1069282814860344 0.08251906931400299 0.4202542304992676
-1.2864834070205688 0.4522842764854431 1.663648009300232
-1.235518217086792 0.46931740641593933 1.7251570224761963
-1.1405655145645142 0.4692141115665436 1.724784016609192
-0.6651427745819092 0.2782815396785736 1.0352997779846191
-0.5082115530967712 0.223441481590271 0.8372646570205688
-0.4315415918827057 0.20537948608398438 0.7720402479171753
-0.2796887159347534 0.12944260239601135 0.4978215992450714
-0.23111149668693542 0.11394152045249939 0.44184502959251404
-0.20945054292678833 0.11869806051254272 0.45902153849601746
-0.1861424744129181 0.12366445362567902 0.4769558608531952
-0.1565760374069214 0.12195070087909698 0.4707672894001007
-0.12335781753063202 0.11086992919445038 0.43075308203697205
-0.09503823518753052 0.10220931470394135 0.39947837591171265
-0.07006590068340302 0.09388826787471771 0.36942988634109497
-0.0482017919421196 0.08628609776496887 0.34197741746902466
-0.028968047350645065 0.07961238920688629 0.3178776800632477
-0.012089945375919342 0.0733470469713211 0.2952526807785034
0.0028557106852531433 0.06776279211044312 0.2750871479511261
0.016471557319164276 0.06309860944747925 0.2582441568374634
0.03138551861047745 0.06130867078900337 0.2517804205417633
0.11520149558782578 0.11449907720088959 0.44385841488838196
-1.269604206085205 -1.0881378650665283 1.9508107900619507
-1.190266489982605 -1.1144280433654785 2.0013976097106934
-1.10630202293396 -1.1413583755493164 2.0532162189483643
-1.0176604986190796 -1.169066071510315 2.1065304279327393
-0.9339409470558167 -1.2077949047088623 2.18105149269104
-0.4874873757362366 -0.8330469727516174 1.4599719047546387
-0.41190749406814575 -0.8475979566574097 1.4879705905914307
-0.32336145639419556 -0.8468647599220276 1.4865597486495972
-0.1477385014295578 -0.6880052089691162 1.1808866262435913
-0.04542495310306549 -0.620028555393219 1.0500879287719727
0.0342838317155838 -0.5771446228027344 0.9675718545913696
0.1600290685892105 -0.310695081949234 0.454877108335495
0.19659832119941711 -0.287202388048172 0.40967312455177307
0.22848635911941528 -0.260783851146698 0.3588393032550812
0.25558748841285706 -0.2443251609802246 0.3271699547767639
0.2787010669708252 -0.22404900193214417 0.28815513849258423
0.2981756925582886 -0.20567075908184052 0.25279223918914795
0.31595277786254883 -0.19288593530654907 0.2281920313835144
0.3318002223968506 -0.1815536618232727 0.2063867747783661
0.34592822194099426 -0.17126327753067017 0.18658632040023804
0.3592805862426758 -0.16294065117835999 0.1705721616744995
-1.2958201169967651 -0.992667019367218 1.9876583814620972
-1.2135941982269287 -1.0156103372573853 2.036830186843872
-1.1292792558670044 -1.0409687757492065 2.0911779403686523
-1.0366802215576172 -1.064204216003418 2.1409757137298584
-0.942047655582428 -1.0904823541641235 2.1972947120666504
-0.5679982900619507 -0.8306837677955627 1.6404987573623657
-0.4387460947036743 -0.7913891673088074 1.5562832355499268
-0.38013535737991333 -0.8368198275566101 1.6536494493484497
-0.14833591878414154 -0.6172030568122864 1.1829705238342285
-0.04810728132724762 -0.5605586767196655 1.0615712404251099
0.12135037779808044 -0.29161274433135986 0.4851709306240082
0.1635834276676178 -0.26445886492729187 0.42697522044181824
0.19689428806304932 -0.254526823759079 0.4056890308856964
0.22869694232940674 -0.2280302792787552 0.3489020764827728
0.2551949918270111 -0.2121504694223404 0.3148687481880188
0.2765207290649414 -0.1877182573080063 0.26250603795051575
0.2958645820617676 -0.17537753283977509 0.2360576093196869
0.31467002630233765 -0.1685771495103836 0.22148314118385315
0.3323700428009033 -0.16262158751487732 0.20871928334236145
0.3462480902671814 -0.15279628336429596 0.18766185641288757
0.35930347442626953 -0.14485278725624084 0.17063748836517334
-1.3089169263839722 -0.8856577277183533 2.00606632232666
-1.2307199239730835 -0.9091339111328125 2.06284236907959
-1.1474273204803467 -0.933247983455658 2.1211612224578857
-0.7825656533241272 -0.7511511445045471 1.680768609046936
-0.672327995300293 -0.7412640452384949 1.6568570137023926
-0.597196102142334 -0.7615707516670227 1.705967903137207
-0.6212092638015747 -0.8917120695114136 2.0207085609436035
-0.42696577310562134 -0.7969267964363098 1.7914748191833496
-0.13915376365184784 -0.5320743918418884 1.1509416103363037
0.07106572389602661 -0.2841624915599823 0.5513783693313599
0.12216848134994507 -0.2549123167991638 0.4806381165981293
0.1634581983089447 -0.2331298440694809 0.427958220243454
0.19703641533851624 -0.22313076257705688 0.4037759006023407
0.22863131761550903 -0.20172137022018433 0.35199829936027527
0.2552177906036377 -0.1866641342639923 0.31558308005332947
0.27636104822158813 -0.1639406979084015 0.26062750816345215
0.2957804799079895 -0.15352961421012878 0.23544877767562866
0.31631603837013245 -0.1513146013021469 0.2300918698310852
0.3325676918029785 -0.1428118497133255 0.2095283567905426
0.3468106985092163 -0.13455252349376678 0.18955355882644653
0.35987573862075806 -0.1274060606956482 0.17227017879486084
-1.326928973197937 -0.7791829705238342 2.0313830375671387
-1.248810887336731 -0.8004229068756104 2.0903208255767822
-1.1659319400787354 -0.8225547671318054 2.151733636856079
-0.7872989773750305 -0.6559180617332458 1.6893408298492432
-0.6608567833900452 -0.6359282732009888 1.633872151374817
-0.5902197957038879 -0.6562727689743042 1.690325140953064
-0.5281040668487549 -0.6899328827857971 1.7837270498275757
-0.05876700580120087 -0.3022054135799408 0.7078392505645752
0.024707302451133728 -0.25590598583221436 0.5793650150299072
0.07485830783843994 -0.2399688959121704 0.5351418256759644
0.12289956212043762 -0.21886712312698364 0.4765875041484833
0.16375824809074402 -0.20049329102039337 0.4256027638912201
0.19729824364185333 -0.19135724008083344 0.4002515375614166
0.2285510152578354 -0.17533354461193085 0.35578808188438416
0.2552844285964966 -0.16159701347351074 0.3176712095737457
0.27722394466400146 -0.1446978747844696 0.2707785367965698
0.2991366386413574 -0.14072354137897491 0.2597503364086151
0.31669026613235474 -0.13074061274528503 0.2320491373538971
0.33265721797943115 -0.12275665998458862 0.2098948061466217
0.3472488522529602 -0.11595706641674042 0.19102692604064941
0.3608867824077606 -0.11023707687854767 0.17515477538108826
-1.3426719903945923 -0.6690391302108765 2.0535104274749756
-1.2639673948287964 -0.6874236464500427 2.113342046737671
-1.1146785020828247 -0.6732011437416077 2.0670554637908936
-0.791976273059845 -0.5597432255744934 1.697811484336853
-0.6637040972709656 -0.5418495535850525 1.6395772695541382
-0.5991866588592529 -0.5636208653450012 1.7104312181472778
-0.1414281576871872 -0.28372350335121155 0.7995166778564453
0.07646608352661133 -0.13325971364974976 0.30983850359916687
0.09774288535118103 -0.13779667019844055 0.3246038258075714
0.12343112379312515 -0.13859325647354126 0.32719627022743225
0.1495758593082428 -0.13908135890960693 0.3287847936153412
0.17586392164230347 -0.13963067531585693 0.3305725157260895
0.1995733380317688 -0.15163090825080872 0.3696267902851105
0.22866307199001312 -0.1457538604736328 0.3505001962184906
0.25528258085250854 -0.13564874231815338 0.31761351227760315
0.2775716781616211 -0.12251468002796173 0.2748692035675049
0.29740503430366516 -0.11401639878749847 0.24721190333366394
0.3152531385421753 -0.10704777389764786 0.224532812833786
0.3325560986995697 -0.10242273658514023 0.20948082208633423
0.347297728061676 -0.09680289775133133 0.19119128584861755
0.36080798506736755 -0.09180627018213272 0.17492997646331787
-1.359320044517517 -0.5568683743476868 2.0769100189208984
-1.2838937044143677 -0.5738205313682556 2.1436080932617188
-0.932438313961029 -0.4778384864330292 1.765967845916748
-0.594471275806427 -0.3696054220199585 1.3401256799697876
-0.3749368190765381 -0.2986554801464081 1.0609736442565918
-0.24793528020381927 -0.26354527473449707 0.9228328466415405
-0.13503117859363556 -0.2280646115541458 0.7832344770431519
0.07480217516422272 -0.10898978263139725 0.314735472202301
0.09829728305339813 -0.11100645363330841 0.32267001271247864
0.12365643680095673 -0.11191168427467346 0.3262316882610321
0.1495433747768402 -0.11260634660720825 0.32896482944488525
0.1757388710975647 -0.11326447129249573 0.33155420422554016
0.20205309987068176 -0.1144571602344513 0.3362468183040619
0.2288622260093689 -0.1156911700963974 0.3411020338535309
0.25480830669403076 -0.10594338923692703 0.3027494549751282
0.27749353647232056 -0.09862363338470459 0.27394992113113403
0.297312468290329 -0.09165746718645096 0.24654161930084229
0.31515994668006897 -0.08593980222940445 0.22404548525810242
0.33268019556999207 -0.08236712217330933 0.2099888026714325
0.3472117781639099 -0.07751604914665222 0.19090229272842407
0.36048251390457153 -0.07322048395872116 0.17400142550468445
-1.3676186800003052 -0.43985268473625183 2.088574171066284
-1.2861114740371704 -0.451594740152359 2.1469767093658447
-0.9471549391746521 -0.37987977266311646 1.7902817726135254
-0.7017465829849243 -0.32843440771102905 1.5344035625457764
-0.3700488209724426 -0.23128023743629456 1.0511795282363892
-0.23949460685253143 -0.20167040824890137 0.9039065837860107
-0.12636546790599823 -0.17297415435314178 0.7611775398254395
0.07516041398048401 -0.08300319314002991 0.3136811852455139
0.09880095720291138 -0.08445719629526138 0.3209131062030792
0.12382926046848297 -0.0853777676820755 0.3254918158054352
0.1495254933834076 -0.08609593659639359 0.3290638327598572
0.1757459193468094 -0.08658549934625626 0.3314988315105438
0.20208661258220673 -0.08744938671588898 0.3357956111431122
0.2289072871208191 -0.088088758289814 0.3389756977558136
0.25469771027565 -0.08010848611593246 0.29928356409072876
0.2772587537765503 -0.07445979863405228 0.2711881697177887
0.29700198769569397 -0.06905251741409302 0.24429351091384888
0.314681738615036 -0.06447871774435043 0.22154441475868225
0.33209118247032166 -0.06167066842317581 0.20757779479026794
0.34675920009613037 -0.058012016117572784 0.1893804371356964
0.35952243208885193 -0.05436927080154419 0.1712622046470642
-1.3706896305084229 -0.3205110430717468 2.092890501022339
-1.2977216243743896 -0.3311218321323395 2.164611339569092
-1.2344540357589722 -0.34596535563468933 2.264942169189453
-0.6928226351737976 -0.2354942262172699 1.5182421207427979
-0.3594903349876404 -0.16326434910297394 1.030023455619812
-0.23592840135097504 -0.14342287182807922 0.8959102630615234
-0.09260909259319305 -0.11077816784381866 0.6752569675445557
0.07542504370212555 -0.05716932564973831 0.3129023313522339
0.09886570274829865 -0.05832107365131378 0.32068726420402527
0.12385723739862442 -0.05901417136192322 0.32537204027175903
0.14943809807300568 -0.05963199585676193 0.32954809069633484
0.17584094405174255 -0.05981024354696274 0.3307528793811798
0.20216965675354004 -0.060390911996364594 0.3346777856349945
0.22892451286315918 -0.060906536877155304 0.33816298842430115
0.25464335083961487 -0.05490238219499588 0.2975795269012451
0.27701419591903687 -0.05057227611541748 0.2683112919330597
0.2966740131378174 -0.04666759818792343 0.2419186532497406
0.314821720123291 -0.04376161843538284 0.2222764492034912
0.33176225423812866 -0.04138781875371933 0.20623138546943665
0.3461850881576538 -0.03860919922590256 0.18745005130767822
0.35872882604599 -0.03587929159402847 0.16899800300598145
-1.3821145296096802 -0.20182447135448456 2.1089487075805664
-1.040749192237854 -0.17008686065673828 1.7742959260940552
-0.9385384917259216 -0.17025284469127655 1.7760461568832397
-0.43816620111465454 -0.10206545144319534 1.0570536851882935
-0.31449007987976074 -0.09095074981451035 0.9398562908172607
-0.2322695106267929 -0.08600495755672455 0.8877060413360596
-0.09496165812015533 -0.06642473489046097 0.6812450885772705
0.076213538646698 -0.031271979212760925 0.3105817437171936
0.09930969774723053 -0.032083481550216675 0.3191385269165039
0.12437105178833008 -0.032466039061546326 0.32317233085632324
0.14982891082763672 -0.03286534547805786 0.32738277316093445
0.17591072618961334 -0.03313300758600235 0.33020511269569397
0.20226570963859558 -0.03343457728624344 0.3333849608898163
0.2289675921201706 -0.033694855868816376 0.33612945675849915
0.25462883710861206 -0.029995815828442574 0.2971253991127014
0.2769755721092224 -0.02722005732357502 0.26785680651664734
0.2964690625667572 -0.024619413539767265 0.2404346764087677
0.31459805369377136 -0.022786399349570274 0.22110673785209656
0.33132028579711914 -0.021204082295298576 0.2044222056865692
0.3457571268081665 -0.019458012655377388 0.18601101636886597
0.35808444023132324 -0.017670178785920143 0.16715946793556213
-1.4694368839263916 -0.08588380366563797 2.2316837310791016
-1.042312741279602 -0.06689652055501938 1.7766709327697754
-0.6178853511810303 -0.04476378858089447 1.2462799549102783
-0.43000149726867676 -0.0362505242228508 1.0422673225402832
-0.3504372239112854 -0.03498264402151108 1.0118837356567383
-0.2302531749010086 -0.029612163081765175 0.8831849098205566
-0.10142366588115692 -0.021871747449040413 0.69769287109375
0.07634741067886353 -0.005701510235667229 0.31018775701522827
0.10058967769145966 -0.00588870607316494 0.3146737217903137
0.12484563142061234 -0.006158564239740372 0.3211406171321869
0.15031269192695618 -0.0063071902841329575 0.32470232248306274
0.17625679075717926 -0.0064234547317028046 0.3274884819984436
0.2023303210735321 -0.006633210927248001 0.33251509070396423
0.22897875308990479 -0.0067620668560266495 0.3356030285358429
0.2546248137950897 -0.005151156336069107 0.2969990074634552
0.27689671516418457 -0.0038963742554187775 0.2669292986392975
0.29651933908462524 -0.00280597060918808 0.24079877138137817
0.3144374191761017 -0.0019491799175739288 0.22026655077934265
0.3310297727584839 -0.0012383917346596718 0.20323315262794495
0.3456045985221863 -0.0004983237013220787 0.18549808859825134
0.3580959439277649 0.0002655601128935814 0.16719231009483337
-2.054685592651367 0.05105721205472946 3.0542752742767334
-1.9671475887298584 0.05250381678342819 3.1814024448394775
-1.8933467864990234 0.0544624999165535 3.3535304069519043
-0.46586108207702637 0.02890109270811081 1.1072098016738892
-0.35100317001342773 0.027829259634017944 1.0130176544189453
-0.2226114422082901 0.02615688182413578 0.866050124168396
-0.12111039459705353 0.024811305105686188 0.747801661491394
0.07726326584815979 0.01980092190206051 0.30749234557151794
0.10127158463001251 0.019855573773384094 0.312295138835907
0.1255083531141281 0.019923944026231766 0.3183034360408783
0.15067324042320251 0.019974026829004288 0.32270464301109314
0.17649953067302704 0.020006779581308365 0.32558292150497437
0.20259468257427216 0.020045168697834015 0.3289565443992615
0.22902114689350128 0.02009803242981434 0.3336021602153778
0.25462624430656433 0.019682027399539948 0.29704397916793823
0.27695831656455994 0.01934758946299553 0.2676536738872528
0.2966628074645996 0.01905382052063942 0.24183744192123413
0.3144422173500061 0.018808644264936447 0.2202916443347931
0.33096829056739807 0.018611669540405273 0.20298147201538086
0.3456341028213501 0.018413851037621498 0.18559736013412476
0.35821110010147095 0.018208153545856476 0.16752088069915771
-2.0990073680877686 0.22634153068065643 3.1165711879730225
-1.9970836639404297 0.23345457017421722 3.226872205734253
-1.8867242336273193 0.24091684818267822 3.3425886631011963
-0.3764459490776062 0.08632005751132965 0.9452769756317139
-0.2977787256240845 0.08381114900112152 0.9063717126846313
-0.22095505893230438 0.08097139745950699 0.8623360395431519
-0.1192760318517685 0.07328426092863083 0.7431327104568481
0.0774296373128891 0.04515929892659187 0.3070026636123657
0.10149706900119781 0.0454498752951622 0.3115085959434509
0.1257944405078888 0.045809075236320496 0.3170786201953888
0.15095187723636627 0.046072326600551605 0.32116085290908813
0.1768905073404312 0.04615957289934158 0.32251372933387756
0.20281532406806946 0.04638352245092392 0.3259865343570709
0.22909609973430634 0.04664655774831772 0.33006539940834045
0.2545725405216217 0.044408537447452545 0.2953606843948364
0.2769637703895569 0.04262593388557434 0.2677181363105774
0.29683947563171387 0.04103945940732956 0.2431168258190155
0.31471920013427734 0.03966093808412552 0.22174033522605896
0.3307352066040039 0.038389697670936584 0.2020273208618164
0.34536662697792053 0.037272170186042786 0.1846979856491089
0.3582136332988739 0.03616492450237274 0.16752806305885315
-2.114494562149048 0.4034767746925354 3.138339042663574
-2.0106544494628906 0.4163118898868561 3.2474849224090576
-1.893059492111206 0.42872658371925354 3.353055715560913
-1.7612826824188232 0.440508633852005 3.453246593475342
-0.35370659828186035 0.1541847139596939 1.0184345245361328
-0.20188944041728973 0.13080091774463654 0.8195858001708984
-0.09902970492839813 0.1157502606511116 0.6915994882583618
0.07858684659004211 0.07012274861335754 0.3035969138145447
0.10168567299842834 0.07097575813531876 0.31085067987442017
0.12643316388130188 0.07138659060001373 0.31434425711631775
0.1517423838376999 0.07167313247919083 0.3167809545993805
0.1775677502155304 0.07172209769487381 0.3171972930431366
0.20319382846355438 0.07215652614831924 0.3208915889263153
0.22919784486293793 0.07267066836357117 0.3252636790275574
0.25457268953323364 0.06915470957756042 0.29536503553390503
0.27689000964164734 0.0658014714717865 0.2668501138687134
0.29668840765953064 0.06288187950849533 0.2420227825641632
0.3143094778060913 0.06024475395679474 0.2195974588394165
0.33040279150009155 0.058018580079078674 0.20066672563552856
0.34470808506011963 0.05588032305240631 0.18248361349105835
0.3574696183204651 0.05387198179960251 0.16540533304214478
-2.0889647006988525 0.5730828642845154 3.1024558544158936
-1.8817088603973389 0.5644065141677856 3.0516293048858643
-1.7347235679626465 0.5712060332298279 3.091461181640625
-1.5973151922225952 0.5822738409042358 3.1562976837158203
-0.35423338413238525 0.21751181781291962 1.019490122795105
-0.20397187769412994 0.18418440222740173 0.8242552280426025
-0.12365351617336273 0.17223842442035675 0.7542747259140015
0.07925339043140411 0.0949709564447403 0.3016352355480194
0.10235832631587982 0.09614355117082596 0.3085043728351593
0.12687596678733826 0.09681683778762817 0.31244856119155884
0.15237879753112793 0.09695447981357574 0.31325486302375793
0.1777431219816208 0.0973924770951271 0.31582069396972656
0.20320501923561096 0.09823235869407654 0.32074081897735596
0.22921313345432281 0.09888137131929398 0.3245427906513214
0.254547119140625 0.09376392513513565 0.2945643365383148
0.2768245339393616 0.08890151977539062 0.26607993245124817
0.2963279187679291 0.08434930443763733 0.23941266536712646
0.31372326612472534 0.08044339716434479 0.21653154492378235
0.3301580250263214 0.07756416499614716 0.19966474175453186
0.344194620847702 0.07433655112981796 0.18075710535049438
0.35697484016418457 0.07147495448589325 0.16399365663528442
-1.8350191116333008 0.6670230031013489 2.7455248832702637
-1.5386852025985718 0.6189225316047668 2.5306107997894287
-1.407517910003662 0.6234566569328308 2.5508692264556885
-0.8761480450630188 0.4666489064693451 1.8502484560012817
-0.7239429354667664 0.4465124011039734 1.7602779865264893
-0.20422668755054474 0.23714663088321686 0.8248265981674194
-0.12479318678379059 0.22200548648834229 0.7571755647659302
-0.04167456924915314 0.19970467686653137 0.6575349569320679
0.025641247630119324 0.18148010969161987 0.5761071443557739
0.07985720038414001 0.16752178966999054 0.5137410163879395
0.12533220648765564 0.15618973970413208 0.46310916543006897
0.16483289003372192 0.14590728282928467 0.4171668589115143
0.19919273257255554 0.1364138424396515 0.3747499883174896
0.22895663976669312 0.12788574397563934 0.3366462290287018
0.2545084059238434 0.11819569021463394 0.29335078597068787
0.27661269903182983 0.11153436452150345 0.2635878324508667
0.29599758982658386 0.10558830201625824 0.23702067136764526
0.3134038746356964 0.10062870383262634 0.21486106514930725
0.32954543828964233 0.0966663733124733 0.19715726375579834
0.3431848883628845 0.09223590791225433 0.1773618459701538
0.3556459844112396 0.08839539438486099 0.16020232439041138
-1.7869014739990234 0.8031642436981201 2.6778934001922607
-1.5374915599822998 0.7618765830993652 2.5287978649139404
-1.003245234489441 0.5830281376838684 1.8829513788223267
-0.8762654662132263 0.5740309357643127 1.8504611253738403
-0.5620061159133911 0.4592039883136749 1.435804843902588
-0.20213477313518524 0.28871244192123413 0.8201359510421753
-0.12778721749782562 0.27338770031929016 0.764796257019043
-0.04454992711544037 0.24602822959423065 0.6659973859786987
0.023079514503479004 0.2236102670431137 0.5850429534912109
0.07955825328826904 0.20421968400478363 0.5150208473205566
0.12771901488304138 0.1861821562051773 0.4498848617076874
0.165826216340065 0.17496252059936523 0.4093691408634186
0.19911503791809082 0.16566534340381622 0.37579575181007385
0.22896534204483032 0.15471039712429047 0.336235910654068
0.25458797812461853 0.14352518320083618 0.29584452509880066
0.27649956941604614 0.13422416150569916 0.26225727796554565
0.2955254316329956 0.12628887593746185 0.2336018681526184
0.3128243684768677 0.1202598586678505 0.21183019876480103
0.3285524547100067 0.11507105082273483 0.1930927038192749
0.3416276276111603 0.10926484316587448 0.1721256673336029
0.3524407148361206 0.1034306064248085 0.1510574221611023
