ply
format ascii 1.0
element vertex 4032
property float x
property float y
property float z
end_header
-0.8783965110778809 1.723076343536377 0.07009751349687576
-0.9324324131011963 1.6809794902801514 0.091350257396698
-0.9921674728393555 1.6412540674209595 0.11343914270401001
-1.0522010326385498 1.5968776941299438 0.1365571916103363
-1.122926115989685 1.5586642026901245 0.16088998317718506
-1.2038179636001587 1.5240166187286377 0.18685142695903778
-1.2837554216384888 1.4814318418502808 0.21422863006591797
-1.2085504531860352 1.3078792095184326 0.23254847526550293
-1.2422469854354858 1.2288016080856323 0.25670135021209717
-1.28402578830719 1.1548293828964233 0.2816806435585022
-1.3295618295669556 1.0818536281585693 0.30732792615890503
-1.380790114402771 1.0103498697280884 0.3339954614639282
-1.2443747520446777 0.8436940312385559 0.3366568982601166
-1.3895204067230225 0.819502055644989 0.37540411949157715
-1.479001760482788 0.7614442706108093 0.4081934690475464
-1.391062617301941 0.6377339363098145 0.4132676422595978
-1.2999109029769897 0.5249537229537964 0.4153393805027008
-1.2177199125289917 0.4258878231048584 0.41666537523269653
-1.1425237655639648 0.3383502662181854 0.41723939776420593
-1.0753655433654785 0.2610684335231781 0.4175667464733124
-1.020707130432129 0.19303765892982483 0.41889214515686035
-0.8179817199707031 1.7101755142211914 0.13421574234962463
-0.8726984262466431 1.6711196899414062 0.15664729475975037
-0.9319016933441162 1.632824420928955 0.18016356229782104
-0.9949871301651001 1.5937669277191162 0.20488902926445007
-1.0629489421844482 1.5543839931488037 0.23101288080215454
-1.1353257894515991 1.513429880142212 0.25864577293395996
-1.2157680988311768 1.4735773801803589 0.28827959299087524
-1.1685689687728882 1.320661187171936 0.30445700883865356
-1.2105549573898315 1.2468160390853882 0.3300228714942932
-1.2518757581710815 1.1711105108261108 0.35576069355010986
-1.293203353881836 1.094177484512329 0.38173407316207886
-1.285523533821106 0.9881243109703064 0.3998202979564667
-1.1433368921279907 0.8179847598075867 0.393244206905365
-1.1610161066055298 0.7402510643005371 0.41288885474205017
-1.2762188911437988 0.702619194984436 0.45162636041641235
-1.3400264978408813 0.63792484998703 0.4814305305480957
-1.2470898628234863 0.523410975933075 0.477761834859848
-1.1665533781051636 0.4240954518318176 0.4745979309082031
-1.0967986583709717 0.33727097511291504 0.47201085090637207
-1.035194754600525 0.26053228974342346 0.46973735094070435
-0.9774348735809326 0.19189417362213135 0.4669751524925232
-0.7577970027923584 1.6965396404266357 0.19738905131816864
-0.8125303983688354 1.6598867177963257 0.22115372121334076
-0.871045708656311 1.6230077743530273 0.24616040289402008
-0.9340486526489258 1.586066484451294 0.27260491251945496
-0.9993733167648315 1.5458860397338867 0.3003498315811157
-1.067697525024414 1.5029683113098145 0.32952332496643066
-1.143399953842163 1.4610909223556519 0.3608628511428833
-1.1478264331817627 1.351095199584961 0.38135477900505066
-1.193312406539917 1.2776681184768677 0.40855908393859863
-1.2295420169830322 1.1957279443740845 0.43429693579673767
-1.2706208229064941 1.116465449333191 0.46111220121383667
-1.2146053314208984 0.9788082838058472 0.4671825170516968
-1.1135203838348389 0.8282570242881775 0.46115779876708984
-1.131080985069275 0.7490516304969788 0.4804842174053192
-1.212844967842102 0.69756680727005 0.5154181718826294
-1.285326600074768 0.6368834376335144 0.5489962697029114
-1.191224217414856 0.5209065079689026 0.5391932725906372
-1.1167609691619873 0.4225988984107971 0.5325700044631958
-1.048515796661377 0.335657000541687 0.5259521007537842
-0.9889788627624512 0.25906577706336975 0.5203077793121338
-0.9329514503479004 0.190597802400589 0.5143699645996094
-0.698662281036377 1.6833257675170898 0.2596249580383301
-0.7507222890853882 1.645359754562378 0.28451353311538696
-0.8069764375686646 1.6081171035766602 0.3108188509941101
-0.8679789304733276 1.5714329481124878 0.33876851201057434
-0.9310315847396851 1.5312913656234741 0.36800363659858704
-0.9977071285247803 1.4892278909683228 0.3988587260246277
-1.0721137523651123 1.448742389678955 0.4322870969772339
-1.1536606550216675 1.4078595638275146 0.4683806896209717
-1.1884076595306396 1.3211148977279663 0.49454638361930847
-1.2164256572723389 1.229180097579956 0.5190662741661072
-1.260524034500122 1.148945689201355 0.5476287007331848
-1.155633807182312 0.9762055277824402 0.536261796951294
-1.092400312423706 0.8440770506858826 0.5337646007537842
-1.1258199214935303 0.7704999446868896 0.5573975443840027
-1.32378351688385 0.7665272355079651 0.6301944255828857
-1.222712755203247 0.6329216957092285 0.6141313314437866
-1.1385602951049805 0.5193105340003967 0.6011257171630859
-1.0650793313980103 0.4205729365348816 0.5896967649459839
-0.9988865852355957 0.3337153494358063 0.5790766477584839
-0.9412509202957153 0.25731906294822693 0.5699489116668701
-0.8875740766525269 0.18917232751846313 0.560981035232544
-0.6416455507278442 1.6723222732543945 0.3211839199066162
-0.693506121635437 1.6364332437515259 0.3475615978240967
-0.748517632484436 1.599759578704834 0.37535130977630615
-0.8037130832672119 1.5578926801681519 0.40392643213272095
-0.864020824432373 1.5170871019363403 0.43447375297546387
-0.9300752878189087 1.4769985675811768 0.46730297803878784
-0.9994488954544067 1.4340428113937378 0.5018982291221619
-1.0717960596084595 1.3874962329864502 0.5382152795791626
-1.1404696702957153 1.3314014673233032 0.5743150115013123
-1.2170697450637817 1.2760452032089233 0.6135963797569275
-1.226641058921814 1.1672472953796387 0.6324180364608765
-1.1142041683197021 0.9846152663230896 0.6107964515686035
-1.0855869054794312 0.8692364692687988 0.6147019863128662
-1.138009786605835 0.8023162484169006 0.6455503702163696
-1.2615677118301392 0.7639914155006409 0.7019520998001099
-1.1621030569076538 0.6295276284217834 0.6791245937347412
-1.0843613147735596 0.5171754360198975 0.6622734069824219
-1.0119909048080444 0.4180968701839447 0.6458338499069214
-0.9499838352203369 0.33186402916908264 0.6319316625595093
-0.8925728797912598 0.25536009669303894 0.618604302406311
-0.84194016456604 0.18768078088760376 0.6068788170814514
-0.5789707899093628 1.6506378650665283 0.380283385515213
-0.6301790475845337 1.617042064666748 0.40809643268585205
-0.6827661991119385 1.5799893140792847 0.43695515394210815
-0.7372057437896729 1.540111780166626 0.46700718998908997
-0.7947686910629272 1.4988467693328857 0.49867871403694153
-0.8572607040405273 1.4577679634094238 0.5326296091079712
-0.9214818477630615 1.4125080108642578 0.5678739547729492
-0.9833890199661255 1.3591053485870361 0.6029852628707886
-1.0462868213653564 1.3015029430389404 0.6390475034713745
-1.118982195854187 1.2469398975372314 0.6793298721313477
-1.1948790550231934 1.1886569261550903 0.7215394973754883
-1.0874680280685425 1.0034456253051758 0.6929389238357544
-1.0995292663574219 0.9085994362831116 0.7096009254455566
-1.2870478630065918 0.9079025983810425 0.7972209453582764
-1.1919307708740234 0.7579641342163086 0.7702568769454956
-1.101570963859558 0.6259991526603699 0.7434231042861938
-1.0273600816726685 0.5140208601951599 0.7218036651611328
-0.9593411684036255 0.41563910245895386 0.7014931440353394
-0.8993947505950928 0.3295723795890808 0.6835188865661621
-0.8444515466690063 0.253425657749176 0.6667264699935913
-0.7975500822067261 0.18629604578018188 0.6526393890380859
-0.5246213674545288 1.6416170597076416 0.44027408957481384
-0.5731611251831055 1.6061840057373047 0.4690183401107788
-0.6258481740951538 1.571887493133545 0.4998242259025574
-0.6761387586593628 1.5283939838409424 0.530247688293457
-0.7294871807098389 1.4841433763504028 0.5623422265052795
-0.7811417579650879 1.4328067302703857 0.5942218899726868
-0.839363694190979 1.3844643831253052 0.6292529106140137
-0.8997008800506592 1.3330610990524292 0.6656804084777832
-0.9636802673339844 1.279834270477295 0.7041856050491333
-1.034455418586731 1.2268928289413452 0.746218204498291
-1.109816074371338 1.1712839603424072 0.790901780128479
-1.178611397743225 1.104723572731018 0.8331886529922485
-1.2612488269805908 1.041586995124817 0.8823913335800171
-1.21942138671875 0.9043979644775391 0.8735060691833496
-1.1240586042404175 0.7524057626724243 0.8380213975906372
-1.0426528453826904 0.622949481010437 0.8077024221420288
-0.9721226692199707 0.5113237500190735 0.7813833951950073
-0.9082343578338623 0.4135184586048126 0.7572294473648071
-0.8506393432617188 0.3276079595088959 0.7352406978607178
-0.7989749908447266 0.251883864402771 0.7153892517089844
-0.7552655935287476 0.18513253331184387 0.6988488435745239
-0.49895021319389343 1.6861817836761475 0.5122381448745728
-0.5435189008712769 1.64237642288208 0.5413649678230286
-0.5902984142303467 1.5977590084075928 0.5718392729759216
-0.6429235935211182 1.5573463439941406 0.605421245098114
-0.6972849369049072 1.5137786865234375 0.6402416229248047
-0.7539247274398804 1.467631220817566 0.6765754222869873
-0.803973913192749 1.408287763595581 0.7100108861923218
-0.8465538024902344 1.337223768234253 0.7399301528930664
-0.8939305543899536 1.2687687873840332 0.7724596261978149
-0.9584832191467285 1.2126989364624023 0.8141183853149414
-1.0334054231643677 1.1593921184539795 0.8616260290145874
-1.11345636844635 1.1029647588729858 0.9123479127883911
-1.2283406257629395 1.0616264343261719 0.982302188873291
-1.146875023841858 0.8979384303092957 0.9465181827545166
-1.0573058128356934 0.747051477432251 0.9050918817520142
-0.9837563037872314 0.6197555661201477 0.8713178634643555
-0.9181176424026489 0.5089422464370728 0.8409768342971802
-0.8596451282501221 0.41206058859825134 0.8138169050216675
-0.8048511743545532 0.3262738287448883 0.7880074977874756
-0.7568613290786743 0.25090256333351135 0.7654200792312622
-0.7163691520690918 0.1843719780445099 0.7465717792510986
-0.43260475993156433 1.65425705909729 0.5667835474014282
-0.479737788438797 1.6193547248840332 0.5989393591880798
-0.5318049192428589 1.5872694253921509 0.6341581344604492
-0.5822038650512695 1.5460610389709473 0.6687242984771729
-0.6343237161636353 1.5018993616104126 0.7045432329177856
-0.6913416385650635 1.4589028358459473 0.7434791326522827
-0.7487739324569702 1.4103797674179077 0.7829424142837524
-0.8094350099563599 1.3598523139953613 0.8245903253555298
-0.8755899667739868 1.3091075420379639 0.8698058128356934
-0.9470226764678955 1.2568325996398926 0.9185105562210083
-1.0250017642974854 1.2031428813934326 0.9715206623077393
-1.1131118535995483 1.1495407819747925 1.0310866832733154
-1.1733533143997192 1.0688292980194092 1.0738775730133057
-1.0738180875778198 0.8907383680343628 1.017772912979126
-0.9931678771972656 0.7426910400390625 0.972488522529602
-0.9252885580062866 0.6165792942047119 0.9344456195831299
-0.8650223016738892 0.5067912340164185 0.9005672931671143
-0.8112214803695679 0.41061168909072876 0.8702377080917358
-0.7610461711883545 0.3253937363624573 0.8417419195175171
-0.7168474197387695 0.2503015100955963 0.8166415691375732
-0.67940354347229 0.18386203050613403 0.7955095767974854
-0.3629598319530487 1.6111053228378296 0.6154279708862305
-0.4130689799785614 1.5877753496170044 0.6518137454986572
-0.4631284773349762 1.556997299194336 0.6883150339126587
-0.5110107660293579 1.5159512758255005 0.7234643697738647
-0.5630683898925781 1.4759743213653564 0.7615844011306763
-0.618005633354187 1.4341192245483398 0.8018062114715576
-0.6777083873748779 1.3923147916793823 0.845442533493042
-0.7402447462081909 1.34718918800354 0.8911769390106201
-0.8040106296539307 1.2966794967651367 0.9379018545150757
-0.871087908744812 1.2429835796356201 0.9870644807815552
-0.94660484790802 1.1901367902755737 1.042258620262146
-1.0212483406066895 1.129067063331604 1.0969934463500977
-0.8519736528396606 0.8917246460914612 0.9804947376251221
-0.9340298175811768 0.8421353697776794 1.040309190750122
-0.9324365854263306 0.7398728728294373 1.0412427186965942
-0.8679410219192505 0.6137399077415466 0.9975800514221191
-0.8135017156600952 0.5051562786102295 0.9607682228088379
-0.764724612236023 0.4097379148006439 0.9277472496032715
-0.7175794839859009 0.32459667325019836 0.8956872224807739
-0.677371621131897 0.24981772899627686 0.8683886528015137
-0.6428748369216919 0.18342608213424683 0.8450130224227905
-0.3025369942188263 1.5832158327102661 0.6661632061004639
-0.3513902723789215 1.5625824928283691 0.704641580581665
-0.40090587735176086 1.535433053970337 0.7435898780822754
-0.44784173369407654 1.4964815378189087 0.7803990840911865
-0.49833598732948303 1.4576752185821533 0.8200246095657349
-0.5507382154464722 1.4156112670898438 0.8611325025558472
-0.6074808835983276 1.373449683189392 0.905673623085022
-0.6704856157302856 1.3325390815734863 0.9551793336868286
-0.7128654718399048 1.2609719038009644 0.9881125688552856
-0.7741482257843018 1.2064106464385986 1.036142349243164
-0.8812316656112671 1.1878788471221924 1.1207070350646973
-0.943171501159668 1.1180130243301392 1.1691293716430664
-0.7827033996582031 0.8813923001289368 1.040205955505371
-0.8623276948928833 0.8327901363372803 1.102796196937561
-0.8711577653884888 0.7365952134132385 1.1089816093444824
-0.8153575658798218 0.613028347492218 1.0638071298599243
-0.7639230489730835 0.5042504668235779 1.0222094058990479
-0.7179458141326904 0.4087710380554199 0.9850400686264038
-0.674303412437439 0.3238529860973358 0.949805736541748
-0.6371123790740967 0.2491982877254486 0.9197608232498169
-0.603926420211792 0.1826736032962799 0.8929522037506104
-0.2466314136981964 1.5624055862426758 0.7175678014755249
-0.28113916516304016 1.514288306236267 0.7457563877105713
-0.31586405634880066 1.4633501768112183 0.7740235328674316
-0.35000792145729065 1.4083232879638672 0.8016238212585449
-0.3877294957637787 1.3570754528045654 0.8324906826019287
-0.42816975712776184 1.3068594932556152 0.8657673597335815
-0.47280153632164 1.2589850425720215 0.9027892351150513
-0.5279991626739502 1.2205402851104736 0.9493899345397949
-0.5829845666885376 1.1751558780670166 0.9955334663391113
-0.5814670324325562 1.0629991292953491 0.9898111820220947
-0.7008838653564453 1.074522852897644 1.094343662261963
-0.6397254467010498 0.9117227792739868 1.0346535444259644
-0.7064390182495117 0.8647902011871338 1.0909582376480103
-0.7911967039108276 0.8230319023132324 1.163192629814148
-0.7646942138671875 0.7067058682441711 1.1355305910110474
-0.7630263566970825 0.612470805644989 1.130380392074585
-0.7143875360488892 0.5033665895462036 1.0837081670761108
-0.6692490577697754 0.40712970495224 1.0405917167663574
-0.6292228698730469 0.3226166367530823 1.002390742301941
-0.5959634780883789 0.24840545654296875 0.9704916477203369
-0.5652452707290649 0.18195891380310059 0.9411119222640991
-0.1694609820842743 1.481000304222107 0.7414535284042358
-0.20545348525047302 1.4450763463974 0.7733474969863892
-0.24335291981697083 1.4085499048233032 0.807025671005249
-0.2823435962200165 1.3692195415496826 0.8415462970733643
-0.3237058222293854 1.3294713497161865 0.8783100843429565
-0.3665110170841217 1.2870794534683228 0.9162650108337402
-0.4103570282459259 1.241302490234375 0.9549716711044312
-0.4579199254512787 1.1959552764892578 0.9972728490829468
-0.5074145793914795 1.147758960723877 1.0412189960479736
-0.5601823329925537 1.0980267524719238 1.0881911516189575
-0.6204229593276978 1.0503793954849243 1.1424793004989624
-0.5769960880279541 0.901832103729248 1.0900458097457886
-0.6385272741317749 0.8532676100730896 1.1455044746398926
-0.712108850479126 0.8067718744277954 1.2126661539077759
-0.6966149806976318 0.6975111365318298 1.1898683309555054
-0.7097153663635254 0.6114421486854553 1.1961698532104492
-0.6657016277313232 0.5028644800186157 1.1460797786712646
-0.623473048210144 0.40648332238197327 1.0985877513885498
-0.5865106582641602 0.32202982902526855 1.0570118427276611
-0.5549112558364868 0.2476329207420349 1.0213085412979126
-0.5259857177734375 0.18115949630737305 0.9887447357177734
-0.11245900392532349 1.444184422492981 0.7799292802810669
-0.14543083310127258 1.4058773517608643 0.8104822635650635
-0.18355384469032288 1.3757404088974 0.8473527431488037
-0.22058847546577454 1.3371448516845703 0.8821539878845215
-0.2640973627567291 1.3067022562026978 0.9246644973754883
-0.29970672726631165 1.2551908493041992 0.9565552473068237
-0.34467414021492004 1.215946078300476 0.9996418952941895
-0.3926369249820709 1.1753737926483154 1.0457391738891602
-0.4391324818134308 1.1267716884613037 1.0894147157669067
-0.4883410632610321 1.076425313949585 1.1357578039169312
-0.5436873435974121 1.0275018215179443 1.1887215375900269
-0.5772348642349243 0.9514504671096802 1.2157632112503052
-0.6773507595062256 0.9312348961830139 1.3190187215805054
-0.7371718883514404 0.8663874864578247 1.374958872795105
-0.6980648040771484 0.7323324084281921 1.3191391229629517
-0.6555323600769043 0.6099308133125305 1.2609825134277344
-0.6158037185668945 0.5018433332443237 1.207340955734253
-0.5761054754257202 0.40525346994400024 1.1549856662750244
-0.5408565998077393 0.32057690620422363 1.1086170673370361
-0.5100655555725098 0.2460002303123474 1.06804621219635
-0.4861445724964142 0.1802646815776825 1.0356767177581787
-0.03989878296852112 1.349820613861084 0.7864632606506348
-0.0950557291507721 1.3876248598098755 0.8558872938156128
-0.12941846251487732 1.352177619934082 0.8903599977493286
-0.16595390439033508 1.3168058395385742 0.9273569583892822
-0.20640411972999573 1.2845147848129272 0.9693405628204346
-0.24558648467063904 1.2433865070343018 1.008542537689209
-0.28547242283821106 1.1984384059906006 1.0479902029037476
-0.3287854492664337 1.1542664766311646 1.0915173292160034
-0.37427541613578796 1.1079542636871338 1.1372439861297607
-0.4262408912181854 1.064650535583496 1.190908432006836
-0.44443491101264954 0.9759467244148254 1.198754906654358
-0.44794467091560364 0.8751091361045837 1.1878108978271484
-0.4855153262615204 0.8110324740409851 1.2217341661453247
-0.48317185044288635 0.7133768796920776 1.2044931650161743
-0.4359351694583893 0.5916370749473572 1.1317415237426758
-0.39699819684028625 0.4895503520965576 1.0715141296386719
-0.36790886521339417 0.4042321741580963 1.0251723527908325
-0.33903756737709045 0.32820165157318115 0.9804646968841553
-0.32399484515190125 0.2649403512477875 0.9536523818969727
-0.31869277358055115 0.2095254361629486 0.9392741918563843
-0.3241030275821686 0.1594943106174469 0.938088059425354
-0.010045140981674194 1.3881083726882935 0.858055591583252
-0.04381689429283142 1.362912654876709 0.8960951566696167
-0.07850342988967896 1.3334864377975464 0.9344829320907593
-0.11325287818908691 1.2978821992874146 0.9717627763748169
-0.14915892481803894 1.2595826387405396 1.009993076324463
-0.1868811547756195 1.2199509143829346 1.0502735376358032
-0.22557607293128967 1.1769081354141235 1.0911332368850708
-0.26639291644096375 1.1325503587722778 1.1344345808029175
-0.3085763156414032 1.0851881504058838 1.1788935661315918
-0.3532250225543976 1.0362728834152222 1.226184368133545
-0.3296380341053009 0.8983864188194275 1.1697226762771606
-0.3743152320384979 0.8494082689285278 1.217037558555603
-0.3813617527484894 0.7596540451049805 1.2087286710739136
-0.40001180768013 0.684480607509613 1.2179577350616455
-0.39948686957359314 0.5972503423690796 1.2005198001861572
-0.3595326244831085 0.49148255586624146 1.1294500827789307
-0.3261195719242096 0.4021141827106476 1.0698392391204834
-0.29737815260887146 0.3253374993801117 1.0185816287994385
-0.2741610109806061 0.25926342606544495 0.9763965606689453
-0.25906887650489807 0.20239979028701782 0.9462994337081909
-0.24631914496421814 0.15124809741973877 0.920275092124939
-1.9593513011932373 3.1821916103363037 0.020423755049705505
-2.0693447589874268 3.114640712738037 0.05994221568107605
-2.1660428047180176 3.0218398571014404 0.10157875716686249
-2.2795486450195312 2.940607786178589 0.1447369009256363
-2.3850812911987305 2.8422493934631348 0.18957467377185822
-2.356151580810547 2.6099116802215576 0.23078572750091553
-2.4662058353424072 2.511021614074707 0.2767847776412964
-2.590487480163574 2.416114091873169 0.32527071237564087
-2.7134947776794434 2.311393976211548 0.37548503279685974
-2.794302225112915 2.1700992584228516 0.4234318435192108
-2.6423890590667725 1.8840266466140747 0.44712862372398376
-2.409229040145874 1.578109622001648 0.45602506399154663
-2.092714548110962 1.263806939125061 0.44726642966270447
-1.868981122970581 1.0306507349014282 0.4433421790599823
-1.677555799484253 0.8383771777153015 0.4384961724281311
-1.5140388011932373 0.6790974140167236 0.43333280086517334
-1.3748862743377686 0.5464684963226318 0.4283366799354553
-1.267255425453186 0.4377365708351135 0.4257408082485199
-1.1792569160461426 0.3454393744468689 0.4243195354938507
-1.1141780614852905 0.2668227553367615 0.42540574073791504
-1.0561089515686035 0.19675269722938538 0.42635878920555115
-1.9243619441986084 3.2679429054260254 0.14085793495178223
-2.021637439727783 3.180833339691162 0.1841021627187729
-2.125399589538574 3.094062089920044 0.22905966639518738
-2.22989559173584 2.999922513961792 0.27562105655670166
-2.2640082836151123 2.8236188888549805 0.31853580474853516
-2.3966333866119385 2.7474477291107178 0.36938539147377014
-2.4905364513397217 2.625016927719116 0.41843000054359436
-1.6651651859283447 1.7334469556808472 0.36196762323379517
-1.6534886360168457 1.5843788385391235 0.3871478736400604
-2.355391025543213 1.938839077949524 0.5120299458503723
-2.584456443786621 1.9101027250289917 0.5802792906761169
-1.255172610282898 0.9708095788955688 0.3947986960411072
-1.1391161680221558 0.815826416015625 0.3924984037876129
-1.0855565071105957 0.705960750579834 0.39873653650283813
-1.601770043373108 0.8326815962791443 0.5160861015319824
-1.4426301717758179 0.673481822013855 0.5027810335159302
-1.3128182888031006 0.5428282618522644 0.49207884073257446
-1.2085987329483032 0.43443983793258667 0.4841516315937042
-1.1267493963241577 0.3432101011276245 0.47908851504325867
-1.0628992319107056 0.2647472023963928 0.47652772068977356
-1.0066826343536377 0.19503751397132874 0.47439244389533997
-1.860563039779663 3.319199800491333 0.26654189825057983
-1.968379020690918 3.2453925609588623 0.3136332631111145
-2.073362112045288 3.158088207244873 0.3621658682823181
-2.1782915592193604 3.0620439052581787 0.4121975898742676
-2.221683979034424 2.890244722366333 0.45580360293388367
-2.3077757358551025 2.764509677886963 0.5049962997436523
-2.3691306114196777 2.6112749576568604 0.551093578338623
-1.530751347541809 1.6814805269241333 0.4458046853542328
-1.532543659210205 1.5457899570465088 0.46991702914237976
-1.6119658946990967 1.471429467201233 0.5080752372741699
-1.1829228401184082 1.0590873956680298 0.4431789815425873
-1.2089085578918457 0.9754459261894226 0.4659543037414551
-1.0838991403579712 0.8125975131988525 0.45445507764816284
-0.983517050743103 0.6797824501991272 0.4455764889717102
-0.9570550918579102 0.5920847058296204 0.4523770213127136
-1.0143914222717285 0.5400464534759521 0.47963884472846985
-1.2492179870605469 0.5385613441467285 0.5545724630355835
-1.1543586254119873 0.43212229013442993 0.5428739786148071
-1.0758827924728394 0.3412381708621979 0.533686637878418
-1.0137566328048706 0.26293742656707764 0.5275154113769531
-0.9612362384796143 0.19371378421783447 0.5228240489959717
-1.7907872200012207 3.3662707805633545 0.3959694504737854
-1.9028208255767822 3.2984225749969482 0.447374165058136
-2.0079545974731445 3.210193634033203 0.49943438172340393
-2.10971999168396 3.1087594032287598 0.5523210167884827
-2.1300806999206543 2.9062063694000244 0.5912602543830872
-2.231898307800293 2.796912670135498 0.6453889608383179
-2.357377290725708 2.703650951385498 0.7056500911712646
-1.7646846771240234 1.9558931589126587 0.6058949828147888
-2.2010767459869385 2.1524059772491455 0.7344309091567993
-1.6631577014923096 1.5633825063705444 0.6299488544464111
-1.1475623846054077 1.0723180770874023 0.5183646082878113
-1.1672053337097168 0.9832808375358582 0.5393800139427185
-1.15035080909729 0.8757877945899963 0.5499597787857056
-0.9638999700546265 0.6918898820877075 0.5105913877487183
-0.941153883934021 0.6034727692604065 0.5160549879074097
-0.9865140914916992 0.5457561612129211 0.5415738821029663
-1.1834337711334229 0.533402681350708 0.6152942180633545
-1.0990713834762573 0.4294464886188507 0.6007097959518433
-1.0293976068496704 0.3401210308074951 0.5892045497894287
-0.9684175252914429 0.2616829574108124 0.5791751146316528
-0.9150371551513672 0.192276269197464 0.5705113410949707
-1.7121152877807617 3.403820037841797 0.5280274748802185
-1.8332982063293457 3.3508012294769287 0.5854523181915283
-1.9407954216003418 3.2649378776550293 0.6416952610015869
-2.0493407249450684 3.170541524887085 0.6995371580123901
-2.128497838973999 3.03159236907959 0.7512933015823364
-2.193847179412842 2.874124526977539 0.7998602390289307
-2.2919867038726807 2.7494301795959473 0.8575305938720703
-1.8794429302215576 2.141758918762207 0.7696737051010132
-2.1996912956237793 2.235886573791504 0.8894407749176025
-1.1736024618148804 1.2422508001327515 0.6002107262611389
-1.1232441663742065 1.0944221019744873 0.5995445251464844
-1.1615959405899048 1.0146751403808594 0.6263172626495361
-1.0924729108810425 0.8731419444084167 0.617020308971405
-0.9865691661834717 0.7261801958084106 0.593233048915863
-0.9232299327850342 0.6148169040679932 0.5822111368179321
-0.9762487411499023 0.558628261089325 0.6118407249450684
-1.1271861791610718 0.5310646891593933 0.67811119556427
-1.044694185256958 0.42690473794937134 0.6581741571426392
-0.9827617406845093 0.33895573019981384 0.6445372104644775
-0.9261676073074341 0.2609134018421173 0.6317582130432129
-0.8703963756561279 0.1909835934638977 0.6182120442390442
-1.6428515911102295 3.4615187644958496 0.66631019115448
-1.7633411884307861 3.408020257949829 0.7287803888320923
-1.8711738586425781 3.3216793537139893 0.7891620397567749
-1.9805238246917725 3.2270054817199707 0.8512212038040161
-2.028318166732788 3.0452704429626465 0.8946704864501953
-2.178957939147949 2.9853110313415527 0.9719672203063965
-2.243596076965332 2.8175156116485596 1.0216583013534546
-1.776052474975586 2.1312766075134277 0.8832119703292847
-1.9392578601837158 2.0960466861724854 0.9634983539581299
-1.1409401893615723 1.2647104263305664 0.6875135898590088
-1.1099653244018555 1.1264629364013672 0.6891331672668457
-1.1637386083602905 1.0537053346633911 0.7226985692977905
-1.0381122827529907 0.8724454641342163 0.6851348876953125
-0.9369217157363892 0.7253715991973877 0.6550023555755615
-0.9075609445571899 0.6280705332756042 0.6526129245758057
-0.9200882911682129 0.5543427467346191 0.6670362949371338
-0.8499794006347656 0.4545345604419708 0.645916223526001
-0.8159412145614624 0.3757459819316864 0.6391900777816772
-0.91715407371521 0.3335365056991577 0.6913484334945679
-0.883798360824585 0.2601260244846344 0.6843153238296509
-0.8253068923950195 0.18960776925086975 0.6652119159698486
-1.5745354890823364 3.5275189876556396 0.8108240365982056
-1.6901729106903076 3.4662439823150635 0.8771110773086548
-1.8001761436462402 3.3824172019958496 0.9425867795944214
-1.9107403755187988 3.2880072593688965 1.009358286857605
-2.024301290512085 3.1869657039642334 1.0783251523971558
-1.987790822982788 2.893859386444092 1.0869872570037842
-2.071530818939209 2.754594326019287 1.1439763307571411
-1.671276569366455 2.118600606918335 0.9948563575744629
-1.7449431419372559 2.00551438331604 1.0440974235534668
-1.1158133745193481 1.2955513000488281 0.7822699546813965
-1.006528377532959 1.0924805402755737 0.7443405389785767
-1.0127158164978027 0.9909674525260925 0.7571907043457031
-0.9890222549438477 0.8750020265579224 0.7557803392410278
-0.8957974910736084 0.7291884422302246 0.7208287715911865
-0.912394642829895 0.6520999670028687 0.736810564994812
-1.0985040664672852 0.6458050608634949 0.834750771522522
-0.8170219659805298 0.4574701189994812 0.7053585052490234
-0.7466603517532349 0.367031455039978 0.6771211624145508
-0.7243297100067139 0.2984856367111206 0.6719328165054321
-0.8221873044967651 0.2559606432914734 0.7271443605422974
-0.7774587869644165 0.18785753846168518 0.7101988792419434
-1.402938961982727 3.405104160308838 0.9162970781326294
-1.5299301147460938 3.3780879974365234 0.9922856092453003
-1.6893434524536133 3.3852710723876953 1.084731936454773
-1.5430428981781006 2.9085311889648438 1.0335581302642822
-1.6592984199523926 2.844266653060913 1.1059536933898926
-1.7876334190368652 2.782031536102295 1.1852481365203857
-1.8783903121948242 2.661186695098877 1.2468262910842896
-1.761364459991455 2.3126749992370605 1.2035411596298218
-1.7539312839508057 2.1043527126312256 1.2141247987747192
-1.0864707231521606 1.3255447149276733 0.8806722164154053
-0.9342962503433228 1.0804823637008667 0.809482216835022
-0.9058681726455688 0.9545838832855225 0.8019204139709473
-0.9392632246017456 0.8774299025535583 0.8269195556640625
-0.8626667261123657 0.7378897666931152 0.792245626449585
-0.9290410280227661 0.6838940382003784 0.8348180055618286
-0.8196041584014893 0.5500316619873047 0.7805869579315186
-0.7701746225357056 0.4556829333305359 0.7585189342498779
-0.7698709964752197 0.38531166315078735 0.7633813619613647
-0.7767611742019653 0.3195754289627075 0.7721067667007446
-0.7790143489837646 0.25492021441459656 0.7780506610870361
-0.7297765016555786 0.18606814742088318 0.7542687654495239
-1.1058341264724731 3.0141658782958984 0.9389798641204834
-1.2677243947982788 3.089362382888794 1.0402839183807373
-1.3613951206207275 3.0150418281555176 1.104421615600586
-1.315632939338684 2.7090163230895996 1.0891326665878296
-1.409999132156372 2.633183479309082 1.1537916660308838
-1.4958356618881226 2.5359256267547607 1.213931679725647
-1.6176577806472778 2.4755613803863525 1.2956441640853882
-1.569966197013855 2.211162567138672 1.2771546840667725
-1.651573657989502 2.0995068550109863 1.335231065750122
-1.0517593622207642 1.353515625 0.9817990064620972
-0.8722231388092041 1.0759483575820923 0.8785537481307983
-0.8507641553878784 0.9536948800086975 0.8703885078430176
-0.8547576665878296 0.857062578201294 0.877503514289856
-0.8152422904968262 0.7390146851539612 0.8574491739273071
-0.8596687316894531 0.6742759346961975 0.8892507553100586
-0.9954173564910889 0.6475459337234497 0.9784045219421387
-0.7348768711090088 0.4581407606601715 0.8185747861862183
-0.695736289024353 0.37492501735687256 0.7971303462982178
-0.7744290828704834 0.328698992729187 0.8502528667449951
-0.7346687316894531 0.2536434531211853 0.8280246257781982
-0.6919443607330322 0.18549871444702148 0.8035533428192139
-0.8940236568450928 2.7552239894866943 0.9728105068206787
-1.023287057876587 2.799146890640259 1.0645594596862793
-1.109967827796936 2.739116907119751 1.127900242805481
-1.1954138278961182 2.6660146713256836 1.1906213760375977
-1.2760721445083618 2.575930118560791 1.250255823135376
-1.3455021381378174 2.462509870529175 1.3023169040679932
-1.4345815181732178 2.3704192638397217 1.3680273294448853
-1.5380241870880127 2.2870569229125977 1.4438544511795044
-1.040466547012329 1.54978609085083 1.102228045463562
-1.0027250051498413 1.370500087738037 1.0788180828094482
-0.8924074172973633 1.142851710319519 1.0043760538101196
-0.7886612415313721 0.9473532438278198 0.9339909553527832
-0.8299052715301514 0.8763927221298218 0.9649899005889893
-0.7258362770080566 0.7146084308624268 0.8936892747879028
-0.70709228515625 0.6194642186164856 0.882186770439148
-0.756813645362854 0.5626392960548401 0.9189743995666504
-0.863472580909729 0.5245850086212158 0.9961869716644287
-0.794029712677002 0.4191444218158722 0.9485586881637573
-0.7387994527816772 0.33003273606300354 0.9107848405838013
-0.6964340209960938 0.253519207239151 0.8819751739501953
-0.6574314832687378 0.1853884756565094 0.8554055690765381
-0.7187198400497437 2.5438320636749268 1.0034198760986328
-0.8863776922225952 2.6974732875823975 1.137340784072876
-0.9316608905792236 2.5694589614868164 1.1721012592315674
-0.9033609628677368 2.3106472492218018 1.1475579738616943
-0.9997889995574951 2.278775215148926 1.2235817909240723
-1.1621332168579102 2.331141948699951 1.3524560928344727
-1.2301713228225708 2.2242939472198486 1.4053951501846313
-1.3034288883209229 2.119586944580078 1.4624814987182617
-1.368370771408081 2.0003368854522705 1.51286780834198
-0.9389266967773438 1.3743414878845215 1.1679041385650635
-0.926582932472229 1.2294431924819946 1.1569325923919678
-0.7544634342193604 0.9633629322052002 1.0185461044311523
-0.7477773427963257 0.8559750318527222 1.0123628377914429
-0.669977068901062 0.709538459777832 0.9495925903320312
-0.6194854974746704 0.5961083173751831 0.9087022542953491
-0.6093755960464478 0.5142063498497009 0.9000222682952881
-0.6496899127960205 0.45797380805015564 0.9314489364624023
-0.7407635450363159 0.4163918197154999 1.0031557083129883
-0.6950677633285522 0.32937943935394287 0.9662795066833496
-0.6543724536895752 0.25267407298088074 0.9334449768066406
-0.6194487810134888 0.18483847379684448 0.9052507877349854
-0.5681073665618896 2.3615283966064453 1.0291048288345337
-0.7218083143234253 2.5180487632751465 1.1692062616348267
-0.7774536609649658 2.4263010025024414 1.2141063213348389
-0.7275737524032593 2.1290957927703857 1.1589738130569458
-0.8303897380828857 2.1294009685516357 1.2485973834991455
-0.9244872331619263 2.0970046520233154 1.3293393850326538
-0.9885009527206421 2.006574869155884 1.381584644317627
-1.051554799079895 1.909881830215454 1.4327476024627686
-1.1173436641693115 1.8121659755706787 1.486254334449768
-1.1457405090332031 1.6697180271148682 1.5054163932800293
-0.7842401266098022 1.1549890041351318 1.1701512336730957
-0.7774004936218262 1.0303723812103271 1.159301519393921
-0.6822149753570557 0.8462797999382019 1.0691190958023071
-0.6147317886352539 0.7044810056686401 1.0047402381896973
-0.568893551826477 0.5922766327857971 0.9603873491287231
-0.5547903776168823 0.5080261826515198 0.9447904825210571
-0.6144506931304932 0.46110138297080994 0.9949480295181274
-0.6939610242843628 0.41573330760002136 1.0624674558639526
-0.6472253799438477 0.32760336995124817 1.0182768106460571
-0.6093792915344238 0.2512119710445404 0.9822945594787598
-0.5773731470108032 0.18371149897575378 0.9517509937286377
-0.4358638823032379 2.19850754737854 1.0490201711654663
-0.550764799118042 2.2943499088287354 1.1661432981491089
-0.5277268886566162 2.047070264816284 1.1260781288146973
-0.5798399448394775 1.978682279586792 1.171066403388977
-0.623202919960022 1.8887126445770264 1.206096887588501
-0.6674416065216064 1.7985146045684814 1.241950273513794
-0.7126586437225342 1.7080237865447998 1.2787203788757324
-0.7681289911270142 1.6299811601638794 1.3262251615524292
-0.8355062007904053 1.5625170469284058 1.3859142065048218
-0.9085334539413452 1.4944424629211426 1.4509756565093994
-0.7755969762802124 1.2086223363876343 1.3027491569519043
-0.7130645513534546 1.0254936218261719 1.229485034942627
-0.8046669960021973 0.9869195222854614 1.3144991397857666
-0.5628172159194946 0.701354444026947 1.0618765354156494
-0.5271649360656738 0.5935878157615662 1.0198615789413452
-0.5421154499053955 0.5233609080314636 1.0290884971618652
-0.6935666799545288 0.5151934623718262 1.1736901998519897
-0.6427371501922607 0.4134889841079712 1.1175655126571655
-0.599513053894043 0.32578548789024353 1.0697503089904785
-0.5652874708175659 0.249891996383667 1.0314204692840576
-0.5375199317932129 0.18288952112197876 0.9999282360076904
-0.30967679619789124 2.0238003730773926 1.0509096384048462
-0.35460034012794495 1.9649543762207031 1.0918117761611938
-0.4025546610355377 1.9081557989120483 1.1361298561096191
-0.4593122899532318 1.864858865737915 1.1911940574645996
-0.5158255100250244 1.8123061656951904 1.2449910640716553
-0.5755516290664673 1.7579951286315918 1.30198073387146
-0.6352939605712891 1.695879340171814 1.3581360578536987
-0.6837347745895386 1.6099320650100708 1.3997864723205566
-0.7460263967514038 1.5397396087646484 1.4577460289001465
-0.8069673776626587 1.46153724193573 1.5134090185165405
-0.8691877126693726 1.3793269395828247 1.5699822902679443
-0.9366860389709473 1.2970192432403564 1.632104754447937
-0.9352051019668579 1.1502546072006226 1.6145334243774414
-0.5233396291732788 0.7072468996047974 1.1323491334915161
-0.49139031767845154 0.598967969417572 1.0868812799453735
-0.5419528484344482 0.5472317934036255 1.1344990730285645
-0.6382111310958862 0.5122397541999817 1.2320789098739624
-0.5933830738067627 0.4118311107158661 1.1739033460617065
-0.5563526153564453 0.3252541422843933 1.1254507303237915
-0.5241079330444336 0.24918821454048157 1.083186149597168
-0.4975326955318451 0.18204104900360107 1.0478665828704834
-0.25383511185646057 2.0417561531066895 1.1368739604949951
-0.29550567269325256 1.9743696451187134 1.1750471591949463
-0.3367626368999481 1.9017821550369263 1.2119680643081665
-0.3809410631656647 1.8328964710235596 1.2528190612792969
-0.4264397919178009 1.7626911401748657 1.295000672340393
-0.4744040071964264 1.6931414604187012 1.3401317596435547
-0.523776650428772 1.621487021446228 1.3865787982940674
-0.576786994934082 1.5511075258255005 1.4374232292175293
-0.6279240846633911 1.4728362560272217 1.4849265813827515
-0.4579301178455353 1.1054941415786743 1.2336400747299194
-0.4761293828487396 1.0123927593231201 1.2408382892608643
-0.5031863451004028 0.9314855337142944 1.2600963115692139
-0.5182819366455078 0.8405153751373291 1.264021635055542
-0.4848642647266388 0.7147085070610046 1.2066489458084106
-0.4985021650791168 0.6342400908470154 1.2104507684707642
-0.6300506591796875 0.6250545382499695 1.3612440824508667
-0.581966757774353 0.5086492300033569 1.2883061170578003
-0.5430246591567993 0.40969744324684143 1.2285393476486206
-0.5101803541183472 0.32380011677742004 1.1777679920196533
-0.48093459010124207 0.24801936745643616 1.132664442062378
-0.45347699522972107 0.18052297830581665 1.0908616781234741
-0.17164579033851624 1.9692432880401611 1.1749898195266724
-0.21009811758995056 1.9008886814117432 1.2106748819351196
-0.24890437722206116 1.830077052116394 1.2463370561599731
-0.290373295545578 1.763113260269165 1.286120057106018
-0.3348595201969147 1.6992347240447998 1.3303275108337402
-0.37489083409309387 1.620955228805542 1.3661094903945923
-0.42091771960258484 1.5518490076065063 1.4112683534622192
-0.47190138697624207 1.4869184494018555 1.4635242223739624
-0.36268511414527893 1.1688088178634644 1.263678789138794
-0.3816398084163666 1.0755051374435425 1.2698087692260742
-0.39719465374946594 0.9813841581344604 1.2714643478393555
-0.4195156395435333 0.8985694646835327 1.2838855981826782
-0.4477486312389374 0.823165774345398 1.3052387237548828
-0.3993864953517914 0.6839586496353149 1.217063307762146
-0.3756241500377655 0.5800489783287048 1.1669114828109741
-0.38291558623313904 0.5058460831642151 1.1619036197662354
-0.4056679904460907 0.44302746653556824 1.1787171363830566
-0.4928668439388275 0.40751931071281433 1.282616376876831
-0.4634741246700287 0.3221077620983124 1.228871464729309
-0.4352245628833771 0.24618425965309143 1.1784025430679321
-0.40967920422554016 0.17898041009902954 1.1330437660217285
-0.6893020868301392 1.4678292274475098 0.07878705859184265
-0.7399628162384033 1.4382727146148682 0.09666740894317627
-0.7918968200683594 1.405717372894287 0.11546258628368378
-0.8416398763656616 1.3663501739501953 0.13515383005142212
-0.8989367485046387 1.3308717012405396 0.15579938888549805
-0.9556390047073364 1.2901467084884644 0.1773892194032669
-1.0139045715332031 1.2464661598205566 0.19995251297950745
-1.0730901956558228 1.1992475986480713 0.22345960140228271
-1.1340397596359253 1.149179220199585 0.24796512722969055
-1.1961497068405151 1.0957553386688232 0.2734327018260956
-1.2619719505310059 1.0405545234680176 0.3001304268836975
-1.330282211303711 0.982466459274292 0.328002393245697
-0.8858962059020996 0.6661691665649414 0.28991714119911194
-0.8439933061599731 0.5792584419250488 0.2981046736240387
-0.7881156206130981 0.49374958872795105 0.30275285243988037
-0.6141335964202881 0.3764116168022156 0.2865017354488373
-0.5996334552764893 0.3240031599998474 0.2939431667327881
-0.6495720148086548 0.28998854756355286 0.31257539987564087
-0.626319408416748 0.23872849345207214 0.31774434447288513
-0.5978249311447144 0.19026833772659302 0.32111656665802
-0.5750713348388672 0.14627280831336975 0.32490265369415283
-0.6695816516876221 1.501230239868164 0.1333247274160385
-0.7154821157455444 1.464536190032959 0.15289051830768585
-0.7647355794906616 1.4281576871871948 0.17331503331661224
-0.8172508478164673 1.3913837671279907 0.19470879435539246
-0.8750708103179932 1.3558416366577148 0.21732190251350403
-0.9348913431167603 1.317332148551941 0.24104821681976318
-0.9962960481643677 1.2753382921218872 0.2658720016479492
-1.0568604469299316 1.227805733680725 0.2915201187133789
-0.9739605188369751 1.066505789756775 0.2995094060897827
-1.005342960357666 0.9995948076248169 0.32084912061691284
-1.2476364374160767 1.0653843879699707 0.3747275769710541
-1.3162647485733032 1.0056617259979248 0.4049065113067627
-1.3930610418319702 0.9456864595413208 0.43737202882766724
-1.3730332851409912 0.8365958333015442 0.4526524543762207
-0.7824109792709351 0.505335807800293 0.3538513779640198
-0.7049961090087891 0.41785699129104614 0.3492894470691681
-0.6639618873596191 0.35114556550979614 0.3507443368434906
-0.6299571990966797 0.29207757115364075 0.3526705503463745
-0.6077604293823242 0.24029669165611267 0.3564455807209015
-0.6500552892684937 0.20193836092948914 0.37533998489379883
-0.8427913188934326 0.17742332816123962 0.43282926082611084
-0.6435012817382812 1.5283595323562622 0.19022172689437866
-0.6859935522079468 1.4863131046295166 0.21102949976921082
-0.7368848323822021 1.4517154693603516 0.23321591317653656
-0.7930543422698975 1.41881263256073 0.25678667426109314
-0.8536401987075806 1.3856014013290405 0.28181537985801697
-0.91791832447052 1.3505967855453491 0.30832940340042114
-0.980033278465271 1.307793140411377 0.33550864458084106
-0.9718700647354126 1.199281096458435 0.35173964500427246
-0.9420801401138306 1.0790990591049194 0.36311787366867065
-0.9448418617248535 0.9904786348342896 0.3793718218803406
-0.9561980962753296 0.910748302936554 0.39681628346443176
-0.998164176940918 0.8510584831237793 0.4205179214477539
-1.3812834024429321 0.9698122143745422 0.5217477083206177
-1.3356757164001465 0.8450921773910522 0.5288833379745483
-0.7368025779724121 0.5012573599815369 0.3980942666530609
-0.673582911491394 0.4182354509830475 0.39239442348480225
-0.6292418241500854 0.34982484579086304 0.3901630640029907
-0.595808744430542 0.2906430661678314 0.38979923725128174
-0.5823754072189331 0.2405937910079956 0.3942108750343323
-0.6427868604660034 0.20497196912765503 0.4196024239063263
-0.7728040218353271 0.17295527458190918 0.466503381729126
-0.6187386512756348 1.5601648092269897 0.24964697659015656
-0.6622406244277954 1.5184040069580078 0.27200573682785034
-0.7107270956039429 1.4797227382659912 0.2957027554512024
-0.7647925615310669 1.4436839818954468 0.321022629737854
-0.8169957399368286 1.4005297422409058 0.3467707633972168
-0.8858300447463989 1.370688796043396 0.37651121616363525
-0.9555174112319946 1.33489990234375 0.4074881374835968
-0.9572954177856445 1.231737494468689 0.42418771982192993
-0.9421027898788452 1.1189254522323608 0.43620091676712036
-0.9320275783538818 1.016420602798462 0.4484763443470001
-0.9243923425674438 0.9209309220314026 0.46054983139038086
-0.9261975288391113 0.8359190821647644 0.47443515062332153
-0.9493895769119263 0.7658208608627319 0.49379777908325195
-1.117222547531128 0.7663260102272034 0.554912269115448
-0.6961237192153931 0.49905508756637573 0.44296175241470337
-0.6430197954177856 0.4189947247505188 0.4360564351081848
-0.6005229949951172 0.35034430027008057 0.4312431812286377
-0.5687226057052612 0.2910003066062927 0.428881973028183
-0.5791466236114502 0.24559324979782104 0.43974757194519043
-0.6365636587142944 0.2083759903907776 0.46647295355796814
-0.786848783493042 0.17778807878494263 0.5260272026062012
-0.5895557403564453 1.5880663394927979 0.3111187517642975
-0.6372352838516235 1.5517959594726562 0.3358170986175537
-0.6856192350387573 1.5119134187698364 0.36130040884017944
-0.7359871864318848 1.4702115058898926 0.38785383105278015
-0.7918123006820679 1.430600643157959 0.4163815975189209
-0.8530840873718262 1.3918832540512085 0.44704294204711914
-0.9212857484817505 1.3544977903366089 0.480392187833786
-0.9992430210113525 1.319738745689392 0.5174227356910706
-0.9585229158401489 1.1760344505310059 0.5201845169067383
-0.9410505294799805 1.0614495277404785 0.5285970568656921
-0.9286426305770874 0.9573588967323303 0.5376737117767334
-0.9180728197097778 0.8602117896080017 0.5465633869171143
-0.8961707353591919 0.7618088722229004 0.5509315729141235
-0.9367550611495972 0.7011364102363586 0.576024055480957
-0.6616442203521729 0.4994826316833496 0.4896335005760193
-0.612079381942749 0.41970551013946533 0.48000234365463257
-0.5715893507003784 0.3508685529232025 0.4726352393627167
-0.5431463718414307 0.29182401299476624 0.4689197838306427
-0.5792412757873535 0.2516517639160156 0.4893535077571869
-0.8031449317932129 0.24057742953300476 0.5835890769958496
-0.7528673410415649 0.17734244465827942 0.5714036822319031
-0.5575244426727295 1.6141331195831299 0.374517560005188
-0.6057182550430298 1.5783814191818237 0.40117400884628296
-0.6549687385559082 1.5392502546310425 0.42871686816215515
-0.705804705619812 1.497507929801941 0.45730355381965637
-0.7608466148376465 1.456320881843567 0.48778918385505676
-0.8212049007415771 1.416096568107605 0.5206445455551147
-0.8850479125976562 1.373789668083191 0.5553689002990723
-0.9530080556869507 1.3295097351074219 0.5922448635101318
-1.022635817527771 1.2804588079452515 0.6304541826248169
-0.9982026815414429 1.1491938829421997 0.6343153715133667
-0.9635313749313354 1.0192095041275024 0.6332483291625977
-0.9059426784515381 0.883826494216919 0.6221106052398682
-0.8445316553115845 0.7584914565086365 0.6080198884010315
-0.7025883197784424 0.6032067537307739 0.5598178505897522
-0.6307533979415894 0.5016311407089233 0.5380975008010864
-0.5799914598464966 0.42005911469459534 0.5238879919052124
-0.5417376756668091 0.35116273164749146 0.5140433311462402
-0.5233582258224487 0.29435089230537415 0.5120711326599121
-0.5868735313415527 0.25981372594833374 0.5457388162612915
-0.7651039361953735 0.23991349339485168 0.6312563419342041
-0.7237095832824707 0.177485853433609 0.6191932559013367
-0.5271972417831421 1.646243929862976 0.4411831498146057
-0.5769295692443848 1.6124595403671265 0.47039511799812317
-0.6294091939926147 1.5773775577545166 0.5011668801307678
-0.6807302236557007 1.534938097000122 0.5320295095443726
-0.736219048500061 1.4929964542388916 0.5650248527526855
-0.7952574491500854 1.449898600578308 0.5999864339828491
-0.85556960105896 1.4024847745895386 0.6360228061676025
-0.9215480089187622 1.3553035259246826 0.6750010251998901
-0.9883317947387695 1.3027318716049194 0.7149108648300171
-1.0640363693237305 1.2518562078475952 0.7593262195587158
-0.9573628902435303 1.0549697875976562 0.7221771478652954
-0.8575639724731445 0.8845784068107605 0.6861145496368408
-0.8005539178848267 0.759671688079834 0.6681249141693115
-0.8376353979110718 0.6976996064186096 0.6933894157409668
-0.963170051574707 0.6761620044708252 0.7610896825790405
-0.5694422721862793 0.42930081486701965 0.5785303711891174
-0.5156066417694092 0.3528134822845459 0.5576155185699463
-0.5107735395431519 0.2991636097431183 0.5601685047149658
-0.588323712348938 0.26712766289711 0.6037648916244507
-0.7262529134750366 0.23911172151565552 0.678561806678772
-0.5470967292785645 0.15957237780094147 0.592387318611145
-0.49407443404197693 1.6769105195999146 0.5100587606430054
-0.546165943145752 1.6470341682434082 0.5425750017166138
-0.5988236665725708 1.6116247177124023 0.5758177638053894
-0.6522833108901978 1.5713964700698853 0.6098731756210327
-0.7056961059570312 1.5254117250442505 0.6443134546279907
-0.7619540691375732 1.4778406620025635 0.680526614189148
-0.8225632905960083 1.4299652576446533 0.7192988395690918
-0.8862220048904419 1.379521369934082 0.7600332498550415
-0.9547353982925415 1.3278473615646362 0.8036868572235107
-1.0283513069152832 1.2743011713027954 0.8504499197006226
-0.900078535079956 1.0532385110855103 0.7914793491363525
-0.8136374950408936 0.8886588215827942 0.7528578042984009
-0.7576848268508911 0.7617303133010864 0.7293189764022827
-0.791944146156311 0.6980631351470947 0.7538563013076782
-0.876955509185791 0.658247172832489 0.806281328201294
-0.9055927991867065 0.5865554809570312 0.8281149864196777
-0.8492813110351562 0.48416128754615784 0.8026100397109985
-0.7896149158477783 0.39119449257850647 0.7744735479354858
-0.7394307851791382 0.3106735348701477 0.7509752511978149
-0.6989295482635498 0.24039608240127563 0.7323900461196899
-0.5345245599746704 0.16136741638183594 0.6421778202056885
-0.46344730257987976 1.716558575630188 0.5838349461555481
-0.5128641128540039 1.6811527013778687 0.6174931526184082
-0.5690168142318726 1.651313304901123 0.65525221824646
-0.6238505840301514 1.6120977401733398 0.6925965547561646
-0.6784203052520752 1.5662121772766113 0.730082631111145
-0.7344779968261719 1.5166517496109009 0.7687044143676758
-0.7927049398422241 1.464235782623291 0.8088647127151489
-0.8573822975158691 1.413522720336914 0.8531219959259033
-0.9219988584518433 1.3563787937164307 0.8976413011550903
-0.9912735223770142 1.2976808547973633 0.9452496767044067
-0.8642377853393555 1.0693001747131348 0.873694658279419
-0.8010163307189941 0.9165574908256531 0.8399159908294678
-0.7796902656555176 0.8071662187576294 0.8312339782714844
-0.8529205322265625 0.76112300157547 0.8808106184005737
-0.9114192724227905 0.7007967829704285 0.9215176105499268
-0.856264591217041 0.5861005187034607 0.8911792039871216
-0.8009785413742065 0.4828506112098694 0.8602192401885986
-0.7495460510253906 0.39155301451683044 0.8311944007873535
-0.7057199478149414 0.3117294907569885 0.8065570592880249
-0.6646949052810669 0.24052157998085022 0.7833297252655029
-0.6332194805145264 0.17783474922180176 0.7658865451812744
-0.4672609865665436 1.835810661315918 0.6856180429458618
-0.5403547286987305 1.8404558897018433 0.7379086017608643
-0.6000030040740967 1.8071396350860596 0.7813334465026855
-0.6581594944000244 1.763218641281128 0.8239045143127441
-0.7197010517120361 1.717612624168396 0.8689358234405518
-0.7829580307006836 1.6672964096069336 0.9152919054031372
-0.8463938236236572 1.6103062629699707 0.9619117975234985
-0.9111982583999634 1.5485903024673462 1.009608268737793
-0.9776231050491333 1.4825174808502197 1.058554768562317
-1.0508816242218018 1.417149305343628 1.11238431930542
-1.1220109462738037 1.34317147731781 1.1648626327514648
-1.126995325088501 1.2116843461990356 1.1711034774780273
-1.017553448677063 1.006761074066162 1.096827745437622
-0.9309372901916504 0.8402410745620728 1.0381312370300293
-0.8628164529800415 0.7026726007461548 0.9921023845672607
-0.8062194585800171 0.5853580236434937 0.9539214372634888
-0.755183219909668 0.482481986284256 0.9194327592849731
-0.7082666158676147 0.39161568880081177 0.8876526355743408
-0.6692042350769043 0.3122040927410126 0.8612691164016724
-0.6329845190048218 0.24119868874549866 0.8367522954940796
-0.6018503904342651 0.17789548635482788 0.8157238960266113
-0.43649014830589294 1.8924009799957275 0.7747130393981934
-0.4878704845905304 1.852103590965271 0.8150272369384766
-0.5419944524765015 1.8103044033050537 0.8574994802474976
-0.600127100944519 1.7686666250228882 0.9031445980072021
-0.6586540937423706 1.7201865911483765 0.9490447044372559
-0.723273515701294 1.6739734411239624 0.9997837543487549
-0.7918387651443481 1.6253561973571777 1.0536245107650757
-0.8565998077392578 1.563966989517212 1.1043492555618286
-0.923629879951477 1.49869966506958 1.1568368673324585
-1.0003492832183838 1.4369391202926636 1.2170195579528809
-1.078230857849121 1.368428111076355 1.2780653238296509
-1.025407075881958 1.1854066848754883 1.234750747680664
-0.9473059177398682 1.0011811256408691 1.1714280843734741
-0.870749831199646 0.8381867408752441 1.1095043420791626
-0.8088606595993042 0.7018201947212219 1.0594059228897095
-0.7554138898849487 0.5842697620391846 1.0161433219909668
-0.7084898948669434 0.4817940890789032 0.9781666994094849
-0.6653767824172974 0.3912137448787689 0.9433040618896484
-0.6291055679321289 0.3118235766887665 0.913947343826294
-0.5949212312698364 0.24070194363594055 0.8863106966018677
-0.565361738204956 0.17729511857032776 0.8623969554901123
-0.3839470446109772 1.9037439823150635 0.8506382703781128
-0.43606552481651306 1.8671810626983643 0.8946290016174316
-0.4883427321910858 1.8231685161590576 0.9384658336639404
-0.5409369468688965 1.7728064060211182 0.9823299646377563
-0.6017512083053589 1.7304867506027222 1.0336740016937256
-0.6685117483139038 1.6894876956939697 1.09025239944458
-0.7327448129653931 1.6358150243759155 1.144130825996399
-0.7808356285095215 1.553438425064087 1.1828140020370483
-0.8232079744338989 1.4615263938903809 1.2161390781402588
-0.8975423574447632 1.4028500318527222 1.278625249862671
-0.8222254514694214 1.1916571855545044 1.204696536064148
-0.8770732879638672 1.1162714958190918 1.2495431900024414
-0.8876864910125732 1.0032869577407837 1.2543613910675049
-0.8132120370864868 0.8378219604492188 1.1829607486724854
-0.7550945281982422 0.7010956406593323 1.1269437074661255
-0.7044726610183716 0.5831020474433899 1.078194499015808
-0.6602213382720947 0.48045867681503296 1.0355998277664185
-0.6217939853668213 0.39060789346694946 0.9985829591751099
-0.58784019947052 0.31115368008613586 0.9658730030059814
-0.5554109811782837 0.23992207646369934 0.934814453125
-0.5281628370285034 0.17660009860992432 0.9085817337036133
-0.3171059787273407 1.878654956817627 0.911912202835083
-0.3540119230747223 1.8104472160339355 0.9423345327377319
-0.39996907114982605 1.7602088451385498 0.9827407598495483
-0.45289769768714905 1.7186235189437866 1.0304596424102783
-0.5087954998016357 1.6750833988189697 1.0808829069137573
-0.5691070556640625 1.6313939094543457 1.1355266571044922
-0.6338708400726318 1.5863838195800781 1.194342851638794
-0.663902997970581 1.484154462814331 1.2157018184661865
-0.7811405658721924 1.493790626525879 1.3287973403930664
-0.7372089624404907 1.2994791269302368 1.272552728652954
-0.8209325075149536 1.254854440689087 1.3495734930038452
-0.8789107799530029 1.1762174367904663 1.3994394540786743
-0.8255012035369873 1.003679633140564 1.3356913328170776
-0.7551336288452148 0.8371524214744568 1.2561227083206177
-0.700697660446167 0.7000150084495544 1.1939643621444702
-0.6542630195617676 0.5822994709014893 1.1408891677856445
-0.6128243207931519 0.4794687032699585 1.093685507774353
-0.5769097805023193 0.38955000042915344 1.0527167320251465
-0.5450195074081421 0.3100452125072479 1.0163631439208984
-0.5176448822021484 0.23951956629753113 0.9849915504455566
-0.4928342401981354 0.1761869192123413 0.9566010236740112
-0.25674787163734436 1.8682442903518677 0.9781844615936279
-0.3014381229877472 1.8228600025177002 1.0203094482421875
-0.3524759113788605 1.78640878200531 1.070095419883728
-0.4064249098300934 1.747948169708252 1.122728705406189
-0.46391376852989197 1.7080398797988892 1.1789329051971436
-0.5240294933319092 1.6640818119049072 1.2374625205993652
-0.5888431072235107 1.6191699504852295 1.3008366823196411
-0.6619008779525757 1.5773377418518066 1.373231053352356
-0.7317408323287964 1.5205165147781372 1.4406007528305054
-0.6879931688308716 1.3177375793457031 1.3723951578140259
-0.7905160188674927 1.294292688369751 1.47783362865448
-0.8021508455276489 1.1676799058914185 1.4762767553329468
-0.7688242197036743 1.0089318752288818 1.4238520860671997
-0.7008508443832397 0.8393563032150269 1.333749771118164
-0.6478936672210693 0.6999576091766357 1.2627575397491455
-0.6064019203186035 0.5828094482421875 1.2062703371047974
-0.567740797996521 0.47954341769218445 1.1542792320251465
-0.5352842807769775 0.3897128105163574 1.1102898120880127
-0.5058356523513794 0.31000643968582153 1.070573329925537
-0.48021408915519714 0.23922303318977356 1.0358617305755615
-0.4577672779560089 0.1758383810520172 1.0053014755249023
-0.19058474898338318 1.837185025215149 1.0332748889923096
-0.23851212859153748 1.8075414896011353 1.0843009948730469
-0.31021520495414734 1.8314133882522583 1.1707907915115356
-0.36548706889152527 1.7957981824874878 1.2294236421585083
-0.4219626486301422 1.75296151638031 1.2883743047714233
-0.4831499755382538 1.7103321552276611 1.3528059720993042
-0.5487667322158813 1.6658505201339722 1.4220854043960571
-0.6195970773696899 1.6196104288101196 1.4971336126327515
-0.6632013320922852 1.5235837697982788 1.5332820415496826
-0.6783660650253296 1.3896101713180542 1.5308889150619507
-0.7230207920074463 1.2962980270385742 1.5686562061309814
-0.7768223285675049 1.2107419967651367 1.6181577444076538
-0.7150611877441406 1.017574667930603 1.5179780721664429
-0.6479593515396118 0.8430352807044983 1.414392352104187
-0.5975236892700195 0.7016655802726746 1.3350197076797485
-0.5575273036956787 0.5828871726989746 1.2710833549499512
-0.5214318037033081 0.4791203737258911 1.2138926982879639
-0.4903317391872406 0.38864588737487793 1.16445791721344
-0.4653702676296234 0.30963408946990967 1.1238290071487427
-0.4419296085834503 0.2387649118900299 1.0861709117889404
-0.42163893580436707 0.1753479242324829 1.0532652139663696
-0.1681455671787262 1.9566562175750732 1.1681251525878906
-0.21197500824928284 1.9069609642028809 1.2142257690429688
-0.26137682795524597 1.866424798965454 1.2691630125045776
-0.3156314194202423 1.82945716381073 1.3309487104415894
-0.37398239970207214 1.79185950756073 1.3978147506713867
-0.43723371624946594 1.7539260387420654 1.4708389043807983
-0.5037411451339722 1.7108210325241089 1.5470032691955566
-0.5704289674758911 1.6568140983581543 1.6213006973266602
-0.6316729784011841 1.5845078229904175 1.6851671934127808
-0.6297296285629272 1.4180431365966797 1.6506942510604858
-0.6371008157730103 1.2761249542236328 1.6327683925628662
-0.6086082458496094 1.1042317152023315 1.5635392665863037
-0.666089653968811 1.032050609588623 1.6226520538330078
-0.5999617576599121 0.8513843417167664 1.503946304321289
-0.5490539073944092 0.7050653696060181 1.4111709594726562
-0.5084673166275024 0.5829688906669617 1.3361586332321167
-0.4756740629673004 0.4790329039096832 1.2745342254638672
-0.4470798671245575 0.3882708251476288 1.2207746505737305
-0.4232555329799652 0.3087567985057831 1.1752345561981201
-0.40347543358802795 0.2382928431034088 1.1365697383880615
-0.38659992814064026 0.1750624179840088 1.102984070777893
-1.4117578268051147 2.443028450012207 0.0455876961350441
-1.4840075969696045 2.37652325630188 0.07611262798309326
-1.5436465740203857 2.2898447513580322 0.10786709934473038
-1.5994813442230225 2.1960535049438477 0.1402045041322708
-1.668755292892456 2.1137609481811523 0.17329485714435577
-1.661503791809082 1.9553142786026 0.2043013870716095
-1.5800706148147583 1.7394410371780396 0.22990483045578003
-1.6773669719696045 1.6838432550430298 0.26400405168533325
-1.7176995277404785 1.5786551237106323 0.2950878143310547
-1.7617435455322266 1.4759708642959595 0.326518177986145
-1.85141921043396 1.4007227420806885 0.36289966106414795
-0.9042842388153076 0.7472901344299316 0.27745553851127625
-0.8191502094268799 0.633115291595459 0.28121447563171387
-0.7999192476272583 0.5598487854003906 0.29185950756073
-0.8213101625442505 0.5066114068031311 0.3078189492225647
-0.770309567451477 0.42894184589385986 0.3119838237762451
-0.5326991081237793 0.3047958016395569 0.28233978152275085
-0.4803336560726166 0.24950721859931946 0.28156936168670654
-0.3913160264492035 0.19337540864944458 0.2724490165710449
-0.377409428358078 0.15758958458900452 0.27659863233566284
-0.333059698343277 0.12087620049715042 0.2738596796989441
-1.4545750617980957 2.606489896774292 0.1380375623703003
-1.5382044315338135 2.5455992221832275 0.17255014181137085
-1.612051248550415 2.4655532836914062 0.20802851021289825
-1.682269811630249 2.376356601715088 0.24425461888313293
-1.7495219707489014 2.2799289226531982 0.28104448318481445
-1.8100569248199463 2.1735622882843018 0.31788545846939087
-1.902677059173584 2.0940306186676025 0.3584110736846924
-1.759523630142212 1.8118804693222046 0.37289518117904663
-2.030447244644165 1.87166166305542 0.4357641339302063
-1.9208984375 1.6365573406219482 0.4505012035369873
-1.7276828289031982 1.368719220161438 0.44854041934013367
-0.9153120517730713 0.7769243717193604 0.33856821060180664
-0.832831859588623 0.6592015624046326 0.3383760452270508
-0.8289039134979248 0.5893327593803406 0.35060158371925354
-0.792466402053833 0.5093531012535095 0.35584235191345215
-0.725355863571167 0.42491263151168823 0.3535260260105133
-0.5312777757644653 0.3119485080242157 0.3218429684638977
-0.4059576690196991 0.2369673252105713 0.3017725944519043
-0.37488946318626404 0.19411930441856384 0.3014155328273773
-0.36038973927497864 0.15786951780319214 0.30434316396713257
-0.32424160838127136 0.12169226258993149 0.30132389068603516
-1.4588260650634766 2.7280657291412354 0.24134951829910278
-1.6153215169906616 2.7610950469970703 0.2853851914405823
-1.6856794357299805 2.663106679916382 0.3247602880001068
-1.7693557739257812 2.5769460201263428 0.3663187623023987
-1.8469080924987793 2.4780473709106445 0.40813955664634705
-1.9282145500183105 2.3783793449401855 0.4512878656387329
-2.0075478553771973 2.2719781398773193 0.4949766993522644
-2.062495708465576 2.1402664184570312 0.535302460193634
-1.9025259017944336 1.8382166624069214 0.5368368625640869
-1.8565704822540283 1.6477726697921753 0.555264949798584
-1.7285685539245605 1.4160866737365723 0.554757297039032
-1.834886074066162 1.3449158668518066 0.6009148359298706
-0.8670051097869873 0.6979345679283142 0.40537571907043457
-0.8851854801177979 0.6336238384246826 0.4223151206970215
-0.7587510347366333 0.5103084444999695 0.4035035967826843
-0.694671630859375 0.4257729649543762 0.3977930545806885
-0.5349462032318115 0.3211188316345215 0.3651571273803711
-0.4962673485279083 0.2654294967651367 0.36251917481422424
-0.35941198468208313 0.1951233446598053 0.331196665763855
-0.33999255299568176 0.1576591283082962 0.331521213054657
-0.31199517846107483 0.12219052761793137 0.32877177000045776
-1.4352413415908813 2.8183810710906982 0.351581871509552
-1.5188647508621216 2.747511625289917 0.3930981755256653
-1.6000415086746216 2.6660470962524414 0.4353711009025574
-1.676265001296997 2.572124719619751 0.4777761399745941
-1.7498681545257568 2.4702277183532715 0.5204667448997498
-1.8282911777496338 2.369271755218506 0.5647682547569275
-1.9144155979156494 2.271151065826416 0.6114365458488464
-2.0056772232055664 2.172041893005371 0.6601316928863525
-1.9448449611663818 1.9420676231384277 0.6737337112426758
-1.950223445892334 1.7781378030776978 0.7012009620666504
-1.909754991531372 1.5893511772155762 0.7158194780349731
-1.7657477855682373 1.3492534160614014 0.700670599937439
-1.5893762111663818 1.1160244941711426 0.6726527214050293
-1.4343730211257935 0.9202984571456909 0.6465907096862793
-0.7313244342803955 0.514055609703064 0.45346227288246155
-0.6634596586227417 0.42653772234916687 0.442335307598114
-0.6190552711486816 0.35616418719291687 0.43709462881088257
-0.4836897552013397 0.2688027322292328 0.40133213996887207
-0.35565683245658875 0.1986728012561798 0.3655620515346527
-0.3303200304508209 0.15918287634849548 0.3624683916568756
-0.3070652186870575 0.12356165051460266 0.35953187942504883
-1.3344841003417969 2.792997360229492 0.4550589919090271
-1.4181349277496338 2.7263519763946533 0.4988020360469818
-1.4944167137145996 2.6415090560913086 0.5419782996177673
-1.5682666301727295 2.547720193862915 0.5853692293167114
-1.6409714221954346 2.4476661682128906 0.6291416883468628
-1.592198133468628 2.208989143371582 0.6415383815765381
-1.6770703792572021 2.123643159866333 0.6883409023284912
-1.752882719039917 2.023563861846924 0.7334035634994507
-1.8369810581207275 1.9261629581451416 0.7815320491790771
-1.868091106414795 1.7821928262710571 0.8140765428543091
-1.956301212310791 1.6811670064926147 0.8644025325775146
-1.6954338550567627 1.3532814979553223 0.8011493682861328
-1.5188543796539307 1.1149648427963257 0.7605695724487305
-1.3824514150619507 0.9252080321311951 0.7299960851669312
-0.698905348777771 0.5159112215042114 0.502820611000061
-0.6365066766738892 0.4290240406990051 0.48884567618370056
-0.6011203527450562 0.36044633388519287 0.48355668783187866
-0.6028310060501099 0.30789875984191895 0.4914412200450897
-0.4273516833782196 0.21878954768180847 0.4309405982494354
-0.37940648198127747 0.17053231596946716 0.4176757037639618
-0.3507647216320038 0.1306719332933426 0.4112580716609955
-1.2355724573135376 2.768270254135132 0.5568121671676636
-1.3183058500289917 2.7046356201171875 0.6028358340263367
-1.3914116621017456 2.618556261062622 0.6469755172729492
-1.46494722366333 2.5274879932403564 0.6918960809707642
-1.5366125106811523 2.428849935531616 0.7368240356445312
-1.492892861366272 2.1923956871032715 0.743916392326355
-1.583366870880127 2.115891695022583 0.7950503826141357
-1.67564058303833 2.0334603786468506 0.847713828086853
-1.7782344818115234 1.9527720212936401 0.9049924612045288
-1.7560861110687256 1.7625434398651123 0.9167782068252563
-1.8771450519561768 1.688373327255249 0.9819186925888062
-1.6272854804992676 1.359167218208313 0.9035670757293701
-1.4491519927978516 1.1144098043441772 0.848876953125
-1.3163084983825684 0.9231569766998291 0.8091063499450684
-0.6782931089401245 0.5233461856842041 0.5577647089958191
-0.6249189376831055 0.43779829144477844 0.5427981615066528
-0.6532115936279297 0.38854655623435974 0.5617344379425049
-0.8883013725280762 0.3958761990070343 0.6706284284591675
-0.4768790304660797 0.23526155948638916 0.4972459375858307
-0.38168224692344666 0.17462065815925598 0.4598585069179535
-0.3546658456325531 0.13345399498939514 0.4520345628261566
-1.1391868591308594 2.7455267906188965 0.6571749448776245
-1.219253420829773 2.6820640563964844 0.7050637006759644
-1.2907724380493164 2.5970399379730225 0.7505238056182861
-1.3637796640396118 2.5084526538848877 0.7970998287200928
-1.4353457689285278 2.4124248027801514 0.8436266183853149
-1.3970963954925537 2.17862606048584 0.8457623720169067
-1.4879248142242432 2.1056435108184814 0.900181770324707
-1.5745599269866943 2.0201334953308105 0.9535943269729614
-1.6720972061157227 1.937851071357727 1.0124036073684692
-1.6366510391235352 1.7350900173187256 1.0130661725997925
-1.7970836162567139 1.6956347227096558 1.100716471672058
-1.5621583461761475 1.3677253723144531 1.0088942050933838
-1.385362982749939 1.1175366640090942 0.9401160478591919
-1.2515426874160767 0.9217883944511414 0.8886600732803345
-1.1334118843078613 0.7568382024765015 0.8424937725067139
-1.0246496200561523 0.6155821681022644 0.7989836931228638
-0.9283068180084229 0.49611011147499084 0.7599064111709595
-0.8515411615371704 0.3972070813179016 0.7291209697723389
-0.4505726993083954 0.2353673279285431 0.5347225069999695
-0.4096823036670685 0.1835125982761383 0.5182458162307739
-0.38219431042671204 0.13932472467422485 0.5080530643463135
-1.0412795543670654 2.717413902282715 0.7546448707580566
-1.1237409114837646 2.663348436355591 0.8066033124923706
-1.1953251361846924 2.5817885398864746 0.8541878461837769
-1.2663151025772095 2.4931302070617676 0.901934027671814
-1.3367929458618164 2.3982341289520264 0.9498283863067627
-1.3087278604507446 2.1730847358703613 0.9495857954025269
-1.3836894035339355 2.084306001663208 0.9996566772460938
-1.4679908752441406 1.9998544454574585 1.0548641681671143
-1.560029149055481 1.9159557819366455 1.1145436763763428
-1.5410857200622559 1.7263754606246948 1.1170731782913208
-1.6948728561401367 1.6860463619232178 1.2096409797668457
-1.4949167966842651 1.375627040863037 1.1152679920196533
-1.3220043182373047 1.1213078498840332 1.0326476097106934
-1.1897718906402588 0.9220952987670898 0.9698032140731812
-1.0762723684310913 0.7563905715942383 0.9154833555221558
-0.9791035652160645 0.6177793145179749 0.868746280670166
-0.6930358409881592 0.427913099527359 0.7155246734619141
-0.6685705184936523 0.35512831807136536 0.7064701318740845
-0.42215368151664734 0.2350146770477295 0.5713756084442139
-0.3808347284793854 0.18270647525787354 0.5510267019271851
-0.3552294075489044 0.13868531584739685 0.5392476320266724
-0.9459778070449829 2.6912596225738525 0.8506028652191162
-1.0281903743743896 2.6425058841705322 0.9061229228973389
-1.0985978841781616 2.5627524852752686 0.9554518461227417
-1.168892502784729 2.4763388633728027 1.0050196647644043
-1.2396929264068604 2.3848001956939697 1.0551552772521973
-1.3094375133514404 2.2863833904266357 1.1049295663833618
-1.2831875085830688 2.06552791595459 1.0982834100723267
-1.3655942678451538 1.982396125793457 1.1555404663085938
-1.4544093608856201 1.8986797332763672 1.2169744968414307
-1.4468026161193848 1.7181826829910278 1.2205086946487427
-1.5716779232025146 1.6582733392715454 1.3041768074035645
-1.4247753620147705 1.3822014331817627 1.2219927310943604
-1.25815749168396 1.1251975297927856 1.1261487007141113
-1.1312307119369507 0.9244261384010315 1.0533702373504639
-1.024649739265442 0.7588247060775757 0.9921177625656128
-0.9463386535644531 0.6258743405342102 0.9476404190063477
-0.8026193380355835 0.48346397280693054 0.8612529039382935
-0.7240171432495117 0.38366425037384033 0.8150334358215332
-0.39693620800971985 0.23546740412712097 0.6101853847503662
-0.35602590441703796 0.1826382875442505 0.5861709117889404
-0.33041176199913025 0.13831675052642822 0.5716623067855835
-0.8526719808578491 2.6661362648010254 0.944982647895813
-0.9339584112167358 2.621816873550415 1.004138469696045
-1.001879096031189 2.541581153869629 1.0544441938400269
-1.070874810218811 2.456740379333496 1.1056139469146729
-1.1446670293807983 2.3732104301452637 1.160194754600525
-1.2057005167007446 2.264885902404785 1.2061346769332886
-1.1895718574523926 2.0537941455841064 1.1988598108291626
-1.2720763683319092 1.9737423658370972 1.2596138715744019
-1.3534587621688843 1.88481867313385 1.3197437524795532
-1.3418588638305664 1.699018120765686 1.3152012825012207
-1.4626866579055786 1.6403971910476685 1.4029858112335205
-1.3552722930908203 1.3900307416915894 1.331085443496704
-1.1939992904663086 1.1293466091156006 1.2207950353622437
-1.072081208229065 0.9266974925994873 1.1375316381454468
-0.97465980052948 0.7624341249465942 1.0710453987121582
-0.896573543548584 0.6269062757492065 1.0178332328796387
-0.6557860374450684 0.4438363015651703 0.8489810228347778
-0.6368281841278076 0.3686850666999817 0.8369195461273193
-0.3738444745540619 0.2365400791168213 0.6511262655258179
-0.3313065469264984 0.18261945247650146 0.621734619140625
-0.30567023158073425 0.13796661794185638 0.6042678356170654
-0.7610670328140259 2.641576051712036 1.0377362966537476
-0.8395686149597168 2.598175287246704 1.0994815826416016
-0.9069321155548096 2.521282434463501 1.152136206626892
-0.9740492105484009 2.436990737915039 1.2045342922210693
-0.9724280834197998 2.2339727878570557 1.2015624046325684
-1.0504610538482666 2.163918972015381 1.262715220451355
-1.1278914213180542 2.084538698196411 1.323313593864441
-1.209296703338623 2.0025360584259033 1.3870348930358887
-1.2380999326705933 1.8534003496170044 1.4085814952850342
-1.2645825147628784 1.7062273025512695 1.428308367729187
-1.3604743480682373 1.6271034479141235 1.5035146474838257
-1.2871153354644775 1.3998819589614868 1.4435858726501465
-1.1299591064453125 1.134106159210205 1.3170400857925415
-1.012791395187378 0.929202139377594 1.2226377725601196
-0.9189728498458862 0.763286292552948 1.147032618522644
-0.846381425857544 0.6279123425483704 1.0884754657745361
-0.7815384864807129 0.5113866329193115 1.0362052917480469
-0.620572566986084 0.3762497901916504 0.9077327251434326
-0.6530786752700806 0.31820404529571533 0.9329668283462524
-0.3049813210964203 0.1823144257068634 0.6564390659332275
-0.2812800109386444 0.1376752257347107 0.6373162269592285
-0.6704652309417725 2.615968942642212 1.128298282623291
-0.7470099925994873 2.575453519821167 1.1934232711791992
-0.8134763240814209 2.5014498233795166 1.248450517654419
-0.8804662227630615 2.4209673404693604 1.3036799430847168
-0.8857359886169434 2.2259652614593506 1.3006235361099243
-1.0009651184082031 2.2187585830688477 1.4007713794708252
-1.0280240774154663 2.0638701915740967 1.4182795286178589
-1.1039637327194214 1.9788864850997925 1.4811327457427979
-1.1432541608810425 1.8430536985397339 1.5100488662719727
-1.1869163513183594 1.7139910459518433 1.5430407524108887
-1.2642934322357178 1.6183973550796509 1.6067306995391846
-1.211637258529663 1.40460205078125 1.55245041847229
-1.0651460886001587 1.1388893127441406 1.4143495559692383
-0.953433632850647 0.9320242404937744 1.3088693618774414
-0.8614420890808105 0.7632469534873962 1.2220714092254639
-0.7881284952163696 0.6250612735748291 1.1527526378631592
-0.7283222675323486 0.5092598795890808 1.0960845947265625
-0.6705015897750854 0.40756574273109436 1.0417004823684692
-0.2640979588031769 0.22147709131240845 0.6801904439926147
-0.23224124312400818 0.1723165214061737 0.6504966020584106
-0.21133306622505188 0.13081493973731995 0.6306455135345459
-0.5819275379180908 2.5919034481048584 1.2176530361175537
-0.6565372943878174 2.5544915199279785 1.2864609956741333
-0.7218180894851685 2.4828739166259766 1.3438382148742676
-0.7903397083282471 2.4099206924438477 1.4042253494262695
-0.788709282875061 2.1977577209472656 1.3872365951538086
-0.8952388763427734 2.1856589317321777 1.4884861707687378
-0.9313291311264038 2.0456278324127197 1.5129046440124512
-1.007027268409729 1.9642332792282104 1.57955801486969
-1.0627754926681519 1.8498204946517944 1.6246849298477173
-1.0916805267333984 1.7028597593307495 1.6417109966278076
-1.1318411827087402 1.5719118118286133 1.6706920862197876
-1.1310876607894897 1.405400276184082 1.6578631401062012
-0.9996744394302368 1.1437941789627075 1.5128575563430786
-0.8946409225463867 0.9356608986854553 1.3970297574996948
-0.8078908920288086 0.765756368637085 1.3015098571777344
-0.7369800806045532 0.6257709264755249 1.223350167274475
-0.6791105270385742 0.508797287940979 1.1593661308288574
-0.6320040225982666 0.40958571434020996 1.1069920063018799
-0.21109500527381897 0.21359223127365112 0.6892187595367432
-0.17976072430610657 0.16595786809921265 0.6557154655456543
-0.15623167157173157 0.12569817900657654 0.6302311420440674
-0.4949147403240204 2.5682082176208496 1.3054296970367432
-0.5664056539535522 2.531076669692993 1.376686453819275
-0.6286942958831787 2.4579262733459473 1.4343202114105225
-0.693808913230896 2.3832290172576904 1.4947619438171387
-0.7586503028869629 2.300027847290039 1.5539882183074951
-0.8310370445251465 2.2236886024475098 1.6219112873077393
-0.9016752243041992 2.1357851028442383 1.6867307424545288
-0.8258311748504639 1.8220571279525757 1.5726110935211182
-0.8490515947341919 1.6783740520477295 1.5813959836959839
-0.9077056646347046 1.5832959413528442 1.6328089237213135
-0.9362596273422241 1.4518234729766846 1.648544192314148
-1.0434871912002563 1.399695634841919 1.7558094263076782
-0.9276031255722046 1.143797516822815 1.605821132659912
-0.8329659700393677 0.9376804828643799 1.4836450815200806
-0.7555446624755859 0.7694234251976013 1.3837342262268066
-0.6885031461715698 0.6281315684318542 1.297699213027954
-0.6340817213058472 0.5103238224983215 1.2275199890136719
-0.5892606973648071 0.41026169061660767 1.1693896055221558
-0.18255183100700378 0.21242830157279968 0.7193846702575684
-0.15805122256278992 0.16608257591724396 0.6885199546813965
-0.13592654466629028 0.12563714385032654 0.6608016490936279
-0.40971675515174866 2.5459251403808594 1.3921955823898315
-0.4785211384296417 2.5100817680358887 1.4664474725723267
-0.5366474390029907 2.431614637374878 1.5220060348510742
-0.5965728759765625 2.350534200668335 1.5792567729949951
-0.6607789993286133 2.271951913833618 1.6418308019638062
-0.7269259691238403 2.1894893646240234 1.706072211265564
-0.7947465181350708 2.102525472640991 1.771579623222351
-0.8659658432006836 2.01383900642395 1.8407622575759888
-0.8610254526138306 1.8081605434417725 1.8044447898864746
-0.8482040166854858 1.608511209487915 1.7599083185195923
-0.8338778018951416 1.4237746000289917 1.7158502340316772
-0.9536713361740112 1.391223430633545 1.8495702743530273
-0.8515564203262329 1.1403909921646118 1.6941338777542114
-0.7664179801940918 0.9362411499023438 1.5652798414230347
-0.6977870464324951 0.769936740398407 1.4611510038375854
-0.6374995708465576 0.6293855905532837 1.37050461769104
-0.5853619575500488 0.5103053450584412 1.2924796342849731
-0.5424891710281372 0.40948349237442017 1.2278879880905151
-0.5064370632171631 0.32261672616004944 1.173262119293213
-0.468898743391037 0.2451636791229248 1.1183178424835205
-0.44020870327949524 0.1783663034439087 1.0751936435699463
-0.3293841779232025 2.5364890098571777 1.4843491315841675
-0.3921482264995575 2.489882230758667 1.5550868511199951
-0.4462886154651642 2.405303716659546 1.6075736284255981
-0.5034099817276001 2.322683811187744 1.664222240447998
-0.5648459196090698 2.2437350749969482 1.727055311203003
-0.6301215887069702 2.1653354167938232 1.7948697805404663
-0.6951411962509155 2.0781965255737305 1.8606786727905273
-0.7636759281158447 1.990039348602295 1.930755615234375
-0.7624284029006958 1.7865798473358154 1.8900535106658936
-0.5990378856658936 1.3756670951843262 1.6035740375518799
-0.6016517877578735 1.2325735092163086 1.5793814659118652
-0.6919410228729248 1.1948668956756592 1.6867822408676147
-0.665246844291687 1.0312442779541016 1.6214268207550049
-0.6971566677093506 0.9325156807899475 1.6429643630981445
-0.6376669406890869 0.7689418196678162 1.535974144935608
-0.5858995914459229 0.6305333375930786 1.443628191947937
-0.5352941751480103 0.5096967220306396 1.3561363220214844
-0.4935157001018524 0.40779203176498413 1.2834926843643188
-0.45930418372154236 0.3207235038280487 1.2233103513717651
-0.4264555275440216 0.24400469660758972 1.1668483018875122
-0.3975638449192047 0.17692366242408752 1.1172640323638916
-0.5939949750900269 1.3391798734664917 0.08316674083471298
-0.6247192621231079 1.2929490804672241 0.099851094186306
-0.653335452079773 1.2427566051483154 0.11686258018016815
-0.6413938999176025 1.1471160650253296 0.13381929695606232
-0.6526929140090942 1.0804470777511597 0.15020306408405304
-0.697463870048523 1.0468568801879883 0.167545884847641
-0.7407846450805664 1.0086537599563599 0.18550342321395874
-0.7807244062423706 0.964786946773529 0.2038431465625763
-0.8171195983886719 0.9159789681434631 0.22237800061702728
-0.8099216222763062 0.8361170291900635 0.23718222975730896
-0.8304151296615601 0.7768615484237671 0.2541746497154236
-0.8513215780258179 0.7180516123771667 0.2711712419986725
-0.8796873092651367 0.6630944013595581 0.2891075909137726
-0.9007841348648071 0.6042684316635132 0.30615168809890747
-0.907620906829834 0.5400537848472595 0.3209913671016693
-0.8643766641616821 0.46058160066604614 0.327332079410553
-0.9075238704681396 0.4123549163341522 0.3473173975944519
-0.9676892757415771 0.36608123779296875 0.3708575367927551
-0.9727306365966797 0.30558204650878906 0.38451287150382996
-0.9557676315307617 0.24333688616752625 0.39341121912002563
-0.8803175687789917 0.17830520868301392 0.3892824649810791
-0.623874306678772 1.4368749856948853 0.13305038213729858
-0.653349757194519 1.3828938007354736 0.15140573680400848
-0.6853042840957642 1.3309074640274048 0.17006079852581024
-0.7215566635131836 1.2824194431304932 0.18922773003578186
-0.706162691116333 1.1773457527160645 0.20501333475112915
-0.7480698823928833 1.1345528364181519 0.22464576363563538
-0.7970484495162964 1.095367193222046 0.2455293983221054
-0.8412044048309326 1.0485458374023438 0.26654505729675293
-0.8453242778778076 0.968471348285675 0.2829192876815796
-0.7575453519821167 0.8271991014480591 0.28575843572616577
-0.7512891292572021 0.7517493963241577 0.2984083294868469
-0.9009318351745605 0.7687206864356995 0.336188942193985
-0.938713788986206 0.7133464813232422 0.35708603262901306
-0.9629701375961304 0.650255024433136 0.3757455348968506
-0.9910002946853638 0.5886702537536621 0.3951524794101715
-1.0235728025436401 0.5282588005065918 0.4155809283256531
-1.056384563446045 0.467073529958725 0.4362221658229828
-0.9599816799163818 0.37327295541763306 0.42765992879867554
-0.9736490249633789 0.3128508925437927 0.4429091811180115
-0.9144392013549805 0.24216091632843018 0.4401402473449707
-0.41562625765800476 0.1315138041973114 0.324499249458313
-0.7083519697189331 1.6237837076187134 0.19428837299346924
-0.7560988664627075 1.5824782848358154 0.21663860976696014
-0.7353243827819824 1.4497230052947998 0.23306533694267273
-0.7832438945770264 1.4071749448776245 0.25568604469299316
-0.8346587419509888 1.3647246360778809 0.2794013023376465
-0.7918689250946045 1.2223657369613647 0.2904932498931885
-0.8387657403945923 1.1752325296401978 0.31358420848846436
-0.8866180181503296 1.1257262229919434 0.33739084005355835
-0.9298819303512573 1.069457769393921 0.3609115779399872
-0.7224198579788208 0.830127477645874 0.33646151423454285
-0.7102837562561035 0.7498540878295898 0.34652963280677795
-0.7458204030990601 0.7021178603172302 0.3661126494407654
-0.9521603584289551 0.7429526448249817 0.4246448874473572
-1.0166451930999756 0.6953333616256714 0.4534132778644562
-1.132474422454834 0.6644238233566284 0.4956103265285492
-1.1254220008850098 0.579730749130249 0.5080618858337402
-1.0605602264404297 0.48112908005714417 0.504542887210846
-0.9938700199127197 0.39147093892097473 0.49889087677001953
-0.4506129324436188 0.21372255682945251 0.35697200894355774
-0.41086819767951965 0.16873373091220856 0.35213857889175415
-0.38942787051200867 0.1307208389043808 0.3519156873226166
-0.7767431735992432 1.8036470413208008 0.269372820854187
-0.8049886226654053 1.7232226133346558 0.29218459129333496
-0.8266795873641968 1.634400725364685 0.31391316652297974
-0.866374135017395 1.569446086883545 0.3384924829006195
-0.9117199182510376 1.5091474056243896 0.3644079566001892
-0.9044240713119507 1.3903900384902954 0.38022536039352417
-0.9298629760742188 1.3098512887954712 0.4020317494869232
-0.9834421873092651 1.2551887035369873 0.4300720989704132
-0.9942299127578735 1.161716103553772 0.44854894280433655
-1.0308945178985596 1.0903832912445068 0.4730158746242523
-0.6909399032592773 0.762568473815918 0.40007126331329346
-0.7077972888946533 0.7023804783821106 0.4155823290348053
-0.75328528881073 0.6585116982460022 0.4389931857585907
-0.9456014633178711 0.6830061674118042 0.505301833152771
-1.121874213218689 0.6804852485656738 0.5699644088745117
-1.0839232206344604 0.5817035436630249 0.571496844291687
-0.5744664669036865 0.3421614468097687 0.4230159521102905
-0.4576508700847626 0.2620053291320801 0.39289581775665283
-0.4153412878513336 0.21120324730873108 0.3853738009929657
-0.3904622495174408 0.16884374618530273 0.38289350271224976
-0.3095093071460724 0.12383788824081421 0.36038005352020264
-1.032881259918213 2.3051509857177734 0.39678114652633667
-1.0805160999298096 2.2185373306274414 0.4283360540866852
-0.9238181114196777 1.8445905447006226 0.4145118296146393
-0.9541970491409302 1.752716302871704 0.4396391212940216
-0.984933614730835 1.6619082689285278 0.4647689163684845
-1.0198253393173218 1.576219081878662 0.49092036485671997
-1.0277042388916016 1.4627975225448608 0.5096725225448608
-1.062663197517395 1.378967046737671 0.5355979800224304
-1.076502799987793 1.276779294013977 0.5552843809127808
-1.134673833847046 1.2119852304458618 0.5882228016853333
-1.1889228820800781 1.1406813859939575 0.6204259991645813
-0.6858922243118286 0.7129427194595337 0.4705241620540619
-0.7135391235351562 0.6582290530204773 0.4894452691078186
-0.761960506439209 0.6132593154907227 0.5156388282775879
-0.8414391279220581 0.5787550210952759 0.5532646179199219
-0.5359547138214111 0.39066562056541443 0.45244336128234863
-0.4777158796787262 0.3204226791858673 0.437918096780777
-0.43250635266304016 0.2620255947113037 0.4271707832813263
-0.39628878235816956 0.21206894516944885 0.41899463534355164
-0.38661321997642517 0.1717236042022705 0.42049747705459595
-0.2865094840526581 0.12321406602859497 0.385667085647583
-1.0881006717681885 2.51725172996521 0.5171641111373901
-1.0854158401489258 2.336550235748291 0.5369280576705933
-1.1379598379135132 2.247105836868286 0.5718603134155273
-1.1983321905136108 2.1657533645629883 0.6095059514045715
-1.2507755756378174 2.070513963699341 0.645065188407898
-1.3164637088775635 1.988488793373108 0.6852706670761108
-1.3905384540557861 1.9109731912612915 0.7288665771484375
-1.4565057754516602 1.819990873336792 0.7702441215515137
-1.5071641206741333 1.7115802764892578 0.806502103805542
-1.2913202047348022 1.3864119052886963 0.7435603141784668
-1.0471128225326538 1.0804275274276733 0.6651462316513062
-0.9363411664962769 0.9038580656051636 0.6339715719223022
-0.6894090175628662 0.6671763062477112 0.5462251305580139
-0.7253895998001099 0.6150937080383301 0.569079577922821
-0.7724901437759399 0.5663732290267944 0.5967340469360352
-0.5001717805862427 0.3885432183742523 0.4902915358543396
-0.4595204293727875 0.32359036803245544 0.4788689613342285
-0.4475490152835846 0.273261159658432 0.47913414239883423
-0.44111427664756775 0.22727841138839722 0.48147842288017273
-0.3994844853878021 0.17765220999717712 0.46781647205352783
-0.2678466737270355 0.12309530377388 0.4127097725868225
-1.098118543624878 2.671757698059082 0.6426805257797241
-1.1677513122558594 2.5963022708892822 0.6862478256225586
-1.241424322128296 2.5209572315216064 0.7319179773330688
-1.3134256601333618 2.4366860389709473 0.7775590419769287
-1.3799742460250854 2.3396050930023193 0.8215610980987549
-1.4530872106552124 2.2464215755462646 0.868627667427063
-1.5352978706359863 2.158320665359497 0.9199713468551636
-1.5562440156936646 2.00148606300354 0.9457801580429077
-1.4846768379211426 1.76376473903656 0.9308607578277588
-1.399110198020935 1.5346274375915527 0.9078058004379272
-1.0088791847229004 1.0942741632461548 0.7454003095626831
-0.9206336736679077 0.9278258681297302 0.7150071859359741
-0.8165186643600464 0.7694410681724548 0.6755499839782715
-0.7102192640304565 0.6287167072296143 0.6332777738571167
-0.7971668243408203 0.5974944829940796 0.68171226978302
-0.9043847322463989 0.5663670301437378 0.7407404184341431
-0.5122932195663452 0.3516630232334137 0.5559914112091064
-0.42049655318260193 0.2731897234916687 0.5154092311859131
-0.3846573531627655 0.22016969323158264 0.5016849040985107
-0.3126945197582245 0.16647869348526 0.4691297709941864
-0.2546928822994232 0.12366940826177597 0.442846417427063
-1.0131614208221436 2.663947343826294 0.7420768737792969
-1.0867304801940918 2.598223924636841 0.7896846532821655
-1.166024088859558 2.534132480621338 0.8405138254165649
-1.244762659072876 2.460777759552002 0.8916827440261841
-1.328735113143921 2.387089729309082 0.945927619934082
-1.4198838472366333 2.3144237995147705 1.0042840242385864
-1.3990720510482788 2.1022439002990723 1.0073423385620117
-1.4886113405227661 2.0218417644500732 1.0653142929077148
-1.4027714729309082 1.7631628513336182 1.033781886100769
-1.3608121871948242 1.567429542541504 1.0233304500579834
-0.9880853891372681 1.123308777809143 0.8377820253372192
-0.8652728796005249 0.9255669713020325 0.7803254127502441
-0.79246985912323 0.7838948965072632 0.748016357421875
-0.773949384689331 0.687929630279541 0.7440885305404663
-0.83472740650177 0.6374541521072388 0.7831454277038574
-0.9074182510375977 0.5873308777809143 0.8291239738464355
-0.4754736125469208 0.3495909571647644 0.5942636728286743
-0.382913202047348 0.2700144052505493 0.5459864139556885
-0.3480202853679657 0.21733659505844116 0.529411256313324
-0.28673139214515686 0.1656399369239807 0.49737319350242615
-0.24545136094093323 0.12479761242866516 0.4762258529663086
-0.9176582098007202 2.634054660797119 0.8349463939666748
-0.9920005798339844 2.5749928951263428 0.8858532905578613
-1.068955421447754 2.5117363929748535 0.9386485815048218
-1.1469330787658691 2.441519021987915 0.9924323558807373
-1.2305083274841309 2.3714051246643066 1.0498358011245728
-1.3114991188049316 2.2891435623168945 1.1061352491378784
-1.4111443758010864 2.2223927974700928 1.1737868785858154
-1.4827139377593994 2.1134955883026123 1.2252341508865356
-1.5084031820297241 1.953676700592041 1.2493592500686646
-1.649552583694458 1.905342698097229 1.3430228233337402
-1.4633077383041382 1.568050742149353 1.2382328510284424
-0.8452014923095703 0.9495422840118408 0.8669811487197876
-0.7948623895645142 0.8172509074211121 0.8405855894088745
-0.8190034627914429 0.7412216067314148 0.8597811460494995
-0.5712889432907104 0.526488184928894 0.7094435691833496
-0.5086036920547485 0.4325847029685974 0.6732543706893921
-0.3737333118915558 0.3231394290924072 0.5910516977310181
-0.34682217240333557 0.2671053111553192 0.576252281665802
-0.32275453209877014 0.21714630722999573 0.5630093812942505
-0.27277061343193054 0.16702580451965332 0.5329924821853638
-0.244125634431839 0.12705600261688232 0.5163174867630005
-0.8314989805221558 2.620521068572998 0.9307340383529663
-0.9028946161270142 2.560150384902954 0.9831271171569824
-0.9764920473098755 2.495185613632202 1.037191390991211
-1.052698016166687 2.426196575164795 1.0932070016860962
-1.0791771411895752 2.272179126739502 1.1153099536895752
-1.1559484004974365 2.19455623626709 1.171905755996704
-1.2375301122665405 2.1157703399658203 1.2319726943969727
-1.3309195041656494 2.0430657863616943 1.300378680229187
-1.3862452507019043 1.9199141263961792 1.3425289392471313
-1.5503113269805908 1.9009455442428589 1.4604967832565308
-1.369997262954712 1.559529423713684 1.3381984233856201
-0.8692139387130737 1.0102869272232056 0.9904441833496094
-0.8681211471557617 0.9029431343078613 0.9918396472930908
-0.5803781747817993 0.6255094408988953 0.7912505865097046
-0.5244356393814087 0.5218649506568909 0.7532612085342407
-0.35312023758888245 0.37700560688972473 0.6334228515625
-0.3358078896999359 0.3194284737110138 0.6221839785575867
-0.31924018263816833 0.2667441666126251 0.6113795042037964
-0.27745065093040466 0.21184629201889038 0.5825439691543579
-0.2570212185382843 0.16819486021995544 0.5687885284423828
-0.22294309735298157 0.12681393325328827 0.5452052354812622
-0.7474225759506226 2.6100826263427734 1.0266793966293335
-0.8143097162246704 2.5445923805236816 1.0790520906448364
-0.8843953609466553 2.4773757457733154 1.1339409351348877
-0.9574869871139526 2.407388210296631 1.1911848783493042
-0.9844976663589478 2.2537364959716797 1.2112756967544556
-1.0547884702682495 2.1703989505767822 1.2661926746368408
-1.1337593793869019 2.0925564765930176 1.3280225992202759
-1.221683382987976 2.0179383754730225 1.3969626426696777
-1.2724815607070923 1.8921804428100586 1.4361051321029663
-1.4414688348770142 1.8864974975585938 1.5697519779205322
-1.2723134756088257 1.5463042259216309 1.4330939054489136
-1.1395896673202515 1.2789816856384277 1.3258649110794067
-1.0210704803466797 1.0548628568649292 1.2302335500717163
-0.5313345193862915 0.6207010746002197 0.8391662836074829
-0.4817175567150116 0.519204318523407 0.7990672588348389
-0.3132316768169403 0.3721282184123993 0.6645458936691284
-0.2955605089664459 0.31451329588890076 0.6500858068466187
-0.23832759261131287 0.24858546257019043 0.6042574644088745
-0.20124372839927673 0.19794821739196777 0.5744972229003906
-0.17622539401054382 0.1563858538866043 0.5543581247329712
-0.17469295859336853 0.12280988693237305 0.5528663396835327
-0.6596275568008423 2.589028835296631 1.1177955865859985
-0.7254527807235718 2.526350259780884 1.1727083921432495
-0.7938371896743774 2.460479497909546 1.2297264337539673
-0.8632882833480835 2.3881747722625732 1.2874218225479126
-0.886096715927124 2.226594924926758 1.3009626865386963
-0.9543031454086304 2.144472360610962 1.357188105583191
-1.027788758277893 2.0635290145874023 1.4180610179901123
-1.1111476421356201 1.9883450269699097 1.4877649545669556
-1.1595550775527954 1.8624862432479858 1.525018572807312
-1.3275562524795532 1.8652101755142212 1.6715506315231323
-1.1781420707702637 1.5352331399917603 1.5283812284469604
-1.05733323097229 1.2716213464736938 1.412746787071228
-0.9586019515991211 1.0574755668640137 1.3182950019836426
-0.482109934091568 0.6153842806816101 0.8856555223464966
-0.436519593000412 0.5149149894714355 0.8419791460037231
-0.29193851351737976 0.37618792057037354 0.710524320602417
-0.2593548595905304 0.3109247088432312 0.6795651912689209
-0.20843234658241272 0.2466934621334076 0.6326630115509033
-0.17924222350120544 0.19797202944755554 0.6053104400634766
-0.14908930659294128 0.15492156147956848 0.5773411989212036
-0.1333160400390625 0.11954069137573242 0.5622057914733887
-0.573183536529541 2.568352699279785 1.2075579166412354
-0.6376734972000122 2.5080971717834473 1.2650032043457031
-0.7033298015594482 2.4413609504699707 1.323095440864563
-0.7700746059417725 2.3684046268463135 1.3817788362503052
-0.7892971038818359 2.198855400085449 1.3878799676895142
-0.8562015295028687 2.119314670562744 1.4462376832962036
-0.9269108772277832 2.038806438446045 1.508172869682312
-1.0057748556137085 1.962481141090393 1.5782300233840942
-1.05701744556427 1.8425414562225342 1.6186355352401733
-1.2073737382888794 1.834516167640686 1.7621978521347046
-1.088565468788147 1.527780294418335 1.6259952783584595
-0.9749171733856201 1.2634698152542114 1.4978240728378296
-0.8849834203720093 1.051530361175537 1.396195650100708
-0.43557438254356384 0.6115061044692993 0.9333570003509521
-0.3966342508792877 0.5135336518287659 0.8889020681381226
-0.37101706862449646 0.433441162109375 0.8585196733474731
-0.24542412161827087 0.31691139936447144 0.7296420335769653
-0.18363365530967712 0.24653032422065735 0.665286660194397
-0.17134234309196472 0.20210981369018555 0.650273323059082
-0.1263449490070343 0.1543285846710205 0.6036605834960938
-0.10759806632995605 0.11840338259935379 0.583076000213623
-0.48602840304374695 2.5420918464660645 1.293219804763794
-0.5481224060058594 2.482208251953125 1.3520957231521606
-0.6122417449951172 2.4179282188415527 1.4126255512237549
-0.6786336898803711 2.3496830463409424 1.4751168489456177
-0.6952619552612305 2.1727101802825928 1.4733259677886963
-0.7591209411621094 2.0926015377044678 1.5318546295166016
-0.8268532752990723 2.0122230052948 1.5944340229034424
-0.9017716646194458 1.9354230165481567 1.6649737358093262
-0.959979772567749 1.8276432752609253 1.7145310640335083
-1.0880454778671265 1.8012659549713135 1.846556305885315
-1.0012370347976685 1.522055983543396 1.724652647972107
-0.8921012878417969 1.254156470298767 1.5804637670516968
-0.8098033666610718 1.0437391996383667 1.4708164930343628
-0.7434155941009521 0.8710342645645142 1.3820428848266602
-0.37859442830085754 0.5261821150779724 0.96012282371521
-0.35145244002342224 0.44207045435905457 0.9223555326461792
-0.23282882571220398 0.32415324449539185 0.7845345735549927
-0.16171690821647644 0.24749496579170227 0.7012630701065063
-0.1465737521648407 0.20156893134117126 0.6803011894226074
-0.11788609623908997 0.15696391463279724 0.6452157497406006
-0.09028416872024536 0.11851777881383896 0.6119458675384521
-0.4029163420200348 2.523930549621582 1.3810570240020752
-0.4628799855709076 2.4642980098724365 1.4415433406829834
-0.5245168209075928 2.3994600772857666 1.5031903982162476
-0.58855140209198 2.3312785625457764 1.5671133995056152
-0.6034073829650879 2.147273063659668 1.556918740272522
-0.6673914194107056 2.0724704265594482 1.619798183441162
-0.7326467037200928 1.9922829866409302 1.6833466291427612
-0.8087167739868164 1.9222314357757568 1.7609127759933472
-0.8584016561508179 1.8043859004974365 1.800848126411438
-0.9617470502853394 1.7548547983169556 1.9130163192749023
-0.91261887550354 1.5143206119537354 1.8204013109207153
-0.8097679615020752 1.2443643808364868 1.6612681150436401
-0.7340863943099976 1.0346932411193848 1.5425312519073486
-0.6763955354690552 0.8654095530509949 1.450613260269165
-0.6271828413009644 0.7218610644340515 1.372330904006958
-0.5832628011703491 0.5978505611419678 1.3030775785446167
-0.5341792106628418 0.4853385090827942 1.2295626401901245
-0.18799766898155212 0.2678590416908264 0.7967807054519653
-0.1203700602054596 0.20056739449501038 0.7085446119308472
-0.09617221355438232 0.1567295491695404 0.6740325689315796
-0.0745735764503479 0.11893539875745773 0.6434262990951538
-0.3225235044956207 2.511817455291748 1.4708938598632812
-0.3788650929927826 2.446906805038452 1.5299571752548218
-0.43727603554725647 2.3790388107299805 1.5910794734954834
-0.497637540102005 2.3075215816497803 1.6539772748947144
-0.5434119701385498 2.1929895877838135 1.6900817155838013
-0.5983160734176636 2.0974972248077393 1.7414395809173584
-0.6815060377120972 2.052025079727173 1.8383327722549438
-0.7468298673629761 1.9609909057617188 1.9037792682647705
-0.7824771404266357 1.8175634145736694 1.9214684963226318
-0.857279896736145 1.7322221994400024 2.0000460147857666
-0.8323328495025635 1.515980839729309 1.9267925024032593
-0.7340230941772461 1.2406364679336548 1.7490185499191284
-0.6628017425537109 1.0289050340652466 1.6178723573684692
-0.6105421781539917 0.8602161407470703 1.5190794467926025
-0.5644867420196533 0.716189980506897 1.4329065084457397
-0.5026655197143555 0.5794050097465515 1.3281062841415405
-0.4617050588130951 0.47184836864471436 1.2554148435592651
-0.2376585304737091 0.3002318739891052 0.9379220008850098
-0.12344461679458618 0.20923161506652832 0.7753956317901611
-0.08031386137008667 0.15796922147274017 0.7107716798782349
-0.06301003694534302 0.12012920528650284 0.6815237998962402
-0.7159242630004883 1.5037649869918823 0.07756364345550537
-0.7580089569091797 1.4610291719436646 0.09616885334253311
-0.7945148944854736 1.4087965488433838 0.11543616652488708
-0.8350481986999512 1.3591333627700806 0.13510993123054504
-0.8820328712463379 1.31368088722229 0.15541525185108185
-0.9296859502792358 1.2656900882720947 0.17639969289302826
-0.9767619371414185 1.2141250371932983 0.19798746705055237
-1.0241186618804932 1.159975290298462 0.22017383575439453
-1.071266531944275 1.102988600730896 0.2428969442844391
-1.124401330947876 1.0475232601165771 0.2666986286640167
-1.1833834648132324 0.9925348162651062 0.29176169633865356
-1.2484837770462036 0.9373088479042053 0.3182965815067291
-0.9158380031585693 0.6809968948364258 0.2938210964202881
-0.7098543643951416 0.5201852321624756 0.2790975570678711
-0.6864235401153564 0.4543474018573761 0.2872329652309418
-0.55378258228302 0.35611236095428467 0.2766546905040741
-0.5307480096817017 0.30423593521118164 0.2820015251636505
-0.5034252405166626 0.25503066182136536 0.2857999801635742
-0.46752163767814636 0.20808225870132446 0.28713715076446533
-0.44235578179359436 0.16721847653388977 0.28971606492996216
-0.4183160960674286 0.1298229694366455 0.2918412685394287
-0.7038706541061401 1.5495085716247559 0.1335306465625763
-0.7398710250854492 1.496583342552185 0.15347327291965485
-0.7787456512451172 1.4453107118606567 0.17388898134231567
-0.8198188543319702 1.3943079710006714 0.1948559433221817
-0.863681435585022 1.3438057899475098 0.2164919376373291
-0.911750078201294 1.294691562652588 0.23901647329330444
-0.9593960046768188 1.2420082092285156 0.26210469007492065
-1.0091511011123657 1.1881482601165771 0.2859949469566345
-1.062687635421753 1.1341253519058228 0.31095248460769653
-1.1199613809585571 1.0793360471725464 0.33708029985427856
-1.1813808679580688 1.023518443107605 0.3645400106906891
-1.2473762035369873 0.9663618206977844 0.39350879192352295
-0.8742672204971313 0.6803903579711914 0.34569793939590454
-0.7599174976348877 0.557983934879303 0.3376632332801819
-0.5737907886505127 0.42198896408081055 0.3125441074371338
-0.5207391977310181 0.354003369808197 0.31094807386398315
-0.49722424149513245 0.30188852548599243 0.31442534923553467
-0.49968698620796204 0.2600274085998535 0.32307010889053345
-0.47238555550575256 0.21345239877700806 0.32445502281188965
-0.4373563230037689 0.16957896947860718 0.3232075870037079
-0.40859684348106384 0.1307583451271057 0.3227165639400482
-0.6866137981414795 1.5917972326278687 0.19292522966861725
-0.7269309759140015 1.5424679517745972 0.21430489420890808
-0.7677019834518433 1.4910616874694824 0.23618926107883453
-0.8107857704162598 1.439846396446228 0.2587759494781494
-0.8556622266769409 1.3878253698349 0.282072514295578
-0.9030367136001587 1.3354575634002686 0.30622363090515137
-0.952985405921936 1.2824124097824097 0.33131083846092224
-1.006669282913208 1.2293057441711426 0.35759666562080383
-1.063287377357483 1.1748988628387451 0.3850410580635071
-1.1205931901931763 1.1171832084655762 0.4132782220840454
-1.1853874921798706 1.0606999397277832 0.4436829388141632
-1.2572041749954224 1.0039513111114502 0.4763668179512024
-0.8389760255813599 0.6831167340278625 0.39903324842453003
-0.7432631254196167 0.5670028924942017 0.38874194025993347
-0.553410530090332 0.42563050985336304 0.3528960347175598
-0.5084309577941895 0.3592072129249573 0.3501167893409729
-0.47426971793174744 0.3026473820209503 0.34906649589538574
-0.4714849293231964 0.2591521739959717 0.3557273745536804
-0.51105797290802 0.226049542427063 0.37405508756637573
-0.5256232023239136 0.1866646707057953 0.38552016019821167
-0.4160268008708954 0.13365110754966736 0.35986584424972534
-0.6738623380661011 1.6451095342636108 0.2565287947654724
-0.714862585067749 1.593907356262207 0.2794444262981415
-0.7581242322921753 1.5429494380950928 0.3031465411186218
-0.8032386302947998 1.4912818670272827 0.3276345729827881
-0.8497824668884277 1.4381252527236938 0.3528755009174347
-0.8990917205810547 1.3847402334213257 0.37916022539138794
-0.9511958360671997 1.330680251121521 0.4065690040588379
-1.007907748222351 1.2771321535110474 0.43557822704315186
-1.0640133619308472 1.2190008163452148 0.46507954597473145
-1.1181756258010864 1.1556787490844727 0.4946798086166382
-1.1843520402908325 1.0972744226455688 0.527895450592041
-1.2586678266525269 1.0392045974731445 0.5640266537666321
-0.8254749774932861 0.6980142593383789 0.45916780829429626
-0.7110189199447632 0.5691194534301758 0.4374912679195404
-0.5235599279403687 0.4255183935165405 0.39148545265197754
-0.4893968403339386 0.3623025119304657 0.38886523246765137
-0.45826342701911926 0.3056688606739044 0.38632550835609436
-0.45592185854911804 0.26155397295951843 0.3923356235027313
-0.48274973034858704 0.22535526752471924 0.4077494740486145
-0.49181243777275085 0.18512403964996338 0.41731342673301697
-0.46241268515586853 0.14111945033073425 0.4134408235549927
-0.6583267450332642 1.699304223060608 0.32440710067749023
-0.7023684978485107 1.6497632265090942 0.3494113087654114
-0.7446267604827881 1.5943255424499512 0.3744822144508362
-0.7896014451980591 1.5396230220794678 0.40057751536369324
-0.837658166885376 1.4855116605758667 0.42786845564842224
-0.8917815685272217 1.434664011001587 0.457226037979126
-0.9499268531799316 1.3836452960968018 0.4882725775241852
-0.9091211557388306 1.2355738878250122 0.4915952980518341
-0.8351593017578125 1.070692539215088 0.48348304629325867
-0.8491169214248657 0.9899742603302002 0.5002864599227905
-0.9282047748565674 0.9570505023002625 0.5375345349311829
-1.25513756275177 1.0740073919296265 0.6569521427154541
-1.2887153625488281 0.9844411015510559 0.683089017868042
-0.6462552547454834 0.5550890564918518 0.47566676139831543
-0.5001785755157471 0.42829176783561707 0.4324893057346344
-0.4663608968257904 0.3641170859336853 0.42724865674972534
-0.4449720084667206 0.3098028898239136 0.4258084297180176
-0.46078458428382874 0.2696416974067688 0.4378413259983063
-0.4562171995639801 0.22503480315208435 0.4420415759086609
-0.4615652859210968 0.18411338329315186 0.44984471797943115
-0.4352521002292633 0.14047805964946747 0.44490689039230347
-0.6454149484634399 1.7637357711791992 0.3981471061706543
-0.6871418952941895 1.7070727348327637 0.4242168068885803
-0.7311042547225952 1.650831937789917 0.45128104090690613
-0.7750099897384644 1.5914033651351929 0.47868961095809937
-0.8218364715576172 1.5327799320220947 0.5073679685592651
-0.875952959060669 1.479371428489685 0.538843035697937
-0.9360134601593018 1.4279507398605347 0.5728616714477539
-1.0020338296890259 1.3772680759429932 0.6095767021179199
-0.8769702911376953 1.1508491039276123 0.577528178691864
-0.8251898288726807 1.0091758966445923 0.5698335766792297
-0.8367772102355957 0.9263701438903809 0.5848740339279175
-0.8899624347686768 0.8732960820198059 0.6158753633499146
-0.9911317825317383 0.8447897434234619 0.6664196252822876
-0.6196061372756958 0.5599457025527954 0.5261111259460449
-0.5502897500991821 0.4648771584033966 0.5048096179962158
-0.5198113918304443 0.3962976932525635 0.4985579252243042
-0.46684834361076355 0.3260478675365448 0.4820040166378021
-0.4433571994304657 0.2720949947834015 0.47731292247772217
-0.46995583176612854 0.23371621966362 0.4941937327384949
-0.4347820580005646 0.183663010597229 0.4835952818393707
-0.4095379412174225 0.14000098407268524 0.4768889248371124
-0.6300760507583618 1.8310394287109375 0.4774925410747528
-0.672573447227478 1.7717266082763672 0.5053379535675049
-0.7164280414581299 1.711539626121521 0.5339760184288025
-0.7632708549499512 1.6525789499282837 0.5640609860420227
-0.8119099140167236 1.5925382375717163 0.5951876640319824
-0.8671392202377319 1.5369354486465454 0.6293411254882812
-0.925575852394104 1.4803296327590942 0.6652671098709106
-0.990476131439209 1.4254790544509888 0.7044076919555664
-1.0661906003952026 1.375051498413086 0.7487857341766357
-0.9743198156356812 1.176143765449524 0.719570517539978
-0.8944873809814453 1.006998896598816 0.6938333511352539
-0.8915920257568359 0.9079117774963379 0.7017029523849487
-0.9342637062072754 0.8414933681488037 0.7303124666213989
-0.6884937286376953 0.616954505443573 0.6230281591415405
-0.5776762962341309 0.49347975850105286 0.5767590999603271
-0.5102362632751465 0.4050723612308502 0.5498573780059814
-0.5174959897994995 0.35346949100494385 0.5585416555404663
-0.4724011719226837 0.28812336921691895 0.541143536567688
-0.44059833884239197 0.23306763172149658 0.5297232270240784
-0.40959784388542175 0.18349775671958923 0.5182030200958252
-0.38634833693504333 0.13983479142189026 0.510177493095398
-0.6163721084594727 1.9094579219818115 0.5647226572036743
-0.6573936939239502 1.842753291130066 0.5934208631515503
-0.7048903703689575 1.784134030342102 0.6253160238265991
-0.7548040151596069 1.7252919673919678 0.6586365699768066
-0.8058308362960815 1.663900375366211 0.69278883934021
-0.8627605438232422 1.6060200929641724 0.730131983757019
-0.9233671426773071 1.54751455783844 0.7696638107299805
-0.9893357753753662 1.4894702434539795 0.8122895956039429
-1.0606579780578613 1.4307626485824585 0.8580847978591919
-1.1443767547607422 1.3766000270843506 0.9107834100723267
-0.9392726421356201 1.084444522857666 0.8121004104614258
-0.8629108667373657 0.9238786697387695 0.7790689468383789
-0.7519221305847168 0.7580584287643433 0.7262214422225952
-0.6521314382553101 0.6193292140960693 0.6779639720916748
-0.5940314531326294 0.5189357399940491 0.6512727737426758
-0.5580689907073975 0.43894416093826294 0.636029839515686
-0.5725557804107666 0.3845403790473938 0.6483736038208008
-0.4543149769306183 0.29128915071487427 0.5861003398895264
-0.41540613770484924 0.23340564966201782 0.5675560832023621
-0.3855557143688202 0.18356269598007202 0.5537183284759521
-0.3636583983898163 0.1397516429424286 0.5440865159034729
-0.5957804918289185 1.9838687181472778 0.6569955348968506
-0.6394267082214355 1.917258381843567 0.6883797645568848
-0.6899843215942383 1.8595051765441895 0.7238240242004395
-0.7433379888534546 1.801561951637268 0.7610878944396973
-0.7950550317764282 1.7363179922103882 0.7976341247558594
-0.8526488542556763 1.674854040145874 0.8378084897994995
-0.9135308265686035 1.6123584508895874 0.8801603317260742
-0.9786777496337891 1.549296259880066 0.9253004789352417
-1.046990156173706 1.483691930770874 0.9726095199584961
-1.1246047019958496 1.4207597970962524 1.0258166790008545
-0.8928924798965454 1.0931564569473267 0.8911312818527222
-0.8342629671096802 0.9413765072822571 0.8602808713912964
-0.8798764944076538 0.873758852481842 0.8929861783981323
-0.6240060329437256 0.6268035173416138 0.738877534866333
-0.5712532997131348 0.526469886302948 0.7094212770462036
-0.5428425073623657 0.44770345091819763 0.6947163343429565
-0.5980031490325928 0.4069751501083374 0.732343316078186
-0.7914118766784668 0.404490202665329 0.8576972484588623
-0.3969557583332062 0.23547223210334778 0.6101977825164795
-0.3634379208087921 0.1840282380580902 0.5909052491188049
-0.33952775597572327 0.1395064890384674 0.5775094032287598
-0.540847659111023 1.99434494972229 0.7351385354995728
-0.619483232498169 1.9975378513336182 0.7914303541183472
-0.6787186861038208 1.9509954452514648 0.8348278999328613
-0.7388336658477783 1.89878249168396 0.878970742225647
-0.8552677631378174 1.9267523288726807 0.9618490934371948
-0.9778594970703125 1.9428093433380127 1.049382209777832
-1.0455117225646973 1.8676255941390991 1.0993931293487549
-1.1048660278320312 1.776751160621643 1.1437755823135376
-1.1684327125549316 1.6867634057998657 1.1911588907241821
-1.2566529512405396 1.616479516029358 1.2558109760284424
-0.8599188327789307 1.1145068407058716 0.9816673994064331
-0.8064389228820801 0.9612424969673157 0.9464499950408936
-0.8512074947357178 0.8911923170089722 0.9799563884735107
-0.6067265272140503 0.6416488289833069 0.8098063468933105
-0.5508522987365723 0.535980224609375 0.7719069719314575
-0.5587379932403564 0.47155648469924927 0.7788660526275635
-0.7929439544677734 0.4971633851528168 0.9461971521377563
-0.748105525970459 0.4044033885002136 0.9159449338912964
-0.509172797203064 0.27120789885520935 0.7474098205566406
-0.3600336015224457 0.18819761276245117 0.6422094106674194
-0.32032510638237 0.13994227349758148 0.6147305369377136
-0.5038090944290161 2.047783851623535 0.8292653560638428
-0.6647584438323975 2.2273430824279785 0.958094596862793
-0.7262458801269531 2.16926646232605 1.0062570571899414
-0.788312554359436 2.1050171852111816 1.0548263788223267
-0.8497766256332397 2.0331387519836426 1.1028554439544678
-0.916396975517273 1.9631654024124146 1.154979944229126
-0.9883549213409424 1.8938757181167603 1.2113326787948608
-1.0580774545669556 1.8144989013671875 1.2658330202102661
-1.1270267963409424 1.7281173467636108 1.319663405418396
-1.117032766342163 1.5558546781539917 1.3103231191635132
-1.1314303874969482 1.4171854257583618 1.3205598592758179
-1.1266130208969116 1.2683470249176025 1.3155099153518677
-1.0276434421539307 1.0596463680267334 1.2354735136032104
-0.947907567024231 0.8876267671585083 1.1709589958190918
-0.5440282821655273 0.5539870262145996 0.8486537933349609
-0.5975774526596069 0.5085460543632507 0.8906409740447998
-0.7417142391204834 0.4952535033226013 1.0045640468597412
-0.5036842823028564 0.3372107446193695 0.8149316310882568
-0.48009851574897766 0.2721653878688812 0.795730471611023
-0.4872336685657501 0.21901604533195496 0.8009332418441772
-0.4571986496448517 0.16220998764038086 0.7766983509063721
-0.45331910252571106 2.076188564300537 0.917865514755249
-0.5914783477783203 2.221181869506836 1.043968915939331
-0.6427406072616577 2.1452677249908447 1.0856698751449585
-0.6905159950256348 2.0583527088165283 1.1239001750946045
-0.7434864044189453 1.9777772426605225 1.1669070720672607
-0.8123730421066284 1.918516993522644 1.224622130393982
-0.8888002634048462 1.8620426654815674 1.2890187501907349
-0.9259275197982788 1.744474172592163 1.3167659044265747
-1.0247639417648315 1.7018015384674072 1.4012351036071777
-1.034130334854126 1.5497124195098877 1.4034324884414673
-1.1198852062225342 1.4789961576461792 1.4754002094268799
-1.0485957860946655 1.2640913724899292 1.4048361778259277
-0.9554436206817627 1.0550622940063477 1.3154475688934326
-0.8815033435821533 0.8837007880210876 1.24428129196167
-0.8197499513626099 0.7388813495635986 1.184777855873108
-0.7587805986404419 0.6103412508964539 1.1265963315963745
-0.6993446350097656 0.49700459837913513 1.0703476667404175
-0.4617127478122711 0.33487462997436523 0.8568743467330933
-0.47654488682746887 0.2803248465061188 0.867661714553833
-0.40070679783821106 0.20755866169929504 0.7987089157104492
-0.38140174746513367 0.1553916335105896 0.779836893081665
-0.4126668870449066 2.136030673980713 1.0222387313842773
-0.528024435043335 2.2384214401245117 1.1402759552001953
-0.5906374454498291 2.188326835632324 1.1966605186462402
-0.6502741575241089 2.1229770183563232 1.2490825653076172
-0.7128016948699951 2.056018114089966 1.3041589260101318
-0.7848223447799683 1.9980045557022095 1.36898672580719
-0.8605908155441284 1.936415195465088 1.4371477365493774
-0.9403828382492065 1.870988368988037 1.5088868141174316
-1.0177702903747559 1.7929269075393677 1.577402114868164
-1.0131441354751587 1.6134871244430542 1.5599206686019897
-1.0324554443359375 1.4705605506896973 1.5680426359176636
-0.9769784212112427 1.2653430700302124 1.4999363422393799
-0.8847329616546631 1.0513288974761963 1.395940899848938
-0.8160383701324463 0.8801583647727966 1.317638635635376
-0.7578978538513184 0.735095739364624 1.2513525485992432
-0.7076694965362549 0.610366940498352 1.194130301475525
-0.6683535575866699 0.5040377974510193 1.148707389831543
-0.4466036856174469 0.3421626389026642 0.9243476390838623
-0.39681562781333923 0.2672370374202728 0.8711684942245483
-0.37197747826576233 0.20780590176582336 0.8430352210998535
-0.4169265925884247 0.16480115056037903 0.8830009698867798
-0.365729421377182 2.188537359237671 1.1279270648956299
-0.45508673787117004 2.233538866043091 1.2269643545150757
-0.5504933595657349 2.2678112983703613 1.331203579902649
-0.6118700504302979 2.2020974159240723 1.3886878490447998
-0.6711710691452026 2.1243231296539307 1.4426699876785278
-0.7350538969039917 2.0487327575683594 1.5017167329788208
-0.8024533987045288 1.9719289541244507 1.5643357038497925
-0.8454577922821045 1.8513561487197876 1.5964819192886353
-0.9036709070205688 1.7518718242645264 1.6469495296478271
-0.9436478614807129 1.6267379522323608 1.6754093170166016
-0.9679126739501953 1.4860364198684692 1.6856197118759155
-0.9038208723068237 1.26542329788208 1.5940380096435547
-0.8167080879211426 1.049604058265686 1.4787296056747437
-0.7489650249481201 0.8751643896102905 1.3883392810821533
-0.6961008310317993 0.7310651540756226 1.316932201385498
-0.6518834829330444 0.6079164743423462 1.256919026374817
-0.6151455640792847 0.5015379190444946 1.206614375114441
-0.5857614278793335 0.4089295268058777 1.1655583381652832
-0.37186864018440247 0.26957058906555176 0.9250427484512329
-0.4536965787410736 0.23320272564888 1.0072717666625977
-0.4690496623516083 0.17759820818901062 1.0173782110214233
-0.3373590409755707 2.3118982315063477 1.273679494857788
-0.4191240966320038 2.3362181186676025 1.3718743324279785
-0.4842474162578583 2.2927184104919434 1.4407291412353516
-0.5359252691268921 2.2049460411071777 1.4874444007873535
-0.5860996246337891 2.1096603870391846 1.5313026905059814
-0.6473848819732666 2.0331461429595947 1.5908056497573853
-0.712244987487793 1.9560649394989014 1.6543594598770142
-0.7129331827163696 1.7689627408981323 1.6273163557052612
-0.7420642375946045 1.6370307207107544 1.6413815021514893
-0.7977216243743896 1.5434452295303345 1.691834807395935
-0.7842541933059692 1.3667113780975342 1.6499607563018799
-0.8307745456695557 1.2658023834228516 1.6887558698654175
-0.7476624250411987 1.0469087362289429 1.5600519180297852
-0.6816815137863159 0.8695687055587769 1.4573463201522827
-0.630658745765686 0.7242278456687927 1.3767036199569702
-0.5932701826095581 0.6036692261695862 1.315518856048584
-0.5602566003799438 0.4980590343475342 1.2616186141967773
-0.5277633666992188 0.4036003351211548 1.20997953414917
-0.5001072883605957 0.3206157386302948 1.1656429767608643
-0.4662612974643707 0.24453794956207275 1.1151740550994873
-0.4367026388645172 0.17779645323753357 1.071053385734558
-0.28687116503715515 2.3836071491241455 1.40097177028656
-0.33601823449134827 2.3082828521728516 1.4488972425460815
-0.3830510079860687 2.2210137844085693 1.491841435432434
-0.4294120967388153 2.1283178329467773 1.5328891277313232
-0.4793502390384674 2.0413215160369873 1.5795748233795166
-0.5379546880722046 1.9687529802322388 1.6400392055511475
-0.5103727579116821 1.7235500812530518 1.557871699333191
-0.5666488409042358 1.6502958536148071 1.615247368812561
-0.6243828535079956 1.5732414722442627 1.6737438440322876
-0.6786597967147827 1.4856013059616089 1.7258156538009644
-0.6678389310836792 1.3138889074325562 1.6790608167648315
-0.7115179300308228 1.2161592245101929 1.7157350778579712
-0.6778411865234375 1.0432932376861572 1.6397359371185303
-0.614384651184082 0.8634235858917236 1.5245753526687622
-0.5674831867218018 0.7183499932289124 1.4371267557144165
-0.5331159830093384 0.5981099009513855 1.3703690767288208
-0.5051798820495605 0.49420830607414246 1.3149187564849854
-0.4764980375766754 0.40063798427581787 1.2605079412460327
-0.45087674260139465 0.31792590022087097 1.212071180343628
-0.4249313771724701 0.24362584948539734 1.1648402214050293
-0.4009551703929901 0.17749938368797302 1.1216810941696167
-0.749309778213501 1.5488300323486328 0.07602950185537338
-0.8021339178085327 1.5166712999343872 0.0949498638510704
-0.8552596569061279 1.4802379608154297 0.11482246220111847
-0.9116178750991821 1.4429638385772705 0.13562016189098358
-0.9734530448913574 1.4066532850265503 0.15749289095401764
-1.0405446290969849 1.3701568841934204 0.18062634766101837
-1.1080279350280762 1.328421711921692 0.20493191480636597
-1.1760625839233398 1.2818256616592407 0.23036864399909973
-1.2391160726547241 1.226497769355774 0.2564486265182495
-1.3138337135314941 1.1748673915863037 0.2844783067703247
-1.3760347366333008 1.1102498769760132 0.3122767210006714
-1.1917401552200317 0.9059829711914062 0.3115637004375458
-1.1719086170196533 0.8078075647354126 0.3272084593772888
-0.9453014135360718 0.6238732933998108 0.31245964765548706
-0.9342832565307617 0.5503845810890198 0.32506048679351807
-0.8704841136932373 0.4626358449459076 0.32832857966423035
-0.8151652812957764 0.38585183024406433 0.3313065469264984
-0.8430423736572266 0.33626607060432434 0.3480210304260254
-1.0098512172698975 0.3127458989620209 0.39166760444641113
-1.0165095329284668 0.25234243273735046 0.4056793749332428
-0.7734129428863525 0.16708669066429138 0.36673516035079956
-0.7200641632080078 1.5723087787628174 0.13362781703472137
-0.7661917209625244 1.5311689376831055 0.1541021764278412
-0.819571852684021 1.4952956438064575 0.1755615770816803
-0.8761191368103027 1.4584153890609741 0.19808059930801392
-0.934974193572998 1.4191452264785767 0.22168713808059692
-0.9985311031341553 1.3795949220657349 0.24663561582565308
-1.0635570287704468 1.3360921144485474 0.2727392315864563
-1.1341838836669922 1.292079210281372 0.3004748821258545
-1.2018516063690186 1.2401831150054932 0.32890039682388306
-1.2741522789001465 1.1866084337234497 0.358915239572525
-1.3500176668167114 1.1300777196884155 0.39046987891197205
-1.146357774734497 0.9087323546409607 0.37679511308670044
-1.1124032735824585 0.802166223526001 0.38777804374694824
-1.0358601808547974 0.683377742767334 0.389415979385376
-0.893497109413147 0.5497162938117981 0.37584662437438965
-0.8282604217529297 0.46057385206222534 0.3749390244483948
-0.7787294387817383 0.3850497603416443 0.3757430911064148
-0.8126776218414307 0.3370320200920105 0.3941889703273773
-1.0163761377334595 0.3213234841823578 0.4530060291290283
-0.9727495908737183 0.25103211402893066 0.45443210005760193
-0.7397390604019165 0.16634783148765564 0.40669500827789307
-0.6871315240859985 1.5925589799880981 0.19295771420001984
-0.7336053848266602 1.5516234636306763 0.2148389369249344
-0.7842617034912109 1.5122045278549194 0.23778702318668365
-0.8418858051300049 1.4767388105392456 0.26226508617401123
-0.9014679193496704 1.4382047653198242 0.2878981828689575
-0.9634641408920288 1.3969309329986572 0.31477421522140503
-1.0292240381240845 1.353952169418335 0.3431429862976074
-1.0966606140136719 1.3069497346878052 0.3727430999279022
-1.163530945777893 1.254129409790039 0.40317243337631226
-1.2379281520843506 1.201773762702942 0.4359148144721985
-1.3162610530853271 1.1463265419006348 0.47044509649276733
-1.3926643133163452 1.0839039087295532 0.5055720806121826
-1.208019495010376 0.8782147765159607 0.48254120349884033
-0.9237511157989502 0.6517271995544434 0.4314382076263428
-0.8490372896194458 0.5475404858589172 0.4257552921772003
-0.7904384136199951 0.4600016474723816 0.4223085641860962
-0.7471225261688232 0.3857107162475586 0.42142346501350403
-0.7865711450576782 0.3389626741409302 0.4420790374279022
-0.9851864576339722 0.32274186611175537 0.5080539584159851
-0.9303604364395142 0.24990645051002502 0.5032559633255005
-0.7094266414642334 0.16597333550453186 0.4475604295730591
-0.6512207984924316 1.6102193593978882 0.2537021040916443
-0.699256420135498 1.5715150833129883 0.27723824977874756
-0.7481544017791748 1.5296499729156494 0.3015807271003723
-0.8048776388168335 1.4933109283447266 0.3279165029525757
-0.8664970397949219 1.4572914838790894 0.35598766803741455
-0.9296932220458984 1.4171639680862427 0.38527289032936096
-0.995754599571228 1.374186635017395 0.41604629158973694
-0.9683973789215088 1.2416949272155762 0.42668622732162476
-0.979023814201355 1.1492335796356201 0.44494688510894775
-1.006408929824829 1.0720655918121338 0.4669383466243744
-1.2651034593582153 1.1520520448684692 0.5488150119781494
-1.3464736938476562 1.0928925275802612 0.5876878499984741
-1.3921215534210205 1.00808584690094 0.6175265312194824
-0.8753455877304077 0.6488978862762451 0.4849931001663208
-0.8102104663848877 0.5476722121238708 0.47699418663978577
-0.7561016082763672 0.460725873708725 0.47079381346702576
-0.7157469987869263 0.38652947545051575 0.46762460470199585
-0.7579514980316162 0.34039804339408875 0.490190327167511
-0.9453516006469727 0.32247599959373474 0.5613062381744385
-0.896074652671814 0.2500622570514679 0.5546064972877502
-0.6908361911773682 0.1669365018606186 0.4927087426185608
-0.6147940158843994 1.628889560699463 0.315995454788208
-0.6616791486740112 1.588562250137329 0.3409188985824585
-0.7137349843978882 1.5511809587478638 0.36758118867874146
-0.7704318761825562 1.5148053169250488 0.39602822065353394
-0.8317266702651978 1.478407382965088 0.4263823330402374
-0.8961087465286255 1.4394478797912598 0.4583647549152374
-0.9621137380599976 1.3960474729537964 0.49162566661834717
-0.9268200397491455 1.2521028518676758 0.4966675639152527
-0.9410184621810913 1.161087155342102 0.5149768590927124
-0.9517741203308105 1.069786787033081 0.5318993330001831
-0.9705605506896973 0.9868828654289246 0.5510009527206421
-1.000853180885315 0.9127182364463806 0.5736739635467529
-1.0260378122329712 0.8354631662368774 0.5946537256240845
-0.8327556848526001 0.6488512754440308 0.5400960445404053
-0.7733567953109741 0.5487372279167175 0.5291696190834045
-0.7228548526763916 0.4619640111923218 0.5201058387756348
-0.684727668762207 0.3875626027584076 0.5144771337509155
-0.7180126905441284 0.33892038464546204 0.5349039435386658
-0.8992832899093628 0.32089468836784363 0.6124335527420044
-0.8620305061340332 0.25031137466430664 0.6066455841064453
-0.811282753944397 0.1841225028038025 0.5946688652038574
-0.5704785585403442 1.6361829042434692 0.37800025939941406
-0.6175754070281982 1.5971217155456543 0.4045296311378479
-0.6683380603790283 1.5588438510894775 0.43267905712127686
-0.7250522375106812 1.5236223936080933 0.4632515013217926
-0.7893637418746948 1.4920710325241089 0.4969436228275299
-0.8560466766357422 1.4563647508621216 0.5322260856628418
-0.921576738357544 1.4126088619232178 0.5679066181182861
-0.902801513671875 1.2806012630462646 0.5744954943656921
-0.9221080541610718 1.191011667251587 0.5939285159111023
-0.9317976236343384 1.0954527854919434 0.6095662713050842
-0.9414221048355103 1.0030158758163452 0.6248105764389038
-0.9652411937713623 0.9229022264480591 0.6452479362487793
-0.9202444553375244 0.8030608892440796 0.6381809711456299
-0.8019497394561768 0.6550067663192749 0.6001777648925781
-0.7482167482376099 0.5552856922149658 0.5866920948028564
-0.7215307950973511 0.4759444296360016 0.5834625959396362
-0.7344554662704468 0.41579246520996094 0.5964924097061157
-0.9042578935623169 0.40031519532203674 0.6775610446929932
-0.8548465967178345 0.31962868571281433 0.6638791561126709
-0.8127783536911011 0.24803203344345093 0.6525678634643555
-0.7747417688369751 0.18357470631599426 0.6423083543777466
-0.5247224569320679 1.641798496246338 0.4403097331523895
-0.5712863206863403 1.6030620336532593 0.46833336353302
-0.6214605569839478 1.5651226043701172 0.49817001819610596
-0.6745238304138184 1.5260924100875854 0.5296210050582886
-0.7344309091567993 1.4906448125839233 0.5643123388290405
-0.8017500638961792 1.4577598571777344 0.602637767791748
-0.8700604438781738 1.4185981750488281 0.6420762538909912
-0.9387592077255249 1.372826099395752 0.6823437213897705
-0.9146308898925781 1.2342742681503296 0.6828451156616211
-0.9290372133255005 1.1379295587539673 0.6995047330856323
-0.9454145431518555 1.045853853225708 0.7167909145355225
-0.9014263153076172 0.9146552681922913 0.7062082290649414
-0.8437155485153198 0.7860837578773499 0.6881990432739258
-0.8810403347015381 0.7211989760398865 0.7138667106628418
-1.0428122282028198 0.7139037251472473 0.7991719245910645
-0.9746315479278564 0.5951136350631714 0.774760365486145
-0.9167547225952148 0.49209901690483093 0.7542439699172974
-0.8635164499282837 0.4006524980068207 0.7350583076477051
-0.8145383596420288 0.3192844092845917 0.7171465158462524
-0.7744005918502808 0.24756786227226257 0.7029443979263306
-0.7374461889266968 0.18294456601142883 0.6897356510162354
-0.48014238476753235 1.650418996810913 0.5038315057754517
-0.5253969430923462 1.610488772392273 0.5330809354782104
-0.5761784315109253 1.5747939348220825 0.5652499198913574
-0.6277518272399902 1.534571886062622 0.5982049107551575
-0.6845234632492065 1.4961293935775757 0.6340638399124146
-0.7449041604995728 1.4561612606048584 0.6721365451812744
-0.809039831161499 1.41419517993927 0.712541937828064
-0.882961630821228 1.3760448694229126 0.7583810091018677
-0.9532023668289185 1.3263578414916992 0.8028994798660278
-0.9590843915939331 1.2132290601730347 0.8144309520721436
-0.9602851867675781 1.1011745929718018 0.8231556415557861
-0.8504934310913086 0.9150028228759766 0.7724634408950806
-0.7743901014328003 0.77237468957901 0.7382982969284058
-0.7982980012893677 0.7016412615776062 0.757305383682251
-0.8804999589920044 0.659992516040802 0.8082233667373657
-0.9252959489822388 0.5949244499206543 0.8390054702758789
-0.8720266819000244 0.4923495352268219 0.8152873516082764
-0.8208434581756592 0.40049928426742554 0.792017936706543
-0.7758145332336426 0.3193496763706207 0.7715708017349243
-0.7357596158981323 0.24707555770874023 0.7533888816833496
-0.6977986097335815 0.18202269077301025 0.7359107732772827
-0.431808203458786 1.6526482105255127 0.5663431882858276
-0.47838065028190613 1.6168229579925537 0.5981792211532593
-0.5279319286346436 1.5806037187576294 0.6319626569747925
-0.5784474611282349 1.5401047468185425 0.6665710210800171
-0.6312572956085205 1.497426986694336 0.7027671337127686
-0.6896352767944336 1.456618309020996 0.7424812316894531
-0.7525789737701416 1.4150444269180298 0.7851876020431519
-0.819509744644165 1.3711296319961548 0.8305853605270386
-0.8871649503707886 1.3208976984024048 0.8767483234405518
-0.9607681035995483 1.2695211172103882 0.926816463470459
-0.9053336381912231 1.103514313697815 0.8987017869949341
-0.7968654632568359 0.9134588241577148 0.8373734951019287
-0.7392525672912598 0.7802877426147461 0.8063092231750488
-0.762004017829895 0.7077761888504028 0.8244400024414062
-0.9495346546173096 0.7203300595283508 0.9452828168869019
-0.8788068294525146 0.5960544943809509 0.9053093194961548
-0.8253916501998901 0.49197664856910706 0.87559974193573
-0.7761743068695068 0.39978158473968506 0.8480511903762817
-0.7335295677185059 0.31859779357910156 0.8242425918579102
-0.6968648433685303 0.24655425548553467 0.8038778305053711
-0.6625783443450928 0.1816662847995758 0.7847176790237427
-0.38327619433403015 1.6548748016357422 0.6291000843048096
-0.43116286396980286 1.6236943006515503 0.6640522480010986
-0.4795285761356354 1.586969017982483 0.6994603872299194
-0.5287905931472778 1.5458283424377441 0.7356003522872925
-0.5798687934875488 1.501892328262329 0.7730988264083862
-0.6345911026000977 1.4575647115707397 0.8132169246673584
-0.6948623657226562 1.414482831954956 0.8572865724563599
-0.7577533721923828 1.3678162097930908 0.9033063650131226
-0.8238304853439331 1.3178950548171997 0.9516757726669312
-0.892987847328186 1.2641979455947876 1.0023292303085327
-0.9633549451828003 1.2047505378723145 1.0539664030075073
-0.7650272846221924 0.928888738155365 0.917427659034729
-0.755957841873169 0.8250177502632141 0.9130358695983887
-0.9589117765426636 0.8573765158653259 1.05783212184906
-0.8947590589523315 0.7197405695915222 1.0146485567092896
-0.8311034440994263 0.5968006253242493 0.9715230464935303
-0.7785428762435913 0.49156421422958374 0.9359897375106812
-0.7336893081665039 0.39977604150772095 0.9057070016860962
-0.6936404705047607 0.31846410036087036 0.8786550760269165
-0.6594222784042358 0.24633237719535828 0.855595588684082
-0.6283055543899536 0.18146196007728577 0.8346112966537476
-0.3370078504085541 1.6627801656723022 0.6940968036651611
-0.3830384910106659 1.6297190189361572 0.7302387952804565
-0.4315662682056427 1.5951660871505737 0.7683439254760742
-0.4794510304927826 1.5529779195785522 0.8058768510818481
-0.5293585062026978 1.5084728002548218 0.8449907302856445
-0.5809353590011597 1.460829734802246 0.8853992223739624
-0.6350107192993164 1.4110664129257202 0.9277669191360474
-0.6981720924377441 1.3669666051864624 0.9773699045181274
-0.7636436223983765 1.3182462453842163 1.0287623405456543
-0.8324124813079834 1.26578950881958 1.0827322006225586
-0.9048367738723755 1.2095129489898682 1.1395622491836548
-0.8001338243484497 1.0007907152175903 1.0549896955490112
-0.983704686164856 1.02767014503479 1.200445294380188
-0.9053305387496948 0.8603448867797852 1.1370471715927124
-0.8397819995880127 0.7190808653831482 1.0840129852294922
-0.7826720476150513 0.59734708070755 1.037817358970642
-0.735094428062439 0.49257180094718933 0.9993045330047607
-0.6926850080490112 0.40033429861068726 0.9649847745895386
-0.6544162034988403 0.31856003403663635 0.934027910232544
-0.6220818758010864 0.2461714744567871 0.9078443050384521
-0.5931169986724854 0.18116605281829834 0.884387731552124
-0.292986124753952 1.6776337623596191 0.7624894380569458
-0.33704158663749695 1.6416233777999878 0.7994744777679443
-0.38552799820899963 1.6086803674697876 0.8404415845870972
-0.43136563897132874 1.5636348724365234 0.8786253929138184
-0.48021528124809265 1.518438696861267 0.9194284677505493
-0.5328028202056885 1.473436951637268 0.9634970426559448
-0.5848206281661987 1.421374797821045 1.0067920684814453
-0.6744474172592163 1.4133620262145996 1.0845941305160522
-0.7614502906799316 1.3879048824310303 1.1594247817993164
-0.8273799419403076 1.3274099826812744 1.2145142555236816
-0.8961431980133057 1.2630119323730469 1.2719203233718872
-0.9678025245666504 1.1944628953933716 1.331687569618225
-0.9216336011886597 1.0292270183563232 1.284966230392456
-0.8470445871353149 0.8605509996414185 1.213339924812317
-0.7851204872131348 0.718643307685852 1.1538019180297852
-0.7333559989929199 0.5975890755653381 1.103936791419983
-0.6879626512527466 0.49219101667404175 1.0602387189865112
-0.648929238319397 0.4000552296638489 1.022603988647461
-0.6133815050125122 0.3182286322116852 0.9884116649627686
-0.5809767246246338 0.24527031183242798 0.9573066234588623
-0.5550624132156372 0.18048736453056335 0.9321790933609009
-0.2785792052745819 1.7748903036117554 0.8674323558807373
-0.32173290848731995 1.731059193611145 0.9056167602539062
-0.3693868815898895 1.6915409564971924 0.9484291076660156
-0.4176546037197113 1.6464229822158813 0.9914226531982422
-0.4684325158596039 1.599714756011963 1.0367071628570557
-0.5223029851913452 1.5518498420715332 1.0848724842071533
-0.5781272649765015 1.500321626663208 1.1346445083618164
-0.6349183320999146 1.4436007738113403 1.18496572971344
-0.6959788799285889 1.3861333131790161 1.2393258810043335
-0.7638336420059204 1.3297773599624634 1.3002804517745972
-0.8314406871795654 1.2655704021453857 1.3604267835617065
-0.896959662437439 1.1926206350326538 1.4179354906082153
-0.8556810617446899 1.0279580354690552 1.3663898706436157
-0.7878152132034302 0.8602294921875 1.2891322374343872
-0.7326151132583618 0.7195899486541748 1.2259867191314697
-0.6826106309890747 0.597197413444519 1.1691489219665527
-0.6398639678955078 0.4914324879646301 1.1204781532287598
-0.6028889417648315 0.3989976644515991 1.0783096551895142
-0.5704622268676758 0.31739428639411926 1.0412893295288086
-0.5419571399688721 0.24481266736984253 1.0086843967437744
-0.5177570581436157 0.17992523312568665 0.9807661771774292
-0.22547873854637146 1.7763453722000122 0.9352202415466309
-0.2672307789325714 1.7314295768737793 0.9743012189865112
-0.31392350792884827 1.6926835775375366 1.0192596912384033
-0.361812025308609 1.649328589439392 1.0649750232696533
-0.4104830324649811 1.6007226705551147 1.110941767692566
-0.4610360562801361 1.5492584705352783 1.1585791110992432
-0.5165277719497681 1.499747395515442 1.2116321325302124
-0.5741620063781738 1.4463589191436768 1.2665187120437622
-0.6309458017349243 1.3848828077316284 1.319627285003662
-0.6992219686508179 1.33130943775177 1.3857041597366333
-0.7674827575683594 1.2693966627120972 1.4508546590805054
-0.6542332172393799 1.025475025177002 1.304948091506958
-0.716449499130249 0.9644451141357422 1.3638279438018799
-0.7298203706741333 0.8609163165092468 1.366618037223816
-0.679987907409668 0.7206676602363586 1.298824667930603
-0.6333856582641602 0.5977051854133606 1.236319661140442
-0.5934988260269165 0.49149438738822937 1.1827162504196167
-0.5583133697509766 0.39847999811172485 1.1355048418045044
-0.5279437303543091 0.3166793882846832 1.0945897102355957
-0.5009638071060181 0.2439337968826294 1.0582331418991089
-0.4768243134021759 0.17881092429161072 1.0257002115249634
-0.1722595989704132 1.7779160737991333 1.0032598972320557
-0.2132571041584015 1.7336167097091675 1.0440895557403564
-0.2572386562824249 1.6909892559051514 1.0886198282241821
-0.30367448925971985 1.647412896156311 1.135847568511963
-0.3511064350605011 1.5989784002304077 1.1835048198699951
-0.40002742409706116 1.5469497442245483 1.2323495149612427
-0.4531939923763275 1.4961854219436646 1.2862931489944458
-0.48633620142936707 1.4063721895217896 1.3112648725509644
-0.5246421098709106 1.3242617845535278 1.343355417251587
-0.5557646751403809 1.2315914630889893 1.3655658960342407
-0.5752831697463989 1.1264116764068604 1.3724929094314575
-0.5849980115890503 1.0149775743484497 1.3671494722366333
-0.6741060018539429 0.9807236790657043 1.4651225805282593
-0.6685242652893066 0.8592162728309631 1.4405871629714966
-0.6258816719055176 0.7209751009941101 1.3706940412521362
-0.5835585594177246 0.5980225801467896 1.3034453392028809
-0.546578049659729 0.49138665199279785 1.24480402469635
-0.5148143768310547 0.39842700958251953 1.1942318677902222
-0.4853287637233734 0.3159436583518982 1.1478536128997803
-0.4590740501880646 0.24283266067504883 1.1066068410873413
-0.436821311712265 0.17781570553779602 1.0711935758590698
-0.12171036005020142 1.7896695137023926 1.0770554542541504
-0.16068676114082336 1.7410260438919067 1.1171958446502686
-0.1965107023715973 1.6773889064788818 1.150450348854065
-0.2266921103000641 1.5958458185195923 1.1730972528457642
-0.2566528618335724 1.5140782594680786 1.195420742034912
-0.29476651549339294 1.4500588178634644 1.2315093278884888
-0.341368705034256 1.3991618156433105 1.2808996438980103
-0.389797180891037 1.3453422784805298 1.3320472240447998
-0.4356296956539154 1.2815388441085815 1.377978801727295
-0.49526670575141907 1.23239004611969 1.444257140159607
-0.4726118743419647 1.0740392208099365 1.3850444555282593
-0.5432091951370239 1.0331019163131714 1.466818928718567
-0.617077112197876 0.985160768032074 1.551400065422058
-0.6014413833618164 0.8526194095611572 1.5060625076293945
-0.573763370513916 0.7228771448135376 1.445971965789795
-0.5328426361083984 0.5979419946670532 1.3699897527694702
-0.4985310733318329 0.49078869819641113 1.3058185577392578
-0.47086450457572937 0.3982697129249573 1.252899169921875
-0.4433656632900238 0.3154325485229492 1.2020541429519653
-0.418488472700119 0.24202439188957214 1.1563509702682495
-0.39856472611427307 0.17709359526634216 1.1185675859451294
-0.8223279714584351 1.6473928689956665 0.07267406582832336
-0.8690537214279175 1.6010581254959106 0.0931011289358139
-0.9157429933547974 1.5513718128204346 0.1142113134264946
-0.9432969093322754 1.4776467084884644 0.1358313411474228
-0.996735692024231 1.4303312301635742 0.15802204608917236
-1.066482663154602 1.3945995569229126 0.18161533772945404
-1.1230701208114624 1.3415192365646362 0.20572778582572937
-1.1844022274017334 1.2885135412216187 0.23092813789844513
-1.227378249168396 1.2178606986999512 0.2555009126663208
-1.3119983673095703 1.1736335754394531 0.28430604934692383
-1.3867541551589966 1.1167997121810913 0.31341826915740967
-1.4860161542892456 1.0684409141540527 0.3464810848236084
-1.3815276622772217 0.9116145968437195 0.35453933477401733
-1.2742578983306885 0.7687418460845947 0.3590717911720276
-1.176640272140503 0.6442895531654358 0.3620481491088867
-1.0910807847976685 0.5368342399597168 0.364321768283844
-1.0271631479263306 0.44668641686439514 0.36805737018585205
-0.969393253326416 0.36648881435394287 0.3711696267127991
-0.9189008474349976 0.29519352316856384 0.3741375505924225
-0.8719809055328369 0.2309146523475647 0.376488596200943
-0.8298718929290771 0.17301148176193237 0.37864288687705994
-0.7792446613311768 1.6556341648101807 0.13398320972919464
-0.8352112770080566 1.621861219406128 0.15575151145458221
-0.8953059911727905 1.5880192518234253 0.17866432666778564
-0.954025149345398 1.5471247434616089 0.20254281163215637
-1.0146474838256836 1.5033409595489502 0.2274930626153946
-1.075482726097107 1.4548816680908203 0.25339174270629883
-1.140073299407959 1.4052057266235352 0.28055131435394287
-1.2127844095230103 1.3574143648147583 0.3095776438713074
-1.2098467350006104 1.2462763786315918 0.32993149757385254
-1.2924035787582397 1.1993062496185303 0.3614998757839203
-1.3709629774093628 1.143312692642212 0.3936904966831207
-1.4440393447875977 1.0785551071166992 0.42604708671569824
-1.3246711492538452 0.9107138514518738 0.4252870976924896
-1.2241103649139404 0.7689223289489746 0.4247221350669861
-1.1329518556594849 0.6453819870948792 0.4232591688632965
-1.053745985031128 0.5387152433395386 0.4218595623970032
-0.9888454675674438 0.44712144136428833 0.42151081562042236
-0.9342401027679443 0.36693981289863586 0.4218108654022217
-0.8861654996871948 0.29550325870513916 0.42223578691482544
-0.8401906490325928 0.2308649718761444 0.42194199562072754
-0.7981430292129517 0.17262473702430725 0.4215063452720642
-0.7298508882522583 1.6554183959960938 0.19563652575016022
-0.7858560085296631 1.623296856880188 0.21901950240135193
-0.8457357883453369 1.5906927585601807 0.24371832609176636
-0.9099953174591064 1.5575333833694458 0.2699064016342163
-0.9719328880310059 1.5157055854797363 0.29685986042022705
-1.0368890762329102 1.47162663936615 0.32516396045684814
-1.114096999168396 1.4335941076278687 0.35631513595581055
-1.189869999885559 1.387370228767395 0.3884311318397522
-1.2628452777862549 1.3326256275177002 0.4211357533931732
-1.3531737327575684 1.284857988357544 0.4581482410430908
-1.4454398155212402 1.2308441400527954 0.49686065316200256
-1.3861840963363647 1.0800790786743164 0.5041749477386475
-1.2702761888504028 0.9111273288726807 0.49662885069847107
-1.1749165058135986 0.7696288228034973 0.49085405468940735
-1.091149091720581 0.6473821401596069 0.4854254126548767
-1.0167139768600464 0.540876567363739 0.48023343086242676
-0.953466534614563 0.4485270380973816 0.47614315152168274
-0.9011178016662598 0.3679770231246948 0.47347140312194824
-0.8527984619140625 0.29574307799339294 0.470638245344162
-0.8099310398101807 0.23108887672424316 0.4682237505912781
-0.7721319198608398 0.17288127541542053 0.46630245447158813
-0.6812620162963867 1.6565120220184326 0.2574525773525238
-0.7364779710769653 1.6249216794967651 0.2824999690055847
-0.7996464967727661 1.5983390808105469 0.30966758728027344
-0.862652063369751 1.56483793258667 0.3378523588180542
-0.9242619276046753 1.523528814315796 0.36674317717552185
-0.9940276145935059 1.4853293895721436 0.3981238007545471
-1.0735914707183838 1.4501851797103882 0.43260136246681213
-1.1537786722183228 1.4079653024673462 0.4684073030948639
-1.22559654712677 1.3516429662704468 0.503355860710144
-1.3097895383834839 1.2990260124206543 0.5422399044036865
-1.173027753829956 1.0895925760269165 0.5249617099761963
-1.3090810775756836 1.0700291395187378 0.5776115655899048
-1.215689778327942 0.9115416407585144 0.5682198405265808
-1.1247481107711792 0.7699795961380005 0.5570876598358154
-1.046386480331421 0.6483167409896851 0.5474461317062378
-0.9772111177444458 0.5423230528831482 0.5387161374092102
-0.9172878265380859 0.44982171058654785 0.531260073184967
-0.8666586875915527 0.36877572536468506 0.5254104137420654
-0.8214374780654907 0.29646092653274536 0.5201740264892578
-0.7815278768539429 0.23166215419769287 0.5157047510147095
-0.7459193468093872 0.17316213250160217 0.5118237733840942
-0.6091094017028809 1.6196945905685425 0.31489700078964233
-0.664848804473877 1.593329668045044 0.3415803909301758
-0.7259528636932373 1.5682446956634521 0.37031060457229614
-0.8040838241577148 1.5583726167678833 0.4040144383907318
-0.8727899789810181 1.527590274810791 0.43667086958885193
-0.9436668157577515 1.492024302482605 0.4708794951438904
-1.0147886276245117 1.4496536254882812 0.5061188340187073
-0.9657257795333862 1.288437008857727 0.507817268371582
-1.200251817703247 1.3824503421783447 0.5921006202697754
-1.2335705757141113 1.2888740301132202 0.6186777353286743
-1.1042474508285522 1.0810421705245972 0.5935046672821045
-1.1890522241592407 1.032090425491333 0.6353092193603516
-1.1697767972946167 0.9169849157333374 0.6430461406707764
-1.0774509906768799 0.7718705534934998 0.6246293783187866
-1.0014184713363647 0.6492905020713806 0.6098828315734863
-0.936992883682251 0.5436530113220215 0.5976291298866272
-0.8829340934753418 0.4518466591835022 0.5877796411514282
-0.8346518278121948 0.37033453583717346 0.578916609287262
-0.7910351753234863 0.29747456312179565 0.5708041191101074
-0.7521971464157104 0.23215562105178833 0.5636406540870667
-0.7183196544647217 0.1733326017856598 0.5576443672180176
-0.5533754825592041 1.607071042060852 0.37340205907821655
-0.6033467054367065 1.574633240699768 0.40050286054611206
-0.6561166048049927 1.5409324169158936 0.4290570318698883
-0.71235191822052 1.5063908100128174 0.45932677388191223
-0.7695900201797485 1.4672818183898926 0.49059590697288513
-0.8293225765228271 1.4254785776138306 0.5233428478240967
-0.8891971111297607 1.3781989812850952 0.5567930936813354
-0.9098614454269409 1.2874785661697388 0.5769913196563721
-1.0380126237869263 1.2941406965255737 0.6360411643981934
-0.9647617340087891 1.1221303939819336 0.6218519806861877
-1.042665958404541 1.077170491218567 0.6634491682052612
-1.1220769882202148 1.0262517929077148 0.7064427137374878
-1.1172353029251099 0.9190223217010498 0.7166543006896973
-1.0337955951690674 0.7758747935295105 0.6943517923355103
-0.9590022563934326 0.6515677571296692 0.6738942861557007
-0.8962640762329102 0.544935941696167 0.6570085287094116
-0.8443388938903809 0.45264291763305664 0.643502950668335
-0.7982809543609619 0.3708329498767853 0.6315170526504517
-0.7576022148132324 0.2979225218296051 0.6210073828697205
-0.721613883972168 0.2325076162815094 0.611815333366394
-0.6889151334762573 0.17333441972732544 0.6034330725669861
-0.5000941753387451 1.5975602865219116 0.4316176474094391
-0.5413128137588501 1.5531500577926636 0.4573827385902405
-0.5930173397064209 1.5212700366973877 0.4874458909034729
-0.6515367031097412 1.4933300018310547 0.5207003951072693
-0.7015455961227417 1.4473971128463745 0.5512075424194336
-0.7699559926986694 1.4192626476287842 0.5896539092063904
-0.8313521146774292 1.3755557537078857 0.625906229019165
-0.8996760845184326 1.3330357074737549 0.6656697988510132
-0.9761158227920532 1.2913849353790283 0.7095960378646851
-0.9168683290481567 1.1276601552963257 0.6941124200820923
-0.9955016374588013 1.084067702293396 0.7393697500228882
-1.0680011510849 1.0288771390914917 0.7825173139572144
-1.0650289058685303 0.9215131998062134 0.7911306619644165
-0.9845986366271973 0.7772652506828308 0.7627228498458862
-0.9132181406021118 0.6524902582168579 0.7372043132781982
-0.8531057834625244 0.5453824400901794 0.7159063816070557
-0.8028939962387085 0.45256465673446655 0.698433518409729
-0.7595696449279785 0.37074562907218933 0.6835215091705322
-0.7229515314102173 0.2981678545475006 0.6712419986724854
-0.6888577938079834 0.23254403471946716 0.6596242189407349
-0.6567642688751221 0.17303797602653503 0.6484733819961548
-0.4446445405483246 1.5829204320907593 0.487964928150177
-0.49104806780815125 1.5500476360321045 0.5173789262771606
-0.5401297807693481 1.5161634683609009 0.5484269857406616
-0.5937947034835815 1.483598232269287 0.5820533633232117
-0.6519244909286499 1.4510440826416016 0.6182825565338135
-0.7143731117248535 1.41733980178833 0.657112717628479
-0.7780673503875732 1.378077507019043 0.697067141532898
-0.8490784168243408 1.3399155139923096 0.7412095069885254
-0.9261274337768555 1.3000515699386597 0.7889947891235352
-1.0152063369750977 1.2627112865447998 0.8436144590377808
-1.100168228149414 1.212548017501831 0.8967516422271729
-1.1179509162902832 1.1061774492263794 0.9147388935089111
-1.0112953186035156 0.9233278632164001 0.8656376600265503
-0.9308556318283081 0.7762895226478577 0.8292596340179443
-0.8604778051376343 0.6501336097717285 0.7972536087036133
-0.8054993152618408 0.5440406203269958 0.772790789604187
-0.7594553232192993 0.45182400941848755 0.7525444030761719
-0.717401385307312 0.36967790126800537 0.7339036464691162
-0.6838986873626709 0.2974311411380768 0.7195404767990112
-0.6513955593109131 0.23177531361579895 0.705288290977478
-0.619664192199707 0.17213815450668335 0.6910550594329834
-0.3909436762332916 1.5701028108596802 0.5437511205673218
-0.43708494305610657 1.5397850275039673 0.5750499367713928
-0.4846014082431793 1.5060293674468994 0.6074001789093018
-0.5387774705886841 1.4772024154663086 0.6438318490982056
-0.596271276473999 1.446401834487915 0.6825042963027954
-0.6571978330612183 1.4131923913955688 0.7235124111175537
-0.7197418212890625 1.374788761138916 0.7658114433288574
-0.7890472412109375 1.3370310068130493 0.8124582767486572
-0.8659060001373291 1.2992438077926636 0.8639974594116211
-0.8187814950942993 1.1384522914886475 0.8410193920135498
-0.8772884607315063 1.0801653861999512 0.8816361427307129
-0.8140826225280762 0.9263116717338562 0.8479197025299072
-0.7358574867248535 0.778031051158905 0.8042165040969849
-0.6827791929244995 0.6612896919250488 0.7753185033798218
-0.6332124471664429 0.5582224726676941 0.7480534315109253
-0.5905139446258545 0.4687536358833313 0.7245982885360718
-0.562175989151001 0.3935823440551758 0.7097718715667725
-0.6738044023513794 0.36814776062965393 0.7832465171813965
-0.6419988870620728 0.2959919571876526 0.7660335302352905
-0.6119680404663086 0.23063400387763977 0.7496509552001953
-0.5813779830932617 0.1710692048072815 0.7326347827911377
-0.3389933407306671 1.5594722032546997 0.5992996096611023
-0.3852377235889435 1.5325261354446411 0.6329889297485352
-0.4333074390888214 1.5024983882904053 0.6680489778518677
-0.4858936369419098 1.4737448692321777 0.70632004737854
-0.5415037870407104 1.4427063465118408 0.7468045949935913
-0.5996555089950562 1.4081796407699585 0.7891815900802612
-0.662583589553833 1.3727689981460571 0.8349995613098145
-0.7325365543365479 1.3381081819534302 0.8858368396759033
-0.8114345073699951 1.3046259880065918 0.9430609941482544
-0.8300670385360718 1.203246831893921 0.9584721326828003
-0.7845332622528076 1.0487359762191772 0.9289748668670654
-0.7618764638900757 0.9264271855354309 0.9152195453643799
-0.6876412630081177 0.7775549292564392 0.8650380373001099
-0.6300556659698486 0.6559389233589172 0.8262358903884888
-0.580483078956604 0.5518128871917725 0.7928215265274048
-0.5355607271194458 0.4608987271785736 0.7624716758728027
-0.4887945353984833 0.37890979647636414 0.7306193113327026
-0.45648542046546936 0.3107977509498596 0.7088463306427002
-0.42562660574913025 0.24980542063713074 0.687968373298645
-0.4006425440311432 0.1960829496383667 0.6711530685424805
-0.3981190025806427 0.1504298746585846 0.6702710390090942
-0.2905479967594147 1.5555434226989746 0.6564477682113647
-0.33571508526802063 1.5293300151824951 0.6919635534286499
-0.38358864188194275 1.5016952753067017 0.7296086549758911
-0.43443819880485535 1.472524881362915 0.7695955038070679
-0.48692384362220764 1.4389886856079102 0.8108404874801636
-0.508545994758606 1.3524307012557983 0.8272264003753662
-0.360652357339859 1.03618323802948 0.707588791847229
-0.3745570480823517 0.9645602107048035 0.7179933786392212
-0.381592720746994 0.8873189687728882 0.7229169607162476
-0.39319559931755066 0.8181700706481934 0.7315211296081543
-0.4177956283092499 0.7631412148475647 0.7505254745483398
-0.45220914483070374 0.7156593203544617 0.7773565053939819
-0.48432812094688416 0.6642508506774902 0.8023396730422974
-0.5219248533248901 0.6146716475486755 0.8316717147827148
-0.540584921836853 0.5520648956298828 0.8459135293960571
-0.4981737434864044 0.4608560800552368 0.8116010427474976
-0.457840234041214 0.38025400042533875 0.7790204286575317
-0.3727487623691559 0.29348018765449524 0.7109782695770264
-0.34893688559532166 0.2372567355632782 0.69167160987854
-0.3549002707004547 0.19236698746681213 0.6960160732269287
-0.3680454194545746 0.14977607131004333 0.7060613632202148
-0.23832258582115173 1.5417516231536865 0.7095159292221069
-0.267171174287796 1.4824717044830322 0.7323342561721802
-0.29641684889793396 1.4227800369262695 0.7554824352264404
-0.3258068859577179 1.3621234893798828 0.7787185907363892
-0.35339632630348206 1.297173023223877 0.8002169132232666
-0.3805622160434723 1.231067419052124 0.8213008642196655
-0.2683509290218353 0.9626007676124573 0.7129693031311035
-0.19580486416816711 0.7831552624702454 0.6427010297775269
-0.2039831578731537 0.7233478426933289 0.6474829912185669
-0.19660285115242004 0.649185061454773 0.6381412744522095
-0.2133333384990692 0.6038771867752075 0.650945782661438
-0.2362314760684967 0.5639874935150146 0.6693384647369385
-0.255849689245224 0.5204806923866272 0.6847305297851562
-0.28280577063560486 0.48148971796035767 0.7066951990127563
-0.30339136719703674 0.4371125102043152 0.7228962182998657
-0.32603803277015686 0.3932911455631256 0.7409154176712036
-0.35155704617500305 0.34991878271102905 0.761455774307251
-0.3471178710460663 0.29497769474983215 0.7554315328598022
-0.30409470200538635 0.23255619406700134 0.7154850959777832
-0.25275149941444397 0.1766071617603302 0.6685410737991333
-0.20212557911872864 0.1294844001531601 0.6225683689117432
-0.10610666871070862 1.3103671073913574 0.6683099269866943
-0.12904128432273865 1.2571450471878052 0.6864277124404907
-0.1533762514591217 1.2065205574035645 0.7060767412185669
-0.178948312997818 1.1573997735977173 0.7270210981369019
-0.20425400137901306 1.106422781944275 0.7475751638412476
-0.22914466261863708 1.0536235570907593 0.7675988674163818
-0.21401432156562805 0.9381703734397888 0.744699239730835
-0.14446213841438293 0.7573838829994202 0.6648755073547363
-0.0952950119972229 0.6267764568328857 0.6082432270050049
-0.10145074129104614 0.5760003924369812 0.6104530096054077
-0.10592436790466309 0.5257058143615723 0.611085057258606
-0.11926722526550293 0.48583999276161194 0.6209782361984253
-0.13555365800857544 0.44864797592163086 0.6338878870010376
-0.15053406357765198 0.41023415327072144 0.6454565525054932
-0.163265198469162 0.37040895223617554 0.654766321182251
-0.17861494421958923 0.33232539892196655 0.6667131185531616
-0.1487685739994049 0.27414584159851074 0.6338695287704468
-0.19403716921806335 0.2503136694431305 0.6755354404449463
-0.13434860110282898 0.19142428040504456 0.6140307188034058
-0.13096743822097778 0.1553349792957306 0.6081652641296387
-0.16532352566719055 0.1270619034767151 0.6390466690063477
-0.009144902229309082 1.1405481100082397 0.6379740238189697
-0.02992069721221924 1.0971369743347168 0.6551229953765869
-0.05036422610282898 1.0519416332244873 0.6717272996902466
-0.07093784213066101 1.0063326358795166 0.6884235143661499
-0.09158161282539368 0.9601989388465881 0.7051364183425903
-0.11260014772415161 0.9141370058059692 0.7222520112991333
-0.13267838954925537 0.8658536076545715 0.7381346225738525
-0.07872584462165833 0.7067594528198242 0.663945198059082
-0.02449706196784973 0.5688227415084839 0.5917729139328003
-0.02775430679321289 0.5197311043739319 0.5898483991622925
-0.028072714805603027 0.4701867997646332 0.5847786664962769
-0.03867340087890625 0.433688759803772 0.591963529586792
-0.04918265342712402 0.39767318964004517 0.5991047620773315
-0.05885404348373413 0.36156225204467773 0.6053528785705566
-0.043598711490631104 0.3100135326385498 0.5836594104766846
-0.08222073316574097 0.2934473156929016 0.6225360631942749
-0.1137794554233551 0.2689175307750702 0.6531034708023071
-0.1337113082408905 0.23683315515518188 0.6705992221832275
-0.1049785315990448 0.18901404738426208 0.6351156234741211
-0.08877617120742798 0.15035513043403625 0.6138306856155396
-0.08519119024276733 0.11772338300943375 0.6064943075180054
0.062402188777923584 1.0189480781555176 0.6189025044441223
0.04413089156150818 0.9802062511444092 0.6342722177505493
0.0264909565448761 0.9389103055000305 0.6485315561294556
0.009298056364059448 0.8961024284362793 0.6620488166809082
-0.008579909801483154 0.854607880115509 0.6765539646148682
-0.026709645986557007 0.813170850276947 0.6913589239120483
-0.044407010078430176 0.7704877853393555 0.705478310585022
-0.05680695176124573 0.7190585732460022 0.7121689319610596
0.0024987757205963135 0.5659523010253906 0.6207901239395142
0.018756121397018433 0.4911019802093506 0.590848445892334
0.02228298783302307 0.4392586648464203 0.57905513048172
0.01838967204093933 0.39919614791870117 0.5775974988937378
0.03236323595046997 0.3450525403022766 0.5533784627914429
0.012701332569122314 0.3232129216194153 0.5728715062141418
0.016885340213775635 0.28330346941947937 0.5620937347412109
-0.04709753394126892 0.2861069142818451 0.6365188360214233
-0.02324843406677246 0.2361074686050415 0.6014934778213501
-0.017169594764709473 0.19961076974868774 0.5890318751335144
-0.026096105575561523 0.17076405882835388 0.5950648784637451
-0.06457352638244629 0.14923235774040222 0.6363674402236938
-0.05763047933578491 0.11618144810199738 0.6234188079833984
0.1209479421377182 0.9170422554016113 0.6011496186256409
0.1042991578578949 0.8837071061134338 0.6158813238143921
0.08832648396492004 0.8473029136657715 0.6291643381118774
0.07325264811515808 0.8079996705055237 0.6407487392425537
0.05857023596763611 0.7677773833274841 0.651659369468689
0.043041616678237915 0.7295501828193665 0.6640280485153198
0.026909947395324707 0.6922838091850281 0.6773471832275391
0.011113226413726807 0.6540333032608032 0.6900519132614136
0.05082520842552185 0.5297622680664062 0.6157321929931641
0.059925198554992676 0.46583569049835205 0.5918861031532288
0.09362205862998962 0.37838268280029297 0.5322833061218262
0.05674639344215393 0.3805736005306244 0.5795297622680664
0.0326535701751709 0.363569438457489 0.6068538427352905
0.04304555058479309 0.31464821100234985 0.584252119064331
0.04916661977767944 0.2738396227359772 0.5686334371566772
0.050393491983413696 0.23967665433883667 0.5605072379112244
0.05147114396095276 0.20791208744049072 0.5530316233634949
0.005566388368606567 0.19798219203948975 0.6094129085540771
0.006901562213897705 0.16596190631389618 0.6015611290931702
-0.010777711868286133 0.14068558812141418 0.6191507577896118
-0.03683954477310181 0.11568645387887955 0.6474379301071167
-1.8443455696105957 3.0269525051116943 0.025708749890327454
-1.9000260829925537 2.901127576828003 0.06461990624666214
-1.9643430709838867 2.7846224308013916 0.10361664742231369
-1.9187321662902832 2.545577049255371 0.14233216643333435
-1.9065940380096436 2.355637788772583 0.17870010435581207
-1.9257776737213135 2.2043514251708984 0.21437717974185944
-1.938429355621338 2.051473379135132 0.24886344373226166
-1.8104140758514404 1.7905396223068237 0.2729310393333435
-1.8517873287200928 1.6773213148117065 0.3059135377407074
-1.8693392276763916 1.5483009815216064 0.33661675453186035
-1.9409596920013428 1.4554344415664673 0.37243470549583435
-1.9487617015838623 1.3239041566848755 0.4013883173465729
-1.9555232524871826 1.1958674192428589 0.42937901616096497
-1.7571063041687012 0.981382429599762 0.4274898171424866
-1.5736035108566284 0.7980992197990417 0.42263123393058777
-1.4306498765945435 0.6510493159294128 0.4197268486022949
-1.315690517425537 0.5294817686080933 0.4180748462677002
-1.2090901136398315 0.42382359504699707 0.4150843322277069
-1.1210895776748657 0.3342137038707733 0.41310814023017883
-1.048604130744934 0.25710079073905945 0.412161648273468
-0.9753817319869995 0.18828123807907104 0.4093325436115265
-2.024677038192749 3.4091854095458984 0.14146025478839874
-2.0824310779571533 3.260716199874878 0.18555478751659393
-2.1558892726898193 3.1313915252685547 0.2303086519241333
-2.2222652435302734 2.991234064102173 0.27518409490585327
-2.285879611968994 2.846731424331665 0.3201294541358948
-2.3692591190338135 2.720665693283081 0.3669821619987488
-2.449338436126709 2.5878045558929443 0.41422367095947266
-2.53322434425354 2.4550042152404785 0.46249717473983765
-2.606576919555664 2.3107340335845947 0.510067343711853
-2.3024892807006836 1.9020346403121948 0.5045385360717773
-2.149407148361206 1.635201096534729 0.513385534286499
-2.0717012882232666 1.4366265535354614 0.5298947691917419
-1.8773608207702637 1.193343162536621 0.5229508280754089
-1.6778111457824707 0.975092887878418 0.5098132491111755
-1.504621148109436 0.7938691973686218 0.49685046076774597
-1.3690119981765747 0.6479697227478027 0.4874620735645294
-1.2597980499267578 0.5271651744842529 0.48052987456321716
-1.1575261354446411 0.4218744933605194 0.4725467264652252
-1.0734078884124756 0.3326326906681061 0.46648338437080383
-1.0020668506622314 0.25549235939979553 0.46161770820617676
-0.9381346702575684 0.18767037987709045 0.4570085406303406
-2.131411552429199 3.717738628387451 0.2835264205932617
-2.247096061706543 3.627715826034546 0.3359335660934448
-2.3510289192199707 3.512604236602783 0.3889564573764801
-2.4505369663238525 3.384993553161621 0.4427410364151001
-2.5310144424438477 3.230462074279785 0.4951445162296295
-2.61160945892334 3.0736021995544434 0.5479891300201416
-2.6991631984710693 2.920966386795044 0.6023139953613281
-2.788342237472534 2.7665224075317383 0.6574693918228149
-2.872264862060547 2.604679584503174 0.7122368812561035
-2.6487839221954346 2.218904733657837 0.7081009149551392
-2.2687575817108154 1.769515872001648 0.665219783782959
-1.9998648166656494 1.442291259765625 0.6364842653274536
-1.7938706874847412 1.1879299879074097 0.6151089072227478
-1.6002944707870483 0.9693089723587036 0.5914815664291382
-1.4368611574172974 0.7899461388587952 0.5706285238265991
-1.3078114986419678 0.6449199318885803 0.5547522306442261
-1.2031885385513306 0.5245487689971924 0.5423660278320312
-1.1067628860473633 0.42006638646125793 0.5298299789428711
-1.0271995067596436 0.33130982518196106 0.5199276804924011
-0.9612946510314941 0.25474005937576294 0.512254536151886
-0.902256965637207 0.1872163712978363 0.5051957368850708
-2.010389804840088 3.704674482345581 0.42338523268699646
-2.123924970626831 3.615668535232544 0.4786296784877777
-2.227578639984131 3.503166913986206 0.5339267253875732
-2.3376762866973877 3.3909788131713867 0.5915245413780212
-2.450326919555664 3.273423671722412 0.6508884429931641
-2.572207450866699 3.1574864387512207 0.7133656740188599
-2.7212412357330322 3.0589208602905273 0.7830404043197632
-2.8539998531341553 2.932910680770874 0.8510513305664062
-2.9837372303009033 2.7948851585388184 0.9198300838470459
-2.5484299659729004 2.2256593704223633 0.8496809005737305
-2.194624662399292 1.7825922966003418 0.7896182537078857
-1.2321155071258545 1.022969365119934 0.5568715333938599
-1.264798879623413 0.9384142756462097 0.5819441080093384
-1.467321753501892 0.936294674873352 0.6561151742935181
-1.3730581998825073 0.7875252962112427 0.6448934078216553
-1.2518969774246216 0.6436917185783386 0.6230964064598083
-1.1490812301635742 0.5226145386695862 0.6044476628303528
-1.055823802947998 0.41815680265426636 0.586698055267334
-0.9831893444061279 0.3304198086261749 0.5738661289215088
-0.9205230474472046 0.25398948788642883 0.5629094839096069
-0.8660719394683838 0.18674209713935852 0.5535193085670471
-1.8785490989685059 3.6730287075042725 0.5601871013641357
-1.9917418956756592 3.5891175270080566 0.6185219287872314
-2.0938355922698975 3.4786794185638428 0.6758830547332764
-2.205375909805298 3.3725521564483643 0.7365672588348389
-2.315213680267334 3.25522780418396 0.7980756759643555
-2.429323434829712 3.1344480514526367 0.8618249893188477
-2.569658041000366 3.032010316848755 0.9339299201965332
-2.703104019165039 2.9109768867492676 1.0057214498519897
-2.8467423915863037 2.7884132862091064 1.0819429159164429
-2.438042163848877 2.225310802459717 0.9895912408828735
-1.291138768196106 1.2126747369766235 0.6529240608215332
-1.1923621892929077 1.0341898202896118 0.6363931894302368
-1.1946735382080078 0.9311051368713379 0.6514279842376709
-1.2967530488967896 0.882123589515686 0.7003904581069946
-1.0733988285064697 0.6810269951820374 0.6353573799133301
-1.0146652460098267 0.573283314704895 0.6257483959197998
-1.0756689310073853 0.5143561959266663 0.659058690071106
-1.0094743967056274 0.41741910576820374 0.6448843479156494
-0.9385192394256592 0.32938358187675476 0.6275227069854736
-0.8795934915542603 0.253214567899704 0.6135222911834717
-0.8296365737915039 0.18625274300575256 0.6019786596298218
-1.7496836185455322 3.6433627605438232 0.6950322389602661
-1.8608582019805908 3.562147378921509 0.7563776969909668
-1.9644832611083984 3.458430767059326 0.8168160915374756
-2.0759811401367188 3.3565192222595215 0.8807196617126465
-2.1796939373016357 3.2350406646728516 0.9432648420333862
-2.289640188217163 3.1132314205169678 1.0087584257125854
-2.41113543510437 2.995558977127075 1.0791622400283813
-2.535583734512329 2.8711721897125244 1.1517256498336792
-2.657302141189575 2.734945058822632 1.2243916988372803
-1.3527626991271973 1.4361368417739868 0.7664598226547241
-1.3613251447677612 1.31056809425354 0.7850618362426758
-1.2680975198745728 1.1224743127822876 0.7634177207946777
-1.1288424730300903 0.9258551001548767 0.721278190612793
-1.1874936819076538 0.8560020327568054 0.7567827701568604
-1.195145606994629 0.7594326138496399 0.7715868949890137
-1.035858392715454 0.6000533103942871 0.7157645225524902
-1.0178086757659912 0.5108177065849304 0.7177172899246216
-0.9591692686080933 0.4155912697315216 0.7014185190200806
-0.894483208656311 0.32847604155540466 0.6813535690307617
-0.8376525640487671 0.25226783752441406 0.6636872291564941
-0.7893109321594238 0.18531298637390137 0.6489074230194092
-1.627569556236267 3.622781276702881 0.8295415639877319
-1.7348415851593018 3.5406267642974854 0.8934303522109985
-1.837367057800293 3.4397566318511963 0.9566091299057007
-1.94808030128479 3.3412258625030518 1.0238487720489502
-2.057231903076172 3.2302732467651367 1.0914480686187744
-2.1612517833709717 3.1038920879364014 1.1578242778778076
-2.282975673675537 2.9897139072418213 1.2323049306869507
-2.412379264831543 2.873115301132202 1.3110318183898926
-2.3288228511810303 2.547854423522949 1.2981318235397339
-1.2860620021820068 1.4392253160476685 0.8577113151550293
-1.287600040435791 1.3069242238998413 0.8710453510284424
-1.2104110717773438 1.1265289783477783 0.8477562665939331
-1.077765941619873 0.9293074011802673 0.7970545291900635
-1.1231534481048584 0.8522785902023315 0.8280893564224243
-0.9738765954971313 0.6812357306480408 0.7662091255187988
-0.91374671459198 0.570198118686676 0.7452741861343384
-0.9648940563201904 0.5088138580322266 0.7778401374816895
-0.9113548994064331 0.4144163429737091 0.7587766647338867
-0.8503607511520386 0.3275437355041504 0.7351011037826538
-0.7964283227920532 0.25143659114837646 0.714099645614624
-0.7495630979537964 0.18443235754966736 0.6959325075149536
-1.5088931322097778 3.606574535369873 0.9636558294296265
-1.6105051040649414 3.519869565963745 1.0291191339492798
-1.715216875076294 3.4273521900177 1.096806287765503
-1.8232829570770264 3.329204559326172 1.1668528318405151
-1.9294514656066895 3.217895269393921 1.2367353439331055
-2.0125393867492676 3.0680081844329834 1.295920968055725
-2.1364173889160156 2.9620773792266846 1.375745415687561
-1.6409673690795898 2.1842970848083496 1.1425257921218872
-1.7003090381622314 2.052252769470215 1.1865863800048828
-1.2319055795669556 1.4537734985351562 0.9562987089157104
-1.2316724061965942 1.3172504901885986 0.9659394025802612
-1.1526163816452026 1.1309558153152466 0.9331793785095215
-1.0271852016448975 0.9334527254104614 0.8741786479949951
-1.06528902053833 0.8519942164421082 0.9022320508956909
-1.1697105169296265 0.8023993968963623 0.9666762351989746
-1.044697642326355 0.64564049243927 0.9050017595291138
-0.9439190626144409 0.5182307362556458 0.8553575277328491
-0.8668098449707031 0.41419535875320435 0.8178420066833496
-0.8084455728530884 0.3271309733390808 0.7900421619415283
-0.7558965682983398 0.2507276237010956 0.7648700475692749
-0.7095091342926025 0.1835041046142578 0.742633581161499
-1.3897184133529663 3.5876057147979736 1.0959258079528809
-1.4902292490005493 3.5044503211975098 1.1649069786071777
-1.5927910804748535 3.4132871627807617 1.2355914115905762
-1.7003018856048584 3.3189632892608643 1.3096286058425903
-1.8025338649749756 3.2056760787963867 1.381136417388916
-1.8847527503967285 3.056591272354126 1.4413628578186035
-2.004086971282959 2.9492926597595215 1.523664116859436
-1.863523244857788 2.539759397506714 1.4518399238586426
-1.9233372211456299 2.376319169998169 1.4982315301895142
-1.1839516162872314 1.4755432605743408 1.0616778135299683
-1.0588783025741577 1.2313464879989624 0.9921348094940186
-1.0199545621871948 1.0799976587295532 0.9740242958068848
-0.9871745109558105 0.9450784921646118 0.959121823310852
-0.853364109992981 0.7613832354545593 0.8810856342315674
-0.7833514213562012 0.6351650953292847 0.8416662216186523
-0.7370046377182007 0.5334392189979553 0.8164232969284058
-0.8105500936508179 0.4864286184310913 0.8662494421005249
-0.8292202949523926 0.4161735475063324 0.88163161277771
-0.767545223236084 0.32699888944625854 0.8458750247955322
-0.7154479026794434 0.25003910064697266 0.8157476186752319
-0.6719515323638916 0.18288952112197876 0.7907297611236572
-1.2705276012420654 3.566359043121338 1.226180911064148
-1.3672797679901123 3.482022523880005 1.2972328662872314
-1.4677248001098633 3.3929290771484375 1.3710280656814575
-1.5719637870788574 3.298764944076538 1.4476451873779297
-1.671687126159668 3.1862480640411377 1.5213985443115234
-1.760568618774414 3.049248695373535 1.587878704071045
-1.8972997665405273 2.968388319015503 1.6875121593475342
-1.7907278537750244 2.584768295288086 1.6189199686050415
-1.8265748023986816 2.3912510871887207 1.64853835105896
-1.132420539855957 1.4961358308792114 1.1692185401916504
-0.9836951494216919 1.2224966287612915 1.0681836605072021
-0.9339354038238525 1.0608519315719604 1.0358024835586548
-0.9284720420837402 0.9448718428611755 1.034240961074829
-0.7820330858230591 0.7490311861038208 0.9332656860351562
-0.7192980051040649 0.6259860992431641 0.8908019065856934
-0.6903671026229858 0.5320846438407898 0.8719736337661743
-0.7433123588562012 0.47786659002304077 0.9110187292098999
-0.7898907661437988 0.4178158640861511 0.9456193447113037
-0.7273081541061401 0.3270888924598694 0.9026089906692505
-0.6762717962265015 0.24960419535636902 0.8676048517227173
-0.6363152265548706 0.18254175782203674 0.8403298854827881
-1.1523051261901855 3.5446155071258545 1.35477876663208
-1.2463805675506592 3.4611620903015137 1.4285120964050293
-1.343471646308899 3.371755599975586 1.5045814514160156
-1.4427012205123901 3.2746288776397705 1.5822786092758179
-1.5395805835723877 3.162651538848877 1.6579928398132324
-1.6233270168304443 3.021754264831543 1.7230762243270874
-1.755669116973877 2.942333698272705 1.827117681503296
-1.715958833694458 2.632556200027466 1.7931230068206787
-1.7172670364379883 2.3938682079315186 1.7921717166900635
-1.0454010963439941 1.4828526973724365 1.2530442476272583
-0.9226492643356323 1.2258380651474 1.1537904739379883
-0.8734023571014404 1.0608357191085815 1.1134556531906128
-0.8552442789077759 0.9341835975646973 1.0980359315872192
-0.7318533658981323 0.749186635017395 0.9988758563995361
-0.6694818735122681 0.6240170001983643 0.9484890699386597
-0.6416410207748413 0.5296859741210938 0.9256777763366699
-0.6861315965652466 0.47273653745651245 0.9604024887084961
-0.7488628625869751 0.4190968871116638 1.009585976600647
-0.6875618696212769 0.32738175988197327 0.9603245258331299
-0.6394540071487427 0.2496698498725891 0.9216173887252808
-0.600653886795044 0.18221721053123474 0.8903592824935913
-1.0329569578170776 3.5170481204986572 1.4795829057693481
-1.1253576278686523 3.4372572898864746 1.5569868087768555
-1.2195552587509155 3.3485960960388184 1.6356089115142822
-1.315077781677246 3.2506399154663086 1.7150212526321411
-1.41349196434021 3.1467599868774414 1.7967214584350586
-1.4946902990341187 3.004776954650879 1.8619221448898315
-1.6159250736236572 2.9161276817321777 1.9641095399856567
-1.6881284713745117 2.7480294704437256 2.0204460620880127
-1.6568889617919922 2.4553585052490234 1.9817378520965576
-0.9674500226974487 1.4780162572860718 1.342503309249878
-0.911440372467041 1.2777787446975708 1.285832166671753
-0.8174241781234741 1.064865231513977 1.1955381631851196
-0.7966208457946777 0.9337008595466614 1.172261357307434
-0.6829742193222046 0.7503268718719482 1.0660167932510376
-0.6209549903869629 0.6227021813392639 1.0069561004638672
-0.5916670560836792 0.5265223383903503 0.9776567220687866
-0.6359951496124268 0.4702129364013672 1.0140830278396606
-0.7070972919464111 0.4203067719936371 1.0740960836410522
-0.6473489999771118 0.32763761281967163 1.018385887145996
-0.6007819175720215 0.24941343069076538 0.9747308492660522
-0.5622842311859131 0.18153104186058044 0.9385144710540771
-0.9190163612365723 3.4997904300689697 1.606827735900879
-1.0064561367034912 3.4150969982147217 1.6844980716705322
-1.0972511768341064 3.3258540630340576 1.7650539875030518
-1.188116431236267 3.2248218059539795 1.8448203802108765
-1.2805218696594238 3.1161038875579834 1.9255045652389526
-1.3774189949035645 3.005129814147949 2.0103306770324707
-1.4845093488693237 2.899678945541382 2.105330467224121
-1.5536619424819946 2.7290520668029785 2.1592209339141846
-1.3213921785354614 2.1767520904541016 1.8963894844055176
-0.8856936693191528 1.4684513807296753 1.4271894693374634
-0.8729110956192017 1.3078609704971313 1.4032589197158813
-0.8125612735748291 1.1159179210662842 1.3314464092254639
-0.757310152053833 0.948823094367981 1.2663284540176392
-0.6446917057037354 0.7591674327850342 1.1445726156234741
-0.5743876695632935 0.6225494146347046 1.0672394037246704
-0.5446748733520508 0.5247060060501099 1.0316400527954102
-0.5839473009109497 0.4666920006275177 1.0650722980499268
-0.6637802124023438 0.42114153504371643 1.1382958889007568
-0.6038498878479004 0.3270381987094879 1.073999047279358
-0.5597299337387085 0.24868202209472656 1.026004433631897
-0.5215718746185303 0.1804974377155304 0.9844650030136108
-0.7971864938735962 3.456573963165283 1.7207560539245605
-0.8807998895645142 3.371403217315674 1.7995415925979614
-0.9699233770370483 3.287492036819458 1.884268879890442
-1.0398941040039062 3.1482720375061035 1.9427868127822876
-1.106227993965149 2.9981484413146973 1.9962843656539917
-1.1093662977218628 2.7310214042663574 1.9704477787017822
-1.180266261100769 2.595853805541992 2.030386447906494
-1.3228716850280762 2.564051628112793 2.177135705947876
-1.2338850498199463 2.196220636367798 2.043269634246826
-1.3222938776016235 2.0843935012817383 2.1241986751556396
-0.7845591306686401 1.2878540754318237 1.4708563089370728
-0.6939774751663208 1.063684344291687 1.3509827852249146
-0.6846697330474854 0.9374516606330872 1.327406644821167
-0.7210090160369873 0.8543586730957031 1.3566209077835083
-0.8026825189590454 0.7998409271240234 1.4367071390151978
-0.7263031005859375 0.6489981412887573 1.3397936820983887
-0.37016817927360535 0.3878750205039978 0.9361580610275269
-0.363748699426651 0.3244088590145111 0.9224718809127808
-0.3890012204647064 0.2747417986392975 0.9436541795730591
-0.518591046333313 0.2479356825351715 1.0772379636764526
-0.48093757033348083 0.17945250868797302 1.030103087425232
-0.6171112060546875 3.2167022228240967 1.7318912744522095
-0.6673312187194824 3.0627548694610596 1.7670738697052002
-0.823064923286438 3.1908180713653564 1.9662634134292603
-0.820753812789917 2.888695240020752 1.9186369180679321
-0.883073091506958 2.7550363540649414 1.970833420753479
-0.9652533531188965 2.6579363346099854 2.0514423847198486
-1.0455188751220703 2.54770827293396 2.1278834342956543
-1.1476730108261108 2.4646143913269043 2.23367977142334
-1.140781283378601 2.2105984687805176 2.187912702560425
-1.256649136543274 2.13494873046875 2.3106794357299805
-1.2783032655715942 1.9348280429840088 2.305950164794922
-1.0713456869125366 1.511314868927002 2.0035507678985596
-0.599738597869873 0.9138088822364807 1.369146704673767
-0.6568758487701416 0.8500509858131409 1.4257497787475586
-0.3499961197376251 0.5331196188926697 1.0236302614212036
-0.30794408917427063 0.43777143955230713 0.9608023166656494
-0.29334983229637146 0.36786240339279175 0.9335196018218994
-0.2972758710384369 0.31151723861694336 0.9296771287918091
-0.31595757603645325 0.26239949464797974 0.9439777135848999
-0.36190149188041687 0.2197771966457367 0.9907784461975098
-0.43984004855155945 0.17830637097358704 1.0747582912445068
-0.34910163283348083 2.6073951721191406 1.5230193138122559
-0.4020613729953766 2.5219545364379883 1.5738410949707031
-0.5678985118865967 2.759704828262329 1.8301341533660889
-0.484853059053421 2.2739415168762207 1.6312870979309082
-0.5214778184890747 2.1410598754882812 1.652245283126831
-0.5971972942352295 2.095111608505249 1.739560604095459
-0.8131725788116455 2.3047473430633545 2.0541141033172607
-0.907336950302124 2.2377612590789795 2.160806179046631
-0.9489015340805054 2.074759006500244 2.1822457313537598
-0.6583921909332275 1.4576176404953003 1.6946991682052612
-0.666921854019165 1.3127622604370117 1.6776797771453857
-0.6922637224197388 1.1952178478240967 1.687259554862976
-0.28589144349098206 0.668318510055542 1.0699386596679688
-0.28390809893608093 0.587565541267395 1.0518943071365356
-0.28402361273765564 0.5140189528465271 1.037900686264038
-0.26724860072135925 0.4347951114177704 1.0013675689697266
-0.24402639269828796 0.3598920702934265 0.9574785232543945
-0.24524560570716858 0.3034214377403259 0.9481693506240845
-0.2566697895526886 0.25345703959465027 0.9530695676803589
-0.27818289399147034 0.2071506679058075 0.9714840650558472
-0.4012955129146576 0.17755717039108276 1.1221243143081665
-0.6689863204956055 1.440406322479248 0.0797206461429596
-0.7144386768341064 1.4060866832733154 0.09737253189086914
-0.7595126628875732 1.3676307201385498 0.11578986048698425
-0.8104474544525146 1.3321999311447144 0.13494591414928436
-0.8644827604293823 1.295832633972168 0.15501634776592255
-0.9267902374267578 1.2629613876342773 0.17628934979438782
-0.9942817687988281 1.2293800115585327 0.19891439378261566
-1.077183723449707 1.2025303840637207 0.22373424470424652
-1.1598381996154785 1.16816246509552 0.2500479817390442
-1.2446973323822021 1.1283910274505615 0.2779892683029175
-1.3709989786148071 1.107172966003418 0.3117404878139496
-1.0674357414245605 0.8373595476150513 0.29681432247161865
-0.9419739246368408 0.6939398050308228 0.29722875356674194
-0.8545092344284058 0.5838895440101624 0.2995947599411011
-0.8653554916381836 0.523677408695221 0.3145409822463989
-0.8479247093200684 0.45504793524742126 0.3246477544307709
-0.7891082763671875 0.37837454676628113 0.3267894387245178
-0.7490649223327637 0.31378692388534546 0.33080345392227173
-0.8064234256744385 0.27348655462265015 0.35245823860168457
-0.9647760391235352 0.24467241764068604 0.39523065090179443
-0.9170535802841187 0.18216031789779663 0.3970305323600769
-0.644970178604126 1.4665777683258057 0.13317705690860748
-0.6897345781326294 1.4307037591934204 0.1522752195596695
-0.7351235151290894 1.3919028043746948 0.17210185527801514
-0.7877801656723022 1.3578263521194458 0.1930207908153534
-0.8443790674209595 1.323407769203186 0.21508535742759705
-0.9073376655578613 1.2903746366500854 0.2386290729045868
-0.9693224430084229 1.250974416732788 0.26311811804771423
-1.0323797464370728 1.2074564695358276 0.28868502378463745
-1.099208950996399 1.1619585752487183 0.315662682056427
-1.1752005815505981 1.1177667379379272 0.34490272402763367
-1.2629350423812866 1.0750514268875122 0.37707996368408203
-1.0181801319122314 0.835608959197998 0.35558784008026123
-1.0247256755828857 0.7573304772377014 0.3722848892211914
-0.929349422454834 0.6349771618843079 0.3694400191307068
-0.8750975131988525 0.5423654317855835 0.372203528881073
-0.8084762096405029 0.4537177085876465 0.3708221912384033
-0.756300687789917 0.37842392921447754 0.3708576560020447
-0.7189562320709229 0.31397387385368347 0.3728932738304138
-0.7574054002761841 0.26997068524360657 0.3918083906173706
-0.9248305559158325 0.24374181032180786 0.4426872134208679
-0.8776763677597046 0.18117257952690125 0.44167619943618774
-0.6115599870681763 1.481359601020813 0.18821872770786285
-0.6567710638046265 1.4462279081344604 0.20869140326976776
-0.7024726867675781 1.4077789783477783 0.22989556193351746
-0.7573598623275757 1.3764703273773193 0.25278204679489136
-0.8163173198699951 1.3445518016815186 0.2770686447620392
-0.8794182538986206 1.3114304542541504 0.3028815984725952
-0.9466379880905151 1.2764561176300049 0.33032578229904175
-1.0170549154281616 1.2382664680480957 0.3593446612358093
-1.0853861570358276 1.192365288734436 0.3890381157398224
-1.1560664176940918 1.1427570581436157 0.42012181878089905
-1.2318074703216553 1.0910711288452148 0.4531753659248352
-0.9727437496185303 0.8360546231269836 0.4150373041629791
-0.9706709384918213 0.7527384161949158 0.4288334548473358
-0.9145467281341553 0.6474065184593201 0.42926082015037537
-0.8394275903701782 0.5435776710510254 0.42338690161705017
-0.7766710519790649 0.4550809860229492 0.4187842607498169
-0.7308467626571655 0.3807559609413147 0.41710734367370605
-0.6951026916503906 0.3157939612865448 0.41701143980026245
-0.7099071741104126 0.2666022479534149 0.43025410175323486
-0.879226803779602 0.24191662669181824 0.4883814752101898
-0.8442054986953735 0.18082115054130554 0.4878445863723755
-0.5745824575424194 1.4921207427978516 0.2441343367099762
-0.6177234649658203 1.4545294046401978 0.26571276783943176
-0.6644108295440674 1.417937994003296 0.2884286642074585
-0.717841386795044 1.3855564594268799 0.3129481077194214
-0.7776944637298584 1.3554641008377075 0.3394531011581421
-0.8423326015472412 1.324601173400879 0.3678225874900818
-0.9095652103424072 1.2900328636169434 0.39771461486816406
-0.9825568199157715 1.254394769668579 0.42987293004989624
-1.0577442646026611 1.213854432106018 0.4635944366455078
-1.137778878211975 1.1703441143035889 0.49954548478126526
-1.2186213731765747 1.120521068572998 0.5367733240127563
-1.2940773963928223 1.0608553886413574 0.57356858253479
-1.049668312072754 0.820693850517273 0.5218223333358765
-1.248404860496521 0.8300133347511292 0.5928330421447754
-0.8038709163665771 0.544970691204071 0.47510308027267456
-0.7503658533096313 0.4586091935634613 0.4690319001674652
-0.7095108032226562 0.38457101583480835 0.46565553545951843
-0.6749798059463501 0.31873849034309387 0.46330827474594116
-0.6642802953720093 0.26346659660339355 0.46800696849823
-0.7298001050949097 0.22335293889045715 0.49813729524612427
-0.8078829050064087 0.1801653802394867 0.5333265066146851
-0.5343549251556396 1.4987783432006836 0.30045247077941895
-0.5777127742767334 1.4622677564620972 0.32339391112327576
-0.6243153810501099 1.426294207572937 0.34760570526123047
-0.6784607172012329 1.3957349061965942 0.3742016851902008
-0.7368907928466797 1.3648192882537842 0.40262076258659363
-0.7994953393936157 1.3326396942138672 0.4329412579536438
-0.864403247833252 1.2966097593307495 0.46474137902259827
-0.9353300333023071 1.2600504159927368 0.49910634756088257
-0.8624297380447388 1.0939791202545166 0.49159616231918335
-0.8719104528427124 1.0076954364776611 0.5073056221008301
-0.894875168800354 0.9335755109786987 0.5269378423690796
-1.247214436531067 1.0689818859100342 0.6543573141098022
-1.3257198333740234 1.0054281949996948 0.6955472230911255
-1.2058906555175781 0.8364429473876953 0.6690007448196411
-0.7793885469436646 0.5513966083526611 0.5313043594360352
-0.7302494049072266 0.4647848606109619 0.5227829217910767
-0.695970892906189 0.39120912551879883 0.5186351537704468
-0.6766120195388794 0.32777002453804016 0.5192817449569702
-0.7126998901367188 0.2805262804031372 0.5406783223152161
-0.8085203170776367 0.2414659857749939 0.5856938362121582
-0.7661826610565186 0.17888790369033813 0.5767068266868591
-0.4907936155796051 1.5005475282669067 0.3565768003463745
-0.5336785316467285 1.4645215272903442 0.3807867765426636
-0.5794996023178101 1.4286452531814575 0.40635019540786743
-0.6317552328109741 1.3970398902893066 0.43442055583000183
-0.6882683038711548 1.365333914756775 0.46449020504951477
-0.7490147352218628 1.3326632976531982 0.49664822220802307
-0.813701868057251 1.2979705333709717 0.5308810472488403
-0.8814635276794434 1.259814739227295 0.5669519901275635
-0.8098063468933105 1.0910882949829102 0.5531250238418579
-0.8186255693435669 1.0038634538650513 0.567387044429779
-0.8276675939559937 0.9196979403495789 0.5813974142074585
-0.8446646928787231 0.8434463739395142 0.5982009172439575
-0.8514893054962158 0.7625871300697327 0.6107915639877319
-0.8505105972290039 0.6803229451179504 0.6199028491973877
-0.7544790506362915 0.5581462383270264 0.5892828702926636
-0.7242820262908936 0.4770307242870331 0.5846205353736877
-0.7418762445449829 0.4182811379432678 0.5996671915054321
-0.8677589893341064 0.390161395072937 0.66170334815979
-0.8176711797714233 0.3113306760787964 0.6474896669387817
-0.7689071893692017 0.24056118726730347 0.6329565048217773
-0.7282531261444092 0.17802798748016357 0.6212512850761414
-0.44453164935112 1.4977563619613647 0.41200771927833557
-0.487792044878006 1.464026689529419 0.43782931566238403
-0.5322496891021729 1.4275811910629272 0.4645344018936157
-0.5842856168746948 1.3974804878234863 0.49460235238075256
-0.6385761499404907 1.364585280418396 0.5261142253875732
-0.6989656686782837 1.33330500125885 0.5606632232666016
-0.7614878416061401 1.2978688478469849 0.5967212915420532
-0.8137481212615967 1.245552659034729 0.6290105581283569
-0.7706601619720459 1.1005463600158691 0.620206356048584
-0.7836484909057617 1.0152349472045898 0.6350792646408081
-0.793610692024231 0.9300351142883301 0.648358941078186
-0.8033847808837891 0.8474271893501282 0.6612945795059204
-0.7868592739105225 0.7512914538383484 0.6617555618286133
-0.748955488204956 0.6496883630752563 0.6515524387359619
-0.7963477373123169 0.5971062779426575 0.6813206672668457
-0.9395723342895508 0.5807665586471558 0.7577813863754272
-0.8787733316421509 0.47891125082969666 0.7356268167495728
-0.825416088104248 0.3896905481815338 0.7161681652069092
-0.7766203880310059 0.31054192781448364 0.6981414556503296
-0.7302764654159546 0.23981833457946777 0.6805993318557739
-0.6931164264678955 0.17750152945518494 0.6670646667480469
-0.39783039689064026 1.4939037561416626 0.4670402407646179
-0.43889084458351135 1.4582706689834595 0.493536114692688
-0.4817351996898651 1.421189308166504 0.5211759209632874
-0.5297327041625977 1.387433648109436 0.5515826344490051
-0.5846898555755615 1.3580570220947266 0.5857341885566711
-0.6463353633880615 1.330827236175537 0.6236323118209839
-0.7080641984939575 1.2964454889297485 0.6620911359786987
-0.7455074787139893 1.229479193687439 0.6887215375900269
-0.745484471321106 1.124537467956543 0.6962231397628784
-0.7602035999298096 1.0378773212432861 0.7110123634338379
-0.7712438106536865 0.9506615996360779 0.7236961126327515
-0.7882968187332153 0.8705456256866455 0.7393776178359985
-0.7302563190460205 0.7442532181739807 0.7145758867263794
-0.6687613725662231 0.6286941766738892 0.6869909763336182
-0.6802899837493896 0.5614092946052551 0.6985321044921875
-0.7496678829193115 0.5203261375427246 0.7419314384460449
-0.8313838243484497 0.47771820425987244 0.7926346063613892
-0.7831219434738159 0.38925984501838684 0.7708257436752319
-0.7343263626098633 0.3094562888145447 0.7480858564376831
-0.690313458442688 0.2388334572315216 0.7274775505065918
-0.6550825834274292 0.1766188144683838 0.711388111114502
-0.3489970266819 1.4853715896606445 0.5205608606338501
-0.3893825113773346 1.4507949352264404 0.5483322143554688
-0.4314035475254059 1.4144729375839233 0.5772444009780884
-0.4756159484386444 1.3770508766174316 0.6076270341873169
-0.5247290134429932 1.342060923576355 0.6410691738128662
-0.5803631544113159 1.3103293180465698 0.6785809993743896
-0.6374871730804443 1.2739511728286743 0.7172753810882568
-0.6975032091140747 1.2345600128173828 0.7579836845397949
-0.7623990774154663 1.1938139200210571 0.8019154071807861
-0.7510689496994019 1.0759464502334595 0.8001031875610352
-0.7624731063842773 0.9845770001411438 0.8117702007293701
-0.7730499505996704 0.8956802487373352 0.822785496711731
-0.6891657114028931 0.7469956278800964 0.7754369974136353
-0.6199296712875366 0.6244117021560669 0.7363501787185669
-0.614058256149292 0.5484064221382141 0.7361105680465698
-0.6522848606109619 0.49602967500686646 0.7633183002471924
-0.7895662784576416 0.47858455777168274 0.8530294895172119
-0.7370359897613525 0.38768723607063293 0.8232749700546265
-0.6903973817825317 0.30794522166252136 0.7968126535415649
-0.6505358219146729 0.23786640167236328 0.7742857933044434
-0.617580771446228 0.1757938265800476 0.7558556795120239
-0.3022203743457794 1.4802488088607788 0.5745530128479004
-0.3414938151836395 1.4456881284713745 0.6034009456634521
-0.38246604800224304 1.4095842838287354 0.6334977149963379
-0.42565587162971497 1.372521996498108 0.6652032136917114
-0.4708956182003021 1.3337786197662354 0.6984119415283203
-0.521004319190979 1.296998143196106 0.7350703477859497
-0.5736534595489502 1.2578448057174683 0.7735974788665771
-0.6284408569335938 1.2154724597930908 0.8137224912643433
-0.6864410638809204 1.1708307266235352 0.8561961650848389
-0.7431877851486206 1.1190869808197021 0.8979156017303467
-0.7996848821640015 1.061955213546753 0.9395654201507568
-0.7236055135726929 0.8965270519256592 0.888398289680481
-0.641089677810669 0.7452132701873779 0.8323318958282471
-0.5949820280075073 0.6344548463821411 0.8015353679656982
-0.6028105020523071 0.5637431144714355 0.8085808753967285
-0.6693518161773682 0.5224210023880005 0.857108473777771
-0.7411665916442871 0.47703227400779724 0.909497857093811
-0.692287802696228 0.38648679852485657 0.876305103302002
-0.6497864723205566 0.3072296977043152 0.8474537134170532
-0.6126315593719482 0.23724663257598877 0.8222459554672241
-0.5816856622695923 0.1751769781112671 0.8013273477554321
-0.25591138005256653 1.47559654712677 0.6283797025680542
-0.29405543208122253 1.440955638885498 0.6582691669464111
-0.3318485915660858 1.4008944034576416 0.687835693359375
-0.3721907436847687 1.3612678050994873 0.7194225788116455
-0.4157417118549347 1.3224321603775024 0.7535548210144043
-0.4621720612049103 1.2829883098602295 0.7899599075317383
-0.5102953910827637 1.2406554222106934 0.8276803493499756
-0.5610134601593018 1.196413516998291 0.8674376010894775
-0.6144998073577881 1.150022029876709 0.9093673229217529
-0.6668972969055176 1.0971078872680664 0.9503812789916992
-0.7225409746170044 1.0424394607543945 0.9939488172531128
-0.6743239164352417 0.8976869583129883 0.9545972347259521
-0.6061177253723145 0.7528827786445618 0.8994309902191162
-0.5863351821899414 0.6559435725212097 0.882973313331604
-0.6135386228561401 0.5927886962890625 0.9039697647094727
-0.7476766109466553 0.5805577039718628 1.00999116897583
-0.6948237419128418 0.4762578308582306 0.9673086404800415
-0.6499745845794678 0.3860696256160736 0.9310758113861084
-0.6108713150024414 0.3069705367088318 0.899480938911438
-0.576248049736023 0.23694154620170593 0.8715059757232666
-0.5465480089187622 0.1746712327003479 0.847490668296814
-0.20879730582237244 1.468357801437378 0.6809035539627075
-0.24465271830558777 1.4311789274215698 0.7106956243515015
-0.28231897950172424 1.3933696746826172 0.7420414686203003
-0.32056334614753723 1.3521136045455933 0.7737557888031006
-0.36082592606544495 1.310135841369629 0.8072009086608887
-0.40432223677635193 1.268893837928772 0.8434932231903076
-0.44940027594566345 1.2250611782073975 0.8810626268386841
-0.49570873379707336 1.1780248880386353 0.9195786714553833
-0.544324517250061 1.1290690898895264 0.9600305557250977
-0.5950920581817627 1.0776491165161133 1.0022610425949097
-0.6490304470062256 1.0244673490524292 1.0471861362457275
-0.7045551538467407 0.9675936698913574 1.0933489799499512
-0.5848290920257568 0.7718641757965088 0.9813210964202881
-0.6001147031784058 0.694661021232605 0.9916150569915771
-0.7469449043273926 0.6963328719139099 1.1196538209915161
-0.6943154335021973 0.5780075788497925 1.0691418647766113
-0.6475350856781006 0.47509339451789856 1.0243324041366577
-0.607143759727478 0.38550734519958496 0.9856141805648804
-0.5708152055740356 0.30643779039382935 0.9508495330810547
-0.5388721227645874 0.23646220564842224 0.9202638864517212
-0.5106583833694458 0.1740705370903015 0.8932260274887085
-0.16224327683448792 1.461560845375061 0.7331206798553467
-0.19907429814338684 1.429387092590332 0.7660911083221436
-0.234800785779953 1.3893474340438843 0.7974306344985962
-0.27173861861228943 1.3474937677383423 0.8297997713088989
-0.3094209134578705 1.3027976751327515 0.8626759052276611
-0.3477693498134613 1.2552276849746704 0.8959816694259644
-0.3888762891292572 1.208138346672058 0.9319669008255005
-0.43078115582466125 1.1579842567443848 0.9684942960739136
-0.4779503047466278 1.1105115413665771 1.0102635622024536
-0.5297524929046631 1.0633982419967651 1.0565005540847778
-0.5795108079910278 1.0086581707000732 1.1002235412597656
-0.6372021436691284 0.9565484523773193 1.1517432928085327
-0.6957143545150757 0.8992720246315002 1.2036741971969604
-0.7483770847320557 0.8323814868927002 1.249298334121704
-0.697205662727356 0.6978733539581299 1.1904609203338623
-0.6455010175704956 0.5776946544647217 1.132154107093811
-0.6015369892120361 0.47447454929351807 1.0825012922286987
-0.5646003484725952 0.38507357239723206 1.0405902862548828
-0.5320998430252075 0.3063133955001831 1.0037057399749756
-0.5023394823074341 0.2361873984336853 0.9700760841369629
-0.47500500082969666 0.17351260781288147 0.9393137693405151
-0.11554881930351257 1.4532651901245117 0.7841746807098389
-0.15056613087654114 1.4196032285690308 0.8173891305923462
-0.18676027655601501 1.383535623550415 0.8515807390213013
-0.22406873106956482 1.34483802318573 0.8866592645645142
-0.25975820422172546 1.2979868650436401 0.9191428422927856
-0.298088401556015 1.2522410154342651 0.95452880859375
-0.3384874761104584 1.205729365348816 0.9920103549957275
-0.38101276755332947 1.1580209732055664 1.0316013097763062
-0.43032267689704895 1.1149168014526367 1.078841209411621
-0.5018137693405151 1.0927093029022217 1.1517263650894165
-0.5590897798538208 1.0441498756408691 1.2067625522613525
-0.6214847564697266 0.9939914345741272 1.2670166492462158
-0.6864506006240845 0.9389642477035522 1.3294475078582764
-0.7060922384262085 0.8432570695877075 1.3396966457366943
-0.6453441381454468 0.6983124613761902 1.259892463684082
-0.5965625047683716 0.5773778557777405 1.1953129768371582
-0.5566097497940063 0.47437888383865356 1.1419905424118042
-0.5220357179641724 0.3846690058708191 1.0957835912704468
-0.4922419488430023 0.3059033751487732 1.055806279182434
-0.46476516127586365 0.23571565747261047 1.0192053318023682
-0.4388907849788666 0.1728939712047577 0.9850959777832031
-0.07331380248069763 1.457895040512085 0.8411943912506104
-0.10551711916923523 1.418246865272522 0.8725441694259644
-0.14203259348869324 1.3856135606765747 0.9099255800247192
-0.19387808442115784 1.383839726448059 0.9696304798126221
-0.2329564392566681 1.3422176837921143 1.008638858795166
-0.2698219120502472 1.291022777557373 1.0436632633209229
-0.30755648016929626 1.2376431226730347 1.079367756843567
-0.34720250964164734 1.1837366819381714 1.1172049045562744
-0.3912149965763092 1.1323224306106567 1.1604634523391724
-0.43989160656929016 1.0822447538375854 1.2093158960342407
-0.4933159053325653 1.0321558713912964 1.2636582851409912
-0.5490261316299438 0.9782667756080627 1.3200790882110596
-0.6085449457168579 0.9217327237129211 1.38051176071167
-0.6430751085281372 0.839192271232605 1.4081710577011108
-0.5732488632202148 0.6851364374160767 1.3044819831848145
-0.5441522598266602 0.5751104950904846 1.25445556640625
-0.5081996917724609 0.4726657271385193 1.1976268291473389
-0.47654709219932556 0.38313865661621094 1.1476939916610718
-0.4494372308254242 0.3045971095561981 1.1046501398086548
-0.425962895154953 0.2349766492843628 1.067138910293579
-0.40366318821907043 0.17242614924907684 1.0320382118225098
-0.04585471749305725 1.5168839693069458 0.928286075592041
-0.07594051957130432 1.4668433666229248 0.9568682909011841
-0.10967424511909485 1.424325942993164 0.9915292263031006
-0.14695963263511658 1.3864175081253052 1.0315862894058228
-0.18328550457954407 1.3403785228729248 1.0688616037368774
-0.2173779308795929 1.2849972248077393 1.1015048027038574
-0.2550518214702606 1.2334842681884766 1.1394394636154175
-0.2949318587779999 1.181761384010315 1.1801352500915527
-0.33749809861183167 1.1298842430114746 1.2242122888565063
-0.38382968306541443 1.0785287618637085 1.2731709480285645
-0.4322897493839264 1.024500846862793 1.3243184089660645
-0.48200979828834534 0.9665398001670837 1.3763096332550049
-0.455415278673172 0.8305003643035889 1.3163840770721436
-0.42162367701530457 0.7025206089019775 1.2488690614700317
-0.47487589716911316 0.6515942811965942 1.306698203086853
-0.49419257044792175 0.5742003321647644 1.3163466453552246
-0.46201106905937195 0.47200578451156616 1.2558337450027466
-0.434341698884964 0.38291582465171814 1.2035698890686035
-0.41063299775123596 0.3045666217803955 1.1584006547927856
-0.38950803875923157 0.2348211407661438 1.1181663274765015
-0.3686077892780304 0.17200803756713867 1.0795501470565796
-0.7462267875671387 1.544668436050415 0.07617111504077911
-0.7988325357437134 1.5125083923339844 0.09504106640815735
-0.8396812677383423 1.461916208267212 0.11497978866100311
-0.8810815811157227 1.4095319509506226 0.1354166865348816
-0.9286795854568481 1.3611196279525757 0.15647539496421814
-0.9754571914672852 1.3088222742080688 0.17814481258392334
-1.0300382375717163 1.2605140209197998 0.20080596208572388
-0.9834266901016235 1.1273425817489624 0.217443585395813
-0.9223442077636719 0.9934067726135254 0.23087354004383087
-0.9009734392166138 0.8973258137702942 0.24572813510894775
-0.9391440153121948 0.8432978987693787 0.2657530903816223
-1.0329220294952393 0.8183059096336365 0.2927190661430359
-1.3329718112945557 0.8875688910484314 0.348208487033844
-1.3739243745803833 0.8126336932182312 0.37319415807724
-0.6590782403945923 0.4437520205974579 0.28305962681770325
-0.5363659858703613 0.35025426745414734 0.27381300926208496
-0.4450663626194 0.27964887022972107 0.2671482563018799
-0.41949954628944397 0.23495587706565857 0.2704239785671234
-0.399515837430954 0.1949579119682312 0.2740294337272644
-0.3951238691806793 0.16021589934825897 0.28017646074295044
-0.4290059506893158 0.13094474375247955 0.29409584403038025
-0.739608883857727 1.599827527999878 0.1337451934814453
-0.7807859182357788 1.5503458976745605 0.15445098280906677
-0.8215147256851196 1.4976742267608643 0.17564120888710022
-0.8662536144256592 1.4471819400787354 0.1975155770778656
-0.9109169244766235 1.393722414970398 0.21993401646614075
-0.9587140083312988 1.340639352798462 0.24313978850841522
-1.0020276308059692 1.2805153131484985 0.266457200050354
-1.0574175119400024 1.2282686233520508 0.2915846109390259
-0.9949923753738403 1.0825343132019043 0.3022218644618988
-0.9366791248321533 0.9518245458602905 0.31112557649612427
-0.9271368980407715 0.862865149974823 0.3254470229148865
-0.9644243717193604 0.8049421906471252 0.34669384360313416
-1.0367250442504883 0.7634665966033936 0.37440526485443115
-1.3261728286743164 0.8153015375137329 0.44386380910873413
-0.6289675235748291 0.4440329074859619 0.32346922159194946
-0.5665007829666138 0.3698618710041046 0.32047039270401
-0.4443880021572113 0.2862798869609833 0.3029165267944336
-0.4183367192745209 0.24001294374465942 0.30458539724349976
-0.40438857674598694 0.1999688744544983 0.30838650465011597
-0.4206031858921051 0.1670302152633667 0.31910139322280884
-0.41149023175239563 0.13106930255889893 0.32345032691955566
-0.731124997138977 1.6572932004928589 0.19571644067764282
-0.7699422836303711 1.601467490196228 0.2177463173866272
-0.8125661611557007 1.5483429431915283 0.2405180037021637
-0.8612428903579712 1.499700903892517 0.2644367814064026
-0.9113086462020874 1.4490280151367188 0.2891497015953064
-0.9628283977508545 1.3962841033935547 0.31468427181243896
-1.0167264938354492 1.3422249555587769 0.3412034213542938
-1.0666916370391846 1.281092643737793 0.3676990270614624
-1.1310155391693115 1.2284297943115234 0.3972912132740021
-1.1006227731704712 1.1027859449386597 0.4094254672527313
-0.9970847368240356 0.9374992251396179 0.40517714619636536
-0.9716072082519531 0.8353837728500366 0.4147922396659851
-1.0062605142593384 0.771553099155426 0.436886727809906
-1.1103498935699463 0.7393200993537903 0.4755801558494568
-0.7514132261276245 0.5072824954986572 0.401695191860199
-0.5498747825622559 0.374019980430603 0.3607260584831238
-0.5224901437759399 0.3173269033432007 0.3618538975715637
-0.4698183834552765 0.25873005390167236 0.3552706241607666
-0.437060683965683 0.21095874905586243 0.3531418442726135
-0.41339775919914246 0.16912898421287537 0.35287439823150635
-0.40821370482444763 0.13279038667678833 0.3575305938720703
-0.7304961681365967 1.7323812246322632 0.2635991871356964
-0.7720813751220703 1.6760064363479614 0.28753283619880676
-0.8213094472885132 1.6272369623184204 0.31306982040405273
-0.8675005435943604 1.5708404779434204 0.3386862576007843
-0.9144704341888428 1.5123010873794556 0.3649200201034546
-0.9644941091537476 1.454037070274353 0.39222437143325806
-1.0207316875457764 1.398573875427246 0.4213586747646332
-1.0813285112380981 1.3429840803146362 0.45210203528404236
-1.1454293727874756 1.2858344316482544 0.4843656122684479
-1.21804678440094 1.2303928136825562 0.5194686055183411
-1.088053584098816 1.0319503545761108 0.5029481649398804
-0.9948282241821289 0.8778825998306274 0.4929291903972626
-0.988368034362793 0.7871500253677368 0.504690945148468
-0.805749773979187 0.6151100397109985 0.46487507224082947
-0.7087081670761108 0.5044178366661072 0.44671571254730225
-0.622600793838501 0.41145944595336914 0.42978397011756897
-0.5026677846908569 0.31961366534233093 0.40034592151641846
-0.4735690653324127 0.2661607563495636 0.3980531394481659
-0.44379785656929016 0.21717754006385803 0.3948197364807129
-0.44678881764411926 0.17789170145988464 0.4020227789878845
-0.41932591795921326 0.1362496316432953 0.3984887897968292
-0.7304035425186157 1.8158894777297974 0.338334321975708
-0.7747519016265869 1.7586355209350586 0.3645187020301819
-0.827228307723999 1.7096896171569824 0.39293456077575684
-0.878516435623169 1.6547367572784424 0.42167869210243225
-0.9223061800003052 1.586897373199463 0.449077308177948
-0.9727473258972168 1.524173378944397 0.47853192687034607
-1.0258623361587524 1.460923194885254 0.5091657638549805
-1.087999939918518 1.402629017829895 0.5428590774536133
-1.1566462516784668 1.3452149629592896 0.5791275501251221
-1.2283107042312622 1.2847846746444702 0.6170579195022583
-1.0330917835235596 1.0309252738952637 0.5708817839622498
-0.9526668787002563 0.8821543455123901 0.557892918586731
-0.9587419033050537 0.7972961068153381 0.5719972848892212
-0.7609559297561646 0.6127542853355408 0.5152918100357056
-0.6819988489151001 0.5084571242332458 0.49683722853660583
-0.6255278587341309 0.42483583092689514 0.4848710596561432
-0.5937166213989258 0.3580451011657715 0.4808185398578644
-0.6048018932342529 0.3084295392036438 0.4921848773956299
-0.4761352241039276 0.22934415936470032 0.44970154762268066
-0.42958948016166687 0.1788276731967926 0.4373247027397156
-0.40118607878685 0.13652412593364716 0.43133941292762756
-0.8833423852920532 2.1687231063842773 0.4621144235134125
-0.9422894716262817 2.110337018966675 0.4964234232902527
-0.9998488426208496 2.0446949005126953 0.5309284925460815
-1.0575851202011108 1.9747921228408813 0.5660117864608765
-1.1244150400161743 1.9121037721633911 0.6045011281967163
-1.0319347381591797 1.6596462726593018 0.5906919240951538
-1.0550134181976318 1.5544116497039795 0.613705575466156
-1.1161693334579468 1.4884529113769531 0.6499264240264893
-1.1843726634979248 1.4243682622909546 0.6892194747924805
-1.2538734674453735 1.3561065196990967 0.7296038866043091
-0.9903883934020996 1.0388805866241455 0.6434979438781738
-0.9207677841186523 0.893595814704895 0.6278951168060303
-0.9405990839004517 0.8150429129600525 0.6462894678115845
-0.7323430776596069 0.6187187433242798 0.5719040036201477
-0.6637517213821411 0.5167039632797241 0.5517488718032837
-0.6153358221054077 0.4340144693851471 0.5387645959854126
-0.5913097858428955 0.3677871823310852 0.5352513790130615
-0.629653811454773 0.32392174005508423 0.5582534074783325
-0.4758926331996918 0.23504140973091125 0.49681106209754944
-0.41844841837882996 0.1808815896511078 0.47629377245903015
-0.38497743010520935 0.13707056641578674 0.46576419472694397
-0.8301739692687988 2.1904640197753906 0.5481138229370117
-0.9261345863342285 2.1939594745635986 0.5979747772216797
-0.9798073768615723 2.1176068782806396 0.6332792043685913
-1.0384368896484375 2.0447585582733154 0.670844316482544
-1.0995985269546509 1.9708802700042725 0.7098314762115479
-1.1635178327560425 1.8958009481430054 0.7503746747970581
-1.2378908395767212 1.8276135921478271 0.7957330942153931
-1.3153772354125977 1.7562601566314697 0.8430197238922119
-1.3965723514556885 1.681928277015686 0.8925281763076782
-1.496729850769043 1.6170094013214111 0.9510635137557983
-1.5406850576400757 1.5000154972076416 0.9851340055465698
-0.9143197536468506 0.923496425151825 0.7121148109436035
-0.9302310943603516 0.8390256762504578 0.7284369468688965
-0.7255110740661621 0.6369956135749817 0.6404919624328613
-0.6466673612594604 0.5261740684509277 0.609748363494873
-0.6128298044204712 0.44705599546432495 0.5995426177978516
-0.6403295993804932 0.39611947536468506 0.6187503337860107
-0.8301422595977783 0.3910503387451172 0.7185114622116089
-0.7857666015625 0.3126507103443146 0.7027256488800049
-0.414188414812088 0.18430396914482117 0.520527720451355
-0.37061408162117004 0.1379028558731079 0.5021307468414307
-0.7711058855056763 2.2036821842193604 0.6338845491409302
-0.8542842864990234 2.18920636177063 0.683426022529602
-0.9068845510482788 2.112661838531494 0.719580888748169
-0.9670231342315674 2.043858051300049 0.7595773935317993
-1.0312761068344116 1.9756965637207031 0.8019273281097412
-1.099578619003296 1.907143235206604 0.8466665744781494
-1.183246374130249 1.8505650758743286 0.8995084762573242
-1.2435221672058105 1.7605060338974 0.9411070346832275
-1.384861946105957 1.745761752128601 1.024584174156189
-1.3024741411209106 1.515993356704712 0.9929945468902588
-1.3317328691482544 1.3969178199768066 1.0185837745666504
-1.313247799873352 1.2457727193832397 1.0186281204223633
-1.2026684284210205 1.0452685356140137 0.9685031175613403
-1.1107985973358154 0.8776223659515381 0.9269353151321411
-0.6472175121307373 0.5451245307922363 0.6804124116897583
-0.6547079086303711 0.4799916744232178 0.6894445419311523
-0.7399114370346069 0.44478821754455566 0.7416512966156006
-0.7997300624847412 0.3942084014415741 0.7801562547683716
-0.608932375907898 0.27955448627471924 0.6771047115325928
-0.5692906379699707 0.2168847918510437 0.6584757566452026
-0.3667444884777069 0.1401420533657074 0.5458582043647766
-0.7291219234466553 2.253216028213501 0.7307137250900269
-0.8171364068984985 2.248779773712158 0.78791344165802
-0.9052801132202148 2.230041742324829 0.8458672761917114
-0.966659426689148 2.155669689178467 0.8890978097915649
-1.0387519598007202 2.091737985610962 0.9387761354446411
-1.1120835542678833 2.02217435836792 0.989520788192749
-1.195131540298462 1.957578182220459 1.046324372291565
-1.3046456575393677 1.9141725301742554 1.1192721128463745
-1.2812607288360596 1.722314715385437 1.1131221055984497
-1.3430042266845703 1.6223658323287964 1.1577872037887573
-1.3666858673095703 1.4876090288162231 1.1794377565383911
-1.2547290325164795 1.2552597522735596 1.1178327798843384
-1.1420505046844482 1.0480226278305054 1.0545834302902222
-1.0544776916503906 0.8793900609016418 1.0057812929153442
-0.978547215461731 0.7351983189582825 0.9633724689483643
-0.8942321538925171 0.6028658151626587 0.9149785041809082
-0.8225687742233276 0.49092137813568115 0.8738212585449219
-0.6019210815429688 0.3459347188472748 0.737741231918335
-0.5697900056838989 0.2781580984592438 0.7201120853424072
-0.5403525829315186 0.2172042429447174 0.7039074897766113
-0.5496951341629028 0.16693444550037384 0.712313175201416
-0.7246881723403931 2.390409231185913 0.8588552474975586
-0.8503469228744507 2.4558355808258057 0.9475843906402588
-0.9121649265289307 2.3776257038116455 0.9934754371643066
-0.9800441265106201 2.304109811782837 1.0436151027679443
-1.0540167093276978 2.233363628387451 1.0980656147003174
-1.1307811737060547 2.158979892730713 1.1545909643173218
-1.2093697786331177 2.079378843307495 1.2125294208526611
-1.199863076210022 1.8886677026748657 1.2095867395401
-1.2704325914382935 1.7959461212158203 1.2620443105697632
-1.3560367822647095 1.7127522230148315 1.3250834941864014
-1.3416820764541626 1.5348256826400757 1.3184069395065308
-1.194122314453125 1.2641288042068481 1.2181477546691895
-1.0773075819015503 1.048275113105774 1.1388098001480103
-0.9936738014221191 0.8786697387695312 1.0823132991790771
-0.9207385778427124 0.7336222529411316 1.0329859256744385
-0.8521343469619751 0.6064714193344116 0.9863991737365723
-0.7957381010055542 0.49824973940849304 0.9481775760650635
-0.5589472055435181 0.34368643164634705 0.7816112041473389
-0.5545332431793213 0.2828281819820404 0.779682993888855
-0.4840088188648224 0.21227088570594788 0.7305715084075928
-0.46403518319129944 0.15931619703769684 0.7173315286636353
-0.7152942419052124 2.5359249114990234 1.0006438493728638
-0.8304170370101929 2.5787618160247803 1.092079758644104
-0.8854752779006958 2.4794795513153076 1.134812831878662
-0.9469567537307739 2.3885674476623535 1.1826972961425781
-1.0130841732025146 2.3005449771881104 1.2342814207077026
-1.0874522924423218 2.219311475753784 1.292441725730896
-1.14775550365448 2.111680746078491 1.3392548561096191
-1.2039145231246948 1.9958431720733643 1.382720947265625
-1.1335632801055908 1.7354902029037476 1.3248960971832275
-1.1301041841506958 1.5691763162612915 1.3207753896713257
-1.279788613319397 1.5531551837921143 1.4390647411346436
-1.127679705619812 1.269221305847168 1.3163611888885498
-1.0112167596817017 1.0476919412612915 1.222378134727478
-0.9274076223373413 0.8744911551475525 1.15463125705719
-0.860776424407959 0.7308002710342407 1.1007201671600342
-0.8036326169967651 0.6074031591415405 1.0544840097427368
-0.7549114227294922 0.5005998015403748 1.0150495767593384
-0.5212773084640503 0.3430866003036499 0.8288993835449219
-0.49003681540489197 0.27481046319007874 0.8036152124404907
-0.4632183015346527 0.2141798436641693 0.781893253326416
-0.44058194756507874 0.1598924845457077 0.7635327577590942
-0.6397597789764404 2.5396413803100586 1.0985420942306519
-0.702454686164856 2.4739651679992676 1.150609016418457
-0.7606346607208252 2.391213893890381 1.198071002960205
-0.820937991142273 2.30732798576355 1.2473390102386475
-0.8848179578781128 2.2243635654449463 1.2997605800628662
-0.810804009437561 1.9160192012786865 1.2231565713882446
-0.8681436777114868 1.8320975303649902 1.2698402404785156
-0.931022047996521 1.751182198524475 1.3214693069458008
-0.9845257997512817 1.6538335084915161 1.3642829656600952
-1.0232795476913452 1.5380454063415527 1.3935176134109497
-1.0459562540054321 1.4076305627822876 1.4081661701202393
-1.0603924989700317 1.274257779121399 1.4155166149139404
-0.9462927579879761 1.0480698347091675 1.3071976900100708
-0.8639014959335327 0.8718755841255188 1.2284760475158691
-0.8008403778076172 0.7278302907943726 1.1678632497787476
-0.7505142688751221 0.6061950922012329 1.1192289590835571
-0.7037444114685059 0.49886539578437805 1.074255347251892
-0.6669222116470337 0.40631958842277527 1.0385318994522095
-0.4606300890445709 0.2759164869785309 0.8536179065704346
-0.46299949288368225 0.22059005498886108 0.8535127639770508
-0.5412205457687378 0.17848709225654602 0.9200364351272583
-0.5267540216445923 2.4433038234710693 1.1539543867111206
-0.5845881700515747 2.3775362968444824 1.2046178579330444
-0.6387059688568115 2.296257495880127 1.2505908012390137
-0.6942094564437866 2.212984561920166 1.297747254371643
-0.7529503107070923 2.130986213684082 1.348099946975708
-0.8079456090927124 2.0373029708862305 1.394012212753296
-0.7346928119659424 1.7420421838760376 1.30231773853302
-0.7885864973068237 1.6586041450500488 1.3479188680648804
-0.8425369262695312 1.5714051723480225 1.3933007717132568
-0.9013838768005371 1.4863064289093018 1.4435298442840576
-0.8950563669204712 1.3304442167282104 1.4261314868927002
-0.9947202205657959 1.281467080116272 1.5181176662445068
-0.8847618103027344 1.0513521432876587 1.3959702253341675
-0.8057056665420532 0.8728622198104858 1.3072022199630737
-0.7453411817550659 0.7273948192596436 1.2387546300888062
-0.6960361003875732 0.6042530536651611 1.182532787322998
-0.6551525592803955 0.49819695949554443 1.135627031326294
-0.6157101392745972 0.40366029739379883 1.0909403562545776
-0.5807367563247681 0.32036206126213074 1.0513551235198975
-0.543777585029602 0.2452090084552765 1.0104585886001587
-0.5113317966461182 0.17896145582199097 0.9745362997055054
-0.4164107143878937 2.3374876976013184 1.197563886642456
-0.4722478687763214 2.2794077396392822 1.2500457763671875
-0.524884819984436 2.2055537700653076 1.2974357604980469
-0.576646089553833 2.124232769012451 1.3430887460708618
-0.6323559284210205 2.046361207962036 1.3932771682739258
-0.685450553894043 1.958316445350647 1.439601182937622
-0.6192711591720581 1.6694191694259644 1.3383711576461792
-0.6682485342025757 1.5868136882781982 1.3809515237808228
-0.7195148468017578 1.504064679145813 1.4259271621704102
-0.7753695249557495 1.4233461618423462 1.4759577512741089
-0.767735481262207 1.2696698904037476 1.4511507749557495
-0.9089388847351074 1.2703437805175781 1.5999661684036255
-0.8231589794158936 1.0550833940505981 1.4861226081848145
-0.7468235492706299 0.8735706210136414 1.3859095573425293
-0.6904000043869019 0.727386474609375 1.31052565574646
-0.6413860321044922 0.6021216511726379 1.2452291250228882
-0.6039310693740845 0.49633467197418213 1.1942334175109863
-0.5707392692565918 0.40321052074432373 1.1491100788116455
-0.5382372140884399 0.31978628039360046 1.1057716608047485
-0.507073163986206 0.24532079696655273 1.0648199319839478
-0.47842249274253845 0.1790601909160614 1.0274109840393066
-0.31662073731422424 2.244823932647705 1.2397117614746094
-0.36761775612831116 2.1854519844055176 1.289865255355835
-0.4166007936000824 2.113408327102661 1.3358036279678345
-0.4663020670413971 2.037811040878296 1.3820441961288452
-0.5177329778671265 1.9610873460769653 1.4301177263259888
-0.569991946220398 1.8810254335403442 1.4786523580551147
-0.5117661952972412 1.6001654863357544 1.3695141077041626
-0.5591483116149902 1.5228830575942993 1.4128212928771973
-0.6085069179534912 1.444904088973999 1.4583110809326172
-0.662114143371582 1.3686633110046387 1.5089738368988037
-0.6820907592773438 1.2492316961288452 1.5143100023269653
-0.7237541675567627 1.1565837860107422 1.5487163066864014
-0.7594529390335083 1.057517647743225 1.5752683877944946
-0.6844794750213623 0.8717701435089111 1.4609102010726929
-0.6308071613311768 0.724328875541687 1.3768903017044067
-0.5858141183853149 0.5993340611457825 1.3062493801116943
-0.5513330698013306 0.4937061667442322 1.250649333000183
-0.5227698087692261 0.4016053378582001 1.203906774520874
-0.49480125308036804 0.3189382553100586 1.159255862236023
-0.4707021415233612 0.24559161067008972 1.1204674243927002
-0.4430602490901947 0.17882978916168213 1.0785609483718872
-0.22694453597068787 2.1681041717529297 1.2834426164627075
-0.2720150649547577 2.101210832595825 1.3278125524520874
-0.3176051676273346 2.0302882194519043 1.3720675706863403
-0.36607930064201355 1.9619656801223755 1.4204847812652588
-0.41471269726753235 1.8882898092269897 1.4680747985839844
-0.46688124537467957 1.817160964012146 1.5206434726715088
-0.4147394597530365 1.5399904251098633 1.401143193244934
-0.4598431885242462 1.4661258459091187 1.444214940071106
-0.5084209442138672 1.3940317630767822 1.492038369178772
-0.5618268251419067 1.3242896795272827 1.5464450120925903
-0.5875548124313354 1.2152544260025024 1.558151125907898
-0.6271321773529053 1.1243789196014404 1.5909347534179688
-0.692319393157959 1.0571444034576416 1.6607836484909058
-0.6234586238861084 0.8709979057312012 1.5375540256500244
-0.570544958114624 0.7205570936203003 1.4414390325546265
-0.5305562019348145 0.5965374708175659 1.3668162822723389
-0.4982122480869293 0.4906247556209564 1.305382251739502
-0.47149690985679626 0.3985355794429779 1.2537533044815063
-0.448229044675827 0.31704699993133545 1.2085400819778442
-0.42705318331718445 0.24415323138237 1.1676359176635742
-0.4042949974536896 0.17806637287139893 1.1260310411453247
-0.5858813524246216 1.3282278776168823 0.08353963494300842
-0.611929178237915 1.2768206596374512 0.10020441561937332
-0.4740133583545685 1.0318571329116821 0.11867436021566391
-0.48704633116722107 0.9781325459480286 0.13279059529304504
-0.5172158479690552 0.9426697492599487 0.14712411165237427
-0.5273686647415161 0.8865687847137451 0.16106081008911133
-0.5459449291229248 0.8390018343925476 0.1751955896615982
-0.5650218725204468 0.7918058037757874 0.18937037885189056
-0.5023380517959595 0.6843523979187012 0.1969635933637619
-0.5564059019088745 0.6656934022903442 0.21338781714439392
-0.4840443432331085 0.5652196407318115 0.2172902524471283
-0.4971506893634796 0.5225280523300171 0.2291470170021057
-0.49590620398521423 0.4730391502380371 0.23906883597373962
-0.5340145826339722 0.4427475035190582 0.2541816532611847
-0.6131408214569092 0.42595285177230835 0.27604883909225464
-0.6425007581710815 0.38595297932624817 0.2911302149295807
-0.6765174865722656 0.3460657298564911 0.3072713613510132
-0.7160179615020752 0.30588218569755554 0.3247489333152771
-0.7511224746704102 0.26281413435935974 0.3417993485927582
-0.7819794416427612 0.21757104992866516 0.3583106994628906
-0.8104969263076782 0.17097827792167664 0.3745565414428711
-0.6121227741241455 1.4203288555145264 0.1329798549413681
-0.6774845123291016 1.4146071672439575 0.15198250114917755
-0.6915768384933472 1.3385871648788452 0.17031779885292053
-0.7078683376312256 1.266832947731018 0.18844367563724518
-0.7848333120346069 1.2604820728302002 0.21074619889259338
-0.8026314973831177 1.1879339218139648 0.22943612933158875
-0.8131659030914307 1.109925389289856 0.2471749484539032
-0.8343569040298462 1.0428539514541626 0.26575201749801636
-0.6224397420883179 0.7986094355583191 0.2541738748550415
-0.6525579690933228 0.7541581392288208 0.27089112997055054
-0.6691679954528809 0.6998581290245056 0.28578126430511475
-0.5393904447555542 0.5624668598175049 0.2763712406158447
-0.6214516162872314 0.5511078238487244 0.30102384090423584
-0.6418889760971069 0.5043494701385498 0.31552714109420776
-0.6513592004776001 0.4529787003993988 0.3279028534889221
-0.653535008430481 0.40002337098121643 0.3385811150074005
-0.6590205430984497 0.34968578815460205 0.3496679961681366
-0.6910701990127563 0.3071131408214569 0.36655691266059875
-0.726670503616333 0.2638760805130005 0.38454535603523254
-0.7686926126480103 0.21998748183250427 0.4044179320335388
-0.8050836324691772 0.17337068915367126 0.42326655983924866
-0.5791010856628418 1.4335981607437134 0.18618330359458923
-0.7706179618835449 1.6023945808410645 0.2178003489971161
-0.7896068096160889 1.5190290212631226 0.23830273747444153
-0.8112406730651855 1.4403860569000244 0.25882697105407715
-0.8913367986679077 1.427061915397644 0.2866096496582031
-0.9242345094680786 1.3570222854614258 0.30922311544418335
-0.9214589595794678 1.2528290748596191 0.32641807198524475
-0.9596576690673828 1.188744306564331 0.3496841788291931
-0.9877612590789795 1.1152044534683228 0.37138035893440247
-0.9588891267776489 1.0006057024002075 0.3820818364620209
-0.9898492097854614 0.9327652454376221 0.40369755029678345
-0.9879355430603027 0.8450212478637695 0.41831257939338684
-1.0022019147872925 0.7694075107574463 0.4359683692455292
-1.0494788885116577 0.7107461094856262 0.4611804783344269
-1.0812366008758545 0.6432944536209106 0.4829823970794678
-0.768294095993042 0.4520869255065918 0.4166398346424103
-0.7665119171142578 0.39161333441734314 0.4265652596950531
-0.7762246131896973 0.3363419473171234 0.43924352526664734
-0.8001261949539185 0.2850012183189392 0.4557519257068634
-0.8267049789428711 0.23370987176895142 0.4731031358242035
-0.849693775177002 0.1814257800579071 0.4894849956035614
-0.7222082614898682 1.7196096181869507 0.262564480304718
-0.8833454847335815 1.835651159286499 0.3032611608505249
-0.9099510908126831 1.7454830408096313 0.32699117064476013
-0.9432828426361084 1.6646623611450195 0.3517192006111145
-0.9793094396591187 1.5866502523422241 0.37699276208877563
-1.0732675790786743 1.5692877769470215 0.4139519929885864
-1.0611118078231812 1.4380003213882446 0.4299470782279968
-1.0985909700393677 1.3584668636322021 0.45598697662353516
-1.1326807737350464 1.2753692865371704 0.48134562373161316
-1.1867775917053223 1.2070001363754272 0.5117073059082031
-1.2387863397598267 1.134199857711792 0.5419971942901611
-1.2823107242584229 1.0536607503890991 0.5703977346420288
-1.1373814344406128 0.8686909079551697 0.5463352203369141
-1.1722383499145508 0.7930355072021484 0.5708156824111938
-1.2119309902191162 0.7188621759414673 0.5968285799026489
-1.227768898010254 0.6347876191139221 0.6156845092773438
-1.2609586715698242 0.5577487349510193 0.6397722959518433
-1.110746145248413 0.4324941039085388 0.6044923067092896
-1.1450417041778564 0.36439982056617737 0.627591609954834
-1.1563997268676758 0.29187923669815063 0.6430164575576782
-1.0571985244750977 0.2083437144756317 0.619844377040863
-0.6768926382064819 1.729334831237793 0.3279946446418762
-0.8548846244812012 1.8791638612747192 0.3812435567378998
-1.0732742547988892 2.053326368331909 0.4478989839553833
-1.12058424949646 1.96812903881073 0.47912588715553284
-1.1709544658660889 1.8847113847732544 0.5113770961761475
-1.2937674522399902 1.8790677785873413 0.5630073547363281
-1.2608424425125122 1.7000571489334106 0.5738188028335571
-1.2642333507537842 1.5672136545181274 0.5933647155761719
-1.289570689201355 1.4587210416793823 0.61867356300354
-1.3422502279281616 1.3733688592910767 0.6521453857421875
-1.370728850364685 1.2687323093414307 0.678228497505188
-1.4095005989074707 1.1719177961349487 0.7075060606002808
-1.0734614133834839 0.8623595237731934 0.6106197237968445
-1.0905696153640747 0.7784659266471863 0.6291614770889282
-1.1332712173461914 0.7074249386787415 0.6565467119216919
-1.2104934453964233 0.6479874849319458 0.6966431140899658
-1.2887464761734009 0.5834634304046631 0.7378610372543335
-1.3239679336547852 0.5021209120750427 0.7635554075241089
-1.2186497449874878 0.38999143242836 0.7352538108825684
-1.1058496236801147 0.2906152904033661 0.702112078666687
-1.0134787559509277 0.20759063959121704 0.6751976013183594
-0.6174353361129761 1.716110348701477 0.3906247019767761
-0.7980190515518188 1.8823153972625732 0.4555949866771698
-1.0527445077896118 2.1222169399261475 0.5466052293777466
-1.3289281129837036 2.3429415225982666 0.6498631238937378
-1.3566715717315674 2.2032692432403564 0.6790597438812256
-1.5743547677993774 2.2865447998046875 0.7709946632385254
-2.0251309871673584 2.585352897644043 0.9466754198074341
-2.0754528045654297 2.4229366779327393 0.9890576601028442
-2.095824718475342 2.235356092453003 1.0203851461410522
-2.0929977893829346 2.0352039337158203 1.0423450469970703
-2.0978970527648926 1.8500603437423706 1.0661662817001343
-1.9151136875152588 1.5488364696502686 1.0158729553222656
-1.0292869806289673 0.8672503232955933 0.6816191673278809
-1.0349706411361694 0.7764873504638672 0.6948291063308716
-1.0593526363372803 0.6974054574966431 0.7154092788696289
-1.1175841093063354 0.632321834564209 0.750163197517395
-1.2196178436279297 0.5784963965415955 0.8040558099746704
-1.2697628736495972 0.5019968152046204 0.8363626003265381
-1.154900312423706 0.3866044580936432 0.7961627244949341
-0.6079599857330322 0.21315348148345947 0.5610095858573914
-0.5747545957565308 0.1597135215997696 0.5517238974571228
-0.5682309865951538 1.719950795173645 0.45566534996032715
-0.7403208017349243 1.88454008102417 0.5300890207290649
-0.9821172952651978 2.121168375015259 0.6341500282287598
-1.3322633504867554 2.463534355163574 0.7848693132400513
-1.2588056325912476 2.180255174636841 0.7732753753662109
-1.8079135417938232 2.6760575771331787 1.0135297775268555
-2.0337769985198975 2.712613344192505 1.1282051801681519
-2.1311872005462646 2.58683443069458 1.1910672187805176
-2.230031728744507 2.45609188079834 1.2551497220993042
-2.3406822681427 2.3292269706726074 1.3250399827957153
-2.315250873565674 2.090970754623413 1.334302306175232
-2.09842848777771 1.7354508638381958 1.2545634508132935
-1.8245956897735596 1.3863186836242676 1.144400715827942
-1.0444245338439941 0.8096548914909363 0.7909470796585083
-1.0111805200576782 0.6989137530326843 0.7840467691421509
-1.0531554222106934 0.6272473931312561 0.812788724899292
-0.6961877346038818 0.41551434993743896 0.6461299657821655
-0.6226450204849243 0.33135053515434265 0.6156343221664429
-0.5796456336975098 0.2651267945766449 0.5994154214859009
-0.5556427240371704 0.20914754271507263 0.5921622514724731
-0.5393276214599609 0.15861846506595612 0.5884140729904175
-0.5188679695129395 1.7240550518035889 0.5211408734321594
-0.6852225065231323 1.8917213678359985 0.6061422824859619
-0.9178568124771118 2.130507707595825 0.7247014045715332
-1.2691686153411865 2.4974136352539062 0.9032913446426392
-1.7065470218658447 2.9096128940582275 1.1288268566131592
-1.8257546424865723 2.8305044174194336 1.2040070295333862
-1.923130989074707 2.7133595943450928 1.2691802978515625
-2.0157132148742676 2.5838840007781982 1.332440972328186
-2.1123995780944824 2.452643632888794 1.3982211351394653
-2.1231722831726074 2.2395970821380615 1.4197598695755005
-2.219139575958252 2.1034631729125977 1.4854713678359985
-2.3144137859344482 1.9613913297653198 1.551203727722168
-2.3212931156158447 1.7580426931381226 1.569777488708496
-1.2933157682418823 0.9804048538208008 1.0260083675384521
-1.097801923751831 0.7669916749000549 0.9272788763046265
-1.0680979490280151 0.6555798053741455 0.9179357290267944
-0.6604772806167603 0.41619205474853516 0.6973778009414673
-0.6084599494934082 0.33721789717674255 0.6726996898651123
-0.3873821794986725 0.22672298550605774 0.5516927242279053
-0.39992228150367737 0.18616822361946106 0.561909556388855
-0.4371950328350067 0.14905455708503723 0.586302638053894
-0.46413442492485046 1.7179465293884277 0.5842148065567017
-0.6295088529586792 1.8987560272216797 0.6828248500823975
-0.8556022644042969 2.144543170928955 0.8177067041397095
-1.1937742233276367 2.51579213142395 1.0192821025848389
-1.603275179862976 2.915066957473755 1.2657314538955688
-1.7116339206695557 2.824827194213867 1.3401262760162354
-1.8077454566955566 2.7085936069488525 1.4078090190887451
-1.8982369899749756 2.5786163806915283 1.472496747970581
-1.995495319366455 2.4498178958892822 1.541511058807373
-2.01350736618042 2.24131178855896 1.5629467964172363
-2.1055643558502197 2.1027560234069824 1.629050374031067
-2.1649816036224365 1.9347748756408691 1.6753979921340942
-2.243785858154297 1.7803330421447754 1.7336645126342773
-1.283669352531433 1.0138720273971558 1.1478861570358276
-1.1185461282730103 0.8069443702697754 1.0506629943847656
-1.1421281099319458 0.7123286724090576 1.070367455482483
-0.7270975112915039 0.4552326798439026 0.8136736154556274
-0.5393399000167847 0.326596200466156 0.6981245279312134
-0.34958615899086 0.22377309203147888 0.5800729990005493
-0.35999664664268494 0.18338292837142944 0.5887071490287781
-0.3955813944339752 0.14682172238826752 0.6134628653526306
-0.41561582684516907 1.7245467901229858 0.6508631706237793
-0.5734745264053345 1.9062037467956543 0.7603105306625366
-0.7094029188156128 2.0070717334747314 0.8556804656982422
-0.9260334968566895 2.213350772857666 1.0067487955093384
-1.496411681175232 2.915849447250366 1.4012699127197266
-1.605940818786621 2.8306663036346436 1.4814960956573486
-1.6987905502319336 2.711855411529541 1.5504510402679443
-1.7899677753448486 2.5838727951049805 1.6183933019638062
-1.8833210468292236 2.451993465423584 1.687974452972412
-1.9004120826721191 2.2400875091552734 1.7045239210128784
-1.9903643131256104 2.1007745265960693 1.7718182802200317
-2.041459083557129 1.9261294603347778 1.8119813203811646
-2.1564788818359375 1.7980283498764038 1.897013783454895
-1.8175506591796875 1.383327603340149 1.6625272035598755
-0.9442435503005981 0.7461817264556885 1.0495765209197998
-0.8240048885345459 0.5935364365577698 0.9665019512176514
-0.5283011198043823 0.3942699730396271 0.758621096611023
-0.45520779490470886 0.31038767099380493 0.7079390287399292
-0.31456229090690613 0.2213534116744995 0.6089481711387634
-0.32573530077934265 0.18153762817382812 0.6177637577056885
-0.35925450921058655 0.14519044756889343 0.642524003982544
-0.36341962218284607 1.7237424850463867 0.715499758720398
-0.5125867128372192 1.904535174369812 0.8350178003311157
-0.6266893148422241 1.9753082990646362 0.9258788824081421
-0.8386329412460327 2.1949563026428223 1.0953856706619263
-1.384925127029419 2.9094126224517822 1.5335298776626587
-1.4904505014419556 2.822779417037964 1.6162952184677124
-1.584477186203003 2.7084171772003174 1.6897326707839966
-1.6769917011260986 2.584101915359497 1.7618910074234009
-1.7667479515075684 2.449679136276245 1.8317829370498657
-1.785465955734253 2.2370758056640625 1.8448224067687988
-1.8732247352600098 2.0970377922058105 1.9130873680114746
-1.9113268852233887 1.9114362001419067 1.9416873455047607
-2.0249223709106445 1.7854121923446655 2.0305094718933105
-1.7137925624847412 1.3783797025680542 1.7809722423553467
-0.8622223138809204 0.7316073179244995 1.1018707752227783
-0.4882151782512665 0.45607835054397583 0.8036825656890869
-0.4748721420764923 0.3871537744998932 0.7925525903701782
-0.41199788451194763 0.3065888583660126 0.7421392202377319
-0.28361716866493225 0.2198719084262848 0.6398493051528931
-0.29384252429008484 0.18007132411003113 0.6476079225540161
-0.3257853090763092 0.14388221502304077 0.6725782155990601
-0.31048205494880676 1.7211250066757202 0.7794444561004639
-0.44692978262901306 1.8919275999069214 0.9050686359405518
-0.5708733797073364 1.9953409433364868 1.017151117324829
-0.9798773527145386 2.6107428073883057 1.3977683782577515
-1.2680822610855103 2.8930585384368896 1.6600342988967896
-1.3712830543518066 2.8083105087280273 1.746656894683838
-1.4663337469100952 2.6992709636688232 1.8252232074737549
-1.5627444982528687 2.582942247390747 1.904688835144043
-1.6513304710388184 2.4487321376800537 1.9766333103179932
-1.6669061183929443 2.2300865650177 1.9816317558288574
-1.749373435974121 2.086658477783203 2.047881603240967
-1.7874796390533447 1.9008688926696777 2.073806047439575
-1.904886245727539 1.780561089515686 2.171415090560913
-1.602451205253601 1.3680405616760254 1.891638994216919
-0.8068894147872925 0.731365442276001 1.1732741594314575
-0.4404509961605072 0.4506770968437195 0.8428857326507568
-0.35040053725242615 0.3494296669960022 0.7604286670684814
-0.36654385924339294 0.30174097418785095 0.7726279497146606
-0.25239744782447815 0.2182360589504242 0.6698654890060425
-0.2632093131542206 0.17879489064216614 0.6777416467666626
-0.29287979006767273 0.14259931445121765 0.7021816968917847
-0.2613388001918793 1.7284563779830933 0.8475279808044434
-0.39218488335609436 1.9043315649032593 0.9857567548751831
-0.5729097127914429 2.148521661758423 1.1767709255218506
-0.887048602104187 2.6080424785614014 1.5113444328308105
-1.1531530618667603 2.878272294998169 1.7861047983169556
-1.2565710544586182 2.7997472286224365 1.8795416355133057
-1.3492861986160278 2.690908670425415 1.960513949394226
-1.3980225324630737 2.5112907886505127 1.9941776990890503
-1.4992045164108276 2.401534080505371 2.083200216293335
-1.6046937704086304 2.2866575717926025 2.1759798526763916
-1.6575124263763428 2.1079792976379395 2.21362566947937
-1.7331669330596924 1.9525805711746216 2.2748568058013916
-1.7850089073181152 1.7755603790283203 2.3116867542266846
-1.48878014087677 1.3551928997039795 1.9971305131912231
-1.2658460140228271 1.046619176864624 1.7609695196151733
-0.6285147666931152 0.5687676072120667 1.1152204275131226
-0.32355061173439026 0.3514786958694458 0.8070546388626099
-0.3042953312397003 0.29041042923927307 0.7841546535491943
-0.2215847671031952 0.21662217378616333 0.6994956731796265
-0.2338205873966217 0.17772740125656128 0.7083981037139893
-0.2621251046657562 0.1415816843509674 0.732905387878418
-0.21117737889289856 1.7343143224716187 0.9155699014663696
-0.3360894024372101 1.9154777526855469 1.0669149160385132
-0.5136079788208008 2.1781387329101562 1.282565951347351
-0.7894895076751709 2.5947365760803223 1.618625283241272
-1.0373727083206177 2.8598506450653076 1.9086651802062988
-1.1388683319091797 2.784796953201294 2.0073914527893066
-1.229583501815796 2.6772971153259277 2.091221809387207
-1.2743533849716187 2.4916224479675293 2.1181256771087646
-1.3835523128509521 2.397618532180786 2.2228989601135254
-1.4897810220718384 2.2868289947509766 2.3227121829986572
-1.5280778408050537 2.0915050506591797 2.3417446613311768
-1.5988119840621948 1.9335731267929077 2.3990254402160645
-1.6643972396850586 1.7696253061294556 2.450226068496704
-1.3803573846817017 1.3450661897659302 2.1047046184539795
-1.172408938407898 1.0384207963943481 1.8522003889083862
-0.7218798398971558 0.6465563774108887 1.3348678350448608
-0.31502339243888855 0.36228930950164795 0.8752778768539429
-0.258637934923172 0.28439298272132874 0.8073840141296387
-0.1948051154613495 0.21612676978111267 0.7326956987380981
-0.20618370175361633 0.17701005935668945 0.7404142618179321
-0.23177501559257507 0.14058777689933777 0.763398289680481
-0.1623227298259735 1.7457771301269531 0.9869838953018188
-0.27911999821662903 1.926406741142273 1.14895761013031
-0.444991797208786 2.188664197921753 1.3798404932022095
-0.6993087530136108 2.597158670425415 1.7347853183746338
-0.9237736463546753 2.8434858322143555 2.031071662902832
-1.022261381149292 2.769989013671875 2.1340551376342773
-1.1113157272338867 2.6645138263702393 2.2213690280914307
-1.2024993896484375 2.552345037460327 2.310150146484375
-1.3085441589355469 2.4519309997558594 2.4178695678710938
-1.4044724702835083 2.3254754543304443 2.5100131034851074
-1.3950358629226685 2.069061279296875 2.4609458446502686
-1.401196837425232 1.847941279411316 2.435171365737915
-1.4672181606292725 1.694354772567749 2.488684892654419
-1.278376817703247 1.3390614986419678 2.217390537261963
-1.0847405195236206 1.033420205116272 1.9479379653930664
-0.906509518623352 0.785796582698822 1.7049367427825928
-0.40139201283454895 0.4205651581287384 1.0663319826126099
-0.23233649134635925 0.2855730354785919 0.8507024049758911
-0.16968920826911926 0.2161588966846466 0.7679111957550049
-0.18029454350471497 0.17668867111206055 0.7743053436279297
-0.20428064465522766 0.14001822471618652 0.796593427658081
-0.1149601936340332 1.7653954029083252 1.0638169050216675
-0.22299841046333313 1.9426251649856567 1.2350802421569824
-0.3793129026889801 2.2101197242736816 1.4849998950958252
-0.6138519048690796 2.6127748489379883 1.8602370023727417
-0.8125878572463989 2.830272674560547 2.154411554336548
-0.9071635007858276 2.7562358379364014 2.260270118713379
-0.9955692291259766 2.654841423034668 2.353034257888794
-1.0871336460113525 2.54779314994812 2.4487223625183105
-1.178991436958313 2.430344343185425 2.542783498764038
-1.2713383436203003 2.3039135932922363 2.6357386112213135
-1.1923385858535767 1.9582722187042236 2.4689691066741943
-1.2010655403137207 1.7486047744750977 2.4397389888763428
-1.2896558046340942 1.6286104917526245 2.5291614532470703
-1.1707522869110107 1.3278391361236572 2.3203487396240234
-1.0010126829147339 1.0308586359024048 2.0477123260498047
-0.6298288106918335 0.6575177907943726 1.5045982599258423
-0.37319156527519226 0.4263242185115814 1.13426673412323
-0.31144747138023376 0.33125215768814087 1.0375841856002808
-0.14524444937705994 0.21646827459335327 0.8044686317443848
-0.15417274832725525 0.17632725834846497 0.8080881834030151
-0.17435070872306824 0.1390306055545807 0.8265396356582642
