session_id,record_index,frame_timestamp_ns,capture_timestamp_ns,tracking_state,image_file_name,image_path,image_exists,fx,fy,cx,cy,width,height,tx,ty,tz,qx,qy,qz,qw,blur_score,qc_tracking_ok,qc_image_ok,qc_intrinsics_ok,qc_blur_ok,qc_pose_ok,qc_pass,skip_reason,frame_gap_from_prev_selected,prod_adopted,prod_skip_reason
session-20260402-051025,1,1329419636842006,1329419617184006,TRACKING,frame_1329419636842006.jpg,/content/trajectreview_input/session-20260402-051025/trajectreview/images/frame_1329419636842006.jpg,True,456.27792,455.49878,317.64102,245.34378,640,480,-3.7374208e-05,0.03086954,-0.015460446,-0.17796071,-0.16980596,-0.6675018,0.7028067,418.0439453125,True,True,True,True,True,True,,,True,
session-20260402-051025,4,1329419737799816,1329419717276142,TRACKING,frame_1329419737799816.jpg,/content/trajectreview_input/session-20260402-051025/trajectreview/images/frame_1329419737799816.jpg,True,456.27792,455.49878,317.64102,245.34378,640,480,-0.00035114458,0.026413301,-0.021294551,-0.17937864,-0.17027994,-0.668946,0.700956,411.2445068359375,True,True,True,True,True,True,,3.0,True,
session-20260402-051025,7,1329419837742977,1329419817368277,TRACKING,frame_1329419837742977.jpg,/content/trajectreview_input/session-20260402-051025/trajectreview/images/frame_1329419837742977.jpg,True,456.27792,455.49878,317.64102,245.34378,640,480,0.0039140414,0.028458502,-0.025748022,-0.17998706,-0.16920675,-0.6698151,0.7002296,371.9774169921875,True,True,True,True,True,True,,3.0,True,
session-20260402-051025,10,1329419938166519,1329419917460412,TRACKING,frame_1329419938166519.jpg,/content/trajectreview_input/session-20260402-051025/trajectreview/images/frame_1329419938166519.jpg,True,456.27792,455.49878,317.64102,245.34378,640,480,0.010622909,0.029587971,-0.031239258,-0.17786679,-0.16982943,-0.6715833,0.6989258,328.91888427734375,True,True,True,True,True,True,,3.0,True,
session-20260402-051025,13,1329420037810480,1329420017552548,TRACKING,frame_1329420037810480.jpg,/content/trajectreview_input/session-20260402-051025/trajectreview/images/frame_1329420037810480.jpg,True,456.27792,455.49878,317.64102,245.34378,640,480,0.022248507,0.030920673,-0.03711807,-0.17457591,-0.17134318,-0.67404544,0.69701326,289.58270263671875,True,True,True,True,True,True,,3.0,True,
session-20260402-051025,16,1329420137585878,1329420117644631,TRACKING,frame_1329420137585878.jpg,/content/trajectreview_input/session-20260402-051025/trajectreview/images/frame_1329420137585878.jpg,True,456.27792,455.49878,317.64102,245.34378,640,480,0.03858683,0.031772204,-0.047429986,-0.17453903,-0.17237353,-0.677054,0.6938453,297.2425537109375,True,True,True,True,True,True,,3.0,True,
session-20260402-051025,19,1329420238100184,1329420217736767,TRACKING,frame_1329420238100184.jpg,/content/trajectreview_input/session-20260402-051025/trajectreview/images/frame_1329420238100184.jpg,True,456.27792,455.49878,317.64102,245.34378,640,480,0.055703897,0.031236932,-0.058016583,-0.1755283,-0.17545538,-0.6793349,0.6905862,306.25140380859375,True,True,True,True,True,True,,3.0,True,
session-20260402-051025,22,1329420338045758,1329420317828902,TRACKING,frame_1329420338045758.jpg,/content/trajectreview_input/session-20260402-051025/trajectreview/images/frame_1329420338045758.jpg,True,456.27792,455.49878,317.64102,245.34378,640,480,0.076541916,0.030952906,-0.06910513,-0.17631991,-0.1755224,-0.6814596,0.6882703,324.59661865234375,True,True,True,True,True,True,,3.0,True,
session-20260402-051025,25,1329420438247753,1329420417921037,TRACKING,frame_1329420438247753.jpg,/content/trajectreview_input/session-20260402-051025/trajectreview/images/frame_1329420438247753.jpg,True,456.27792,455.49878,317.64102,245.34378,640,480,0.101324424,0.031928293,-0.08017003,-0.17674336,-0.17269832,-0.68282175,0.6875256,302.9034423828125,True,True,True,True,True,True,,3.0,True,
session-20260402-051025,28,1329420537984607,1329420518013173,TRACKING,frame_1329420537984607.jpg,/content/trajectreview_input/session-20260402-051025/trajectreview/images/frame_1329420537984607.jpg,True,456.27792,455.49878,317.64102,245.34378,640,480,0.12956867,0.034031644,-0.09283304,-0.17622788,-0.17244653,-0.6824238,0.6881161,262.49212646484375,True,True,True,True,True,True,,3.0,True,
session-20260402-051025,31,1329420638063119,1329420618105308,TRACKING,frame_1329420638063119.jpg,/content/trajectreview_input/session-20260402-051025/trajectreview/images/frame_1329420638063119.jpg,True,456.27792,455.49878,317.64102,245.34378,640,480,0.1569149,0.03681506,-0.10357238,-0.1752473,-0.16896822,-0.6816531,0.6899908,259.57666015625,True,True,True,True,True,True,,3.0,True,
session-20260402-051025,34,1329420738353782,1329420718197444,TRACKING,frame_1329420738353782.jpg,/content/trajectreview_input/session-20260402-051025/trajectreview/images/frame_1329420738353782.jpg,True,456.27792,455.49878,317.64102,245.34378,640,480,0.18448614,0.038141586,-0.11413337,-0.17676182,-0.1655104,-0.6795822,0.6924807,252.08750915527344,True,True,True,True,True,True,,3.0,True,
session-20260402-051025,37,1329420838604340,1329420818289579,TRACKING,frame_1329420838604340.jpg,/content/trajectreview_input/session-20260402-051025/trajectreview/images/frame_1329420838604340.jpg,True,456.27792,455.49878,317.64102,245.34378,640,480,0.20674819,0.040110204,-0.11938518,-0.17786086,-0.16076335,-0.678605,0.6942736,273.0889892578125,True,True,True,True,True,True,,3.0,True,
session-20260402-051025,40,1329420938663912,1329420918381714,TRACKING,frame_1329420938663912.jpg,/content/trajectreview_input/session-20260402-051025/trajectreview/images/frame_1329420938663912.jpg,True,456.27792,455.49878,317.64102,245.34378,640,480,0.23152398,0.04059559,-0.12517917,-0.17966057,-0.161437,-0.6777665,0.6944731,159.86561584472656,True,True,True,True,True,True,,3.0,True,
session-20260402-051025,43,1329421038934267,1329421018473850,TRACKING,frame_1329421038934267.jpg,/content/trajectreview_input/session-20260402-051025/trajectreview/images/frame_1329421038934267.jpg,True,456.27792,455.49878,317.64102,245.34378,640,480,0.26002556,0.04212804,-0.1335646,-0.18549041,-0.16130576,-0.6782999,0.6924471,304.5729064941406,True,True,True,True,True,True,,3.0,True,
session-20260402-051025,46,1329421139000006,1329421118565985,TRACKING,frame_1329421139000006.jpg,/content/trajectreview_input/session-20260402-051025/trajectreview/images/frame_1329421139000006.jpg,True,456.27792,455.49878,317.64102,245.34378,640,480,0.2870525,0.043214,-0.14080687,-0.19118819,-0.1543451,-0.6793795,0.69142467,189.2132568359375,True,True,True,True,True,True,,3.0,True,
session-20260402-051025,49,1329421238939757,1329421218658121,TRACKING,frame_1329421238939757.jpg,/content/trajectreview_input/session-20260402-051025/trajectreview/images/frame_1329421238939757.jpg,True,456.27792,455.49878,317.64102,245.34378,640,480,0.3131014,0.04447695,-0.14638181,-0.18719904,-0.16146839,-0.67862886,0.6916266,191.47557067871094,True,True,True,True,True,True,,3.0,True,
session-20260402-051025,52,1329421339111118,1329421318750256,TRACKING,frame_1329421339111118.jpg,/content/trajectreview_input/session-20260402-051025/trajectreview/images/frame_1329421339111118.jpg,True,456.27792,455.49878,317.64102,245.34378,640,480,0.3362443,0.044496313,-0.15442428,-0.19296698,-0.17129916,-0.6778401,0.68844247,85.15679168701172,True,True,True,True,True,True,,3.0,True,
session-20260402-051025,55,1329421438874522,1329421418842392,TRACKING,frame_1329421438874522.jpg,/content/trajectreview_input/session-20260402-051025/trajectreview/images/frame_1329421438874522.jpg,True,456.27792,455.49878,317.64102,245.34378,640,480,0.36285838,0.044928055,-0.1655316,-0.21235086,-0.1607909,-0.6754167,0.6876523,144.6531219482422,True,True,True,True,True,True,,3.0,True,
session-20260402-051025,58,1329421538898970,1329421518934475,TRACKING,frame_1329421538898970.jpg,/content/trajectreview_input/session-20260402-051025/trajectreview/images/frame_1329421538898970.jpg,True,456.27792,455.49878,317.64102,245.34378,640,480,0.38824394,0.04826532,-0.17323291,-0.22236264,-0.13968207,-0.6771459,0.6873989,92.65286254882812,True,True,True,True,True,True,,3.0,True,
session-20260402-051025,61,1329421638859888,1329421619026610,TRACKING,frame_1329421638859888.jpg,/content/trajectreview_input/session-20260402-051025/trajectreview/images/frame_1329421638859888.jpg,True,456.27792,455.49878,317.64102,245.34378,640,480,0.41963372,0.05003781,-0.18187535,-0.22357237,-0.12771295,-0.6845255,0.6820041,149.27684020996094,True,True,True,True,True,True,,3.0,True,
session-20260402-051025,64,1329421739025751,1329421719118746,TRACKING,frame_1329421739025751.jpg,/content/trajectreview_input/session-20260402-051025/trajectreview/images/frame_1329421739025751.jpg,True,456.27792,455.49878,317.64102,245.34378,640,480,0.44825235,0.05017941,-0.19224769,-0.22057821,-0.1246295,-0.69127166,0.6767246,212.86337280273438,True,True,True,True,True,True,,3.0,True,
session-20260402-051025,67,1329421839126279,1329421819210881,TRACKING,frame_1329421839126279.jpg,/content/trajectreview_input/session-20260402-051025/trajectreview/images/frame_1329421839126279.jpg,True,456.27792,455.49878,317.64102,245.34378,640,480,0.47618788,0.04936569,-0.20408456,-0.2169846,-0.13016632,-0.69662577,0.6713322,104.42857360839844,True,True,True,True,True,True,,3.0,True,
session-20260402-051025,70,1329421939161834,1329421919303017,TRACKING,frame_1329421939161834.jpg,/content/trajectreview_input/session-20260402-051025/trajectreview/images/frame_1329421939161834.jpg,True,456.27792,455.49878,317.64102,245.34378,640,480,0.50327176,0.04858794,-0.21706101,-0.2137072,-0.13548301,-0.6993054,0.66853994,126.50799560546875,True,True,True,True,True,True,,3.0,True,
session-20260402-051025,73,1329422039256858,1329422019395152,TRACKING,frame_1329422039256858.jpg,/content/trajectreview_input/session-20260402-051025/trajectreview/images/frame_1329422039256858.jpg,True,456.27792,455.49878,317.64102,245.34378,640,480,0.5275374,0.046357673,-0.23309588,-0.217422,-0.14375374,-0.70115685,0.6636577,190.20147705078125,True,True,True,True,True,True,,3.0,True,
session-20260402-051025,76,1329422139332062,1329422119487287,TRACKING,frame_1329422139332062.jpg,/content/trajectreview_input/session-20260402-051025/trajectreview/images/frame_1329422139332062.jpg,True,456.27792,455.49878,317.64102,245.34378,640,480,0.5530919,0.043951776,-0.24575979,-0.2133834,-0.14638545,-0.70366985,0.66173077,144.50074768066406,True,True,True,True,True,True,,3.0,True,
session-20260402-051025,79,1329422239414808,1329422219579423,TRACKING,frame_1329422239414808.jpg,/content/trajectreview_input/session-20260402-051025/trajectreview/images/frame_1329422239414808.jpg,True,456.27792,455.49878,317.64102,245.34378,640,480,0.58014613,0.041917615,-0.25565967,-0.20585456,-0.14657885,-0.70520914,0.662434,121.62084197998047,True,True,True,True,True,True,,3.0,True,
session-20260402-051025,82,1329422339503149,1329422319671558,TRACKING,frame_1329422339503149.jpg,/content/trajectreview_input/session-20260402-051025/trajectreview/images/frame_1329422339503149.jpg,True,456.27792,455.49878,317.64102,245.34378,640,480,0.6043192,0.038527895,-0.26676157,-0.20621562,-0.14367244,-0.7046902,0.6635097,270.1183166503906,True,True,True,True,True,True,,3.0,True,
session-20260402-051025,85,1329422439684710,1329422419763694,TRACKING,frame_1329422439684710.jpg,/content/trajectreview_input/session-20260402-051025/trajectreview/images/frame_1329422439684710.jpg,True,456.27792,455.49878,317.64102,245.34378,640,480,0.63199735,0.036872894,-0.27846166,-0.2063059,-0.13400272,-0.70220655,0.668122,157.05325317382812,True,True,True,True,True,True,,3.0,True,
session-20260402-051025,88,1329422539760856,1329422519855829,TRACKING,frame_1329422539760856.jpg,/content/trajectreview_input/session-20260402-051025/trajectreview/images/frame_1329422539760856.jpg,True,456.27792,455.49878,317.64102,245.34378,640,480,0.6643353,0.038251713,-0.29136842,-0.2020912,-0.12909184,-0.69576395,0.6770577,151.487060546875,True,True,True,True,True,True,,3.0,True,
session-20260402-051025,91,1329422639859426,1329422619947964,TRACKING,frame_1329422639859426.jpg,/content/trajectreview_input/session-20260402-051025/trajectreview/images/frame_1329422639859426.jpg,True,456.27792,455.49878,317.64102,245.34378,640,480,0.69948936,0.040011138,-0.30811667,-0.2018816,-0.13386506,-0.6885756,0.6835112,225.0613555908203,True,True,True,True,True,True,,3.0,True,
session-20260402-051025,94,1329422739883539,1329422720040100,TRACKING,frame_1329422739883539.jpg,/content/trajectreview_input/session-20260402-051025/trajectreview/images/frame_1329422739883539.jpg,True,456.27792,455.49878,317.64102,245.34378,640,480,0.73224145,0.040302284,-0.325587,-0.20322739,-0.14120822,-0.68573916,0.6844856,111.33219909667969,True,True,True,True,True,True,,3.0,True,
session-20260402-051025,97,1329422839992691,1329422820132235,TRACKING,frame_1329422839992691.jpg,/content/trajectreview_input/session-20260402-051025/trajectreview/images/frame_1329422839992691.jpg,True,456.27792,455.49878,317.64102,245.34378,640,480,0.77076447,0.038562268,-0.34126285,-0.20293814,-0.14406879,-0.68529785,0.6844174,94.05206298828125,True,True,True,True,True,True,,3.0,True,
session-20260402-051025,100,1329422940102952,1329422920224371,TRACKING,frame_1329422940102952.jpg,/content/trajectreview_input/session-20260402-051025/trajectreview/images/frame_1329422940102952.jpg,True,456.27792,455.49878,317.64102,245.34378,640,480,0.81011206,0.038846225,-0.35713732,-0.20673037,-0.14203188,-0.68664205,0.6823578,244.7244873046875,True,True,True,True,True,True,,3.0,True,
session-20260402-051025,103,1329423040146744,1329423020316454,TRACKING,frame_1329423040146744.jpg,/content/trajectreview_input/session-20260402-051025/trajectreview/images/frame_1329423040146744.jpg,True,456.27792,455.49878,317.64102,245.34378,640,480,0.8471408,0.038303785,-0.37697363,-0.22049,-0.13114314,-0.68288696,0.6839963,115.85430145263672,True,True,True,True,True,True,,3.0,True,
session-20260402-051025,106,1329423140228135,1329423120408589,TRACKING,frame_1329423140228135.jpg,/content/trajectreview_input/session-20260402-051025/trajectreview/images/frame_1329423140228135.jpg,True,456.27792,455.49878,317.64102,245.34378,640,480,0.88402426,0.040419087,-0.39458779,-0.23449008,-0.113891505,-0.67694986,0.68831813,154.01820373535156,True,True,True,True,True,True,,3.0,True,
session-20260402-051025,109,1329423240332454,1329423220500725,TRACKING,frame_1329423240332454.jpg,/content/trajectreview_input/session-20260402-051025/trajectreview/images/frame_1329423240332454.jpg,True,456.27792,455.49878,317.64102,245.34378,640,480,0.925534,0.04365307,-0.4143169,-0.24664553,-0.10497792,-0.6686879,0.693543,174.14395141601562,True,True,True,True,True,True,,3.0,True,
session-20260402-051025,112,1329423340400631,1329423320592860,TRACKING,frame_1329423340400631.jpg,/content/trajectreview_input/session-20260402-051025/trajectreview/images/frame_1329423340400631.jpg,True,456.27792,455.49878,317.64102,245.34378,640,480,0.9680587,0.048329875,-0.43513733,-0.26202938,-0.09504568,-0.65702564,0.7004457,171.7674560546875,True,True,True,True,True,True,,3.0,True,
session-20260402-051025,115,1329423440457137,1329423420684996,TRACKING,frame_1329423440457137.jpg,/content/trajectreview_input/session-20260402-051025/trajectreview/images/frame_1329423440457137.jpg,True,456.27792,455.49878,317.64102,245.34378,640,480,1.009408,0.055023834,-0.4549972,-0.27643037,-0.0790761,-0.6431426,0.70971894,96.52474975585938,True,True,True,True,True,True,,3.0,True,
session-20260402-051025,118,1329423540574643,1329423520777131,TRACKING,frame_1329423540574643.jpg,/content/trajectreview_input/session-20260402-051025/trajectreview/images/frame_1329423540574643.jpg,True,456.27792,455.49878,317.64102,245.34378,640,480,1.0476174,0.0584145,-0.4761385,-0.29284954,-0.058339953,-0.628311,0.71837366,106.86968994140625,True,True,True,True,True,True,,3.0,True,
session-20260402-051025,121,1329423640621182,1329423620869267,TRACKING,frame_1329423640621182.jpg,/content/trajectreview_input/session-20260402-051025/trajectreview/images/frame_1329423640621182.jpg,True,456.27792,455.49878,317.64102,245.34378,640,480,1.0872211,0.056470826,-0.5049517,-0.3118177,-0.04048341,-0.61788696,0.72065705,166.90719604492188,True,True,True,True,True,True,,3.0,True,
session-20260402-051025,124,1329423740710282,1329423720961402,TRACKING,frame_1329423740710282.jpg,/content/trajectreview_input/session-20260402-051025/trajectreview/images/frame_1329423740710282.jpg,True,456.27792,455.49878,317.64102,245.34378,640,480,1.1210877,0.048051883,-0.5358775,-0.3284063,-0.030378269,-0.6190896,0.7127093,189.64791870117188,True,True,True,True,True,True,,3.0,True,
session-20260402-051025,127,1329423840626184,1329423821053537,TRACKING,frame_1329423840626184.jpg,/content/trajectreview_input/session-20260402-051025/trajectreview/images/frame_1329423840626184.jpg,True,456.27792,455.49878,317.64102,245.34378,640,480,1.1537569,0.042753167,-0.56832623,-0.3373283,-0.020710116,-0.62123775,0.7069967,319.04193115234375,True,True,True,True,True,True,,3.0,True,
session-20260402-051025,130,1329423940693460,1329423921145673,TRACKING,frame_1329423940693460.jpg,/content/trajectreview_input/session-20260402-051025/trajectreview/images/frame_1329423940693460.jpg,True,456.27792,455.49878,317.64102,245.34378,640,480,1.1783082,0.03862644,-0.6024196,-0.3466343,-0.0084684575,-0.6183195,0.7053041,252.2241973876953,True,True,True,True,True,True,,3.0,True,
session-20260402-051025,133,1329424040775546,1329424021237808,TRACKING,frame_1329424040775546.jpg,/content/trajectreview_input/session-20260402-051025/trajectreview/images/frame_1329424040775546.jpg,True,456.27792,455.49878,317.64102,245.34378,640,480,1.2050285,0.03391777,-0.6430201,-0.35745552,-0.00054309086,-0.61603993,0.7019401,219.62423706054688,True,True,True,True,True,True,,3.0,True,
session-20260402-051025,136,1329424140913396,1329424121329944,TRACKING,frame_1329424140913396.jpg,/content/trajectreview_input/session-20260402-051025/trajectreview/images/frame_1329424140913396.jpg,True,456.27792,455.49878,317.64102,245.34378,640,480,1.22763,0.03159605,-0.6836226,-0.3648386,0.016345503,-0.6107978,0.70253223,199.70489501953125,True,True,True,True,True,True,,3.0,True,
session-20260402-051025,139,1329424240974736,1329424221422079,TRACKING,frame_1329424240974736.jpg,/content/trajectreview_input/session-20260402-051025/trajectreview/images/frame_1329424240974736.jpg,True,456.27792,455.49878,317.64102,245.34378,640,480,1.2422659,0.036077194,-0.72210336,-0.37342343,0.03380293,-0.6009714,0.7058652,223.7891387939453,True,True,True,True,True,True,,3.0,True,
session-20260402-051025,142,1329424341062675,1329424321514214,TRACKING,frame_1329424341062675.jpg,/content/trajectreview_input/session-20260402-051025/trajectreview/images/frame_1329424341062675.jpg,True,456.27792,455.49878,317.64102,245.34378,640,480,1.2556479,0.038715433,-0.7542844,-0.37675384,0.050385147,-0.596673,0.70675254,225.43385314941406,True,True,True,True,True,True,,3.0,True,
session-20260402-051025,145,1329424441148160,1329424421606350,TRACKING,frame_1329424441148160.jpg,/content/trajectreview_input/session-20260402-051025/trajectreview/images/frame_1329424441148160.jpg,True,456.27792,455.49878,317.64102,245.34378,640,480,1.2703825,0.03662292,-0.7869954,-0.37805864,0.05198894,-0.5954332,0.70698524,249.53948974609375,True,True,True,True,True,True,,3.0,True,
session-20260402-051025,148,1329424541381887,1329424521698485,TRACKING,frame_1329424541381887.jpg,/content/trajectreview_input/session-20260402-051025/trajectreview/images/frame_1329424541381887.jpg,True,456.27792,455.49878,317.64102,245.34378,640,480,1.2864925,0.03215983,-0.8159702,-0.38008332,0.052372996,-0.59786713,0.7038101,287.8990783691406,True,True,True,True,True,True,,3.0,True,
session-20260402-051025,151,1329424641453206,1329424621790569,TRACKING,frame_1329424641453206.jpg,/content/trajectreview_input/session-20260402-051025/trajectreview/images/frame_1329424641453206.jpg,True,456.27792,455.49878,317.64102,245.34378,640,480,1.3015096,0.027675407,-0.8419935,-0.38509604,0.056477483,-0.59780663,0.7008127,242.69613647460938,True,True,True,True,True,True,,3.0,True,
session-20260402-051025,154,1329424741521217,1329424721882704,TRACKING,frame_1329424741521217.jpg,/content/trajectreview_input/session-20260402-051025/trajectreview/images/frame_1329424741521217.jpg,True,456.27792,455.49878,317.64102,245.34378,640,480,1.3162358,0.02722283,-0.8673499,-0.39290783,0.060248196,-0.5926128,0.70057386,231.13339233398438,True,True,True,True,True,True,,3.0,True,
session-20260402-051025,157,1329424841610778,1329424821974839,TRACKING,frame_1329424841610778.jpg,/content/trajectreview_input/session-20260402-051025/trajectreview/images/frame_1329424841610778.jpg,True,456.27792,455.49878,317.64102,245.34378,640,480,1.3358155,0.027517147,-0.89345217,-0.39885637,0.060646225,-0.5867727,0.7020921,196.5308837890625,True,True,True,True,True,True,,3.0,True,
session-20260402-051025,160,1329424941665365,1329424922066975,TRACKING,frame_1329424941665365.jpg,/content/trajectreview_input/session-20260402-051025/trajectreview/images/frame_1329424941665365.jpg,True,456.27792,455.49878,317.64102,245.34378,640,480,1.3652165,0.02901083,-0.9274123,-0.4046657,0.07449899,-0.57734215,0.70524573,233.7755126953125,True,True,True,True,True,True,,3.0,True,
session-20260402-051025,163,1329425041739632,1329425022159110,TRACKING,frame_1329425041739632.jpg,/content/trajectreview_input/session-20260402-051025/trajectreview/images/frame_1329425041739632.jpg,True,456.27792,455.49878,317.64102,245.34378,640,480,1.3891935,0.029861847,-0.96077466,-0.41364968,0.07964018,-0.57237655,0.7035172,290.10076904296875,True,True,True,True,True,True,,3.0,True,
session-20260402-051025,166,1329425141833299,1329425122251246,TRACKING,frame_1329425141833299.jpg,/content/trajectreview_input/session-20260402-051025/trajectreview/images/frame_1329425141833299.jpg,True,456.27792,455.49878,317.64102,245.34378,640,480,1.407253,0.03066136,-0.9905508,-0.417355,0.08873322,-0.5647307,0.7064137,257.57427978515625,True,True,True,True,True,True,,3.0,True,
session-20260402-051025,169,1329425241906702,1329425222343381,TRACKING,frame_1329425241906702.jpg,/content/trajectreview_input/session-20260402-051025/trajectreview/images/frame_1329425241906702.jpg,True,456.27792,455.49878,317.64102,245.34378,640,480,1.4231906,0.030106748,-1.0216391,-0.41884068,0.08891268,-0.5580742,0.7107885,265.46484375,True,True,True,True,True,True,,3.0,True,
session-20260402-051025,172,1329425341983340,1329425322435517,TRACKING,frame_1329425341983340.jpg,/content/trajectreview_input/session-20260402-051025/trajectreview/images/frame_1329425341983340.jpg,True,456.27792,455.49878,317.64102,245.34378,640,480,1.4371625,0.027772682,-1.052929,-0.42189035,0.09482873,-0.55245054,0.7126111,301.3539123535156,True,True,True,True,True,True,,3.0,True,
session-20260402-051025,175,1329425442085489,1329425422527652,TRACKING,frame_1329425442085489.jpg,/content/trajectreview_input/session-20260402-051025/trajectreview/images/frame_1329425442085489.jpg,True,456.27792,455.49878,317.64102,245.34378,640,480,1.4422966,0.023509692,-1.0831623,-0.42611137,0.09432115,-0.549501,0.71244735,314.658447265625,True,True,True,True,True,True,,3.0,True,
session-20260402-051025,178,1329425542163233,1329425522619787,TRACKING,frame_1329425542163233.jpg,/content/trajectreview_input/session-20260402-051025/trajectreview/images/frame_1329425542163233.jpg,True,456.27792,455.49878,317.64102,245.34378,640,480,1.4529916,0.017096039,-1.1169841,-0.4300841,0.09023361,-0.54956794,0.7105354,309.1323547363281,True,True,True,True,True,True,,3.0,True,
session-20260402-051025,181,1329425642255223,1329425622711923,TRACKING,frame_1329425642255223.jpg,/content/trajectreview_input/session-20260402-051025/trajectreview/images/frame_1329425642255223.jpg,True,456.27792,455.49878,317.64102,245.34378,640,480,1.457508,0.010504134,-1.1492349,-0.43167868,0.08131082,-0.5516692,0.7090156,177.08074951171875,True,True,True,True,True,True,,3.0,True,
session-20260402-051025,184,1329425742383234,1329425722804058,TRACKING,frame_1329425742383234.jpg,/content/trajectreview_input/session-20260402-051025/trajectreview/images/frame_1329425742383234.jpg,True,456.27792,455.49878,317.64102,245.34378,640,480,1.4617416,0.005423557,-1.1841935,-0.4331546,0.078442864,-0.5523587,0.7079009,249.6068115234375,True,True,True,True,True,True,,3.0,True,
session-20260402-051025,187,1329425842325958,1329425822896194,TRACKING,frame_1329425842325958.jpg,/content/trajectreview_input/session-20260402-051025/trajectreview/images/frame_1329425842325958.jpg,True,456.27792,455.49878,317.64102,245.34378,640,480,1.4603266,0.0021879692,-1.2185321,-0.42770132,0.07646858,-0.5543925,0.7098401,196.11135864257812,True,True,True,True,True,True,,3.0,True,
session-20260402-051025,190,1329425942442325,1329425922988329,TRACKING,frame_1329425942442325.jpg,/content/trajectreview_input/session-20260402-051025/trajectreview/images/frame_1329425942442325.jpg,True,456.27792,455.49878,317.64102,245.34378,640,480,1.4589134,0.0032962076,-1.2561831,-0.4242676,0.07130219,-0.5545315,0.7123256,177.08053588867188,True,True,True,True,True,True,,3.0,True,
session-20260402-051025,193,1329426042508080,1329426023080464,TRACKING,frame_1329426042508080.jpg,/content/trajectreview_input/session-20260402-051025/trajectreview/images/frame_1329426042508080.jpg,True,456.27792,455.49878,317.64102,245.34378,640,480,1.4562098,0.007965155,-1.2876992,-0.42194995,0.0726899,-0.55848587,0.7104702,300.9828796386719,True,True,True,True,True,True,,3.0,True,
session-20260402-051025,196,1329426142595397,1329426123172548,TRACKING,frame_1329426142595397.jpg,/content/trajectreview_input/session-20260402-051025/trajectreview/images/frame_1329426142595397.jpg,True,456.27792,455.49878,317.64102,245.34378,640,480,1.4468081,0.010669116,-1.3106538,-0.4313388,0.07228683,-0.54882914,0.712396,124.71209716796875,True,True,True,True,True,True,,3.0,True,
session-20260402-051025,199,1329426242554717,1329426223264683,TRACKING,frame_1329426242554717.jpg,/content/trajectreview_input/session-20260402-051025/trajectreview/images/frame_1329426242554717.jpg,True,456.27792,455.49878,317.64102,245.34378,640,480,1.4512252,0.020290073,-1.3390342,-0.4407273,0.06849238,-0.54265875,0.71175116,237.72796630859375,True,True,True,True,True,True,,3.0,True,
session-20260402-051025,202,1329426342676925,1329426323356819,TRACKING,frame_1329426342676925.jpg,/content/trajectreview_input/session-20260402-051025/trajectreview/images/frame_1329426342676925.jpg,True,456.27792,455.49878,317.64102,245.34378,640,480,1.4559562,0.022115968,-1.363931,-0.44817668,0.0835864,-0.537001,0.70977527,163.1050567626953,True,True,True,True,True,True,,3.0,True,
session-20260402-051025,205,1329426442796602,1329426423448954,TRACKING,frame_1329426442796602.jpg,/content/trajectreview_input/session-20260402-051025/trajectreview/images/frame_1329426442796602.jpg,True,456.27792,455.49878,317.64102,245.34378,640,480,1.4605719,0.019620262,-1.3908806,-0.45560616,0.09591228,-0.5333953,0.70619625,122.16143798828125,True,True,True,True,True,True,,3.0,True,
session-20260402-051025,208,1329426542836431,1329426523541089,TRACKING,frame_1329426542836431.jpg,/content/trajectreview_input/session-20260402-051025/trajectreview/images/frame_1329426542836431.jpg,True,456.27792,455.49878,317.64102,245.34378,640,480,1.461777,0.013991326,-1.4184576,-0.46235687,0.10222553,-0.52775073,0.70516324,269.2386474609375,True,True,True,True,True,True,,3.0,True,
session-20260402-051025,211,1329426642846231,1329426623633225,TRACKING,frame_1329426642846231.jpg,/content/trajectreview_input/session-20260402-051025/trajectreview/images/frame_1329426642846231.jpg,True,456.27792,455.49878,317.64102,245.34378,640,480,1.463531,0.009368539,-1.4421206,-0.4655915,0.1194427,-0.5191407,0.7067183,156.9540557861328,True,True,True,True,True,True,,3.0,True,
session-20260402-051025,214,1329426742940932,1329426723725360,TRACKING,frame_1329426742940932.jpg,/content/trajectreview_input/session-20260402-051025/trajectreview/images/frame_1329426742940932.jpg,True,456.27792,455.49878,317.64102,245.34378,640,480,1.4629195,0.0042676125,-1.4716552,-0.4748924,0.14238456,-0.50276434,0.7081185,108.97674560546875,True,True,True,True,True,True,,3.0,True,
session-20260402-051025,217,1329426843105953,1329426823817496,TRACKING,frame_1329426843105953.jpg,/content/trajectreview_input/session-20260402-051025/trajectreview/images/frame_1329426843105953.jpg,True,456.27792,455.49878,317.64102,245.34378,640,480,1.464837,-0.0008854121,-1.5135261,-0.49699697,0.15822904,-0.47646382,0.70777094,94.387939453125,True,True,True,True,True,True,,3.0,True,
session-20260402-051025,220,1329426943259953,1329426923909631,TRACKING,frame_1329426943259953.jpg,/content/trajectreview_input/session-20260402-051025/trajectreview/images/frame_1329426943259953.jpg,True,456.27792,455.49878,317.64102,245.34378,640,480,1.4661944,-0.0039653834,-1.5629812,-0.5150213,0.177932,-0.44128114,0.71299654,138.09475708007812,True,True,True,True,True,True,,3.0,True,
session-20260402-051025,223,1329427043351821,1329427024001767,TRACKING,frame_1329427043351821.jpg,/content/trajectreview_input/session-20260402-051025/trajectreview/images/frame_1329427043351821.jpg,True,456.27792,455.49878,317.64102,245.34378,640,480,1.47579,-0.0063263234,-1.620989,-0.5328925,0.17690657,-0.42451525,0.7102932,133.5419464111328,True,True,True,True,True,True,,3.0,True,
session-20260402-051025,226,1329427143441251,1329427124093902,TRACKING,frame_1329427143441251.jpg,/content/trajectreview_input/session-20260402-051025/trajectreview/images/frame_1329427143441251.jpg,True,456.27792,455.49878,317.64102,245.34378,640,480,1.492569,-0.0041279886,-1.6736253,-0.54204386,0.19425562,-0.40781063,0.7086209,117.33979797363281,True,True,True,True,True,True,,3.0,True,
session-20260402-051025,229,1329427243343138,1329427224186037,TRACKING,frame_1329427243343138.jpg,/content/trajectreview_input/session-20260402-051025/trajectreview/images/frame_1329427243343138.jpg,True,456.27792,455.49878,317.64102,245.34378,640,480,1.5068779,-0.0024065562,-1.7257518,-0.5565581,0.20104136,-0.38915592,0.70596254,132.9168701171875,True,True,True,True,True,True,,3.0,True,
session-20260402-051025,232,1329427343353176,1329427324278173,TRACKING,frame_1329427343353176.jpg,/content/trajectreview_input/session-20260402-051025/trajectreview/images/frame_1329427343353176.jpg,True,456.27792,455.49878,317.64102,245.34378,640,480,1.5224835,0.0023258012,-1.7703778,-0.5631309,0.22730255,-0.38016853,0.69763094,90.38081359863281,True,True,True,True,True,True,,3.0,True,
session-20260402-051025,235,1329427443419095,1329427424370308,TRACKING,frame_1329427443419095.jpg,/content/trajectreview_input/session-20260402-051025/trajectreview/images/frame_1329427443419095.jpg,True,456.27792,455.49878,317.64102,245.34378,640,480,1.5330818,0.0032014865,-1.8187339,-0.56133246,0.23666158,-0.3809401,0.6955442,143.24478149414062,True,True,True,True,True,True,,3.0,True,
session-20260402-051025,238,1329427543566378,1329427524462392,TRACKING,frame_1329427543566378.jpg,/content/trajectreview_input/session-20260402-051025/trajectreview/images/frame_1329427543566378.jpg,True,456.27792,455.49878,317.64102,245.34378,640,480,1.5424994,0.0016777366,-1.8693794,-0.55787814,0.23660433,-0.38815403,0.6943535,116.32699584960938,True,True,True,True,True,True,,3.0,True,
session-20260402-051025,241,1329427643654975,1329427624554527,TRACKING,frame_1329427643654975.jpg,/content/trajectreview_input/session-20260402-051025/trajectreview/images/frame_1329427643654975.jpg,True,456.27792,455.49878,317.64102,245.34378,640,480,1.545323,-0.00028076582,-1.9205211,-0.55598825,0.22893971,-0.39543587,0.6943299,93.09585571289062,True,True,True,True,True,True,,3.0,True,
session-20260402-051025,244,1329427743698408,1329427724646662,TRACKING,frame_1329427743698408.jpg,/content/trajectreview_input/session-20260402-051025/trajectreview/images/frame_1329427743698408.jpg,True,456.27792,455.49878,317.64102,245.34378,640,480,1.5435867,-0.0024451427,-1.9697701,-0.56399333,0.22269659,-0.39236033,0.6916437,218.83309936523438,True,True,True,True,True,True,,3.0,True,
session-20260402-051025,247,1329427843820012,1329427824738798,TRACKING,frame_1329427843820012.jpg,/content/trajectreview_input/session-20260402-051025/trajectreview/images/frame_1329427843820012.jpg,True,456.27792,455.49878,317.64102,245.34378,640,480,1.5444438,-0.0011654906,-2.0143576,-0.5701802,0.22338049,-0.39947686,0.6822125,159.21054077148438,True,True,True,True,True,True,,3.0,True,
session-20260402-051025,250,1329427943899411,1329427924830933,TRACKING,frame_1329427943899411.jpg,/content/trajectreview_input/session-20260402-051025/trajectreview/images/frame_1329427943899411.jpg,True,456.27792,455.49878,317.64102,245.34378,640,480,1.5385045,0.0029058624,-2.0553362,-0.5752432,0.22165635,-0.38392746,0.6874325,131.14642333984375,True,True,True,True,True,True,,3.0,True,
session-20260402-051025,253,1329428044097916,1329428024923069,TRACKING,frame_1329428044097916.jpg,/content/trajectreview_input/session-20260402-051025/trajectreview/images/frame_1329428044097916.jpg,True,456.27792,455.49878,317.64102,245.34378,640,480,1.5402776,0.0050233267,-2.097201,-0.5766024,0.23324475,-0.36832395,0.69098765,112.73104095458984,True,True,True,True,True,True,,3.0,True,
session-20260402-051025,256,1329428144144233,1329428125015204,TRACKING,frame_1329428144144233.jpg,/content/trajectreview_input/session-20260402-051025/trajectreview/images/frame_1329428144144233.jpg,True,456.27792,455.49878,317.64102,245.34378,640,480,1.5483896,0.0070250444,-2.1410093,-0.5802568,0.24207285,-0.35104454,0.6938808,125.34669494628906,True,True,True,True,True,True,,3.0,True,
session-20260402-051025,259,1329428244291656,1329428225107339,TRACKING,frame_1329428244291656.jpg,/content/trajectreview_input/session-20260402-051025/trajectreview/images/frame_1329428244291656.jpg,True,456.27792,455.49878,317.64102,245.34378,640,480,1.5670958,0.010368418,-2.1859953,-0.5890399,0.2615521,-0.33115166,0.68917406,129.02394104003906,True,True,True,True,True,True,,3.0,True,
session-20260402-051025,262,1329428344469278,1329428325199475,TRACKING,frame_1329428344469278.jpg,/content/trajectreview_input/session-20260402-051025/trajectreview/images/frame_1329428344469278.jpg,True,456.27792,455.49878,317.64102,245.34378,640,480,1.5909818,0.018420586,-2.2326972,-0.5976986,0.28737777,-0.3070921,0.6825428,100.94994354248047,True,True,True,True,True,True,,3.0,True,
session-20260402-051025,265,1329428444543474,1329428425291610,TRACKING,frame_1329428444543474.jpg,/content/trajectreview_input/session-20260402-051025/trajectreview/images/frame_1329428444543474.jpg,True,456.27792,455.49878,317.64102,245.34378,640,480,1.6125191,0.02991603,-2.2793314,-0.6086063,0.30950516,-0.27732033,0.67594266,80.36538696289062,True,True,True,True,True,True,,3.0,True,
session-20260402-051025,268,1329428544667446,1329428525383746,TRACKING,frame_1329428544667446.jpg,/content/trajectreview_input/session-20260402-051025/trajectreview/images/frame_1329428544667446.jpg,True,456.27792,455.49878,317.64102,245.34378,640,480,1.6334021,0.04202708,-2.3262296,-0.61859417,0.32048875,-0.25720662,0.6696812,135.855224609375,True,True,True,True,True,True,,3.0,True,
session-20260402-051025,271,1329428644756979,1329428625475881,TRACKING,frame_1329428644756979.jpg,/content/trajectreview_input/session-20260402-051025/trajectreview/images/frame_1329428644756979.jpg,True,456.27792,455.49878,317.64102,245.34378,640,480,1.6520847,0.0482273,-2.366915,-0.6227886,0.33101976,-0.24705637,0.6644723,205.89244079589844,True,True,True,True,True,True,,3.0,True,
session-20260402-051025,274,1329428744828228,1329428725568017,TRACKING,frame_1329428744828228.jpg,/content/trajectreview_input/session-20260402-051025/trajectreview/images/frame_1329428744828228.jpg,True,456.27792,455.49878,317.64102,245.34378,640,480,1.6629821,0.047918577,-2.407526,-0.62766343,0.33846313,-0.24332757,0.6574747,229.26351928710938,True,True,True,True,True,True,,3.0,True,
session-20260402-051025,277,1329428844908377,1329428825660152,TRACKING,frame_1329428844908377.jpg,/content/trajectreview_input/session-20260402-051025/trajectreview/images/frame_1329428844908377.jpg,True,456.27792,455.49878,317.64102,245.34378,640,480,1.6666327,0.04236059,-2.4474301,-0.6344628,0.34146348,-0.24198616,0.6498479,308.3066711425781,True,True,True,True,True,True,,3.0,True,
session-20260402-051025,280,1329428945073836,1329428925752235,TRACKING,frame_1329428945073836.jpg,/content/trajectreview_input/session-20260402-051025/trajectreview/images/frame_1329428945073836.jpg,True,456.27792,455.49878,317.64102,245.34378,640,480,1.6644176,0.03736581,-2.4868379,-0.6419085,0.34899935,-0.23502398,0.6410278,288.776123046875,True,True,True,True,True,True,,3.0,True,
session-20260402-051025,283,1329429045143067,1329429025844371,TRACKING,frame_1329429045143067.jpg,/content/trajectreview_input/session-20260402-051025/trajectreview/images/frame_1329429045143067.jpg,True,456.27792,455.49878,317.64102,245.34378,640,480,1.6588044,0.03944096,-2.5298915,-0.64563537,0.35691938,-0.22625148,0.63606113,200.98619079589844,True,True,True,True,True,True,,3.0,True,
session-20260402-051025,286,1329429145182968,1329429125936506,TRACKING,frame_1329429145182968.jpg,/content/trajectreview_input/session-20260402-051025/trajectreview/images/frame_1329429145182968.jpg,True,456.27792,455.49878,317.64102,245.34378,640,480,1.6471169,0.044614762,-2.570639,-0.64237094,0.36986127,-0.21988805,0.63420147,162.23890686035156,True,True,True,True,True,True,,3.0,True,
session-20260402-051025,289,1329429245242494,1329429226028642,TRACKING,frame_1329429245242494.jpg,/content/trajectreview_input/session-20260402-051025/trajectreview/images/frame_1329429245242494.jpg,True,456.27792,455.49878,317.64102,245.34378,640,480,1.6284224,0.04849978,-2.611341,-0.6373852,0.38003808,-0.21759215,0.6340069,165.15603637695312,True,True,True,True,True,True,,3.0,True,
session-20260402-051025,292,1329429345344701,1329429326120777,TRACKING,frame_1329429345344701.jpg,/content/trajectreview_input/session-20260402-051025/trajectreview/images/frame_1329429345344701.jpg,True,456.27792,455.49878,317.64102,245.34378,640,480,1.6090064,0.052988857,-2.6561708,-0.6357714,0.38608617,-0.22111548,0.63074565,113.94218444824219,True,True,True,True,True,True,,3.0,True,
session-20260402-051025,295,1329429445418549,1329429426212912,TRACKING,frame_1329429445418549.jpg,/content/trajectreview_input/session-20260402-051025/trajectreview/images/frame_1329429445418549.jpg,True,456.27792,455.49878,317.64102,245.34378,640,480,1.5863156,0.05539331,-2.7007298,-0.63505876,0.39568225,-0.218451,0.6264304,234.35723876953125,True,True,True,True,True,True,,3.0,True,
session-20260402-051025,298,1329429545516563,1329429526305048,TRACKING,frame_1329429545516563.jpg,/content/trajectreview_input/session-20260402-051025/trajectreview/images/frame_1329429545516563.jpg,True,456.27792,455.49878,317.64102,245.34378,640,480,1.5627913,0.052788924,-2.7512355,-0.64227813,0.39204776,-0.22017026,0.62072724,126.82913970947266,True,True,True,True,True,True,,3.0,True,
session-20260402-051025,301,1329429645643573,1329429626397183,TRACKING,frame_1329429645643573.jpg,/content/trajectreview_input/session-20260402-051025/trajectreview/images/frame_1329429645643573.jpg,True,456.27792,455.49878,317.64102,245.34378,640,480,1.5395095,0.049753472,-2.7998197,-0.6414456,0.3977564,-0.21970294,0.61811644,138.5263671875,True,True,True,True,True,True,,3.0,True,
session-20260402-051025,304,1329429745746881,1329429726489319,TRACKING,frame_1329429745746881.jpg,/content/trajectreview_input/session-20260402-051025/trajectreview/images/frame_1329429745746881.jpg,True,456.27792,455.49878,317.64102,245.34378,640,480,1.5134448,0.044636972,-2.8473356,-0.642365,0.4039646,-0.21013017,0.61646175,187.02078247070312,True,True,True,True,True,True,,3.0,True,
session-20260402-051025,307,1329429845817172,1329429826581454,TRACKING,frame_1329429845817172.jpg,/content/trajectreview_input/session-20260402-051025/trajectreview/images/frame_1329429845817172.jpg,True,456.27792,455.49878,317.64102,245.34378,640,480,1.486678,0.041620806,-2.894976,-0.6418331,0.4168842,-0.19802158,0.61240923,130.51968383789062,True,True,True,True,True,True,,3.0,True,
session-20260402-051025,310,1329429945825546,1329429926673589,TRACKING,frame_1329429945825546.jpg,/content/trajectreview_input/session-20260402-051025/trajectreview/images/frame_1329429945825546.jpg,True,456.27792,455.49878,317.64102,245.34378,640,480,1.456888,0.0431215,-2.9453182,-0.64674276,0.42170602,-0.18716964,0.60733455,196.20416259765625,True,True,True,True,True,True,,3.0,True,
session-20260402-051025,313,1329430045932129,1329430026765725,TRACKING,frame_1329430045932129.jpg,/content/trajectreview_input/session-20260402-051025/trajectreview/images/frame_1329430045932129.jpg,True,456.27792,455.49878,317.64102,245.34378,640,480,1.4257196,0.049489044,-2.9931402,-0.6481255,0.42521405,-0.16837786,0.6089131,106.8923568725586,True,True,True,True,True,True,,3.0,True,
session-20260402-051025,316,1329430146075725,1329430126857860,TRACKING,frame_1329430146075725.jpg,/content/trajectreview_input/session-20260402-051025/trajectreview/images/frame_1329430146075725.jpg,True,456.27792,455.49878,317.64102,245.34378,640,480,1.3942555,0.048132736,-3.0365252,-0.6548924,0.42531845,-0.14898902,0.60664856,168.4010467529297,True,True,True,True,True,True,,3.0,True,
session-20260402-051025,319,1329430250510854,1329430235298996,TRACKING,frame_1329430250510854.jpg,/content/trajectreview_input/session-20260402-051025/trajectreview/images/frame_1329430250510854.jpg,True,456.27792,455.49878,317.64102,245.34378,640,480,1.3644074,0.050284497,-3.0803258,-0.65855575,0.43453062,-0.13886747,0.59850085,182.23580932617188,True,True,True,True,True,True,,3.0,True,
session-20260402-051025,322,1329430350777283,1329430335391131,TRACKING,frame_1329430350777283.jpg,/content/trajectreview_input/session-20260402-051025/trajectreview/images/frame_1329430350777283.jpg,True,456.27792,455.49878,317.64102,245.34378,640,480,1.3358817,0.053932823,-3.1196418,-0.6588817,0.443218,-0.1267675,0.5944432,207.30923461914062,True,True,True,True,True,True,,3.0,True,
session-20260402-051025,325,1329430450881574,1329430435483214,TRACKING,frame_1329430450881574.jpg,/content/trajectreview_input/session-20260402-051025/trajectreview/images/frame_1329430450881574.jpg,True,456.27792,455.49878,317.64102,245.34378,640,480,1.3045176,0.0513156,-3.160385,-0.6632467,0.4493428,-0.11869496,0.58660585,211.07632446289062,True,True,True,True,True,True,,3.0,True,
session-20260402-051025,328,1329430550965924,1329430535575402,TRACKING,frame_1329430550965924.jpg,/content/trajectreview_input/session-20260402-051025/trajectreview/images/frame_1329430550965924.jpg,True,456.27792,455.49878,317.64102,245.34378,640,480,1.2696645,0.0500321,-3.1991038,-0.6660814,0.45743996,-0.10438849,0.5798166,178.01531982421875,True,True,True,True,True,True,,3.0,True,
session-20260402-051025,331,1329430651046863,1329430635667485,TRACKING,frame_1329430651046863.jpg,/content/trajectreview_input/session-20260402-051025/trajectreview/images/frame_1329430651046863.jpg,True,456.27792,455.49878,317.64102,245.34378,640,480,1.2328378,0.054057807,-3.2367287,-0.6618604,0.47227627,-0.08029017,0.5765843,138.8394317626953,True,True,True,True,True,True,,3.0,True,
session-20260402-051025,334,1329430751095211,1329430735759621,TRACKING,frame_1329430751095211.jpg,/content/trajectreview_input/session-20260402-051025/trajectreview/images/frame_1329430751095211.jpg,True,456.27792,455.49878,317.64102,245.34378,640,480,1.1955479,0.05886616,-3.2778027,-0.66014373,0.48724785,-0.05696702,0.56881857,190.156982421875,True,True,True,True,True,True,,3.0,True,
session-20260402-051025,337,1329430851184241,1329430835851756,TRACKING,frame_1329430851184241.jpg,/content/trajectreview_input/session-20260402-051025/trajectreview/images/frame_1329430851184241.jpg,True,456.27792,455.49878,317.64102,245.34378,640,480,1.1590662,0.062100016,-3.3210921,-0.6621879,0.5034339,-0.03456688,0.55395555,201.37109375,True,True,True,True,True,True,,3.0,True,
session-20260402-051025,340,1329430951267264,1329430935943892,TRACKING,frame_1329430951267264.jpg,/content/trajectreview_input/session-20260402-051025/trajectreview/images/frame_1329430951267264.jpg,True,456.27792,455.49878,317.64102,245.34378,640,480,1.1227748,0.060912278,-3.3647478,-0.6695708,0.5122275,-0.012549579,0.53771794,197.7379608154297,True,True,True,True,True,True,,3.0,True,
session-20260402-051025,343,1329431051320412,1329431036036027,TRACKING,frame_1329431051320412.jpg,/content/trajectreview_input/session-20260402-051025/trajectreview/images/frame_1329431051320412.jpg,True,456.27792,455.49878,317.64102,245.34378,640,480,1.0933266,0.0607618,-3.4056678,-0.67192525,0.5275516,-0.0010109544,0.51981217,185.24285888671875,True,True,True,True,True,True,,3.0,True,
session-20260402-051025,346,1329431151530184,1329431136128162,TRACKING,frame_1329431151530184.jpg,/content/trajectreview_input/session-20260402-051025/trajectreview/images/frame_1329431151530184.jpg,True,456.27792,455.49878,317.64102,245.34378,640,480,1.0625906,0.058250528,-3.4479861,-0.6713539,0.5389809,0.0063192844,0.50866866,243.2102508544922,True,True,True,True,True,True,,3.0,True,
session-20260402-051025,349,1329431251539437,1329431236220298,TRACKING,frame_1329431251539437.jpg,/content/trajectreview_input/session-20260402-051025/trajectreview/images/frame_1329431251539437.jpg,True,456.27792,455.49878,317.64102,245.34378,640,480,1.0272903,0.0509234,-3.491454,-0.67432433,0.5451767,0.02003245,0.49766237,208.59356689453125,True,True,True,True,True,True,,3.0,True,
session-20260402-051025,352,1329431351598645,1329431336312433,TRACKING,frame_1329431351598645.jpg,/content/trajectreview_input/session-20260402-051025/trajectreview/images/frame_1329431351598645.jpg,True,456.27792,455.49878,317.64102,245.34378,640,480,0.99357027,0.044701338,-3.5336177,-0.6787904,0.55301875,0.043260947,0.48118836,144.72250366210938,True,True,True,True,True,True,,3.0,True,
session-20260402-051025,355,1329431451688693,1329431436404569,TRACKING,frame_1329431451688693.jpg,/content/trajectreview_input/session-20260402-051025/trajectreview/images/frame_1329431451688693.jpg,True,456.27792,455.49878,317.64102,245.34378,640,480,0.96628004,0.04129191,-3.5703828,-0.6761639,0.572275,0.072824255,0.4582579,129.33299255371094,True,True,True,True,True,True,,3.0,True,
session-20260402-051025,358,1329431551790046,1329431536496704,TRACKING,frame_1329431551790046.jpg,/content/trajectreview_input/session-20260402-051025/trajectreview/images/frame_1329431551790046.jpg,True,456.27792,455.49878,317.64102,245.34378,640,480,0.9391885,0.0417182,-3.6048381,-0.6773313,0.5779907,0.08658905,0.4468236,189.00326538085938,True,True,True,True,True,True,,3.0,True,
session-20260402-051025,361,1329431651844942,1329431636588839,TRACKING,frame_1329431651844942.jpg,/content/trajectreview_input/session-20260402-051025/trajectreview/images/frame_1329431651844942.jpg,True,456.27792,455.49878,317.64102,245.34378,640,480,0.9203208,0.044943944,-3.6359582,-0.6686046,0.59373283,0.09303829,0.43794176,208.79574584960938,True,True,True,True,True,True,,3.0,True,
session-20260402-051025,364,1329431752019520,1329431736680975,TRACKING,frame_1329431752019520.jpg,/content/trajectreview_input/session-20260402-051025/trajectreview/images/frame_1329431752019520.jpg,True,456.27792,455.49878,317.64102,245.34378,640,480,0.90215254,0.04620097,-3.668588,-0.6640173,0.6076657,0.08778529,0.42675167,226.88442993164062,True,True,True,True,True,True,,3.0,True,
session-20260402-051025,367,1329431852083358,1329431836773110,TRACKING,frame_1329431852083358.jpg,/content/trajectreview_input/session-20260402-051025/trajectreview/images/frame_1329431852083358.jpg,True,456.27792,455.49878,317.64102,245.34378,640,480,0.8794863,0.046055835,-3.7034478,-0.66260374,0.6136514,0.083330154,0.42124134,233.53115844726562,True,True,True,True,True,True,,3.0,True,
session-20260402-051025,370,1329431952193781,1329431936865194,TRACKING,frame_1329431952193781.jpg,/content/trajectreview_input/session-20260402-051025/trajectreview/images/frame_1329431952193781.jpg,True,456.27792,455.49878,317.64102,245.34378,640,480,0.85496604,0.043352246,-3.7351506,-0.65903866,0.6259446,0.07470627,0.41021985,190.8015899658203,True,True,True,True,True,True,,3.0,True,
session-20260402-051025,373,1329432052161685,1329432036957329,TRACKING,frame_1329432052161685.jpg,/content/trajectreview_input/session-20260402-051025/trajectreview/images/frame_1329432052161685.jpg,True,456.27792,455.49878,317.64102,245.34378,640,480,0.82811624,0.0420086,-3.7645054,-0.6551864,0.6357299,0.070900366,0.40193433,221.62754821777344,True,True,True,True,True,True,,3.0,True,
session-20260402-051025,376,1329432152336272,1329432137049464,TRACKING,frame_1329432152336272.jpg,/content/trajectreview_input/session-20260402-051025/trajectreview/images/frame_1329432152336272.jpg,True,456.27792,455.49878,317.64102,245.34378,640,480,0.79925424,0.04048155,-3.7878623,-0.6552076,0.63638777,0.077641815,0.39960635,201.4468994140625,True,True,True,True,True,True,,3.0,True,
session-20260402-051025,379,1329432252435828,1329432237141600,TRACKING,frame_1329432252435828.jpg,/content/trajectreview_input/session-20260402-051025/trajectreview/images/frame_1329432252435828.jpg,True,456.27792,455.49878,317.64102,245.34378,640,480,0.77419674,0.03854626,-3.8100402,-0.65902185,0.63498807,0.08675477,0.39364183,276.64862060546875,True,True,True,True,True,True,,3.0,True,
session-20260402-051025,382,1329432352549557,1329432337233735,TRACKING,frame_1329432352549557.jpg,/content/trajectreview_input/session-20260402-051025/trajectreview/images/frame_1329432352549557.jpg,True,456.27792,455.49878,317.64102,245.34378,640,480,0.75406915,0.03936606,-3.8332543,-0.66289705,0.63574374,0.08887431,0.38535517,304.56585693359375,True,True,True,True,True,True,,3.0,True,
session-20260402-051025,385,1329432452612717,1329432437325871,TRACKING,frame_1329432452612717.jpg,/content/trajectreview_input/session-20260402-051025/trajectreview/images/frame_1329432452612717.jpg,True,456.27792,455.49878,317.64102,245.34378,640,480,0.7351265,0.038924,-3.8562713,-0.66687775,0.63447523,0.088874966,0.38054758,331.1173095703125,True,True,True,True,True,True,,3.0,True,
session-20260402-051025,388,1329432552762161,1329432537418006,TRACKING,frame_1329432552762161.jpg,/content/trajectreview_input/session-20260402-051025/trajectreview/images/frame_1329432552762161.jpg,True,456.27792,455.49878,317.64102,245.34378,640,480,0.71846247,0.03644643,-3.8769283,-0.66932386,0.6369527,0.08460821,0.37301219,228.69671630859375,True,True,True,True,True,True,,3.0,True,
session-20260402-051025,391,1329432652897393,1329432637510142,TRACKING,frame_1329432652897393.jpg,/content/trajectreview_input/session-20260402-051025/trajectreview/images/frame_1329432652897393.jpg,True,456.27792,455.49878,317.64102,245.34378,640,480,0.7038643,0.033450663,-3.8982813,-0.6696087,0.63956136,0.07737841,0.36959165,219.33473205566406,True,True,True,True,True,True,,3.0,True,
session-20260402-051025,394,1329432753011103,1329432737602277,TRACKING,frame_1329432753011103.jpg,/content/trajectreview_input/session-20260402-051025/trajectreview/images/frame_1329432753011103.jpg,True,456.27792,455.49878,317.64102,245.34378,640,480,0.6927059,0.030607013,-3.9162772,-0.67016053,0.6376889,0.08261447,0.370692,111.94111633300781,True,True,True,True,True,True,,3.0,True,
session-20260402-051025,397,1329432853218938,1329432837694412,TRACKING,frame_1329432853218938.jpg,/content/trajectreview_input/session-20260402-051025/trajectreview/images/frame_1329432853218938.jpg,True,456.27792,455.49878,317.64102,245.34378,640,480,0.6860219,0.028287934,-3.9320571,-0.6697445,0.6335839,0.088395774,0.37709385,151.70132446289062,True,True,True,True,True,True,,3.0,True,
session-20260402-051025,400,1329432953273877,1329432937786548,TRACKING,frame_1329432953273877.jpg,/content/trajectreview_input/session-20260402-051025/trajectreview/images/frame_1329432953273877.jpg,True,456.27792,455.49878,317.64102,245.34378,640,480,0.68632144,0.026821205,-3.9453127,-0.67105067,0.62786895,0.0858043,0.38484958,340.7532653808594,True,True,True,True,True,True,,3.0,True,
session-20260402-051025,403,1329433053499949,1329433037878683,TRACKING,frame_1329433053499949.jpg,/content/trajectreview_input/session-20260402-051025/trajectreview/images/frame_1329433053499949.jpg,True,456.27792,455.49878,317.64102,245.34378,640,480,0.69039714,0.022675117,-3.9554203,-0.6748012,0.6224798,0.07866193,0.38855433,188.775146484375,True,True,True,True,True,True,,3.0,True,
session-20260402-051025,406,1329433153577869,1329433137970819,TRACKING,frame_1329433153577869.jpg,/content/trajectreview_input/session-20260402-051025/trajectreview/images/frame_1329433153577869.jpg,True,456.27792,455.49878,317.64102,245.34378,640,480,0.70114964,0.021533795,-3.9627955,-0.678982,0.62183946,0.072488576,0.38346398,202.56739807128906,True,True,True,True,True,True,,3.0,True,
session-20260402-051025,409,1329433253685858,1329433238062954,TRACKING,frame_1329433253685858.jpg,/content/trajectreview_input/session-20260402-051025/trajectreview/images/frame_1329433253685858.jpg,True,456.27792,455.49878,317.64102,245.34378,640,480,0.7181148,0.021202113,-3.9640744,-0.68051803,0.62574714,0.06610575,0.37545383,222.93508911132812,True,True,True,True,True,True,,3.0,True,
session-20260402-051025,412,1329433353774688,1329433338155037,TRACKING,frame_1329433353774688.jpg,/content/trajectreview_input/session-20260402-051025/trajectreview/images/frame_1329433353774688.jpg,True,456.27792,455.49878,317.64102,245.34378,640,480,0.74292076,0.022068877,-3.958276,-0.68146497,0.6282558,0.051526487,0.37181336,267.7269592285156,True,True,True,True,True,True,,3.0,True,
session-20260402-051025,415,1329433453871257,1329433438247173,TRACKING,frame_1329433453871257.jpg,/content/trajectreview_input/session-20260402-051025/trajectreview/images/frame_1329433453871257.jpg,True,456.27792,455.49878,317.64102,245.34378,640,480,0.773326,0.021545302,-3.9494855,-0.6838587,0.62581027,0.042890385,0.3726381,253.68472290039062,True,True,True,True,True,True,,3.0,True,
session-20260402-051025,418,1329433553961156,1329433538339308,TRACKING,frame_1329433553961156.jpg,/content/trajectreview_input/session-20260402-051025/trajectreview/images/frame_1329433553961156.jpg,True,456.27792,455.49878,317.64102,245.34378,640,480,0.8078073,0.018871188,-3.9362357,-0.68885183,0.62060404,0.04293938,0.37214237,237.95254516601562,True,True,True,True,True,True,,3.0,True,
session-20260402-051025,421,1329433654051367,1329433638431444,TRACKING,frame_1329433654051367.jpg,/content/trajectreview_input/session-20260402-051025/trajectreview/images/frame_1329433654051367.jpg,True,456.27792,455.49878,317.64102,245.34378,640,480,0.8455648,0.016244678,-3.9245672,-0.69561934,0.6153446,0.03924939,0.36867929,249.85345458984375,True,True,True,True,True,True,,3.0,True,
session-20260402-051025,424,1329433754145754,1329433738523579,TRACKING,frame_1329433754145754.jpg,/content/trajectreview_input/session-20260402-051025/trajectreview/images/frame_1329433754145754.jpg,True,456.27792,455.49878,317.64102,245.34378,640,480,0.8834527,0.013869764,-3.9111404,-0.69848365,0.6133377,0.044821694,0.36596233,222.44212341308594,True,True,True,True,True,True,,3.0,True,
session-20260402-051025,427,1329433854258620,1329433838615714,TRACKING,frame_1329433854258620.jpg,/content/trajectreview_input/session-20260402-051025/trajectreview/images/frame_1329433854258620.jpg,True,456.27792,455.49878,317.64102,245.34378,640,480,0.92307705,0.0133269355,-3.8965108,-0.69814146,0.6165596,0.050840393,0.36037207,194.77554321289062,True,True,True,True,True,True,,3.0,True,
session-20260402-051025,430,1329433954353461,1329433938707850,TRACKING,frame_1329433954353461.jpg,/content/trajectreview_input/session-20260402-051025/trajectreview/images/frame_1329433954353461.jpg,True,456.27792,455.49878,317.64102,245.34378,640,480,0.9602493,0.012496427,-3.8815145,-0.6986736,0.618076,0.05878617,0.35550135,162.88816833496094,True,True,True,True,True,True,,3.0,True,
session-20260402-051025,433,1329434054414982,1329434038799985,TRACKING,frame_1329434054414982.jpg,/content/trajectreview_input/session-20260402-051025/trajectreview/images/frame_1329434054414982.jpg,True,456.27792,455.49878,317.64102,245.34378,640,480,0.9942627,0.010749944,-3.8645802,-0.69579077,0.6225422,0.06296243,0.3526361,288.06085205078125,True,True,True,True,True,True,,3.0,True,
session-20260402-051025,436,1329434154520597,1329434138892121,TRACKING,frame_1329434154520597.jpg,/content/trajectreview_input/session-20260402-051025/trajectreview/images/frame_1329434154520597.jpg,True,456.27792,455.49878,317.64102,245.34378,640,480,1.0214447,0.009598624,-3.842166,-0.6927843,0.62580836,0.072179034,0.35100436,221.6422882080078,True,True,True,True,True,True,,3.0,True,
session-20260402-051025,439,1329434254652413,1329434238984256,TRACKING,frame_1329434254652413.jpg,/content/trajectreview_input/session-20260402-051025/trajectreview/images/frame_1329434254652413.jpg,True,456.27792,455.49878,317.64102,245.34378,640,480,1.0447359,0.009465219,-3.817363,-0.6902404,0.6318482,0.07875085,0.34370667,173.50477600097656,True,True,True,True,True,True,,3.0,True,
session-20260402-051025,442,1329434354586559,1329434339076392,TRACKING,frame_1329434354586559.jpg,/content/trajectreview_input/session-20260402-051025/trajectreview/images/frame_1329434354586559.jpg,True,456.27792,455.49878,317.64102,245.34378,640,480,1.0677795,0.011208655,-3.7934272,-0.6866273,0.63759226,0.08479431,0.33886436,215.45162963867188,True,True,True,True,True,True,,3.0,True,
session-20260402-051025,445,1329434454657450,1329434439168527,TRACKING,frame_1329434454657450.jpg,/content/trajectreview_input/session-20260402-051025/trajectreview/images/frame_1329434454657450.jpg,True,456.27792,455.49878,317.64102,245.34378,640,480,1.083184,0.0100122485,-3.7652383,-0.684466,0.6377874,0.086079374,0.34252566,299.1824951171875,True,True,True,True,True,True,,3.0,True,
session-20260402-051025,448,1329434554758322,1329434539260662,TRACKING,frame_1329434554758322.jpg,/content/trajectreview_input/session-20260402-051025/trajectreview/images/frame_1329434554758322.jpg,True,456.27792,455.49878,317.64102,245.34378,640,480,1.0945723,0.00690018,-3.7342527,-0.6815853,0.6375826,0.07998414,0.3500464,335.94476318359375,True,True,True,True,True,True,,3.0,True,
session-20260402-051025,451,1329434654812885,1329434639352798,TRACKING,frame_1329434654812885.jpg,/content/trajectreview_input/session-20260402-051025/trajectreview/images/frame_1329434654812885.jpg,True,456.27792,455.49878,317.64102,245.34378,640,480,1.1041878,0.0030754637,-3.7007942,-0.6801095,0.6350175,0.0803754,0.3574123,246.744873046875,True,True,True,True,True,True,,3.0,True,
session-20260402-051025,454,1329434754876590,1329434739444933,TRACKING,frame_1329434754876590.jpg,/content/trajectreview_input/session-20260402-051025/trajectreview/images/frame_1329434754876590.jpg,True,456.27792,455.49878,317.64102,245.34378,640,480,1.1153855,-0.0036639273,-3.6641314,-0.6848616,0.6341411,0.07913573,0.35009608,315.4103088378906,True,True,True,True,True,True,,3.0,True,
session-20260402-051025,457,1329434854935926,1329434839537069,TRACKING,frame_1329434854935926.jpg,/content/trajectreview_input/session-20260402-051025/trajectreview/images/frame_1329434854935926.jpg,True,456.27792,455.49878,317.64102,245.34378,640,480,1.128253,-0.007301124,-3.626388,-0.6847064,0.6313983,0.08005698,0.35511145,314.1629638671875,True,True,True,True,True,True,,3.0,True,
session-20260402-051025,460,1329434954915442,1329434939629152,TRACKING,frame_1329434954915442.jpg,/content/trajectreview_input/session-20260402-051025/trajectreview/images/frame_1329434954915442.jpg,True,456.27792,455.49878,317.64102,245.34378,640,480,1.1403935,-0.011918331,-3.5905502,-0.68494666,0.62599564,0.07019244,0.366129,247.58294677734375,True,True,True,True,True,True,,3.0,True,
session-20260402-051025,463,1329435055055017,1329435039721287,TRACKING,frame_1329435055055017.jpg,/content/trajectreview_input/session-20260402-051025/trajectreview/images/frame_1329435055055017.jpg,True,456.27792,455.49878,317.64102,245.34378,640,480,1.1523104,-0.017689701,-3.556254,-0.6855563,0.6165529,0.060524806,0.38237655,218.71434020996094,True,True,True,True,True,True,,3.0,True,
session-20260402-051025,466,1329435155192776,1329435139813423,TRACKING,frame_1329435155192776.jpg,/content/trajectreview_input/session-20260402-051025/trajectreview/images/frame_1329435155192776.jpg,True,456.27792,455.49878,317.64102,245.34378,640,480,1.1661235,-0.01645298,-3.5186543,-0.6837018,0.60987735,0.053345993,0.3971845,195.33091735839844,True,True,True,True,True,True,,3.0,True,
session-20260402-051025,469,1329435255245149,1329435239905558,TRACKING,frame_1329435255245149.jpg,/content/trajectreview_input/session-20260402-051025/trajectreview/images/frame_1329435255245149.jpg,True,456.27792,455.49878,317.64102,245.34378,640,480,1.1832927,-0.01782371,-3.479712,-0.6814237,0.6061971,0.04170701,0.40797955,258.1108093261719,True,True,True,True,True,True,,3.0,True,
session-20260402-051025,472,1329435355351136,1329435339997694,TRACKING,frame_1329435355351136.jpg,/content/trajectreview_input/session-20260402-051025/trajectreview/images/frame_1329435355351136.jpg,True,456.27792,455.49878,317.64102,245.34378,640,480,1.2009187,-0.020386118,-3.4417336,-0.6845174,0.5954451,0.031207949,0.4194128,212.29827880859375,True,True,True,True,True,True,,3.0,True,
session-20260402-051025,475,1329435451311173,1329435431740829,TRACKING,frame_1329435451311173.jpg,/content/trajectreview_input/session-20260402-051025/trajectreview/images/frame_1329435451311173.jpg,True,456.27792,455.49878,317.64102,245.34378,640,480,1.2159429,-0.023186946,-3.4063754,-0.6917367,0.5715183,0.017022759,0.44110918,80.11000061035156,True,True,True,True,True,True,,3.0,True,
session-20260402-051025,478,1329435551332897,1329435531832964,TRACKING,frame_1329435551332897.jpg,/content/trajectreview_input/session-20260402-051025/trajectreview/images/frame_1329435551332897.jpg,True,456.27792,455.49878,317.64102,245.34378,640,480,1.2330942,-0.024280358,-3.366728,-0.6943896,0.5484246,0.0060511827,0.46585083,90.4234390258789,True,True,True,True,True,True,,3.0,True,
session-20260402-051025,481,1329435651448570,1329435631925100,TRACKING,frame_1329435651448570.jpg,/content/trajectreview_input/session-20260402-051025/trajectreview/images/frame_1329435651448570.jpg,True,456.27792,455.49878,317.64102,245.34378,640,480,1.2539513,-0.026446115,-3.3333828,-0.698163,0.5323813,-0.0070139766,0.478633,180.32962036132812,True,True,True,True,True,True,,3.0,True,
session-20260402-051025,484,1329435751670416,1329435732017235,TRACKING,frame_1329435751670416.jpg,/content/trajectreview_input/session-20260402-051025/trajectreview/images/frame_1329435751670416.jpg,True,456.27792,455.49878,317.64102,245.34378,640,480,1.2734132,-0.028545363,-3.2984648,-0.69572955,0.5215716,-0.019388571,0.4935053,266.9545593261719,True,True,True,True,True,True,,3.0,True,
session-20260402-051025,487,1329435851892578,1329435832109371,TRACKING,frame_1329435851892578.jpg,/content/trajectreview_input/session-20260402-051025/trajectreview/images/frame_1329435851892578.jpg,True,456.27792,455.49878,317.64102,245.34378,640,480,1.2903239,-0.031150335,-3.2686703,-0.69663656,0.5078903,-0.03398262,0.50555927,120.90617370605469,True,True,True,True,True,True,,3.0,True,
session-20260402-051025,490,1329435951939746,1329435932201506,TRACKING,frame_1329435951939746.jpg,/content/trajectreview_input/session-20260402-051025/trajectreview/images/frame_1329435951939746.jpg,True,456.27792,455.49878,317.64102,245.34378,640,480,1.3036201,-0.031079466,-3.2382393,-0.6956862,0.49277928,-0.05412309,0.51986533,216.725830078125,True,True,True,True,True,True,,3.0,True,
session-20260402-051025,493,1329436052084526,1329436032293642,TRACKING,frame_1329436052084526.jpg,/content/trajectreview_input/session-20260402-051025/trajectreview/images/frame_1329436052084526.jpg,True,456.27792,455.49878,317.64102,245.34378,640,480,1.3111267,-0.03415192,-3.2097874,-0.6948555,0.4733058,-0.08089994,0.535362,119.73735046386719,True,True,True,True,True,True,,3.0,True,
session-20260402-051025,496,1329436152178247,1329436132385777,TRACKING,frame_1329436152178247.jpg,/content/trajectreview_input/session-20260402-051025/trajectreview/images/frame_1329436152178247.jpg,True,456.27792,455.49878,317.64102,245.34378,640,480,1.3181577,-0.03786906,-3.1825,-0.7003476,0.4497284,-0.10925223,0.54343486,92.47415924072266,True,True,True,True,True,True,,3.0,True,
session-20260402-051025,499,1329436252325241,1329436232477860,TRACKING,frame_1329436252325241.jpg,/content/trajectreview_input/session-20260402-051025/trajectreview/images/frame_1329436252325241.jpg,True,456.27792,455.49878,317.64102,245.34378,640,480,1.3284627,-0.037848406,-3.154081,-0.7069346,0.42636067,-0.1329337,0.5484421,121.21253204345703,True,True,True,True,True,True,,3.0,True,
session-20260402-051025,502,1329436352448869,1329436332569996,TRACKING,frame_1329436352448869.jpg,/content/trajectreview_input/session-20260402-051025/trajectreview/images/frame_1329436352448869.jpg,True,456.27792,455.49878,317.64102,245.34378,640,480,1.3434043,-0.034682803,-3.125517,-0.71539724,0.40644172,-0.15182233,0.5476878,108.25881958007812,True,True,True,True,True,True,,3.0,True,
session-20260402-051025,505,1329436452536555,1329436432662131,TRACKING,frame_1329436452536555.jpg,/content/trajectreview_input/session-20260402-051025/trajectreview/images/frame_1329436452536555.jpg,True,456.27792,455.49878,317.64102,245.34378,640,480,1.3577051,-0.032285713,-3.098548,-0.7177438,0.3942456,-0.1717107,0.5476583,109.48986053466797,True,True,True,True,True,True,,3.0,True,
session-20260402-051025,508,1329436552639907,1329436532754267,TRACKING,frame_1329436552639907.jpg,/content/trajectreview_input/session-20260402-051025/trajectreview/images/frame_1329436552639907.jpg,True,456.27792,455.49878,317.64102,245.34378,640,480,1.367872,-0.02848917,-3.068589,-0.71039253,0.38330957,-0.18860008,0.5593264,103.44810485839844,True,True,True,True,True,True,,3.0,True,
session-20260402-051025,511,1329436652656220,1329436632846402,TRACKING,frame_1329436652656220.jpg,/content/trajectreview_input/session-20260402-051025/trajectreview/images/frame_1329436652656220.jpg,True,456.27792,455.49878,317.64102,245.34378,640,480,1.3769512,-0.02813825,-3.0287735,-0.7024905,0.3748857,-0.20120217,0.57051325,230.06826782226562,True,True,True,True,True,True,,3.0,True,
session-20260402-051025,514,1329436752762244,1329436732938537,TRACKING,frame_1329436752762244.jpg,/content/trajectreview_input/session-20260402-051025/trajectreview/images/frame_1329436752762244.jpg,True,456.27792,455.49878,317.64102,245.34378,640,480,1.3858855,-0.027709855,-2.9959488,-0.6996841,0.36331996,-0.2121939,0.5774205,157.9349822998047,True,True,True,True,True,True,,3.0,True,
session-20260402-051025,517,1329436852756763,1329436833030673,TRACKING,frame_1329436852756763.jpg,/content/trajectreview_input/session-20260402-051025/trajectreview/images/frame_1329436852756763.jpg,True,456.27792,455.49878,317.64102,245.34378,640,480,1.3972366,-0.027134819,-2.9608872,-0.69732636,0.3480012,-0.22419803,0.5851207,136.42950439453125,True,True,True,True,True,True,,3.0,True,
session-20260402-051025,520,1329436952923665,1329436933122808,TRACKING,frame_1329436952923665.jpg,/content/trajectreview_input/session-20260402-051025/trajectreview/images/frame_1329436952923665.jpg,True,456.27792,455.49878,317.64102,245.34378,640,480,1.4138119,-0.025051901,-2.924908,-0.69224113,0.33000928,-0.2458041,0.5928545,107.16810607910156,True,True,True,True,True,True,,3.0,True,
session-20260402-051025,523,1329437053105682,1329437033214944,TRACKING,frame_1329437053105682.jpg,/content/trajectreview_input/session-20260402-051025/trajectreview/images/frame_1329437053105682.jpg,True,456.27792,455.49878,317.64102,245.34378,640,480,1.4343722,-0.021295026,-2.8884456,-0.68886125,0.3158066,-0.26479554,0.5963385,154.19422912597656,True,True,True,True,True,True,,3.0,True,
session-20260402-051025,526,1329437157321447,1329437141656079,TRACKING,frame_1329437157321447.jpg,/content/trajectreview_input/session-20260402-051025/trajectreview/images/frame_1329437157321447.jpg,True,456.27792,455.49878,317.64102,245.34378,640,480,1.4516057,-0.021173455,-2.8486443,-0.67845327,0.30077556,-0.27788237,0.6099317,211.3199005126953,True,True,True,True,True,True,,3.0,True,
session-20260402-051025,529,1329437257373787,1329437241748214,TRACKING,frame_1329437257373787.jpg,/content/trajectreview_input/session-20260402-051025/trajectreview/images/frame_1329437257373787.jpg,True,456.27792,455.49878,317.64102,245.34378,640,480,1.4680876,-0.02096081,-2.8106937,-0.665378,0.28729078,-0.29009587,0.6249645,207.0739288330078,True,True,True,True,True,True,,3.0,True,
session-20260402-051025,532,1329437357502403,1329437341840350,TRACKING,frame_1329437357502403.jpg,/content/trajectreview_input/session-20260402-051025/trajectreview/images/frame_1329437357502403.jpg,True,456.27792,455.49878,317.64102,245.34378,640,480,1.4844048,-0.020951875,-2.7732701,-0.6600271,0.2812865,-0.2931196,0.63192004,142.95700073242188,True,True,True,True,True,True,,3.0,True,
session-20260402-051025,535,1329437457597641,1329437441932485,TRACKING,frame_1329437457597641.jpg,/content/trajectreview_input/session-20260402-051025/trajectreview/images/frame_1329437457597641.jpg,True,456.27792,455.49878,317.64102,245.34378,640,480,1.5010735,-0.021809114,-2.738373,-0.65651804,0.27925852,-0.29544818,0.635381,212.81239318847656,True,True,True,True,True,True,,3.0,True,
session-20260402-051025,538,1329437557599775,1329437542024621,TRACKING,frame_1329437557599775.jpg,/content/trajectreview_input/session-20260402-051025/trajectreview/images/frame_1329437557599775.jpg,True,456.27792,455.49878,317.64102,245.34378,640,480,1.5149083,-0.025616886,-2.7041752,-0.65550953,0.2817914,-0.29858112,0.63383764,167.09072875976562,True,True,True,True,True,True,,3.0,True,
session-20260402-051025,541,1329437657719562,1329437642116756,TRACKING,frame_1329437657719562.jpg,/content/trajectreview_input/session-20260402-051025/trajectreview/images/frame_1329437657719562.jpg,True,456.27792,455.49878,317.64102,245.34378,640,480,1.5240966,-0.030436616,-2.6676223,-0.6572647,0.2855159,-0.29616123,0.63148415,116.85852813720703,True,True,True,True,True,True,,3.0,True,
session-20260402-051025,544,1329437757820748,1329437742208839,TRACKING,frame_1329437757820748.jpg,/content/trajectreview_input/session-20260402-051025/trajectreview/images/frame_1329437757820748.jpg,True,456.27792,455.49878,317.64102,245.34378,640,480,1.5321574,-0.033215128,-2.6320584,-0.6616698,0.2832782,-0.30125904,0.6254515,145.56277465820312,True,True,True,True,True,True,,3.0,True,
session-20260402-051025,547,1329437857914426,1329437842300975,TRACKING,frame_1329437857914426.jpg,/content/trajectreview_input/session-20260402-051025/trajectreview/images/frame_1329437857914426.jpg,True,456.27792,455.49878,317.64102,245.34378,640,480,1.5364189,-0.034632716,-2.588613,-0.66456944,0.2831038,-0.29463828,0.62561,101.86900329589844,True,True,True,True,True,True,,3.0,True,
session-20260402-051025,550,1329437953836584,1329437934044110,TRACKING,frame_1329437953836584.jpg,/content/trajectreview_input/session-20260402-051025/trajectreview/images/frame_1329437953836584.jpg,True,456.27792,455.49878,317.64102,245.34378,640,480,1.5426518,-0.03841229,-2.543347,-0.6686357,0.27958947,-0.28917027,0.625409,147.08230590820312,True,True,True,True,True,True,,3.0,True,
session-20260402-051025,553,1329438053988255,1329438034136246,TRACKING,frame_1329438053988255.jpg,/content/trajectreview_input/session-20260402-051025/trajectreview/images/frame_1329438053988255.jpg,True,456.27792,455.49878,317.64102,245.34378,640,480,1.5520025,-0.04081157,-2.4930468,-0.6676316,0.2816381,-0.28292286,0.62841284,203.78250122070312,True,True,True,True,True,True,,3.0,True,
session-20260402-051025,556,1329438154125952,1329438134228381,TRACKING,frame_1329438154125952.jpg,/content/trajectreview_input/session-20260402-051025/trajectreview/images/frame_1329438154125952.jpg,True,456.27792,455.49878,317.64102,245.34378,640,480,1.564921,-0.0419014,-2.4385293,-0.66478777,0.2827545,-0.28367797,0.63058215,226.91172790527344,True,True,True,True,True,True,,3.0,True,
session-20260402-051025,559,1329438254197915,1329438234320517,TRACKING,frame_1329438254197915.jpg,/content/trajectreview_input/session-20260402-051025/trajectreview/images/frame_1329438254197915.jpg,True,456.27792,455.49878,317.64102,245.34378,640,480,1.5807935,-0.045713097,-2.3792052,-0.6553632,0.2754506,-0.29473323,0.6385596,173.39727783203125,True,True,True,True,True,True,,3.0,True,
session-20260402-051025,562,1329438354203822,1329438334412652,TRACKING,frame_1329438354203822.jpg,/content/trajectreview_input/session-20260402-051025/trajectreview/images/frame_1329438354203822.jpg,True,456.27792,455.49878,317.64102,245.34378,640,480,1.5968087,-0.04835057,-2.3183508,-0.6509365,0.25445873,-0.31028968,0.64440113,136.31002807617188,True,True,True,True,True,True,,3.0,True,
session-20260402-051025,565,1329438454279669,1329438434504787,TRACKING,frame_1329438454279669.jpg,/content/trajectreview_input/session-20260402-051025/trajectreview/images/frame_1329438454279669.jpg,True,456.27792,455.49878,317.64102,245.34378,640,480,1.60659,-0.045027412,-2.255168,-0.64503556,0.22965236,-0.32444113,0.6526307,101.112548828125,True,True,True,True,True,True,,3.0,True,
session-20260402-051025,568,1329438554313426,1329438534596923,TRACKING,frame_1329438554313426.jpg,/content/trajectreview_input/session-20260402-051025/trajectreview/images/frame_1329438554313426.jpg,True,456.27792,455.49878,317.64102,245.34378,640,480,1.6118964,-0.03856509,-2.1964421,-0.6394452,0.20933254,-0.33893698,0.65758,163.06851196289062,True,True,True,True,True,True,,3.0,True,
session-20260402-051025,571,1329438654537912,1329438634689058,TRACKING,frame_1329438654537912.jpg,/content/trajectreview_input/session-20260402-051025/trajectreview/images/frame_1329438654537912.jpg,True,456.27792,455.49878,317.64102,245.34378,640,480,1.6114794,-0.033075236,-2.142396,-0.62926376,0.20206177,-0.3531921,0.6621582,129.9471435546875,True,True,True,True,True,True,,3.0,True,
session-20260402-051025,574,1329438754418493,1329438734781194,TRACKING,frame_1329438754418493.jpg,/content/trajectreview_input/session-20260402-051025/trajectreview/images/frame_1329438754418493.jpg,True,456.27792,455.49878,317.64102,245.34378,640,480,1.6043833,-0.031997617,-2.096126,-0.6156439,0.19770318,-0.3724727,0.6657027,132.2332763671875,True,True,True,True,True,True,,3.0,True,
session-20260402-051025,577,1329438854481007,1329438834873329,TRACKING,frame_1329438854481007.jpg,/content/trajectreview_input/session-20260402-051025/trajectreview/images/frame_1329438854481007.jpg,True,456.27792,455.49878,317.64102,245.34378,640,480,1.5896058,-0.03222709,-2.051846,-0.6031853,0.19748631,-0.3876021,0.66852915,144.15792846679688,True,True,True,True,True,True,,3.0,True,
session-20260402-051025,580,1329438954453043,1329438934965464,TRACKING,frame_1329438954453043.jpg,/content/trajectreview_input/session-20260402-051025/trajectreview/images/frame_1329438954453043.jpg,True,456.27792,455.49878,317.64102,245.34378,640,480,1.568255,-0.033137478,-2.0058842,-0.59495467,0.19788255,-0.3932762,0.672462,182.99847412109375,True,True,True,True,True,True,,3.0,True,
session-20260402-051025,583,1329439054550668,1329439035057600,TRACKING,frame_1329439054550668.jpg,/content/trajectreview_input/session-20260402-051025/trajectreview/images/frame_1329439054550668.jpg,True,456.27792,455.49878,317.64102,245.34378,640,480,1.5436968,-0.034984894,-1.958336,-0.59593487,0.19597165,-0.39542645,0.6708911,95.08500671386719,True,True,True,True,True,True,,3.0,True,
session-20260402-051025,586,1329439154739068,1329439135149735,TRACKING,frame_1329439154739068.jpg,/content/trajectreview_input/session-20260402-051025/trajectreview/images/frame_1329439154739068.jpg,True,456.27792,455.49878,317.64102,245.34378,640,480,1.5132773,-0.034390666,-1.9126137,-0.5973183,0.19649585,-0.4037888,0.66449594,75.724853515625,True,True,True,True,True,True,,3.0,True,
session-20260402-051025,589,1329439254805519,1329439235241819,TRACKING,frame_1329439254805519.jpg,/content/trajectreview_input/session-20260402-051025/trajectreview/images/frame_1329439254805519.jpg,True,456.27792,455.49878,317.64102,245.34378,640,480,1.479075,-0.03108234,-1.865859,-0.5959804,0.19689783,-0.40518004,0.66473126,168.32476806640625,True,True,True,True,True,True,,3.0,True,
session-20260402-051025,592,1329439354910487,1329439335333954,TRACKING,frame_1329439354910487.jpg,/content/trajectreview_input/session-20260402-051025/trajectreview/images/frame_1329439354910487.jpg,True,456.27792,455.49878,317.64102,245.34378,640,480,1.4459383,-0.03032937,-1.8183106,-0.59036756,0.19112946,-0.40362397,0.67232674,188.2513885498047,True,True,True,True,True,True,,3.0,True,
session-20260402-051025,595,1329439454950569,1329439435426089,TRACKING,frame_1329439454950569.jpg,/content/trajectreview_input/session-20260402-051025/trajectreview/images/frame_1329439454950569.jpg,True,456.27792,455.49878,317.64102,245.34378,640,480,1.4153103,-0.03138244,-1.7704653,-0.5743136,0.17889723,-0.40592217,0.6880311,106.498046875,True,True,True,True,True,True,,3.0,True,
session-20260402-051025,598,1329439555014761,1329439535518225,TRACKING,frame_1329439555014761.jpg,/content/trajectreview_input/session-20260402-051025/trajectreview/images/frame_1329439555014761.jpg,True,456.27792,455.49878,317.64102,245.34378,640,480,1.3909787,-0.03391833,-1.7226362,-0.5593225,0.16702507,-0.41271228,0.6992351,137.7177734375,True,True,True,True,True,True,,3.0,True,
session-20260402-051025,601,1329439655185504,1329439635610360,TRACKING,frame_1329439655185504.jpg,/content/trajectreview_input/session-20260402-051025/trajectreview/images/frame_1329439655185504.jpg,True,456.27792,455.49878,317.64102,245.34378,640,480,1.3765181,-0.031235356,-1.6801507,-0.5490061,0.15193067,-0.43228033,0.69903004,111.19721984863281,True,True,True,True,True,True,,3.0,True,
session-20260402-051025,604,1329439755321324,1329439735702496,TRACKING,frame_1329439755321324.jpg,/content/trajectreview_input/session-20260402-051025/trajectreview/images/frame_1329439755321324.jpg,True,456.27792,455.49878,317.64102,245.34378,640,480,1.359265,-0.025989579,-1.640873,-0.5474993,0.1432122,-0.44574594,0.69357437,145.01882934570312,True,True,True,True,True,True,,3.0,True,
session-20260402-051025,607,1329439855423564,1329439835794631,TRACKING,frame_1329439855423564.jpg,/content/trajectreview_input/session-20260402-051025/trajectreview/images/frame_1329439855423564.jpg,True,456.27792,455.49878,317.64102,245.34378,640,480,1.3399857,-0.021119192,-1.6075859,-0.5446832,0.13773225,-0.45352995,0.691853,130.2673797607422,True,True,True,True,True,True,,3.0,True,
session-20260402-051025,610,1329439955486599,1329439935886767,TRACKING,frame_1329439955486599.jpg,/content/trajectreview_input/session-20260402-051025/trajectreview/images/frame_1329439955486599.jpg,True,456.27792,455.49878,317.64102,245.34378,640,480,1.3231673,-0.018612847,-1.5806602,-0.54024494,0.1378723,-0.4657669,0.6871592,120.7427978515625,True,True,True,True,True,True,,3.0,True,
session-20260402-051025,613,1329440055553221,1329440035978902,TRACKING,frame_1329440055553221.jpg,/content/trajectreview_input/session-20260402-051025/trajectreview/images/frame_1329440055553221.jpg,True,456.27792,455.49878,317.64102,245.34378,640,480,1.3071046,-0.020444404,-1.5607266,-0.53862005,0.13837068,-0.46492553,0.6889021,148.61050415039062,True,True,True,True,True,True,,3.0,True,
session-20260402-051025,616,1329440155566370,1329440136071037,TRACKING,frame_1329440155566370.jpg,/content/trajectreview_input/session-20260402-051025/trajectreview/images/frame_1329440155566370.jpg,True,456.27792,455.49878,317.64102,245.34378,640,480,1.2969788,-0.023510389,-1.5422245,-0.53126186,0.12649223,-0.46325654,0.6979641,92.34190368652344,True,True,True,True,True,True,,3.0,True,
session-20260402-051025,619,1329440255830581,1329440236163173,TRACKING,frame_1329440255830581.jpg,/content/trajectreview_input/session-20260402-051025/trajectreview/images/frame_1329440255830581.jpg,True,456.27792,455.49878,317.64102,245.34378,640,480,1.2918065,-0.018746426,-1.5182366,-0.52590495,0.12882036,-0.46455523,0.7007265,181.2632293701172,True,True,True,True,True,True,,3.0,True,
session-20260402-051025,622,1329440355891626,1329440336255308,TRACKING,frame_1329440355891626.jpg,/content/trajectreview_input/session-20260402-051025/trajectreview/images/frame_1329440355891626.jpg,True,456.27792,455.49878,317.64102,245.34378,640,480,1.2882495,-0.017798489,-1.4923348,-0.5198696,0.12147127,-0.4755277,0.69918066,216.24676513671875,True,True,True,True,True,True,,3.0,True,
session-20260402-051025,625,1329440456054732,1329440436347444,TRACKING,frame_1329440456054732.jpg,/content/trajectreview_input/session-20260402-051025/trajectreview/images/frame_1329440456054732.jpg,True,456.27792,455.49878,317.64102,245.34378,640,480,1.2842135,-0.020960798,-1.4591702,-0.5130944,0.113060996,-0.4826445,0.70071787,200.40139770507812,True,True,True,True,True,True,,3.0,True,
session-20260402-051025,628,1329440556180899,1329440536439579,TRACKING,frame_1329440556180899.jpg,/content/trajectreview_input/session-20260402-051025/trajectreview/images/frame_1329440556180899.jpg,True,456.27792,455.49878,317.64102,245.34378,640,480,1.2845058,-0.024895685,-1.4132249,-0.49530792,0.10921087,-0.49124143,0.70811355,83.51010131835938,True,True,True,True,True,True,,3.0,True,
session-20260402-051025,631,1329440656347367,1329440636531714,TRACKING,frame_1329440656347367.jpg,/content/trajectreview_input/session-20260402-051025/trajectreview/images/frame_1329440656347367.jpg,True,456.27792,455.49878,317.64102,245.34378,640,480,1.2879022,-0.032318912,-1.3613877,-0.4802375,0.09150229,-0.50761306,0.70945626,70.24698638916016,True,True,True,True,True,True,,3.0,True,
session-20260402-051025,634,1329440756418377,1329440736623798,TRACKING,frame_1329440756418377.jpg,/content/trajectreview_input/session-20260402-051025/trajectreview/images/frame_1329440756418377.jpg,True,456.27792,455.49878,317.64102,245.34378,640,480,1.2868278,-0.041374385,-1.2953278,-0.4722395,0.06841511,-0.5183977,0.7096288,65.59916687011719,True,True,True,True,True,True,,3.0,True,
session-20260402-051025,637,1329440856514359,1329440836715933,TRACKING,frame_1329440856514359.jpg,/content/trajectreview_input/session-20260402-051025/trajectreview/images/frame_1329440856514359.jpg,True,456.27792,455.49878,317.64102,245.34378,640,480,1.2863141,-0.04280012,-1.2129405,-0.46359524,0.053411234,-0.5266498,0.7105398,116.08008575439453,True,True,True,True,True,True,,3.0,True,
session-20260402-051025,640,1329440956485403,1329440936808069,TRACKING,frame_1329440956485403.jpg,/content/trajectreview_input/session-20260402-051025/trajectreview/images/frame_1329440956485403.jpg,True,456.27792,455.49878,317.64102,245.34378,640,480,1.2843952,-0.033057753,-1.1278249,-0.4683493,0.051451202,-0.52502036,0.7087702,100.89910125732422,True,True,True,True,True,True,,3.0,True,
session-20260402-051025,643,1329441056549836,1329441036900204,TRACKING,frame_1329441056549836.jpg,/content/trajectreview_input/session-20260402-051025/trajectreview/images/frame_1329441056549836.jpg,True,456.27792,455.49878,317.64102,245.34378,640,480,1.2886212,-0.020205677,-1.0533868,-0.47050843,0.05198184,-0.53095376,0.70285684,81.80680847167969,True,True,True,True,True,True,,3.0,True,
session-20260402-051025,646,1329441156648213,1329441136992339,TRACKING,frame_1329441156648213.jpg,/content/trajectreview_input/session-20260402-051025/trajectreview/images/frame_1329441156648213.jpg,True,456.27792,455.49878,317.64102,245.34378,640,480,1.2942041,-0.009510243,-0.9914053,-0.4647226,0.048190325,-0.54212636,0.69843364,170.72286987304688,True,True,True,True,True,True,,3.0,True,
session-20260402-051025,649,1329441256791222,1329441237084475,TRACKING,frame_1329441256791222.jpg,/content/trajectreview_input/session-20260402-051025/trajectreview/images/frame_1329441256791222.jpg,True,456.27792,455.49878,317.64102,245.34378,640,480,1.2922231,-0.0061073173,-0.9360365,-0.45795444,0.04364755,-0.5501,0.6969667,211.1256866455078,True,True,True,True,True,True,,3.0,True,
session-20260402-051025,652,1329441356900646,1329441337176610,TRACKING,frame_1329441356900646.jpg,/content/trajectreview_input/session-20260402-051025/trajectreview/images/frame_1329441356900646.jpg,True,456.27792,455.49878,317.64102,245.34378,640,480,1.2791506,-0.011639817,-0.886976,-0.4563247,0.041145492,-0.54839146,0.69952965,133.984375,True,True,True,True,True,True,,3.0,True,
session-20260402-051025,655,1329441456933806,1329441437268746,TRACKING,frame_1329441456933806.jpg,/content/trajectreview_input/session-20260402-051025/trajectreview/images/frame_1329441456933806.jpg,True,456.27792,455.49878,317.64102,245.34378,640,480,1.261126,-0.021379976,-0.84500796,-0.45099294,0.034806482,-0.544673,0.7062048,176.28684997558594,True,True,True,True,True,True,,3.0,True,
session-20260402-051025,658,1329441557052951,1329441537360881,TRACKING,frame_1329441557052951.jpg,/content/trajectreview_input/session-20260402-051025/trajectreview/images/frame_1329441557052951.jpg,True,456.27792,455.49878,317.64102,245.34378,640,480,1.2407364,-0.02644514,-0.8057445,-0.44346958,0.030797757,-0.54893893,0.70785046,128.81442260742188,True,True,True,True,True,True,,3.0,True,
session-20260402-051025,661,1329441657187488,1329441637453017,TRACKING,frame_1329441657187488.jpg,/content/trajectreview_input/session-20260402-051025/trajectreview/images/frame_1329441657187488.jpg,True,456.27792,455.49878,317.64102,245.34378,640,480,1.2219067,-0.029732708,-0.7620762,-0.43481693,0.023255866,-0.5619976,0.703244,125.25680541992188,True,True,True,True,True,True,,3.0,True,
session-20260402-051025,664,1329441757368794,1329441737545152,TRACKING,frame_1329441757368794.jpg,/content/trajectreview_input/session-20260402-051025/trajectreview/images/frame_1329441757368794.jpg,True,456.27792,455.49878,317.64102,245.34378,640,480,1.1992922,-0.03518428,-0.7157646,-0.4190514,0.011690337,-0.57632715,0.7015028,162.55548095703125,True,True,True,True,True,True,,3.0,True,
session-20260402-051025,667,1329441857563019,1329441837637287,TRACKING,frame_1329441857563019.jpg,/content/trajectreview_input/session-20260402-051025/trajectreview/images/frame_1329441857563019.jpg,True,456.27792,455.49878,317.64102,245.34378,640,480,1.1720384,-0.039698444,-0.6687468,-0.40975028,-0.0027352194,-0.58925,0.69633436,172.80120849609375,True,True,True,True,True,True,,3.0,True,
session-20260402-051025,670,1329441957566852,1329441937729423,TRACKING,frame_1329441957566852.jpg,/content/trajectreview_input/session-20260402-051025/trajectreview/images/frame_1329441957566852.jpg,True,456.27792,455.49878,317.64102,245.34378,640,480,1.1455306,-0.03617824,-0.6134898,-0.4023237,-0.010897255,-0.5974182,0.6936197,166.22525024414062,True,True,True,True,True,True,,3.0,True,
session-20260402-051025,673,1329442057577156,1329442037821558,TRACKING,frame_1329442057577156.jpg,/content/trajectreview_input/session-20260402-051025/trajectreview/images/frame_1329442057577156.jpg,True,456.27792,455.49878,317.64102,245.34378,640,480,1.1199303,-0.030319015,-0.5591926,-0.40118605,-0.012372849,-0.5977832,0.6939393,205.72842407226562,True,True,True,True,True,True,,3.0,True,
session-20260402-051025,676,1329442157665399,1329442137913694,TRACKING,frame_1329442157665399.jpg,/content/trajectreview_input/session-20260402-051025/trajectreview/images/frame_1329442157665399.jpg,True,456.27792,455.49878,317.64102,245.34378,640,480,1.0941943,-0.022399463,-0.5104955,-0.38960746,-0.015977703,-0.5977486,0.7004622,221.84799194335938,True,True,True,True,True,True,,3.0,True,
session-20260402-051025,679,1329442257727497,1329442238005777,TRACKING,frame_1329442257727497.jpg,/content/trajectreview_input/session-20260402-051025/trajectreview/images/frame_1329442257727497.jpg,True,456.27792,455.49878,317.64102,245.34378,640,480,1.06762,-0.014456369,-0.46713182,-0.37767464,-0.02137704,-0.6008841,0.7041612,179.89845275878906,True,True,True,True,True,True,,3.0,True,
session-20260402-051025,682,1329442357831541,1329442338097912,TRACKING,frame_1329442357831541.jpg,/content/trajectreview_input/session-20260402-051025/trajectreview/images/frame_1329442357831541.jpg,True,456.27792,455.49878,317.64102,245.34378,640,480,1.0404234,-0.008747973,-0.42629632,-0.36489746,-0.026154146,-0.6070599,0.70543885,177.55088806152344,True,True,True,True,True,True,,3.0,True,
session-20260402-051025,685,1329442457924582,1329442438190048,TRACKING,frame_1329442457924582.jpg,/content/trajectreview_input/session-20260402-051025/trajectreview/images/frame_1329442457924582.jpg,True,456.27792,455.49878,317.64102,245.34378,640,480,1.0101552,-0.0062393863,-0.38673246,-0.3560289,-0.029399212,-0.616397,0.7017363,220.34970092773438,True,True,True,True,True,True,,3.0,True,
session-20260402-051025,688,1329442558051201,1329442538282183,TRACKING,frame_1329442558051201.jpg,/content/trajectreview_input/session-20260402-051025/trajectreview/images/frame_1329442558051201.jpg,True,456.27792,455.49878,317.64102,245.34378,640,480,0.9749788,-0.0045513418,-0.35272008,-0.3443559,-0.04001747,-0.6225995,0.70156074,180.373046875,True,True,True,True,True,True,,3.0,True,
session-20260402-051025,691,1329442658210703,1329442638374319,TRACKING,frame_1329442658210703.jpg,/content/trajectreview_input/session-20260402-051025/trajectreview/images/frame_1329442658210703.jpg,True,456.27792,455.49878,317.64102,245.34378,640,480,0.9400965,-0.0058390144,-0.323164,-0.33153313,-0.050721727,-0.6313712,0.699202,137.02598571777344,True,True,True,True,True,True,,3.0,True,
session-20260402-051025,694,1329442758324334,1329442738466454,TRACKING,frame_1329442758324334.jpg,/content/trajectreview_input/session-20260402-051025/trajectreview/images/frame_1329442758324334.jpg,True,456.27792,455.49878,317.64102,245.34378,640,480,0.90266335,-0.008322274,-0.299689,-0.31230533,-0.057390645,-0.63694507,0.7024761,166.8216094970703,True,True,True,True,True,True,,3.0,True,
session-20260402-051025,697,1329442858390333,1329442838558589,TRACKING,frame_1329442858390333.jpg,/content/trajectreview_input/session-20260402-051025/trajectreview/images/frame_1329442858390333.jpg,True,456.27792,455.49878,317.64102,245.34378,640,480,0.8621395,-0.008603452,-0.28176084,-0.29848778,-0.068269156,-0.6426653,0.7023002,204.90548706054688,True,True,True,True,True,True,,3.0,True,
session-20260402-051025,700,1329442958473612,1329442938650725,TRACKING,frame_1329442958473612.jpg,/content/trajectreview_input/session-20260402-051025/trajectreview/images/frame_1329442958473612.jpg,True,456.27792,455.49878,317.64102,245.34378,640,480,0.8185949,-0.011680048,-0.26759085,-0.2830263,-0.07607918,-0.64942485,0.70168036,166.81381225585938,True,True,True,True,True,True,,3.0,True,
session-20260402-051025,703,1329443058531537,1329443038742860,TRACKING,frame_1329443058531537.jpg,/content/trajectreview_input/session-20260402-051025/trajectreview/images/frame_1329443058531537.jpg,True,456.27792,455.49878,317.64102,245.34378,640,480,0.7719747,-0.011679912,-0.25916255,-0.26791325,-0.083648674,-0.6575936,0.6991394,168.87615966796875,True,True,True,True,True,True,,3.0,True,
session-20260402-051025,706,1329443158566650,1329443138834996,TRACKING,frame_1329443158566650.jpg,/content/trajectreview_input/session-20260402-051025/trajectreview/images/frame_1329443158566650.jpg,True,456.27792,455.49878,317.64102,245.34378,640,480,0.7244314,-0.009184325,-0.25287226,-0.2508034,-0.09443734,-0.67030334,0.69200623,150.88308715820312,True,True,True,True,True,True,,3.0,True,
session-20260402-051025,709,1329443258620915,1329443238927131,TRACKING,frame_1329443258620915.jpg,/content/trajectreview_input/session-20260402-051025/trajectreview/images/frame_1329443258620915.jpg,True,456.27792,455.49878,317.64102,245.34378,640,480,0.6748514,-0.0049008727,-0.2448611,-0.23445538,-0.102350116,-0.6792106,0.6879157,173.4654541015625,True,True,True,True,True,True,,3.0,True,
session-20260402-051025,712,1329443358695978,1329443339019267,TRACKING,frame_1329443358695978.jpg,/content/trajectreview_input/session-20260402-051025/trajectreview/images/frame_1329443358695978.jpg,True,456.27792,455.49878,317.64102,245.34378,640,480,0.62534225,-0.005626267,-0.23675303,-0.21802104,-0.113891125,-0.68402106,0.6867392,167.773681640625,True,True,True,True,True,True,,3.0,True,
session-20260402-051025,715,1329443458764816,1329443439111402,TRACKING,frame_1329443458764816.jpg,/content/trajectreview_input/session-20260402-051025/trajectreview/images/frame_1329443458764816.jpg,True,456.27792,455.49878,317.64102,245.34378,640,480,0.57237303,-0.007368503,-0.23066132,-0.20405418,-0.12765983,-0.6839859,0.6886422,233.20327758789062,True,True,True,True,True,True,,3.0,True,
session-20260402-051025,718,1329443558841468,1329443539203485,TRACKING,frame_1329443558841468.jpg,/content/trajectreview_input/session-20260402-051025/trajectreview/images/frame_1329443558841468.jpg,True,456.27792,455.49878,317.64102,245.34378,640,480,0.51802593,-0.011189656,-0.2232545,-0.19644403,-0.1364459,-0.6876068,0.6855574,164.83334350585938,True,True,True,True,True,True,,3.0,True,
session-20260402-051025,721,1329443658944098,1329443639295673,TRACKING,frame_1329443658944098.jpg,/content/trajectreview_input/session-20260402-051025/trajectreview/images/frame_1329443658944098.jpg,True,456.27792,455.49878,317.64102,245.34378,640,480,0.464331,-0.0125072915,-0.21786721,-0.1882699,-0.14471477,-0.692245,0.6814756,116.5755386352539,True,True,True,True,True,True,,3.0,True,
session-20260402-051025,724,1329443758987203,1329443739387756,TRACKING,frame_1329443758987203.jpg,/content/trajectreview_input/session-20260402-051025/trajectreview/images/frame_1329443758987203.jpg,True,456.27792,455.49878,317.64102,245.34378,640,480,0.41461936,-0.0061677154,-0.21966171,-0.1772706,-0.16412435,-0.6985116,0.6735874,100.09416198730469,True,True,True,True,True,True,,3.0,True,
session-20260402-051025,727,1329443859110282,1329443839479892,TRACKING,frame_1329443859110282.jpg,/content/trajectreview_input/session-20260402-051025/trajectreview/images/frame_1329443859110282.jpg,True,456.27792,455.49878,317.64102,245.34378,640,480,0.3694844,0.00032253563,-0.22971943,-0.15935653,-0.17346953,-0.7041848,0.66980433,114.96395874023438,True,True,True,True,True,True,,3.0,True,
session-20260402-051025,730,1329443959197280,1329443939572027,TRACKING,frame_1329443959197280.jpg,/content/trajectreview_input/session-20260402-051025/trajectreview/images/frame_1329443959197280.jpg,True,456.27792,455.49878,317.64102,245.34378,640,480,0.33465832,0.0010085236,-0.2480684,-0.13660125,-0.18385468,-0.7089461,0.6670329,86.03797149658203,True,True,True,True,True,True,,3.0,True,
session-20260402-051025,733,1329444059322725,1329444039664162,TRACKING,frame_1329444059322725.jpg,/content/trajectreview_input/session-20260402-051025/trajectreview/images/frame_1329444059322725.jpg,True,456.27792,455.49878,317.64102,245.34378,640,480,0.30588076,0.0018952023,-0.27617744,-0.113544375,-0.19721292,-0.70757616,0.66899234,68.830078125,True,True,True,True,True,True,,3.0,True,
session-20260402-051025,736,1329444159366184,1329444139756298,TRACKING,frame_1329444159366184.jpg,/content/trajectreview_input/session-20260402-051025/trajectreview/images/frame_1329444159366184.jpg,True,456.27792,455.49878,317.64102,245.34378,640,480,0.27574253,0.0012586229,-0.31192303,-0.09589236,-0.20345102,-0.70211923,0.675604,100.95280456542969,True,True,True,True,True,True,,3.0,True,
session-20260402-051025,739,1329444259568065,1329444239848433,TRACKING,frame_1329444259568065.jpg,/content/trajectreview_input/session-20260402-051025/trajectreview/images/frame_1329444259568065.jpg,True,456.27792,455.49878,317.64102,245.34378,640,480,0.24973232,-0.0002822131,-0.35326877,-0.09048721,-0.19772157,-0.70620096,0.67379403,141.0087432861328,True,True,True,True,True,True,,3.0,True,
session-20260402-051025,742,1329444359497626,1329444339940569,TRACKING,frame_1329444359497626.jpg,/content/trajectreview_input/session-20260402-051025/trajectreview/images/frame_1329444359497626.jpg,True,456.27792,455.49878,317.64102,245.34378,640,480,0.22793578,0.0016728844,-0.39794075,-0.08487041,-0.20235945,-0.70858264,0.6706402,176.92822265625,True,True,True,True,True,True,,3.0,True,
session-20260402-051025,745,1329444459539779,1329444440032704,TRACKING,frame_1329444459539779.jpg,/content/trajectreview_input/session-20260402-051025/trajectreview/images/frame_1329444459539779.jpg,True,456.27792,455.49878,317.64102,245.34378,640,480,0.20699103,0.003597254,-0.43900165,-0.07292067,-0.20414835,-0.7097435,0.6702762,133.25009155273438,True,True,True,True,True,True,,3.0,True,
session-20260402-051025,748,1329444559562812,1329444540124839,TRACKING,frame_1329444559562812.jpg,/content/trajectreview_input/session-20260402-051025/trajectreview/images/frame_1329444559562812.jpg,True,456.27792,455.49878,317.64102,245.34378,640,480,0.18299766,0.003661137,-0.4808828,-0.063132025,-0.2146057,-0.7016258,0.67652035,185.35589599609375,True,True,True,True,True,True,,3.0,True,
session-20260402-051025,751,1329444659601140,1329444640216975,TRACKING,frame_1329444659601140.jpg,/content/trajectreview_input/session-20260402-051025/trajectreview/images/frame_1329444659601140.jpg,True,456.27792,455.49878,317.64102,245.34378,640,480,0.15743712,0.004479099,-0.5206228,-0.061424013,-0.2174674,-0.698882,0.6786007,216.87393188476562,True,True,True,True,True,True,,3.0,True,
session-20260402-051025,754,1329444759690022,1329444740309110,TRACKING,frame_1329444759690022.jpg,/content/trajectreview_input/session-20260402-051025/trajectreview/images/frame_1329444759690022.jpg,True,456.27792,455.49878,317.64102,245.34378,640,480,0.13316385,0.0057566054,-0.56038874,-0.056214157,-0.22231899,-0.69636875,0.6800624,290.7315673828125,True,True,True,True,True,True,,3.0,True,
session-20260402-051025,757,1329444859669645,1329444840401246,TRACKING,frame_1329444859669645.jpg,/content/trajectreview_input/session-20260402-051025/trajectreview/images/frame_1329444859669645.jpg,True,456.27792,455.49878,317.64102,245.34378,640,480,0.107535824,0.005720312,-0.6019337,-0.053469684,-0.22442387,-0.6921713,0.68386686,202.29409790039062,True,True,True,True,True,True,,3.0,True,
session-20260402-051025,760,1329444959716796,1329444940493381,TRACKING,frame_1329444959716796.jpg,/content/trajectreview_input/session-20260402-051025/trajectreview/images/frame_1329444959716796.jpg,True,456.27792,455.49878,317.64102,245.34378,640,480,0.078445494,0.0054177213,-0.63873726,-0.05273447,-0.22984539,-0.6925164,0.6817707,122.56037902832031,True,True,True,True,True,True,,3.0,True,
session-20260402-051025,763,1329445059831540,1329445040585464,TRACKING,frame_1329445059831540.jpg,/content/trajectreview_input/session-20260402-051025/trajectreview/images/frame_1329445059831540.jpg,True,456.27792,455.49878,317.64102,245.34378,640,480,0.05527641,0.009339191,-0.67705756,-0.053301416,-0.2310907,-0.6932267,0.68058276,200.18258666992188,True,True,True,True,True,True,,3.0,True,
session-20260402-051025,766,1329445159889927,1329445140677600,TRACKING,frame_1329445159889927.jpg,/content/trajectreview_input/session-20260402-051025/trajectreview/images/frame_1329445159889927.jpg,True,456.27792,455.49878,317.64102,245.34378,640,480,0.033649694,0.011375703,-0.7066519,-0.053989578,-0.22601105,-0.6942255,0.68121594,296.7447509765625,True,True,True,True,True,True,,3.0,True,
session-20260402-051025,769,1329445259981613,1329445240769735,TRACKING,frame_1329445259981613.jpg,/content/trajectreview_input/session-20260402-051025/trajectreview/images/frame_1329445259981613.jpg,True,456.27792,455.49878,317.64102,245.34378,640,480,0.016359849,0.010344423,-0.73548913,-0.060644872,-0.2241605,-0.6918944,0.6836347,140.56153869628906,True,True,True,True,True,True,,3.0,True,
session-20260402-051025,772,1329445360006916,1329445340861871,TRACKING,frame_1329445360006916.jpg,/content/trajectreview_input/session-20260402-051025/trajectreview/images/frame_1329445360006916.jpg,True,456.27792,455.49878,317.64102,245.34378,640,480,0.0009362383,0.009048913,-0.7684766,-0.06779539,-0.22273919,-0.6914018,0.68392587,280.18450927734375,True,True,True,True,True,True,,3.0,True,
session-20260402-051025,775,1329445460068086,1329445440954006,TRACKING,frame_1329445460068086.jpg,/content/trajectreview_input/session-20260402-051025/trajectreview/images/frame_1329445460068086.jpg,True,456.27792,455.49878,317.64102,245.34378,640,480,-0.012118341,0.0033724103,-0.802974,-0.07158452,-0.22609666,-0.6907535,0.6830927,324.2205505371094,True,True,True,True,True,True,,3.0,True,
session-20260402-051025,778,1329445560179518,1329445541046142,TRACKING,frame_1329445560179518.jpg,/content/trajectreview_input/session-20260402-051025/trajectreview/images/frame_1329445560179518.jpg,True,456.27792,455.49878,317.64102,245.34378,640,480,-0.023488596,8.177571e-05,-0.83953285,-0.07516899,-0.23196754,-0.68940765,0.68209785,264.7677917480469,True,True,True,True,True,True,,3.0,True,
session-20260402-051025,781,1329445660208666,1329445641138277,TRACKING,frame_1329445660208666.jpg,/content/trajectreview_input/session-20260402-051025/trajectreview/images/frame_1329445660208666.jpg,True,456.27792,455.49878,317.64102,245.34378,640,480,-0.03252349,-0.0026331712,-0.87514865,-0.07393305,-0.22888929,-0.6886597,0.6840258,254.61795043945312,True,True,True,True,True,True,,3.0,True,
session-20260402-051025,784,1329445760306320,1329445741230412,TRACKING,frame_1329445760306320.jpg,/content/trajectreview_input/session-20260402-051025/trajectreview/images/frame_1329445760306320.jpg,True,456.27792,455.49878,317.64102,245.34378,640,480,-0.037859667,0.0005679503,-0.91499066,-0.07708503,-0.23132536,-0.68396956,0.68755513,316.7220764160156,True,True,True,True,True,True,,3.0,True,
session-20260402-051025,787,1329445860370851,1329445841322548,TRACKING,frame_1329445860370851.jpg,/content/trajectreview_input/session-20260402-051025/trajectreview/images/frame_1329445860370851.jpg,True,456.27792,455.49878,317.64102,245.34378,640,480,-0.041773263,0.007449826,-0.9488955,-0.07561185,-0.22664626,-0.6830127,0.69022304,183.67234802246094,True,True,True,True,True,True,,3.0,True,
session-20260402-051025,790,1329445960474229,1329445941414683,TRACKING,frame_1329445960474229.jpg,/content/trajectreview_input/session-20260402-051025/trajectreview/images/frame_1329445960474229.jpg,True,456.27792,455.49878,317.64102,245.34378,640,480,-0.04958876,0.008819325,-0.98273784,-0.07333624,-0.22584945,-0.68049556,0.69320965,284.80517578125,True,True,True,True,True,True,,3.0,True,
session-20260402-051025,793,1329446060702536,1329446041506819,TRACKING,frame_1329446060702536.jpg,/content/trajectreview_input/session-20260402-051025/trajectreview/images/frame_1329446060702536.jpg,True,456.27792,455.49878,317.64102,245.34378,640,480,-0.05874643,0.0045616943,-1.0190058,-0.074274704,-0.23948811,-0.6764296,0.69251096,176.18814086914062,True,True,True,True,True,True,,3.0,True,
session-20260402-051025,796,1329446160737018,1329446141598954,TRACKING,frame_1329446160737018.jpg,/content/trajectreview_input/session-20260402-051025/trajectreview/images/frame_1329446160737018.jpg,True,456.27792,455.49878,317.64102,245.34378,640,480,-0.07505254,0.0036189817,-1.0555518,-0.072181225,-0.24802974,-0.6726741,0.6933835,305.2508544921875,True,True,True,True,True,True,,3.0,True,
session-20260402-051025,799,1329446260960832,1329446241691089,TRACKING,frame_1329446260960832.jpg,/content/trajectreview_input/session-20260402-051025/trajectreview/images/frame_1329446260960832.jpg,True,456.27792,455.49878,317.64102,245.34378,640,480,-0.09531312,0.003015643,-1.0893201,-0.07555215,-0.24366024,-0.67264813,0.69459784,138.7283935546875,True,True,True,True,True,True,,3.0,True,
session-20260402-051025,802,1329446365240340,1329446350132225,TRACKING,frame_1329446365240340.jpg,/content/trajectreview_input/session-20260402-051025/trajectreview/images/frame_1329446365240340.jpg,True,456.27792,455.49878,317.64102,245.34378,640,480,-0.11937794,0.0020266809,-1.1226814,-0.07788477,-0.24673213,-0.66979027,0.696016,344.42779541015625,True,True,True,True,True,True,,3.0,True,
session-20260402-051025,805,1329446465343943,1329446450224360,TRACKING,frame_1329446465343943.jpg,/content/trajectreview_input/session-20260402-051025/trajectreview/images/frame_1329446465343943.jpg,True,456.27792,455.49878,317.64102,245.34378,640,480,-0.14649524,0.0010395348,-1.1535505,-0.07604211,-0.25203338,-0.6670331,0.69696754,349.3709716796875,True,True,True,True,True,True,,3.0,True,
session-20260402-051025,808,1329446565409399,1329446550316444,TRACKING,frame_1329446565409399.jpg,/content/trajectreview_input/session-20260402-051025/trajectreview/images/frame_1329446565409399.jpg,True,456.27792,455.49878,317.64102,245.34378,640,480,-0.17716178,-0.0014105141,-1.1791685,-0.0775285,-0.25899276,-0.66443455,0.69673437,285.8127136230469,True,True,True,True,True,True,,3.0,True,
session-20260402-051025,811,1329446665478406,1329446650408579,TRACKING,frame_1329446665478406.jpg,/content/trajectreview_input/session-20260402-051025/trajectreview/images/frame_1329446665478406.jpg,True,456.27792,455.49878,317.64102,245.34378,640,480,-0.2087,-0.003009433,-1.2030053,-0.08388422,-0.26393715,-0.6633471,0.6951771,283.0313720703125,True,True,True,True,True,True,,3.0,True,
session-20260402-051025,814,1329446765653577,1329446750500714,TRACKING,frame_1329446765653577.jpg,/content/trajectreview_input/session-20260402-051025/trajectreview/images/frame_1329446765653577.jpg,True,456.27792,455.49878,317.64102,245.34378,640,480,-0.23966676,-0.003555322,-1.2218195,-0.08789383,-0.2675284,-0.66460246,0.69210315,207.62551879882812,True,True,True,True,True,True,,3.0,True,
session-20260402-051025,817,1329446865739807,1329446850592850,TRACKING,frame_1329446865739807.jpg,/content/trajectreview_input/session-20260402-051025/trajectreview/images/frame_1329446865739807.jpg,True,456.27792,455.49878,317.64102,245.34378,640,480,-0.27266502,-0.0021630432,-1.2342943,-0.08425727,-0.26845458,-0.6694225,0.6875365,248.94850158691406,True,True,True,True,True,True,,3.0,True,
session-20260402-051025,820,1329446961713783,1329446942335985,TRACKING,frame_1329446961713783.jpg,/content/trajectreview_input/session-20260402-051025/trajectreview/images/frame_1329446961713783.jpg,True,456.27792,455.49878,317.64102,245.34378,640,480,-0.30376145,-0.002607569,-1.2459625,-0.08169608,-0.27704632,-0.6748969,0.67903256,202.9256591796875,True,True,True,True,True,True,,3.0,True,
session-20260402-051025,823,1329447061802715,1329447042428121,TRACKING,frame_1329447061802715.jpg,/content/trajectreview_input/session-20260402-051025/trajectreview/images/frame_1329447061802715.jpg,True,456.27792,455.49878,317.64102,245.34378,640,480,-0.3340059,-0.005916657,-1.2525634,-0.080729924,-0.2887035,-0.6813287,0.6677755,136.54591369628906,True,True,True,True,True,True,,3.0,True,
session-20260402-051025,826,1329447161880590,1329447142520256,TRACKING,frame_1329447161880590.jpg,/content/trajectreview_input/session-20260402-051025/trajectreview/images/frame_1329447161880590.jpg,True,456.27792,455.49878,317.64102,245.34378,640,480,-0.36583573,-0.009633236,-1.2547495,-0.07911801,-0.3059248,-0.6857598,0.6556552,128.63076782226562,True,True,True,True,True,True,,3.0,True,
session-20260402-051025,829,1329447261949101,1329447242612392,TRACKING,frame_1329447261949101.jpg,/content/trajectreview_input/session-20260402-051025/trajectreview/images/frame_1329447261949101.jpg,True,456.27792,455.49878,317.64102,245.34378,640,480,-0.39573726,-0.0062785298,-1.2546493,-0.0767851,-0.32167897,-0.6926905,0.640942,214.84893798828125,True,True,True,True,True,True,,3.0,True,
session-20260402-051025,832,1329447362036561,1329447342704527,TRACKING,frame_1329447362036561.jpg,/content/trajectreview_input/session-20260402-051025/trajectreview/images/frame_1329447362036561.jpg,True,456.27792,455.49878,317.64102,245.34378,640,480,-0.4249741,0.004592357,-1.2540237,-0.068324134,-0.32798457,-0.70150316,0.6290082,211.11114501953125,True,True,True,True,True,True,,3.0,True,
session-20260402-051025,835,1329447462139228,1329447442796662,TRACKING,frame_1329447462139228.jpg,/content/trajectreview_input/session-20260402-051025/trajectreview/images/frame_1329447462139228.jpg,True,456.27792,455.49878,317.64102,245.34378,640,480,-0.45091513,0.016750017,-1.2566354,-0.05952715,-0.3295499,-0.71084154,0.61851245,216.36917114257812,True,True,True,True,True,True,,3.0,True,
session-20260402-051025,838,1329447562193576,1329447542888798,TRACKING,frame_1329447562193576.jpg,/content/trajectreview_input/session-20260402-051025/trajectreview/images/frame_1329447562193576.jpg,True,456.27792,455.49878,317.64102,245.34378,640,480,-0.4750079,0.024300607,-1.2670562,-0.056119364,-0.33802328,-0.715192,0.6091726,172.87681579589844,True,True,True,True,True,True,,3.0,True,
session-20260402-051025,841,1329447662447837,1329447642980933,TRACKING,frame_1329447662447837.jpg,/content/trajectreview_input/session-20260402-051025/trajectreview/images/frame_1329447662447837.jpg,True,456.27792,455.49878,317.64102,245.34378,640,480,-0.49906585,0.026311718,-1.2797312,-0.052349776,-0.34972498,-0.7141794,0.6040693,297.31549072265625,True,True,True,True,True,True,,3.0,True,
session-20260402-051025,844,1329447762655645,1329447743073069,TRACKING,frame_1329447762655645.jpg,/content/trajectreview_input/session-20260402-051025/trajectreview/images/frame_1329447762655645.jpg,True,456.27792,455.49878,317.64102,245.34378,640,480,-0.52022415,0.027633585,-1.2931898,-0.05124693,-0.35839307,-0.7136404,0.5997045,105.97933197021484,True,True,True,True,True,True,,3.0,True,
session-20260402-051025,847,1329447862841926,1329447843165204,TRACKING,frame_1329447862841926.jpg,/content/trajectreview_input/session-20260402-051025/trajectreview/images/frame_1329447862841926.jpg,True,456.27792,455.49878,317.64102,245.34378,640,480,-0.5402904,0.028273901,-1.3076931,-0.055258818,-0.36142787,-0.7157039,0.59504986,228.91851806640625,True,True,True,True,True,True,,3.0,True,
session-20260402-051025,850,1329447962968170,1329447943257339,TRACKING,frame_1329447962968170.jpg,/content/trajectreview_input/session-20260402-051025/trajectreview/images/frame_1329447962968170.jpg,True,456.27792,455.49878,317.64102,245.34378,640,480,-0.55977196,0.027383083,-1.3240827,-0.049410492,-0.36978906,-0.71359444,0.5929566,286.12677001953125,True,True,True,True,True,True,,3.0,True,
session-20260402-051025,853,1329448063057337,1329448043349423,TRACKING,frame_1329448063057337.jpg,/content/trajectreview_input/session-20260402-051025/trajectreview/images/frame_1329448063057337.jpg,True,456.27792,455.49878,317.64102,245.34378,640,480,-0.58074105,0.022864478,-1.344272,-0.05582077,-0.36933208,-0.71122354,0.5955156,123.54869842529297,True,True,True,True,True,True,,3.0,True,
session-20260402-051025,856,1329448163150965,1329448143441558,TRACKING,frame_1329448163150965.jpg,/content/trajectreview_input/session-20260402-051025/trajectreview/images/frame_1329448163150965.jpg,True,456.27792,455.49878,317.64102,245.34378,640,480,-0.60664463,0.017003963,-1.3649423,-0.064544976,-0.3718345,-0.707114,0.59796554,341.095458984375,True,True,True,True,True,True,,3.0,True,
session-20260402-051025,859,1329448263300399,1329448243533694,TRACKING,frame_1329448263300399.jpg,/content/trajectreview_input/session-20260402-051025/trajectreview/images/frame_1329448263300399.jpg,True,456.27792,455.49878,317.64102,245.34378,640,480,-0.63576835,0.013071369,-1.3864834,-0.06263742,-0.37922776,-0.69800377,0.60419655,296.880615234375,True,True,True,True,True,True,,3.0,True,
session-20260402-051025,862,1329448363350771,1329448343625829,TRACKING,frame_1329448363350771.jpg,/content/trajectreview_input/session-20260402-051025/trajectreview/images/frame_1329448363350771.jpg,True,456.27792,455.49878,317.64102,245.34378,640,480,-0.66135794,0.0075565763,-1.408594,-0.07123878,-0.38477463,-0.6957053,0.602385,193.39697265625,True,True,True,True,True,True,,3.0,True,
session-20260402-051025,865,1329448463520122,1329448443717964,TRACKING,frame_1329448463520122.jpg,/content/trajectreview_input/session-20260402-051025/trajectreview/images/frame_1329448463520122.jpg,True,456.27792,455.49878,317.64102,245.34378,640,480,-0.6837236,0.0051222555,-1.4265072,-0.07491129,-0.39245752,-0.69728893,0.59510803,249.75914001464844,True,True,True,True,True,True,,3.0,True,
session-20260402-051025,868,1329448563578041,1329448543810100,TRACKING,frame_1329448563578041.jpg,/content/trajectreview_input/session-20260402-051025/trajectreview/images/frame_1329448563578041.jpg,True,456.27792,455.49878,317.64102,245.34378,640,480,-0.70583516,0.0066486355,-1.4416684,-0.071316965,-0.39880133,-0.69724715,0.59136945,161.42691040039062,True,True,True,True,True,True,,3.0,True,
session-20260402-051025,871,1329448663673390,1329448643902235,TRACKING,frame_1329448663673390.jpg,/content/trajectreview_input/session-20260402-051025/trajectreview/images/frame_1329448663673390.jpg,True,456.27792,455.49878,317.64102,245.34378,640,480,-0.72468174,0.0075063016,-1.4562833,-0.07465254,-0.40437266,-0.695705,0.5889857,270.7047119140625,True,True,True,True,True,True,,3.0,True,
session-20260402-051025,874,1329448763727589,1329448743994371,TRACKING,frame_1329448763727589.jpg,/content/trajectreview_input/session-20260402-051025/trajectreview/images/frame_1329448763727589.jpg,True,456.27792,455.49878,317.64102,245.34378,640,480,-0.740619,0.011912964,-1.4672444,-0.07569729,-0.40859276,-0.69236696,0.58987266,320.89788818359375,True,True,True,True,True,True,,3.0,True,
session-20260402-051025,877,1329448863826938,1329448844086506,TRACKING,frame_1329448863826938.jpg,/content/trajectreview_input/session-20260402-051025/trajectreview/images/frame_1329448863826938.jpg,True,456.27792,455.49878,317.64102,245.34378,640,480,-0.7582334,0.01962929,-1.4762007,-0.074410856,-0.41611153,-0.6855655,0.5927176,173.02516174316406,True,True,True,True,True,True,,3.0,True,
session-20260402-051025,880,1329448963916410,1329448944178642,TRACKING,frame_1329448963916410.jpg,/content/trajectreview_input/session-20260402-051025/trajectreview/images/frame_1329448963916410.jpg,True,456.27792,455.49878,317.64102,245.34378,640,480,-0.7745511,0.03105207,-1.4913481,-0.07689201,-0.4134574,-0.6816768,0.59871304,190.4121551513672,True,True,True,True,True,True,,3.0,True,
session-20260402-051025,883,1329449064019683,1329449044270777,TRACKING,frame_1329449064019683.jpg,/content/trajectreview_input/session-20260402-051025/trajectreview/images/frame_1329449064019683.jpg,True,456.27792,455.49878,317.64102,245.34378,640,480,-0.78443205,0.038593683,-1.5091704,-0.073209435,-0.41486502,-0.67999434,0.6001127,186.1005096435547,True,True,True,True,True,True,,3.0,True,
session-20260402-051025,886,1329449164125410,1329449144362912,TRACKING,frame_1329449164125410.jpg,/content/trajectreview_input/session-20260402-051025/trajectreview/images/frame_1329449164125410.jpg,True,456.27792,455.49878,317.64102,245.34378,640,480,-0.78913575,0.03490953,-1.5316079,-0.08036685,-0.41844395,-0.6819171,0.5945039,244.94387817382812,True,True,True,True,True,True,,3.0,True,
session-20260402-051025,889,1329449264243699,1329449244455048,TRACKING,frame_1329449264243699.jpg,/content/trajectreview_input/session-20260402-051025/trajectreview/images/frame_1329449264243699.jpg,True,456.27792,455.49878,317.64102,245.34378,640,480,-0.79415387,0.021158144,-1.5559652,-0.0879424,-0.42584866,-0.68059105,0.58967346,132.09506225585938,True,True,True,True,True,True,,3.0,True,
session-20260402-051025,892,1329449368530243,1329449352896183,TRACKING,frame_1329449368530243.jpg,/content/trajectreview_input/session-20260402-051025/trajectreview/images/frame_1329449368530243.jpg,True,456.27792,455.49878,317.64102,245.34378,640,480,-0.804887,0.005059015,-1.5778521,-0.08358095,-0.42986536,-0.6793906,0.58877707,308.010986328125,True,True,True,True,True,True,,3.0,True,
session-20260402-051025,895,1329449468557126,1329449452988319,TRACKING,frame_1329449468557126.jpg,/content/trajectreview_input/session-20260402-051025/trajectreview/images/frame_1329449468557126.jpg,True,456.27792,455.49878,317.64102,245.34378,640,480,-0.81873244,-0.005626412,-1.5995789,-0.081265695,-0.4279716,-0.67385614,0.59678626,285.2684020996094,True,True,True,True,True,True,,3.0,True,
session-20260402-051025,898,1329449568603632,1329449553080402,TRACKING,frame_1329449568603632.jpg,/content/trajectreview_input/session-20260402-051025/trajectreview/images/frame_1329449568603632.jpg,True,456.27792,455.49878,317.64102,245.34378,640,480,-0.82713646,-0.01716681,-1.6189972,-0.083281465,-0.42529348,-0.6769129,0.5949609,234.28695678710938,True,True,True,True,True,True,,3.0,True,
session-20260402-051025,901,1329449668745751,1329449653172537,TRACKING,frame_1329449668745751.jpg,/content/trajectreview_input/session-20260402-051025/trajectreview/images/frame_1329449668745751.jpg,True,456.27792,455.49878,317.64102,245.34378,640,480,-0.8359183,-0.03157069,-1.6377187,-0.09330425,-0.42491218,-0.67888206,0.59149206,260.90618896484375,True,True,True,True,True,True,,3.0,True,
session-20260402-051025,904,1329449768812299,1329449753264673,TRACKING,frame_1329449768812299.jpg,/content/trajectreview_input/session-20260402-051025/trajectreview/images/frame_1329449768812299.jpg,True,456.27792,455.49878,317.64102,245.34378,640,480,-0.8413993,-0.0440185,-1.6479255,-0.085131116,-0.4251687,-0.69219506,0.5769317,246.83795166015625,True,True,True,True,True,True,,3.0,True,
session-20260402-051025,907,1329449868900766,1329449853356808,TRACKING,frame_1329449868900766.jpg,/content/trajectreview_input/session-20260402-051025/trajectreview/images/frame_1329449868900766.jpg,True,456.27792,455.49878,317.64102,245.34378,640,480,-0.8487743,-0.056794748,-1.6572315,-0.087922245,-0.42735,-0.69655836,0.56960356,318.8680725097656,True,True,True,True,True,True,,3.0,True,
session-20260402-051025,910,1329449969053203,1329449953448944,TRACKING,frame_1329449969053203.jpg,/content/trajectreview_input/session-20260402-051025/trajectreview/images/frame_1329449969053203.jpg,True,456.27792,455.49878,317.64102,245.34378,640,480,-0.8508535,-0.07176271,-1.6618658,-0.091692984,-0.4273114,-0.7053999,0.55803984,233.08584594726562,True,True,True,True,True,True,,3.0,True,
session-20260402-051025,913,1329450069146712,1329450053541079,TRACKING,frame_1329450069146712.jpg,/content/trajectreview_input/session-20260402-051025/trajectreview/images/frame_1329450069146712.jpg,True,456.27792,455.49878,317.64102,245.34378,640,480,-0.8570935,-0.091505036,-1.6702845,-0.09529411,-0.43969843,-0.7018173,0.5523014,263.1897277832031,True,True,True,True,True,True,,3.0,True,
session-20260402-051025,916,1329450169290006,1329450153633214,TRACKING,frame_1329450169290006.jpg,/content/trajectreview_input/session-20260402-051025/trajectreview/images/frame_1329450169290006.jpg,True,456.27792,455.49878,317.64102,245.34378,640,480,-0.8666597,-0.11181146,-1.6826316,-0.10161039,-0.428638,-0.70043004,0.56155366,213.36288452148438,True,True,True,True,True,True,,3.0,True,
session-20260402-051025,919,1329450269236143,1329450253725350,TRACKING,frame_1329450269236143.jpg,/content/trajectreview_input/session-20260402-051025/trajectreview/images/frame_1329450269236143.jpg,True,456.27792,455.49878,317.64102,245.34378,640,480,-0.8655964,-0.13422687,-1.6938574,-0.094056934,-0.42714894,-0.70284486,0.56098676,133.87179565429688,True,True,True,True,True,True,,3.0,True,
session-20260402-051025,922,1329450369251877,1329450353817485,TRACKING,frame_1329450369251877.jpg,/content/trajectreview_input/session-20260402-051025/trajectreview/images/frame_1329450369251877.jpg,True,456.27792,455.49878,317.64102,245.34378,640,480,-0.85656387,-0.161014,-1.7065086,-0.10705039,-0.44272888,-0.7115691,0.5349773,54.350833892822266,True,True,True,True,True,True,,3.0,True,
session-20260402-051025,925,1329450469446309,1329450453909621,TRACKING,frame_1329450469446309.jpg,/content/trajectreview_input/session-20260402-051025/trajectreview/images/frame_1329450469446309.jpg,True,456.27792,455.49878,317.64102,245.34378,640,480,-0.8559488,-0.1834237,-1.7158417,-0.12594011,-0.4571133,-0.71630585,0.51194966,190.5575408935547,True,True,True,True,True,True,,3.0,True,
session-20260402-051025,928,1329450569534489,1329450554001756,TRACKING,frame_1329450569534489.jpg,/content/trajectreview_input/session-20260402-051025/trajectreview/images/frame_1329450569534489.jpg,True,456.27792,455.49878,317.64102,245.34378,640,480,-0.863298,-0.20006348,-1.7241371,-0.13210212,-0.45681664,-0.7146286,0.5130044,171.91473388671875,True,True,True,True,True,True,,3.0,True,
session-20260402-051025,931,1329450669584692,1329450654093892,TRACKING,frame_1329450669584692.jpg,/content/trajectreview_input/session-20260402-051025/trajectreview/images/frame_1329450669584692.jpg,True,456.27792,455.49878,317.64102,245.34378,640,480,-0.87420636,-0.21593843,-1.7343512,-0.11642985,-0.45656255,-0.7063852,0.5282184,111.34544372558594,True,True,True,True,True,True,,3.0,True,
session-20260402-051025,934,1329450769454463,1329450754186027,TRACKING,frame_1329450769454463.jpg,/content/trajectreview_input/session-20260402-051025/trajectreview/images/frame_1329450769454463.jpg,True,456.27792,455.49878,317.64102,245.34378,640,480,-0.8770353,-0.22487688,-1.7437941,-0.087441206,-0.46097288,-0.7033303,0.53402674,112.6739501953125,True,True,True,True,True,True,,3.0,True,
session-20260402-051025,937,1329450869519068,1329450854278110,TRACKING,frame_1329450869519068.jpg,/content/trajectreview_input/session-20260402-051025/trajectreview/images/frame_1329450869519068.jpg,True,456.27792,455.49878,317.64102,245.34378,640,480,-0.8791467,-0.22629113,-1.756067,-0.06094763,-0.4604346,-0.7068372,0.5335416,147.885009765625,True,True,True,True,True,True,,3.0,True,
session-20260402-051025,940,1329450969614923,1329450954370298,TRACKING,frame_1329450969614923.jpg,/content/trajectreview_input/session-20260402-051025/trajectreview/images/frame_1329450969614923.jpg,True,456.27792,455.49878,317.64102,245.34378,640,480,-0.8807179,-0.23603027,-1.7788687,-0.055276707,-0.46484685,-0.70544535,0.53217363,314.2197265625,True,True,True,True,True,True,,3.0,True,
session-20260402-051025,943,1329451069589124,1329451054462381,TRACKING,frame_1329451069589124.jpg,/content/trajectreview_input/session-20260402-051025/trajectreview/images/frame_1329451069589124.jpg,True,456.27792,455.49878,317.64102,245.34378,640,480,-0.87398225,-0.25347745,-1.7992157,-0.046974543,-0.474356,-0.71169376,0.5160154,292.612548828125,True,True,True,True,True,True,,3.0,True,
session-20260402-051025,946,1329451169621512,1329451154554517,TRACKING,frame_1329451169621512.jpg,/content/trajectreview_input/session-20260402-051025/trajectreview/images/frame_1329451169621512.jpg,True,456.27792,455.49878,317.64102,245.34378,640,480,-0.8757713,-0.26969984,-1.8186901,-0.037777457,-0.47571242,-0.7082492,0.52024364,465.1933898925781,True,True,True,True,True,True,,3.0,True,
session-20260402-051025,949,1329451269609355,1329451254646652,TRACKING,frame_1329451269609355.jpg,/content/trajectreview_input/session-20260402-051025/trajectreview/images/frame_1329451269609355.jpg,True,456.27792,455.49878,317.64102,245.34378,640,480,-0.8789713,-0.28771904,-1.8343525,-0.033671495,-0.47706842,-0.7023328,0.5272575,521.2907104492188,True,True,True,True,True,True,,3.0,True,
session-20260402-051025,952,1329451369733318,1329451354738787,TRACKING,frame_1329451369733318.jpg,/content/trajectreview_input/session-20260402-051025/trajectreview/images/frame_1329451369733318.jpg,True,456.27792,455.49878,317.64102,245.34378,640,480,-0.8809586,-0.30584896,-1.8478433,-0.03423958,-0.48016715,-0.7013476,0.5257173,617.3167114257812,True,True,True,True,True,True,,3.0,True,
session-20260402-051025,955,1329451469779933,1329451454830923,TRACKING,frame_1329451469779933.jpg,/content/trajectreview_input/session-20260402-051025/trajectreview/images/frame_1329451469779933.jpg,True,456.27792,455.49878,317.64102,245.34378,640,480,-0.88609636,-0.31318623,-1.8583609,-0.024006246,-0.47699064,-0.69054335,0.5431882,348.01556396484375,True,True,True,True,True,True,,3.0,True,
session-20260402-051025,958,1329451569862133,1329451554923058,TRACKING,frame_1329451569862133.jpg,/content/trajectreview_input/session-20260402-051025/trajectreview/images/frame_1329451569862133.jpg,True,456.27792,455.49878,317.64102,245.34378,640,480,-0.8845338,-0.32265696,-1.8644801,-0.02343396,-0.4782328,-0.6852495,0.54879624,85.12882995605469,True,True,True,True,True,True,,3.0,True,
session-20260402-051025,961,1329451669997298,1329451655015194,TRACKING,frame_1329451669997298.jpg,/content/trajectreview_input/session-20260402-051025/trajectreview/images/frame_1329451669997298.jpg,True,456.27792,455.49878,317.64102,245.34378,640,480,-0.8733502,-0.33617398,-1.8620152,-0.019791469,-0.4800866,-0.7008081,0.52725047,776.4346313476562,True,True,True,True,True,True,,3.0,True,
session-20260402-051025,964,1329451770167217,1329451755107329,TRACKING,frame_1329451770167217.jpg,/content/trajectreview_input/session-20260402-051025/trajectreview/images/frame_1329451770167217.jpg,True,456.27792,455.49878,317.64102,245.34378,640,480,-0.8637358,-0.3404338,-1.8588519,-0.0047731632,-0.47278234,-0.7075791,0.52515316,229.15798950195312,True,True,True,True,True,True,,3.0,True,
session-20260402-051025,967,1329451870218284,1329451855199464,TRACKING,frame_1329451870218284.jpg,/content/trajectreview_input/session-20260402-051025/trajectreview/images/frame_1329451870218284.jpg,True,456.27792,455.49878,317.64102,245.34378,640,480,-0.849092,-0.34253484,-1.8555772,-0.00848833,-0.46547547,-0.7169781,0.51884776,660.7413330078125,True,True,True,True,True,True,,3.0,True,
session-20260402-051025,970,1329451970336615,1329451955291600,TRACKING,frame_1329451970336615.jpg,/content/trajectreview_input/session-20260402-051025/trajectreview/images/frame_1329451970336615.jpg,True,456.27792,455.49878,317.64102,245.34378,640,480,-0.8370691,-0.34059832,-1.8494066,-0.010744518,-0.46080434,-0.7195933,0.51935476,203.72952270507812,True,True,True,True,True,True,,3.0,True,
session-20260402-051025,973,1329452070405221,1329452055383735,TRACKING,frame_1329452070405221.jpg,/content/trajectreview_input/session-20260402-051025/trajectreview/images/frame_1329452070405221.jpg,True,456.27792,455.49878,317.64102,245.34378,640,480,-0.82624763,-0.3262871,-1.8369654,-0.011197717,-0.45651668,-0.7208369,0.5214031,453.99334716796875,True,True,True,True,True,True,,3.0,True,
session-20260402-051025,976,1329452170600742,1329452155475871,TRACKING,frame_1329452170600742.jpg,/content/trajectreview_input/session-20260402-051025/trajectreview/images/frame_1329452170600742.jpg,True,456.27792,455.49878,317.64102,245.34378,640,480,-0.8128423,-0.316493,-1.8195349,-0.024082033,-0.45657983,-0.72417784,0.5162569,135.1189422607422,True,True,True,True,True,True,,3.0,True,
session-20260402-051025,979,1329452270599193,1329452255568006,TRACKING,frame_1329452270599193.jpg,/content/trajectreview_input/session-20260402-051025/trajectreview/images/frame_1329452270599193.jpg,True,456.27792,455.49878,317.64102,245.34378,640,480,-0.80126536,-0.30387485,-1.8017807,-0.037286784,-0.45124182,-0.72822046,0.51447576,517.0455322265625,True,True,True,True,True,True,,3.0,True,
session-20260402-051025,982,1329452370656904,1329452355660142,TRACKING,frame_1329452370656904.jpg,/content/trajectreview_input/session-20260402-051025/trajectreview/images/frame_1329452370656904.jpg,True,456.27792,455.49878,317.64102,245.34378,640,480,-0.7862865,-0.28941843,-1.7788031,-0.040387828,-0.44757965,-0.7351954,0.50747305,299.98284912109375,True,True,True,True,True,True,,3.0,True,
session-20260402-051025,985,1329452470767173,1329452455752277,TRACKING,frame_1329452470767173.jpg,/content/trajectreview_input/session-20260402-051025/trajectreview/images/frame_1329452470767173.jpg,True,456.27792,455.49878,317.64102,245.34378,640,480,-0.76728237,-0.27882418,-1.7520742,-0.04700295,-0.45106992,-0.7415848,0.49434668,188.59957885742188,True,True,True,True,True,True,,3.0,True,
session-20260402-051025,988,1329452570910540,1329452555844360,TRACKING,frame_1329452570910540.jpg,/content/trajectreview_input/session-20260402-051025/trajectreview/images/frame_1329452570910540.jpg,True,456.27792,455.49878,317.64102,245.34378,640,480,-0.74805397,-0.26841593,-1.7240202,-0.057045907,-0.4527442,-0.7408547,0.49285167,286.43505859375,True,True,True,True,True,True,,3.0,True,
session-20260402-051025,991,1329452670917394,1329452655936496,TRACKING,frame_1329452670917394.jpg,/content/trajectreview_input/session-20260402-051025/trajectreview/images/frame_1329452670917394.jpg,True,456.27792,455.49878,317.64102,245.34378,640,480,-0.7286949,-0.254436,-1.6944396,-0.06826766,-0.4505163,-0.73634374,0.5001723,282.67755126953125,True,True,True,True,True,True,,3.0,True,
session-20260402-051025,994,1329452770955114,1329452756028631,TRACKING,frame_1329452770955114.jpg,/content/trajectreview_input/session-20260402-051025/trajectreview/images/frame_1329452770955114.jpg,True,456.27792,455.49878,317.64102,245.34378,640,480,-0.70819384,-0.23697162,-1.6642083,-0.07100832,-0.44579276,-0.7252009,0.5199137,232.3994903564453,True,True,True,True,True,True,,3.0,True,
session-20260402-051025,997,1329452871112110,1329452856120767,TRACKING,frame_1329452871112110.jpg,/content/trajectreview_input/session-20260402-051025/trajectreview/images/frame_1329452871112110.jpg,True,456.27792,455.49878,317.64102,245.34378,640,480,-0.67915726,-0.22428605,-1.6323885,-0.08531448,-0.4476217,-0.7259455,0.5151304,266.5240783691406,True,True,True,True,True,True,,3.0,True,
session-20260402-051025,1000,1329452971183005,1329452956212902,TRACKING,frame_1329452971183005.jpg,/content/trajectreview_input/session-20260402-051025/trajectreview/images/frame_1329452971183005.jpg,True,456.27792,455.49878,317.64102,245.34378,640,480,-0.6495771,-0.20632267,-1.5973755,-0.08340809,-0.4477608,-0.723693,0.51848006,174.87722778320312,True,True,True,True,True,True,,3.0,True,
session-20260402-051025,1003,1329453067144533,1329453047956037,TRACKING,frame_1329453067144533.jpg,/content/trajectreview_input/session-20260402-051025/trajectreview/images/frame_1329453067144533.jpg,True,456.27792,455.49878,317.64102,245.34378,640,480,-0.6167115,-0.18413581,-1.5629305,-0.085899994,-0.43932912,-0.7261297,0.52186847,143.80880737304688,True,True,True,True,True,True,,3.0,True,
session-20260402-051025,1006,1329453167232928,1329453148048173,TRACKING,frame_1329453167232928.jpg,/content/trajectreview_input/session-20260402-051025/trajectreview/images/frame_1329453167232928.jpg,True,456.27792,455.49878,317.64102,245.34378,640,480,-0.5785992,-0.1561715,-1.5288488,-0.09239891,-0.42685598,-0.72802526,0.52842754,90.25688171386719,True,True,True,True,True,True,,3.0,True,
session-20260402-051025,1009,1329453267288810,1329453248140308,TRACKING,frame_1329453267288810.jpg,/content/trajectreview_input/session-20260402-051025/trajectreview/images/frame_1329453267288810.jpg,True,456.27792,455.49878,317.64102,245.34378,640,480,-0.5369849,-0.12536234,-1.4917225,-0.094120264,-0.41697103,-0.7290513,0.5345658,168.87937927246094,True,True,True,True,True,True,,3.0,True,
session-20260402-051025,1012,1329453367402479,1329453348232444,TRACKING,frame_1329453367402479.jpg,/content/trajectreview_input/session-20260402-051025/trajectreview/images/frame_1329453367402479.jpg,True,456.27792,455.49878,317.64102,245.34378,640,480,-0.49650356,-0.098829746,-1.4544072,-0.08472475,-0.4130976,-0.7269122,0.5420062,79.41114807128906,True,True,True,True,True,True,,3.0,True,
session-20260402-051025,1015,1329453467540146,1329453448324579,TRACKING,frame_1329453467540146.jpg,/content/trajectreview_input/session-20260402-051025/trajectreview/images/frame_1329453467540146.jpg,True,456.27792,455.49878,317.64102,245.34378,640,480,-0.45285633,-0.07930172,-1.4174317,-0.087153874,-0.40502867,-0.7286179,0.54540974,79.4347152709961,True,True,True,True,True,True,,3.0,True,
session-20260402-051025,1018,1329453567731830,1329453548416714,TRACKING,frame_1329453567731830.jpg,/content/trajectreview_input/session-20260402-051025/trajectreview/images/frame_1329453567731830.jpg,True,456.27792,455.49878,317.64102,245.34378,640,480,-0.4077298,-0.06409026,-1.3752568,-0.09540043,-0.39533615,-0.7302236,0.5489822,168.33938598632812,True,True,True,True,True,True,,3.0,True,
session-20260402-051025,1021,1329453667787655,1329453648508850,TRACKING,frame_1329453667787655.jpg,/content/trajectreview_input/session-20260402-051025/trajectreview/images/frame_1329453667787655.jpg,True,456.27792,455.49878,317.64102,245.34378,640,480,-0.3553676,-0.050455175,-1.3267379,-0.102969065,-0.38423115,-0.72794163,0.5584485,167.79953002929688,True,True,True,True,True,True,,3.0,True,
session-20260402-051025,1024,1329453767937174,1329453748600985,TRACKING,frame_1329453767937174.jpg,/content/trajectreview_input/session-20260402-051025/trajectreview/images/frame_1329453767937174.jpg,True,456.27792,455.49878,317.64102,245.34378,640,480,-0.29780135,-0.044609696,-1.2761381,-0.11794039,-0.37155166,-0.7259094,0.5666524,142.32476806640625,True,True,True,True,True,True,,3.0,True,
session-20260402-051025,1027,1329453868017674,1329453848693069,TRACKING,frame_1329453868017674.jpg,/content/trajectreview_input/session-20260402-051025/trajectreview/images/frame_1329453868017674.jpg,True,456.27792,455.49878,317.64102,245.34378,640,480,-0.236463,-0.042185113,-1.2212385,-0.13267088,-0.35694584,-0.7230842,0.5763135,111.95718383789062,True,True,True,True,True,True,,3.0,True,
session-20260402-051025,1030,1329453968074645,1329453948785256,TRACKING,frame_1329453968074645.jpg,/content/trajectreview_input/session-20260402-051025/trajectreview/images/frame_1329453968074645.jpg,True,456.27792,455.49878,317.64102,245.34378,640,480,-0.17900123,-0.04072076,-1.1684129,-0.14591649,-0.3414732,-0.7180359,0.5886671,106.18216705322266,True,True,True,True,True,True,,3.0,True,
session-20260402-051025,1033,1329454068251696,1329454048877339,TRACKING,frame_1329454068251696.jpg,/content/trajectreview_input/session-20260402-051025/trajectreview/images/frame_1329454068251696.jpg,True,456.27792,455.49878,317.64102,245.34378,640,480,-0.12629654,-0.03600388,-1.1192169,-0.15172862,-0.32269698,-0.71457815,0.60184973,134.16957092285156,True,True,True,True,True,True,,3.0,True,
session-20260402-051025,1036,1329454168410235,1329454148969475,TRACKING,frame_1329454168410235.jpg,/content/trajectreview_input/session-20260402-051025/trajectreview/images/frame_1329454168410235.jpg,True,456.27792,455.49878,317.64102,245.34378,640,480,-0.074159734,-0.033934288,-1.0773003,-0.15079033,-0.32214883,-0.7133541,0.6038279,130.12399291992188,True,True,True,True,True,True,,3.0,True,
session-20260402-051025,1039,1329454268437247,1329454249061610,TRACKING,frame_1329454268437247.jpg,/content/trajectreview_input/session-20260402-051025/trajectreview/images/frame_1329454268437247.jpg,True,456.27792,455.49878,317.64102,245.34378,640,480,-0.02313349,-0.033045672,-1.035123,-0.14794907,-0.3151558,-0.7219536,0.5979724,151.03128051757812,True,True,True,True,True,True,,3.0,True,
session-20260402-051025,1042,1329454368544382,1329454349153746,TRACKING,frame_1329454368544382.jpg,/content/trajectreview_input/session-20260402-051025/trajectreview/images/frame_1329454368544382.jpg,True,456.27792,455.49878,317.64102,245.34378,640,480,0.023400482,-0.03536874,-0.9952408,-0.1424529,-0.31189057,-0.7252547,0.5970235,161.6639404296875,True,True,True,True,True,True,,3.0,True,
session-20260402-051025,1045,1329454468712864,1329454449245881,TRACKING,frame_1329454468712864.jpg,/content/trajectreview_input/session-20260402-051025/trajectreview/images/frame_1329454468712864.jpg,True,456.27792,455.49878,317.64102,245.34378,640,480,0.06664899,-0.04238204,-0.9554966,-0.1444071,-0.31376046,-0.7251651,0.5956816,77.13428497314453,True,True,True,True,True,True,,3.0,True,
session-20260402-051025,1048,1329454568721769,1329454549338017,TRACKING,frame_1329454568721769.jpg,/content/trajectreview_input/session-20260402-051025/trajectreview/images/frame_1329454568721769.jpg,True,456.27792,455.49878,317.64102,245.34378,640,480,0.10640046,-0.050707906,-0.91569614,-0.15102689,-0.31130442,-0.723311,0.5975797,171.83633422851562,True,True,True,True,True,True,,3.0,True,
session-20260402-051025,1051,1329454668765161,1329454649430152,TRACKING,frame_1329454668765161.jpg,/content/trajectreview_input/session-20260402-051025/trajectreview/images/frame_1329454668765161.jpg,True,456.27792,455.49878,317.64102,245.34378,640,480,0.13967593,-0.055759415,-0.87232953,-0.15965888,-0.30229387,-0.7179209,0.60639685,183.15521240234375,True,True,True,True,True,True,,3.0,True,
session-20260402-051025,1054,1329454768874425,1329454749522287,TRACKING,frame_1329454768874425.jpg,/content/trajectreview_input/session-20260402-051025/trajectreview/images/frame_1329454768874425.jpg,True,456.27792,455.49878,317.64102,245.34378,640,480,0.17511149,-0.056425706,-0.82272774,-0.16677353,-0.28884047,-0.71628314,0.61294055,111.50979614257812,True,True,True,True,True,True,,3.0,True,
session-20260402-051025,1057,1329454868984613,1329454849614423,TRACKING,frame_1329454868984613.jpg,/content/trajectreview_input/session-20260402-051025/trajectreview/images/frame_1329454868984613.jpg,True,456.27792,455.49878,317.64102,245.34378,640,480,0.2094566,-0.05056545,-0.77381766,-0.17156824,-0.2785559,-0.71499133,0.61786586,62.693477630615234,True,True,True,True,True,True,,3.0,True,
session-20260402-051025,1060,1329454969080755,1329454949706558,TRACKING,frame_1329454969080755.jpg,/content/trajectreview_input/session-20260402-051025/trajectreview/images/frame_1329454969080755.jpg,True,456.27792,455.49878,317.64102,245.34378,640,480,0.24142413,-0.036470942,-0.72072,-0.15771054,-0.27311197,-0.7106946,0.6288485,112.43306732177734,True,True,True,True,True,True,,3.0,True,
session-20260402-051025,1063,1329455069307651,1329455049798694,TRACKING,frame_1329455069307651.jpg,/content/trajectreview_input/session-20260402-051025/trajectreview/images/frame_1329455069307651.jpg,True,456.27792,455.49878,317.64102,245.34378,640,480,0.27211446,-0.0285418,-0.6722404,-0.15185124,-0.2744007,-0.700892,0.6406214,151.83033752441406,True,True,True,True,True,True,,3.0,True,
session-20260402-051025,1066,1329455169425084,1329455149890829,TRACKING,frame_1329455169425084.jpg,/content/trajectreview_input/session-20260402-051025/trajectreview/images/frame_1329455169425084.jpg,True,456.27792,455.49878,317.64102,245.34378,640,480,0.30266586,-0.022240942,-0.6341176,-0.15441905,-0.26900995,-0.6954842,0.64814353,84.13548278808594,True,True,True,True,True,True,,3.0,True,
session-20260402-051025,1069,1329455269541624,1329455249982964,TRACKING,frame_1329455269541624.jpg,/content/trajectreview_input/session-20260402-051025/trajectreview/images/frame_1329455269541624.jpg,True,456.27792,455.49878,317.64102,245.34378,640,480,0.33074528,-0.02248263,-0.6025045,-0.16269982,-0.25998336,-0.6972491,0.64790505,79.09420776367188,True,True,True,True,True,True,,3.0,True,
session-20260402-051025,1072,1329455369551114,1329455350075100,TRACKING,frame_1329455369551114.jpg,/content/trajectreview_input/session-20260402-051025/trajectreview/images/frame_1329455369551114.jpg,True,456.27792,455.49878,317.64102,245.34378,640,480,0.36200184,-0.02410853,-0.57297003,-0.16872826,-0.25029305,-0.698465,0.64886886,177.964599609375,True,True,True,True,True,True,,3.0,True,
session-20260402-051025,1075,1329455469604356,1329455450167183,TRACKING,frame_1329455469604356.jpg,/content/trajectreview_input/session-20260402-051025/trajectreview/images/frame_1329455469604356.jpg,True,456.27792,455.49878,317.64102,245.34378,640,480,0.39415893,-0.027745033,-0.5476969,-0.18869382,-0.23604883,-0.6991496,0.6479701,159.080810546875,True,True,True,True,True,True,,3.0,True,
session-20260402-051025,1078,1329455569741918,1329455550259319,TRACKING,frame_1329455569741918.jpg,/content/trajectreview_input/session-20260402-051025/trajectreview/images/frame_1329455569741918.jpg,True,456.27792,455.49878,317.64102,245.34378,640,480,0.42727295,-0.03100716,-0.52192575,-0.20136829,-0.22070351,-0.69690377,0.6519707,85.86542510986328,True,True,True,True,True,True,,3.0,True,
session-20260402-051025,1081,1329455669809529,1329455650351454,TRACKING,frame_1329455669809529.jpg,/content/trajectreview_input/session-20260402-051025/trajectreview/images/frame_1329455669809529.jpg,True,456.27792,455.49878,317.64102,245.34378,640,480,0.46463773,-0.029765433,-0.49382427,-0.21333389,-0.19409879,-0.6946367,0.65901005,118.66114807128906,True,True,True,True,True,True,,3.0,True,
session-20260402-051025,1084,1329455769941765,1329455750443589,TRACKING,frame_1329455769941765.jpg,/content/trajectreview_input/session-20260402-051025/trajectreview/images/frame_1329455769941765.jpg,True,456.27792,455.49878,317.64102,245.34378,640,480,0.5042818,-0.027301375,-0.46927103,-0.21532792,-0.17739263,-0.6892461,0.6686595,142.36651611328125,True,True,True,True,True,True,,3.0,True,
session-20260402-051025,1087,1329455870129378,1329455850535725,TRACKING,frame_1329455870129378.jpg,/content/trajectreview_input/session-20260402-051025/trajectreview/images/frame_1329455870129378.jpg,True,456.27792,455.49878,317.64102,245.34378,640,480,0.54726887,-0.025761403,-0.44903317,-0.21351326,-0.16462661,-0.6889291,0.6728201,208.32632446289062,True,True,True,True,True,True,,3.0,True,
session-20260402-051025,1090,1329455970226784,1329455950627860,TRACKING,frame_1329455970226784.jpg,/content/trajectreview_input/session-20260402-051025/trajectreview/images/frame_1329455970226784.jpg,True,456.27792,455.49878,317.64102,245.34378,640,480,0.5867264,-0.023676284,-0.4307157,-0.21400772,-0.15807602,-0.6882904,0.6748844,239.70062255859375,True,True,True,True,True,True,,3.0,True,
session-20260402-051025,1093,1329456070371806,1329456050719996,TRACKING,frame_1329456070371806.jpg,/content/trajectreview_input/session-20260402-051025/trajectreview/images/frame_1329456070371806.jpg,True,456.27792,455.49878,317.64102,245.34378,640,480,0.619486,-0.021025447,-0.41518137,-0.22345316,-0.15140781,-0.6864159,0.675261,202.27574157714844,True,True,True,True,True,True,,3.0,True,
session-20260402-051025,1096,1329456170500889,1329456150812131,TRACKING,frame_1329456170500889.jpg,/content/trajectreview_input/session-20260402-051025/trajectreview/images/frame_1329456170500889.jpg,True,456.27792,455.49878,317.64102,245.34378,640,480,0.6474634,-0.01817549,-0.39593345,-0.23089387,-0.13996156,-0.6857637,0.67588973,215.9488067626953,True,True,True,True,True,True,,3.0,True,
session-20260402-051025,1099,1329456270586774,1329456250904267,TRACKING,frame_1329456270586774.jpg,/content/trajectreview_input/session-20260402-051025/trajectreview/images/frame_1329456270586774.jpg,True,456.27792,455.49878,317.64102,245.34378,640,480,0.6693172,-0.016580964,-0.3753123,-0.22883965,-0.13046665,-0.68489915,0.67935556,247.59019470214844,True,True,True,True,True,True,,3.0,True,
session-20260402-051025,1102,1329456370669457,1329456350996402,TRACKING,frame_1329456370669457.jpg,/content/trajectreview_input/session-20260402-051025/trajectreview/images/frame_1329456370669457.jpg,True,456.27792,455.49878,317.64102,245.34378,640,480,0.6824225,-0.016794194,-0.36120182,-0.22801813,-0.13028789,-0.6821607,0.6824145,182.94500732421875,True,True,True,True,True,True,,3.0,True,
session-20260402-051025,1105,1329456470751314,1329456451088537,TRACKING,frame_1329456470751314.jpg,/content/trajectreview_input/session-20260402-051025/trajectreview/images/frame_1329456470751314.jpg,True,456.27792,455.49878,317.64102,245.34378,640,480,0.69278765,-0.019205002,-0.34775326,-0.228408,-0.12366431,-0.68223,0.68344647,169.0367889404297,True,True,True,True,True,True,,3.0,True,
session-20260402-051025,1108,1329456570838148,1329456551180673,TRACKING,frame_1329456570838148.jpg,/content/trajectreview_input/session-20260402-051025/trajectreview/images/frame_1329456570838148.jpg,True,456.27792,455.49878,317.64102,245.34378,640,480,0.69951046,-0.019954963,-0.3346427,-0.22492819,-0.11443523,-0.6854085,0.6830279,133.206787109375,True,True,True,True,True,True,,3.0,True,
session-20260402-051025,1111,1329456670948615,1329456651272808,TRACKING,frame_1329456670948615.jpg,/content/trajectreview_input/session-20260402-051025/trajectreview/images/frame_1329456670948615.jpg,True,456.27792,455.49878,317.64102,245.34378,640,480,0.7018539,-0.018389268,-0.32360289,-0.22402734,-0.103718475,-0.68634814,0.68409103,104.38108825683594,True,True,True,True,True,True,,3.0,True,
session-20260402-051025,1114,1329456771067260,1329456751364944,TRACKING,frame_1329456771067260.jpg,/content/trajectreview_input/session-20260402-051025/trajectreview/images/frame_1329456771067260.jpg,True,456.27792,455.49878,317.64102,245.34378,640,480,0.7058663,-0.016228255,-0.31320843,-0.22028045,-0.09356291,-0.68901265,0.6840936,148.31500244140625,True,True,True,True,True,True,,3.0,True,
session-20260402-051025,1117,1329456871185889,1329456851457027,TRACKING,frame_1329456871185889.jpg,/content/trajectreview_input/session-20260402-051025/trajectreview/images/frame_1329456871185889.jpg,True,456.27792,455.49878,317.64102,245.34378,640,480,0.71203446,-0.015009342,-0.30450207,-0.2161465,-0.088289715,-0.6914972,0.68360597,216.68109130859375,True,True,True,True,True,True,,3.0,True,
