session_id,record_index,frame_timestamp_ns,capture_timestamp_ns,tracking_state,image_file_name,image_path,image_exists,fx,fy,cx,cy,width,height,tx,ty,tz,qx,qy,qz,qw,blur_score
session-20260402-051025,1,1329419636842006,1329419617184006,TRACKING,frame_1329419636842006.jpg,/content/trajectreview_input/session-20260402-051025/trajectreview/images/frame_1329419636842006.jpg,True,456.27792,455.49878,317.64102,245.34378,640,480,-3.7374208e-05,0.03086954,-0.015460446,-0.17796071,-0.16980596,-0.6675018,0.7028067,418.0439453125
session-20260402-051025,2,1329419670206017,1329419650548017,TRACKING,frame_1329419670206017.jpg,/content/trajectreview_input/session-20260402-051025/trajectreview/images/frame_1329419670206017.jpg,True,456.27792,455.49878,317.64102,245.34378,640,480,0.00039534504,0.031359978,-0.015565585,-0.17847002,-0.1697007,-0.6676321,0.7025792,410.8525390625
session-20260402-051025,3,1329419704435753,1329419683912079,TRACKING,frame_1329419704435753.jpg,/content/trajectreview_input/session-20260402-051025/trajectreview/images/frame_1329419704435753.jpg,True,456.27792,455.49878,317.64102,245.34378,640,480,-0.0013580949,0.026098888,-0.020334879,-0.17923938,-0.17030297,-0.66878754,0.7011371,405.37664794921875
session-20260402-051025,4,1329419737799816,1329419717276142,TRACKING,frame_1329419737799816.jpg,/content/trajectreview_input/session-20260402-051025/trajectreview/images/frame_1329419737799816.jpg,True,456.27792,455.49878,317.64102,245.34378,640,480,-0.00035114458,0.026413301,-0.021294551,-0.17937864,-0.17027994,-0.668946,0.700956,411.2445068359375
session-20260402-051025,5,1329419771163826,1329419750640152,TRACKING,frame_1329419771163826.jpg,/content/trajectreview_input/session-20260402-051025/trajectreview/images/frame_1329419771163826.jpg,True,456.27792,455.49878,317.64102,245.34378,640,480,0.00089697866,0.026965016,-0.022393562,-0.17956693,-0.16919242,-0.6691518,0.7009747,352.1534423828125
session-20260402-051025,6,1329419804378914,1329419784004214,TRACKING,frame_1329419804378914.jpg,/content/trajectreview_input/session-20260402-051025/trajectreview/images/frame_1329419804378914.jpg,True,456.27792,455.49878,317.64102,245.34378,640,480,0.0021834488,0.027916864,-0.023926955,-0.17934124,-0.16875689,-0.6695011,0.7008039,368.1012268066406
session-20260402-051025,7,1329419837742977,1329419817368277,TRACKING,frame_1329419837742977.jpg,/content/trajectreview_input/session-20260402-051025/trajectreview/images/frame_1329419837742977.jpg,True,456.27792,455.49878,317.64102,245.34378,640,480,0.0039140414,0.028458502,-0.025748022,-0.17998706,-0.16920675,-0.6698151,0.7002296,371.9774169921875
session-20260402-051025,8,1329419871106987,1329419850732287,TRACKING,frame_1329419871106987.jpg,/content/trajectreview_input/session-20260402-051025/trajectreview/images/frame_1329419871106987.jpg,True,456.27792,455.49878,317.64102,245.34378,640,480,0.005808077,0.029108485,-0.027508495,-0.1794709,-0.16860984,-0.6704566,0.69989204,347.9149475097656
session-20260402-051025,9,1329419904802457,1329419884096350,TRACKING,frame_1329419904802457.jpg,/content/trajectreview_input/session-20260402-051025/trajectreview/images/frame_1329419904802457.jpg,True,456.27792,455.49878,317.64102,245.34378,640,480,0.00799161,0.029337846,-0.029275913,-0.17851767,-0.16889447,-0.6710475,0.69950074,335.7051696777344
session-20260402-051025,10,1329419938166519,1329419917460412,TRACKING,frame_1329419938166519.jpg,/content/trajectreview_input/session-20260402-051025/trajectreview/images/frame_1329419938166519.jpg,True,456.27792,455.49878,317.64102,245.34378,640,480,0.010622909,0.029587971,-0.031239258,-0.17786679,-0.16982943,-0.6715833,0.6989258,328.91888427734375
session-20260402-051025,11,1329419971530530,1329419950824423,TRACKING,frame_1329419971530530.jpg,/content/trajectreview_input/session-20260402-051025/trajectreview/images/frame_1329419971530530.jpg,True,456.27792,455.49878,317.64102,245.34378,640,480,0.013529847,0.029727343,-0.03323019,-0.17736113,-0.17037901,-0.6720465,0.6984752,318.8701171875
session-20260402-051025,12,1329420004446417,1329419984188485,TRACKING,frame_1329420004446417.jpg,/content/trajectreview_input/session-20260402-051025/trajectreview/images/frame_1329420004446417.jpg,True,456.27792,455.49878,317.64102,245.34378,640,480,0.018173043,0.030908983,-0.034947347,-0.17574987,-0.17047213,-0.6731884,0.6977597,267.9149169921875
session-20260402-051025,13,1329420037810480,1329420017552548,TRACKING,frame_1329420037810480.jpg,/content/trajectreview_input/session-20260402-051025/trajectreview/images/frame_1329420037810480.jpg,True,456.27792,455.49878,317.64102,245.34378,640,480,0.022248507,0.030920673,-0.03711807,-0.17457591,-0.17134318,-0.67404544,0.69701326,289.58270263671875
session-20260402-051025,14,1329420071174490,1329420050916558,TRACKING,frame_1329420071174490.jpg,/content/trajectreview_input/session-20260402-051025/trajectreview/images/frame_1329420071174490.jpg,True,456.27792,455.49878,317.64102,245.34378,640,480,0.026782367,0.030873962,-0.039763905,-0.17469318,-0.17199415,-0.67502767,0.69587207,303.96630859375
session-20260402-051025,15,1329420104221868,1329420084280621,TRACKING,frame_1329420104221868.jpg,/content/trajectreview_input/session-20260402-051025/trajectreview/images/frame_1329420104221868.jpg,True,456.27792,455.49878,317.64102,245.34378,640,480,0.033289004,0.031851836,-0.043994844,-0.17433727,-0.17196427,-0.6763038,0.6947286,319.7077941894531
session-20260402-051025,16,1329420137585878,1329420117644631,TRACKING,frame_1329420137585878.jpg,/content/trajectreview_input/session-20260402-051025/trajectreview/images/frame_1329420137585878.jpg,True,456.27792,455.49878,317.64102,245.34378,640,480,0.03858683,0.031772204,-0.047429986,-0.17453903,-0.17237353,-0.677054,0.6938453,297.2425537109375
session-20260402-051025,17,1329420170949941,1329420151008694,TRACKING,frame_1329420170949941.jpg,/content/trajectreview_input/session-20260402-051025/trajectreview/images/frame_1329420170949941.jpg,True,456.27792,455.49878,317.64102,245.34378,640,480,0.044273295,0.031593144,-0.051170357,-0.17470823,-0.17360333,-0.67787546,0.6926931,306.0602722167969
session-20260402-051025,18,1329420204736173,1329420184372756,TRACKING,frame_1329420204736173.jpg,/content/trajectreview_input/session-20260402-051025/trajectreview/images/frame_1329420204736173.jpg,True,456.27792,455.49878,317.64102,245.34378,640,480,0.049403243,0.03143494,-0.05403381,-0.17493705,-0.17435876,-0.6787815,0.69155747,314.78515625
session-20260402-051025,19,1329420238100184,1329420217736767,TRACKING,frame_1329420238100184.jpg,/content/trajectreview_input/session-20260402-051025/trajectreview/images/frame_1329420238100184.jpg,True,456.27792,455.49878,317.64102,245.34378,640,480,0.055703897,0.031236932,-0.058016583,-0.1755283,-0.17545538,-0.6793349,0.6905862,306.25140380859375
session-20260402-051025,20,1329420271464246,1329420251100829,TRACKING,frame_1329420271464246.jpg,/content/trajectreview_input/session-20260402-051025/trajectreview/images/frame_1329420271464246.jpg,True,456.27792,455.49878,317.64102,245.34378,640,480,0.062354404,0.031052615,-0.061961427,-0.17653343,-0.17572522,-0.6799847,0.6896212,339.087890625
session-20260402-051025,21,1329420304681748,1329420284464892,TRACKING,frame_1329420304681748.jpg,/content/trajectreview_input/session-20260402-051025/trajectreview/images/frame_1329420304681748.jpg,True,456.27792,455.49878,317.64102,245.34378,640,480,0.0690129,0.030915942,-0.06545617,-0.17660771,-0.17555532,-0.680866,0.6887753,318.77215576171875
session-20260402-051025,22,1329420338045758,1329420317828902,TRACKING,frame_1329420338045758.jpg,/content/trajectreview_input/session-20260402-051025/trajectreview/images/frame_1329420338045758.jpg,True,456.27792,455.49878,317.64102,245.34378,640,480,0.076541916,0.030952906,-0.06910513,-0.17631991,-0.1755224,-0.6814596,0.6882703,324.59661865234375
session-20260402-051025,23,1329420371409820,1329420351192964,TRACKING,frame_1329420371409820.jpg,/content/trajectreview_input/session-20260402-051025/trajectreview/images/frame_1329420371409820.jpg,True,456.27792,455.49878,317.64102,245.34378,640,480,0.08443597,0.031061927,-0.073024385,-0.17701703,-0.17486216,-0.6820174,0.6877067,338.3258056640625
session-20260402-051025,24,1329420404883743,1329420384557027,TRACKING,frame_1329420404883743.jpg,/content/trajectreview_input/session-20260402-051025/trajectreview/images/frame_1329420404883743.jpg,True,456.27792,455.49878,317.64102,245.34378,640,480,0.09261789,0.03171525,-0.07637195,-0.1769136,-0.17367953,-0.68259186,0.687463,301.2764587402344
session-20260402-051025,25,1329420438247753,1329420417921037,TRACKING,frame_1329420438247753.jpg,/content/trajectreview_input/session-20260402-051025/trajectreview/images/frame_1329420438247753.jpg,True,456.27792,455.49878,317.64102,245.34378,640,480,0.101324424,0.031928293,-0.08017003,-0.17674336,-0.17269832,-0.68282175,0.6875256,302.9034423828125
session-20260402-051025,26,1329420471611816,1329420451285100,TRACKING,frame_1329420471611816.jpg,/content/trajectreview_input/session-20260402-051025/trajectreview/images/frame_1329420471611816.jpg,True,456.27792,455.49878,317.64102,245.34378,640,480,0.11036307,0.032111354,-0.083992876,-0.17638959,-0.17192988,-0.683113,0.6875198,274.6915588378906
session-20260402-051025,27,1329420504620596,1329420484649162,TRACKING,frame_1329420504620596.jpg,/content/trajectreview_input/session-20260402-051025/trajectreview/images/frame_1329420504620596.jpg,True,456.27792,455.49878,317.64102,245.34378,640,480,0.120297916,0.033488415,-0.0888121,-0.176359,-0.17247564,-0.68286663,0.68763566,266.0589599609375
session-20260402-051025,28,1329420537984607,1329420518013173,TRACKING,frame_1329420537984607.jpg,/content/trajectreview_input/session-20260402-051025/trajectreview/images/frame_1329420537984607.jpg,True,456.27792,455.49878,317.64102,245.34378,640,480,0.12956867,0.034031644,-0.09283304,-0.17622788,-0.17244653,-0.6824238,0.6881161,262.49212646484375
session-20260402-051025,29,1329420571348669,1329420551377235,TRACKING,frame_1329420571348669.jpg,/content/trajectreview_input/session-20260402-051025/trajectreview/images/frame_1329420571348669.jpg,True,456.27792,455.49878,317.64102,245.34378,640,480,0.13890086,0.03476058,-0.09661325,-0.17531784,-0.17131738,-0.6824019,0.688652,254.95242309570312
session-20260402-051025,30,1329420604699057,1329420584741246,TRACKING,frame_1329420604699057.jpg,/content/trajectreview_input/session-20260402-051025/trajectreview/images/frame_1329420604699057.jpg,True,456.27792,455.49878,317.64102,245.34378,640,480,0.1479195,0.03604339,-0.09982539,-0.1749678,-0.17050448,-0.68217665,0.68916583,284.1804504394531
session-20260402-051025,31,1329420638063119,1329420618105308,TRACKING,frame_1329420638063119.jpg,/content/trajectreview_input/session-20260402-051025/trajectreview/images/frame_1329420638063119.jpg,True,456.27792,455.49878,317.64102,245.34378,640,480,0.1569149,0.03681506,-0.10357238,-0.1752473,-0.16896822,-0.6816531,0.6899908,259.57666015625
session-20260402-051025,32,1329420671427182,1329420651469371,TRACKING,frame_1329420671427182.jpg,/content/trajectreview_input/session-20260402-051025/trajectreview/images/frame_1329420671427182.jpg,True,456.27792,455.49878,317.64102,245.34378,640,480,0.1659981,0.037592247,-0.10706322,-0.17493373,-0.16674905,-0.68121696,0.6910401,272.30706787109375
session-20260402-051025,33,1329420704989719,1329420684833381,TRACKING,frame_1329420704989719.jpg,/content/trajectreview_input/session-20260402-051025/trajectreview/images/frame_1329420704989719.jpg,True,456.27792,455.49878,317.64102,245.34378,640,480,0.17540723,0.037729993,-0.11063659,-0.17599109,-0.16674735,-0.6803805,0.6915958,279.65777587890625
session-20260402-051025,34,1329420738353782,1329420718197444,TRACKING,frame_1329420738353782.jpg,/content/trajectreview_input/session-20260402-051025/trajectreview/images/frame_1329420738353782.jpg,True,456.27792,455.49878,317.64102,245.34378,640,480,0.18448614,0.038141586,-0.11413337,-0.17676182,-0.1655104,-0.6795822,0.6924807,252.08750915527344
session-20260402-051025,35,1329420771717844,1329420751561506,TRACKING,frame_1329420771717844.jpg,/content/trajectreview_input/session-20260402-051025/trajectreview/images/frame_1329420771717844.jpg,True,456.27792,455.49878,317.64102,245.34378,640,480,0.19355567,0.038557537,-0.11723214,-0.17723548,-0.1622903,-0.67925376,0.6934434,235.6026611328125
session-20260402-051025,36,1329420805240278,1329420784925517,TRACKING,frame_1329420805240278.jpg,/content/trajectreview_input/session-20260402-051025/trajectreview/images/frame_1329420805240278.jpg,True,456.27792,455.49878,317.64102,245.34378,640,480,0.19747591,0.039801955,-0.11667341,-0.1779018,-0.16043587,-0.6788369,0.6941121,244.17007446289062
session-20260402-051025,37,1329420838604340,1329420818289579,TRACKING,frame_1329420838604340.jpg,/content/trajectreview_input/session-20260402-051025/trajectreview/images/frame_1329420838604340.jpg,True,456.27792,455.49878,317.64102,245.34378,640,480,0.20674819,0.040110204,-0.11938518,-0.17786086,-0.16076335,-0.678605,0.6942736,273.0889892578125
session-20260402-051025,38,1329420871968403,1329420851653642,TRACKING,frame_1329420871968403.jpg,/content/trajectreview_input/session-20260402-051025/trajectreview/images/frame_1329420871968403.jpg,True,456.27792,455.49878,317.64102,245.34378,640,480,0.2160178,0.04060843,-0.12154737,-0.17742492,-0.15904103,-0.67856646,0.69481933,253.691650390625
session-20260402-051025,39,1329420905299850,1329420885017652,TRACKING,frame_1329420905299850.jpg,/content/trajectreview_input/session-20260402-051025/trajectreview/images/frame_1329420905299850.jpg,True,456.27792,455.49878,317.64102,245.34378,640,480,0.22211555,0.040531825,-0.12247518,-0.17778498,-0.15837802,-0.6780255,0.6954066,206.6498260498047
session-20260402-051025,40,1329420938663912,1329420918381714,TRACKING,frame_1329420938663912.jpg,/content/trajectreview_input/session-20260402-051025/trajectreview/images/frame_1329420938663912.jpg,True,456.27792,455.49878,317.64102,245.34378,640,480,0.23152398,0.04059559,-0.12517917,-0.17966057,-0.161437,-0.6777665,0.6944731,159.86561584472656
session-20260402-051025,41,1329420972027975,1329420951745777,TRACKING,frame_1329420972027975.jpg,/content/trajectreview_input/session-20260402-051025/trajectreview/images/frame_1329420972027975.jpg,True,456.27792,455.49878,317.64102,245.34378,640,480,0.24060285,0.041017186,-0.12743554,-0.18049596,-0.16228287,-0.67772293,0.6941016,299.65460205078125
session-20260402-051025,42,1329421005570204,1329420985109787,TRACKING,frame_1329421005570204.jpg,/content/trajectreview_input/session-20260402-051025/trajectreview/images/frame_1329421005570204.jpg,True,456.27792,455.49878,317.64102,245.34378,640,480,0.25120413,0.041660264,-0.13113996,-0.18275194,-0.16166227,-0.6778409,0.69354075,256.3569641113281
session-20260402-051025,43,1329421038934267,1329421018473850,TRACKING,frame_1329421038934267.jpg,/content/trajectreview_input/session-20260402-051025/trajectreview/images/frame_1329421038934267.jpg,True,456.27792,455.49878,317.64102,245.34378,640,480,0.26002556,0.04212804,-0.1335646,-0.18549041,-0.16130576,-0.6782999,0.6924471,304.5729064941406
session-20260402-051025,44,1329421072298329,1329421051837912,TRACKING,frame_1329421072298329.jpg,/content/trajectreview_input/session-20260402-051025/trajectreview/images/frame_1329421072298329.jpg,True,456.27792,455.49878,317.64102,245.34378,640,480,0.2686407,0.042673297,-0.13565254,-0.18673688,-0.16085637,-0.6784673,0.6920525,309.6846008300781
session-20260402-051025,45,1329421105635944,1329421085201923,TRACKING,frame_1329421105635944.jpg,/content/trajectreview_input/session-20260402-051025/trajectreview/images/frame_1329421105635944.jpg,True,456.27792,455.49878,317.64102,245.34378,640,480,0.27849677,0.042677425,-0.13897167,-0.18922816,-0.15941983,-0.6784837,0.6916919,210.29359436035156
session-20260402-051025,46,1329421139000006,1329421118565985,TRACKING,frame_1329421139000006.jpg,/content/trajectreview_input/session-20260402-051025/trajectreview/images/frame_1329421139000006.jpg,True,456.27792,455.49878,317.64102,245.34378,640,480,0.2870525,0.043214,-0.14080687,-0.19118819,-0.1543451,-0.6793795,0.69142467,189.2132568359375
session-20260402-051025,47,1329421172364017,1329421151929996,TRACKING,frame_1329421172364017.jpg,/content/trajectreview_input/session-20260402-051025/trajectreview/images/frame_1329421172364017.jpg,True,456.27792,455.49878,317.64102,245.34378,640,480,0.29572117,0.04335008,-0.1427744,-0.18989398,-0.15632614,-0.6792938,0.6914206,93.56884765625
session-20260402-051025,48,1329421205575694,1329421185294058,TRACKING,frame_1329421205575694.jpg,/content/trajectreview_input/session-20260402-051025/trajectreview/images/frame_1329421205575694.jpg,True,456.27792,455.49878,317.64102,245.34378,640,480,0.30439472,0.043929704,-0.1445815,-0.18833993,-0.16174184,-0.6784453,0.69143295,175.86727905273438
session-20260402-051025,49,1329421238939757,1329421218658121,TRACKING,frame_1329421238939757.jpg,/content/trajectreview_input/session-20260402-051025/trajectreview/images/frame_1329421238939757.jpg,True,456.27792,455.49878,317.64102,245.34378,640,480,0.3131014,0.04447695,-0.14638181,-0.18719904,-0.16146839,-0.67862886,0.6916266,191.47557067871094
session-20260402-051025,50,1329421272303767,1329421252022131,TRACKING,frame_1329421272303767.jpg,/content/trajectreview_input/session-20260402-051025/trajectreview/images/frame_1329421272303767.jpg,True,456.27792,455.49878,317.64102,245.34378,640,480,0.32161838,0.044677705,-0.14883101,-0.18741512,-0.1647647,-0.67799056,0.6914166,126.06973266601562
session-20260402-051025,51,1329421305747056,1329421285386194,TRACKING,frame_1329421305747056.jpg,/content/trajectreview_input/session-20260402-051025/trajectreview/images/frame_1329421305747056.jpg,True,456.27792,455.49878,317.64102,245.34378,640,480,0.3280437,0.04476116,-0.15085922,-0.18736036,-0.16747326,-0.67822146,0.6905537,143.22760009765625
session-20260402-051025,52,1329421339111118,1329421318750256,TRACKING,frame_1329421339111118.jpg,/content/trajectreview_input/session-20260402-051025/trajectreview/images/frame_1329421339111118.jpg,True,456.27792,455.49878,317.64102,245.34378,640,480,0.3362443,0.044496313,-0.15442428,-0.19296698,-0.17129916,-0.6778401,0.68844247,85.15679168701172
session-20260402-051025,53,1329421372475129,1329421352114267,TRACKING,frame_1329421372475129.jpg,/content/trajectreview_input/session-20260402-051025/trajectreview/images/frame_1329421372475129.jpg,True,456.27792,455.49878,317.64102,245.34378,640,480,0.34429884,0.044359997,-0.15788643,-0.19981523,-0.17166914,-0.6772915,0.686935,176.71417236328125
session-20260402-051025,54,1329421405510459,1329421385478329,TRACKING,frame_1329421405510459.jpg,/content/trajectreview_input/session-20260402-051025/trajectreview/images/frame_1329421405510459.jpg,True,456.27792,455.49878,317.64102,245.34378,640,480,0.3545768,0.044705577,-0.16206951,-0.20466383,-0.16746837,-0.67631733,0.6875041,134.8834228515625
session-20260402-051025,55,1329421438874522,1329421418842392,TRACKING,frame_1329421438874522.jpg,/content/trajectreview_input/session-20260402-051025/trajectreview/images/frame_1329421438874522.jpg,True,456.27792,455.49878,317.64102,245.34378,640,480,0.36285838,0.044928055,-0.1655316,-0.21235086,-0.1607909,-0.6754167,0.6876523,144.6531219482422
session-20260402-051025,56,1329421472238532,1329421452206402,TRACKING,frame_1329421472238532.jpg,/content/trajectreview_input/session-20260402-051025/trajectreview/images/frame_1329421472238532.jpg,True,456.27792,455.49878,317.64102,245.34378,640,480,0.37156737,0.04572004,-0.16823906,-0.21512891,-0.15416126,-0.6755368,0.68818897,79.37989807128906
session-20260402-051025,57,1329421505534959,1329421485570464,TRACKING,frame_1329421505534959.jpg,/content/trajectreview_input/session-20260402-051025/trajectreview/images/frame_1329421505534959.jpg,True,456.27792,455.49878,317.64102,245.34378,640,480,0.37926626,0.047632113,-0.16985485,-0.21524087,-0.1471821,-0.67640245,0.68883127,112.45448303222656
session-20260402-051025,58,1329421538898970,1329421518934475,TRACKING,frame_1329421538898970.jpg,/content/trajectreview_input/session-20260402-051025/trajectreview/images/frame_1329421538898970.jpg,True,456.27792,455.49878,317.64102,245.34378,640,480,0.38824394,0.04826532,-0.17323291,-0.22236264,-0.13968207,-0.6771459,0.6873989,92.65286254882812
session-20260402-051025,59,1329421572263032,1329421552298537,TRACKING,frame_1329421572263032.jpg,/content/trajectreview_input/session-20260402-051025/trajectreview/images/frame_1329421572263032.jpg,True,456.27792,455.49878,317.64102,245.34378,640,480,0.39820328,0.04917688,-0.17575814,-0.22191547,-0.13338535,-0.6804327,0.68554586,93.58155822753906
session-20260402-051025,60,1329421605495878,1329421585662600,TRACKING,frame_1329421605495878.jpg,/content/trajectreview_input/session-20260402-051025/trajectreview/images/frame_1329421605495878.jpg,True,456.27792,455.49878,317.64102,245.34378,640,480,0.41005933,0.04988165,-0.17813337,-0.220767,-0.12783763,-0.68369824,0.6837223,224.56393432617188
session-20260402-051025,61,1329421638859888,1329421619026610,TRACKING,frame_1329421638859888.jpg,/content/trajectreview_input/session-20260402-051025/trajectreview/images/frame_1329421638859888.jpg,True,456.27792,455.49878,317.64102,245.34378,640,480,0.41963372,0.05003781,-0.18187535,-0.22357237,-0.12771295,-0.6845255,0.6820041,149.27684020996094
session-20260402-051025,62,1329421672223951,1329421652390673,TRACKING,frame_1329421672223951.jpg,/content/trajectreview_input/session-20260402-051025/trajectreview/images/frame_1329421672223951.jpg,True,456.27792,455.49878,317.64102,245.34378,640,480,0.4291945,0.050609298,-0.18476959,-0.22261117,-0.12308298,-0.6869082,0.68077314,69.20136260986328
session-20260402-051025,63,1329421705661740,1329421685754735,TRACKING,frame_1329421705661740.jpg,/content/trajectreview_input/session-20260402-051025/trajectreview/images/frame_1329421705661740.jpg,True,456.27792,455.49878,317.64102,245.34378,640,480,0.4385604,0.050409727,-0.18828014,-0.21958525,-0.12418197,-0.68912745,0.67931175,224.42398071289062
session-20260402-051025,64,1329421739025751,1329421719118746,TRACKING,frame_1329421739025751.jpg,/content/trajectreview_input/session-20260402-051025/trajectreview/images/frame_1329421739025751.jpg,True,456.27792,455.49878,317.64102,245.34378,640,480,0.44825235,0.05017941,-0.19224769,-0.22057821,-0.1246295,-0.69127166,0.6767246,212.86337280273438
session-20260402-051025,65,1329421772389813,1329421752482808,TRACKING,frame_1329421772389813.jpg,/content/trajectreview_input/session-20260402-051025/trajectreview/images/frame_1329421772389813.jpg,True,456.27792,455.49878,317.64102,245.34378,640,480,0.45783308,0.050093494,-0.19615884,-0.21874137,-0.12514126,-0.6937481,0.6746892,156.33328247070312
session-20260402-051025,66,1329421805762269,1329421785846871,TRACKING,frame_1329421805762269.jpg,/content/trajectreview_input/session-20260402-051025/trajectreview/images/frame_1329421805762269.jpg,True,456.27792,455.49878,317.64102,245.34378,640,480,0.466702,0.049472243,-0.1998618,-0.21791524,-0.12844272,-0.6953361,0.6726983,152.3411865234375
session-20260402-051025,67,1329421839126279,1329421819210881,TRACKING,frame_1329421839126279.jpg,/content/trajectreview_input/session-20260402-051025/trajectreview/images/frame_1329421839126279.jpg,True,456.27792,455.49878,317.64102,245.34378,640,480,0.47618788,0.04936569,-0.20408456,-0.2169846,-0.13016632,-0.69662577,0.6713322,104.42857360839844
session-20260402-051025,68,1329421872490342,1329421852574944,TRACKING,frame_1329421872490342.jpg,/content/trajectreview_input/session-20260402-051025/trajectreview/images/frame_1329421872490342.jpg,True,456.27792,455.49878,317.64102,245.34378,640,480,0.48558465,0.049235642,-0.20824464,-0.21297431,-0.13217314,-0.6978882,0.670913,167.16384887695312
session-20260402-051025,69,1329421905797823,1329421885939006,TRACKING,frame_1329421905797823.jpg,/content/trajectreview_input/session-20260402-051025/trajectreview/images/frame_1329421905797823.jpg,True,456.27792,455.49878,317.64102,245.34378,640,480,0.49429315,0.04905539,-0.2125192,-0.21516114,-0.13306332,-0.69863576,0.66925913,247.69894409179688
session-20260402-051025,70,1329421939161834,1329421919303017,TRACKING,frame_1329421939161834.jpg,/content/trajectreview_input/session-20260402-051025/trajectreview/images/frame_1329421939161834.jpg,True,456.27792,455.49878,317.64102,245.34378,640,480,0.50327176,0.04858794,-0.21706101,-0.2137072,-0.13548301,-0.6993054,0.66853994,126.50799560546875
session-20260402-051025,71,1329421972525896,1329421952667079,TRACKING,frame_1329421972525896.jpg,/content/trajectreview_input/session-20260402-051025/trajectreview/images/frame_1329421972525896.jpg,True,456.27792,455.49878,317.64102,245.34378,640,480,0.5121504,0.047655597,-0.22222173,-0.21377859,-0.13976978,-0.6995632,0.66736376,155.52703857421875
session-20260402-051025,72,1329422005892848,1329421986031142,TRACKING,frame_1329422005892848.jpg,/content/trajectreview_input/session-20260402-051025/trajectreview/images/frame_1329422005892848.jpg,True,456.27792,455.49878,317.64102,245.34378,640,480,0.51922184,0.0473033,-0.22787564,-0.2157192,-0.14212711,-0.7006564,0.6650907,218.15359497070312
session-20260402-051025,73,1329422039256858,1329422019395152,TRACKING,frame_1329422039256858.jpg,/content/trajectreview_input/session-20260402-051025/trajectreview/images/frame_1329422039256858.jpg,True,456.27792,455.49878,317.64102,245.34378,640,480,0.5275374,0.046357673,-0.23309588,-0.217422,-0.14375374,-0.70115685,0.6636577,190.20147705078125
session-20260402-051025,74,1329422072620920,1329422052759214,TRACKING,frame_1329422072620920.jpg,/content/trajectreview_input/session-20260402-051025/trajectreview/images/frame_1329422072620920.jpg,True,456.27792,455.49878,317.64102,245.34378,640,480,0.5360219,0.045764014,-0.23778896,-0.21653838,-0.14459454,-0.70248604,0.6623571,168.0534210205078
session-20260402-051025,75,1329422105968000,1329422086123225,TRACKING,frame_1329422105968000.jpg,/content/trajectreview_input/session-20260402-051025/trajectreview/images/frame_1329422105968000.jpg,True,456.27792,455.49878,317.64102,245.34378,640,480,0.5444395,0.04430157,-0.24200311,-0.21496725,-0.14520277,-0.7032593,0.6619151,199.32562255859375
session-20260402-051025,76,1329422139332062,1329422119487287,TRACKING,frame_1329422139332062.jpg,/content/trajectreview_input/session-20260402-051025/trajectreview/images/frame_1329422139332062.jpg,True,456.27792,455.49878,317.64102,245.34378,640,480,0.5530919,0.043951776,-0.24575979,-0.2133834,-0.14638545,-0.70366985,0.66173077,144.50074768066406
session-20260402-051025,77,1329422172696125,1329422152851350,TRACKING,frame_1329422172696125.jpg,/content/trajectreview_input/session-20260402-051025/trajectreview/images/frame_1329422172696125.jpg,True,456.27792,455.49878,317.64102,245.34378,640,480,0.5620557,0.04360155,-0.24930894,-0.21027897,-0.14833283,-0.7045366,0.6613685,173.47225952148438
session-20260402-051025,78,1329422206050745,1329422186215360,TRACKING,frame_1329422206050745.jpg,/content/trajectreview_input/session-20260402-051025/trajectreview/images/frame_1329422206050745.jpg,True,456.27792,455.49878,317.64102,245.34378,640,480,0.5708856,0.042167157,-0.25256267,-0.20869026,-0.14817227,-0.7044616,0.6619873,175.62985229492188
session-20260402-051025,79,1329422239414808,1329422219579423,TRACKING,frame_1329422239414808.jpg,/content/trajectreview_input/session-20260402-051025/trajectreview/images/frame_1329422239414808.jpg,True,456.27792,455.49878,317.64102,245.34378,640,480,0.58014613,0.041917615,-0.25565967,-0.20585456,-0.14657885,-0.70520914,0.662434,121.62084197998047
session-20260402-051025,80,1329422272778870,1329422252943485,TRACKING,frame_1329422272778870.jpg,/content/trajectreview_input/session-20260402-051025/trajectreview/images/frame_1329422272778870.jpg,True,456.27792,455.49878,317.64102,245.34378,640,480,0.5892338,0.041470632,-0.25913036,-0.20375863,-0.14599356,-0.7055312,0.662868,228.78799438476562
session-20260402-051025,81,1329422306139087,1329422286307496,TRACKING,frame_1329422306139087.jpg,/content/trajectreview_input/session-20260402-051025/trajectreview/images/frame_1329422306139087.jpg,True,456.27792,455.49878,317.64102,245.34378,640,480,0.59520483,0.039049298,-0.26240057,-0.20516375,-0.14401531,-0.70510525,0.6633204,257.3970947265625
session-20260402-051025,82,1329422339503149,1329422319671558,TRACKING,frame_1329422339503149.jpg,/content/trajectreview_input/session-20260402-051025/trajectreview/images/frame_1329422339503149.jpg,True,456.27792,455.49878,317.64102,245.34378,640,480,0.6043192,0.038527895,-0.26676157,-0.20621562,-0.14367244,-0.7046902,0.6635097,270.1183166503906
session-20260402-051025,83,1329422372867212,1329422353035621,TRACKING,frame_1329422372867212.jpg,/content/trajectreview_input/session-20260402-051025/trajectreview/images/frame_1329422372867212.jpg,True,456.27792,455.49878,317.64102,245.34378,640,480,0.6137562,0.038107015,-0.2710889,-0.2068835,-0.14312053,-0.70430565,0.66382927,278.4427490234375
session-20260402-051025,84,1329422406320647,1329422386399631,TRACKING,frame_1329422406320647.jpg,/content/trajectreview_input/session-20260402-051025/trajectreview/images/frame_1329422406320647.jpg,True,456.27792,455.49878,317.64102,245.34378,640,480,0.62267065,0.036610253,-0.2748097,-0.20675659,-0.13989146,-0.70397544,0.6649065,125.45684051513672
session-20260402-051025,85,1329422439684710,1329422419763694,TRACKING,frame_1329422439684710.jpg,/content/trajectreview_input/session-20260402-051025/trajectreview/images/frame_1329422439684710.jpg,True,456.27792,455.49878,317.64102,245.34378,640,480,0.63199735,0.036872894,-0.27846166,-0.2063059,-0.13400272,-0.70220655,0.668122,157.05325317382812
session-20260402-051025,86,1329422473048772,1329422453127756,TRACKING,frame_1329422473048772.jpg,/content/trajectreview_input/session-20260402-051025/trajectreview/images/frame_1329422473048772.jpg,True,456.27792,455.49878,317.64102,245.34378,640,480,0.6422226,0.03706702,-0.2826227,-0.20503508,-0.1345644,-0.70053,0.6701572,175.95895385742188
session-20260402-051025,87,1329422506396794,1329422486491767,TRACKING,frame_1329422506396794.jpg,/content/trajectreview_input/session-20260402-051025/trajectreview/images/frame_1329422506396794.jpg,True,456.27792,455.49878,317.64102,245.34378,640,480,0.65330875,0.037277438,-0.28719056,-0.20392743,-0.13210939,-0.69817245,0.6734358,113.10113525390625
session-20260402-051025,88,1329422539760856,1329422519855829,TRACKING,frame_1329422539760856.jpg,/content/trajectreview_input/session-20260402-051025/trajectreview/images/frame_1329422539760856.jpg,True,456.27792,455.49878,317.64102,245.34378,640,480,0.6643353,0.038251713,-0.29136842,-0.2020912,-0.12909184,-0.69576395,0.6770577,151.487060546875
session-20260402-051025,89,1329422573124919,1329422553219892,TRACKING,frame_1329422573124919.jpg,/content/trajectreview_input/session-20260402-051025/trajectreview/images/frame_1329422573124919.jpg,True,456.27792,455.49878,317.64102,245.34378,640,480,0.67566097,0.039057642,-0.2962862,-0.2006437,-0.13117301,-0.69299203,0.6799248,145.0084991455078
session-20260402-051025,90,1329422606495364,1329422586583902,TRACKING,frame_1329422606495364.jpg,/content/trajectreview_input/session-20260402-051025/trajectreview/images/frame_1329422606495364.jpg,True,456.27792,455.49878,317.64102,245.34378,640,480,0.68750226,0.039142042,-0.30173516,-0.19979371,-0.13331643,-0.69118005,0.6816006,167.1170196533203
session-20260402-051025,91,1329422639859426,1329422619947964,TRACKING,frame_1329422639859426.jpg,/content/trajectreview_input/session-20260402-051025/trajectreview/images/frame_1329422639859426.jpg,True,456.27792,455.49878,317.64102,245.34378,640,480,0.69948936,0.040011138,-0.30811667,-0.2018816,-0.13386506,-0.6885756,0.6835112,225.0613555908203
session-20260402-051025,92,1329422673223489,1329422653312027,TRACKING,frame_1329422673223489.jpg,/content/trajectreview_input/session-20260402-051025/trajectreview/images/frame_1329422673223489.jpg,True,456.27792,455.49878,317.64102,245.34378,640,480,0.711671,0.040947363,-0.31449273,-0.20137501,-0.13461721,-0.68737525,0.68472,159.46859741210938
session-20260402-051025,93,1329422706519476,1329422686676037,TRACKING,frame_1329422706519476.jpg,/content/trajectreview_input/session-20260402-051025/trajectreview/images/frame_1329422706519476.jpg,True,456.27792,455.49878,317.64102,245.34378,640,480,0.72007704,0.04063472,-0.3191065,-0.2016301,-0.13769372,-0.6867347,0.68467605,113.60934448242188
session-20260402-051025,94,1329422739883539,1329422720040100,TRACKING,frame_1329422739883539.jpg,/content/trajectreview_input/session-20260402-051025/trajectreview/images/frame_1329422739883539.jpg,True,456.27792,455.49878,317.64102,245.34378,640,480,0.73224145,0.040302284,-0.325587,-0.20322739,-0.14120822,-0.68573916,0.6844856,111.33219909667969
session-20260402-051025,95,1329422773247549,1329422753404110,TRACKING,frame_1329422773247549.jpg,/content/trajectreview_input/session-20260402-051025/trajectreview/images/frame_1329422773247549.jpg,True,456.27792,455.49878,317.64102,245.34378,640,480,0.74482125,0.0400467,-0.33118075,-0.20311362,-0.1431719,-0.685022,0.6848295,186.2265625
session-20260402-051025,96,1329422806628629,1329422786768173,TRACKING,frame_1329422806628629.jpg,/content/trajectreview_input/session-20260402-051025/trajectreview/images/frame_1329422806628629.jpg,True,456.27792,455.49878,317.64102,245.34378,640,480,0.75757474,0.0390732,-0.33606902,-0.20229988,-0.14170857,-0.6848572,0.68553925,216.7027587890625
session-20260402-051025,97,1329422839992691,1329422820132235,TRACKING,frame_1329422839992691.jpg,/content/trajectreview_input/session-20260402-051025/trajectreview/images/frame_1329422839992691.jpg,True,456.27792,455.49878,317.64102,245.34378,640,480,0.77076447,0.038562268,-0.34126285,-0.20293814,-0.14406879,-0.68529785,0.6844174,94.05206298828125
session-20260402-051025,98,1329422873356702,1329422853496246,TRACKING,frame_1329422873356702.jpg,/content/trajectreview_input/session-20260402-051025/trajectreview/images/frame_1329422873356702.jpg,True,456.27792,455.49878,317.64102,245.34378,640,480,0.78413665,0.03830781,-0.34635574,-0.20328908,-0.14611678,-0.6856129,0.683563,243.67649841308594
session-20260402-051025,99,1329422906738889,1329422886860308,TRACKING,frame_1329422906738889.jpg,/content/trajectreview_input/session-20260402-051025/trajectreview/images/frame_1329422906738889.jpg,True,456.27792,455.49878,317.64102,245.34378,640,480,0.79698163,0.03886411,-0.35128084,-0.2040534,-0.14451076,-0.6865074,0.6827785,241.8587188720703
session-20260402-051025,100,1329422940102952,1329422920224371,TRACKING,frame_1329422940102952.jpg,/content/trajectreview_input/session-20260402-051025/trajectreview/images/frame_1329422940102952.jpg,True,456.27792,455.49878,317.64102,245.34378,640,480,0.81011206,0.038846225,-0.35713732,-0.20673037,-0.14203188,-0.68664205,0.6823578,244.7244873046875
session-20260402-051025,101,1329422973466962,1329422953588381,TRACKING,frame_1329422973466962.jpg,/content/trajectreview_input/session-20260402-051025/trajectreview/images/frame_1329422973466962.jpg,True,456.27792,455.49878,317.64102,245.34378,640,480,0.8226913,0.039019763,-0.3635918,-0.21005996,-0.14061429,-0.6853447,0.6829386,232.34852600097656
session-20260402-051025,102,1329423006782734,1329422986952444,TRACKING,frame_1329423006782734.jpg,/content/trajectreview_input/session-20260402-051025/trajectreview/images/frame_1329423006782734.jpg,True,456.27792,455.49878,317.64102,245.34378,640,480,0.8348188,0.038129028,-0.3704154,-0.21375665,-0.13825524,-0.68457043,0.6830497,181.63912963867188
session-20260402-051025,103,1329423040146744,1329423020316454,TRACKING,frame_1329423040146744.jpg,/content/trajectreview_input/session-20260402-051025/trajectreview/images/frame_1329423040146744.jpg,True,456.27792,455.49878,317.64102,245.34378,640,480,0.8471408,0.038303785,-0.37697363,-0.22049,-0.13114314,-0.68288696,0.6839963,115.85430145263672
session-20260402-051025,104,1329423073510807,1329423053680517,TRACKING,frame_1329423073510807.jpg,/content/trajectreview_input/session-20260402-051025/trajectreview/images/frame_1329423073510807.jpg,True,456.27792,455.49878,317.64102,245.34378,640,480,0.85971594,0.03888637,-0.38324097,-0.22480588,-0.12563945,-0.6808567,0.68564653,186.55279541015625
session-20260402-051025,105,1329423106864125,1329423087044579,TRACKING,frame_1329423106864125.jpg,/content/trajectreview_input/session-20260402-051025/trajectreview/images/frame_1329423106864125.jpg,True,456.27792,455.49878,317.64102,245.34378,640,480,0.8709175,0.03940169,-0.38832954,-0.22873217,-0.12039945,-0.6795967,0.6865375,126.6948471069336
session-20260402-051025,106,1329423140228135,1329423120408589,TRACKING,frame_1329423140228135.jpg,/content/trajectreview_input/session-20260402-051025/trajectreview/images/frame_1329423140228135.jpg,True,456.27792,455.49878,317.64102,245.34378,640,480,0.88402426,0.040419087,-0.39458779,-0.23449008,-0.113891505,-0.67694986,0.68831813,154.01820373535156
session-20260402-051025,107,1329423173592198,1329423153772652,TRACKING,frame_1329423173592198.jpg,/content/trajectreview_input/session-20260402-051025/trajectreview/images/frame_1329423173592198.jpg,True,456.27792,455.49878,317.64102,245.34378,640,480,0.8972564,0.04181169,-0.40086707,-0.239042,-0.10964055,-0.6742366,0.69010353,167.4260711669922
session-20260402-051025,108,1329423206968443,1329423187136714,TRACKING,frame_1329423206968443.jpg,/content/trajectreview_input/session-20260402-051025/trajectreview/images/frame_1329423206968443.jpg,True,456.27792,455.49878,317.64102,245.34378,640,480,0.91177416,0.04212316,-0.40778947,-0.24298236,-0.10786207,-0.6713247,0.69184434,195.12588500976562
session-20260402-051025,109,1329423240332454,1329423220500725,TRACKING,frame_1329423240332454.jpg,/content/trajectreview_input/session-20260402-051025/trajectreview/images/frame_1329423240332454.jpg,True,456.27792,455.49878,317.64102,245.34378,640,480,0.925534,0.04365307,-0.4143169,-0.24664553,-0.10497792,-0.6686879,0.693543,174.14395141601562
session-20260402-051025,110,1329423273696516,1329423253864787,TRACKING,frame_1329423273696516.jpg,/content/trajectreview_input/session-20260402-051025/trajectreview/images/frame_1329423273696516.jpg,True,456.27792,455.49878,317.64102,245.34378,640,480,0.93914145,0.04530242,-0.42120838,-0.2524914,-0.10268136,-0.6645751,0.6957331,161.77085876464844
session-20260402-051025,111,1329423307036621,1329423287228850,TRACKING,frame_1329423307036621.jpg,/content/trajectreview_input/session-20260402-051025/trajectreview/images/frame_1329423307036621.jpg,True,456.27792,455.49878,317.64102,245.34378,640,480,0.95368713,0.04616023,-0.42892247,-0.25729084,-0.09896303,-0.66067845,0.6982205,170.22222900390625
session-20260402-051025,112,1329423340400631,1329423320592860,TRACKING,frame_1329423340400631.jpg,/content/trajectreview_input/session-20260402-051025/trajectreview/images/frame_1329423340400631.jpg,True,456.27792,455.49878,317.64102,245.34378,640,480,0.9680587,0.048329875,-0.43513733,-0.26202938,-0.09504568,-0.65702564,0.7004457,171.7674560546875
session-20260402-051025,113,1329423373764694,1329423353956923,TRACKING,frame_1329423373764694.jpg,/content/trajectreview_input/session-20260402-051025/trajectreview/images/frame_1329423373764694.jpg,True,456.27792,455.49878,317.64102,245.34378,640,480,0.9825269,0.05061686,-0.44163465,-0.2664937,-0.09192078,-0.653059,0.7028838,150.34036254882812
session-20260402-051025,114,1329423407093126,1329423387320985,TRACKING,frame_1329423407093126.jpg,/content/trajectreview_input/session-20260402-051025/trajectreview/images/frame_1329423407093126.jpg,True,456.27792,455.49878,317.64102,245.34378,640,480,0.9958662,0.052656606,-0.44863987,-0.27151316,-0.08994806,-0.64827555,0.7056406,114.96045684814453
session-20260402-051025,115,1329423440457137,1329423420684996,TRACKING,frame_1329423440457137.jpg,/content/trajectreview_input/session-20260402-051025/trajectreview/images/frame_1329423440457137.jpg,True,456.27792,455.49878,317.64102,245.34378,640,480,1.009408,0.055023834,-0.4549972,-0.27643037,-0.0790761,-0.6431426,0.70971894,96.52474975585938
session-20260402-051025,116,1329423473821199,1329423454049058,TRACKING,frame_1329423473821199.jpg,/content/trajectreview_input/session-20260402-051025/trajectreview/images/frame_1329423473821199.jpg,True,456.27792,455.49878,317.64102,245.34378,640,480,1.0228748,0.05672417,-0.46227986,-0.28216106,-0.07422804,-0.637495,0.71307474,169.0625
session-20260402-051025,117,1329423507210633,1329423487413121,TRACKING,frame_1329423507210633.jpg,/content/trajectreview_input/session-20260402-051025/trajectreview/images/frame_1329423507210633.jpg,True,456.27792,455.49878,317.64102,245.34378,640,480,1.0350778,0.057494245,-0.4685624,-0.28669053,-0.068203256,-0.633464,0.7154581,100.32405090332031
session-20260402-051025,118,1329423540574643,1329423520777131,TRACKING,frame_1329423540574643.jpg,/content/trajectreview_input/session-20260402-051025/trajectreview/images/frame_1329423540574643.jpg,True,456.27792,455.49878,317.64102,245.34378,640,480,1.0476174,0.0584145,-0.4761385,-0.29284954,-0.058339953,-0.628311,0.71837366,106.86968994140625
session-20260402-051025,119,1329423573938706,1329423554141194,TRACKING,frame_1329423573938706.jpg,/content/trajectreview_input/session-20260402-051025/trajectreview/images/frame_1329423573938706.jpg,True,456.27792,455.49878,317.64102,245.34378,640,480,1.0596306,0.058625206,-0.48451412,-0.29902288,-0.05162052,-0.6232049,0.7207887,151.912109375
session-20260402-051025,120,1329423607257119,1329423587505204,TRACKING,frame_1329423607257119.jpg,/content/trajectreview_input/session-20260402-051025/trajectreview/images/frame_1329423607257119.jpg,True,456.27792,455.49878,317.64102,245.34378,640,480,1.0747249,0.057518005,-0.4952198,-0.30461097,-0.04698196,-0.6197157,0.7217737,161.52987670898438
session-20260402-051025,121,1329423640621182,1329423620869267,TRACKING,frame_1329423640621182.jpg,/content/trajectreview_input/session-20260402-051025/trajectreview/images/frame_1329423640621182.jpg,True,456.27792,455.49878,317.64102,245.34378,640,480,1.0872211,0.056470826,-0.5049517,-0.3118177,-0.04048341,-0.61788696,0.72065705,166.90719604492188
session-20260402-051025,122,1329423673985244,1329423654233329,TRACKING,frame_1329423673985244.jpg,/content/trajectreview_input/session-20260402-051025/trajectreview/images/frame_1329423673985244.jpg,True,456.27792,455.49878,317.64102,245.34378,640,480,1.0993859,0.05499968,-0.51517236,-0.31854045,-0.035405666,-0.61672366,0.7189787,150.3612823486328
session-20260402-051025,123,1329423707346219,1329423687597339,TRACKING,frame_1329423707346219.jpg,/content/trajectreview_input/session-20260402-051025/trajectreview/images/frame_1329423707346219.jpg,True,456.27792,455.49878,317.64102,245.34378,640,480,1.1085758,0.050363675,-0.5253464,-0.3247226,-0.032980196,-0.617078,0.7160183,170.385986328125
session-20260402-051025,124,1329423740710282,1329423720961402,TRACKING,frame_1329423740710282.jpg,/content/trajectreview_input/session-20260402-051025/trajectreview/images/frame_1329423740710282.jpg,True,456.27792,455.49878,317.64102,245.34378,640,480,1.1210877,0.048051883,-0.5358775,-0.3284063,-0.030378269,-0.6190896,0.7127093,189.64791870117188
session-20260402-051025,125,1329423774074344,1329423754325464,TRACKING,frame_1329423774074344.jpg,/content/trajectreview_input/session-20260402-051025/trajectreview/images/frame_1329423774074344.jpg,True,456.27792,455.49878,317.64102,245.34378,640,480,1.1327698,0.045797154,-0.5462708,-0.33170983,-0.025772464,-0.6200239,0.7105454,215.43399047851562
session-20260402-051025,126,1329423807262122,1329423787689475,TRACKING,frame_1329423807262122.jpg,/content/trajectreview_input/session-20260402-051025/trajectreview/images/frame_1329423807262122.jpg,True,456.27792,455.49878,317.64102,245.34378,640,480,1.1430529,0.04492215,-0.55730367,-0.33525544,-0.021625921,-0.62032604,0.70875365,269.14947509765625
session-20260402-051025,127,1329423840626184,1329423821053537,TRACKING,frame_1329423840626184.jpg,/content/trajectreview_input/session-20260402-051025/trajectreview/images/frame_1329423840626184.jpg,True,456.27792,455.49878,317.64102,245.34378,640,480,1.1537569,0.042753167,-0.56832623,-0.3373283,-0.020710116,-0.62123775,0.7069967,319.04193115234375
session-20260402-051025,128,1329423873990247,1329423854417600,TRACKING,frame_1329423873990247.jpg,/content/trajectreview_input/session-20260402-051025/trajectreview/images/frame_1329423873990247.jpg,True,456.27792,455.49878,317.64102,245.34378,640,480,1.1635616,0.040783044,-0.5795086,-0.34015536,-0.017233534,-0.62081516,0.70610607,204.0380859375
session-20260402-051025,129,1329423907329397,1329423887781610,TRACKING,frame_1329423907329397.jpg,/content/trajectreview_input/session-20260402-051025/trajectreview/images/frame_1329423907329397.jpg,True,456.27792,455.49878,317.64102,245.34378,640,480,1.1697677,0.04040191,-0.59035903,-0.34370214,-0.011352093,-0.61929446,0.705843,190.11700439453125
session-20260402-051025,130,1329423940693460,1329423921145673,TRACKING,frame_1329423940693460.jpg,/content/trajectreview_input/session-20260402-051025/trajectreview/images/frame_1329423940693460.jpg,True,456.27792,455.49878,317.64102,245.34378,640,480,1.1783082,0.03862644,-0.6024196,-0.3466343,-0.0084684575,-0.6183195,0.7053041,252.2241973876953
session-20260402-051025,131,1329423974057522,1329423954509735,TRACKING,frame_1329423974057522.jpg,/content/trajectreview_input/session-20260402-051025/trajectreview/images/frame_1329423974057522.jpg,True,456.27792,455.49878,317.64102,245.34378,640,480,1.1864035,0.036767557,-0.61503875,-0.35100552,-0.0046927724,-0.61735046,0.70402527,207.81471252441406
session-20260402-051025,132,1329424007411484,1329423987873746,TRACKING,frame_1329424007411484.jpg,/content/trajectreview_input/session-20260402-051025/trajectreview/images/frame_1329424007411484.jpg,True,456.27792,455.49878,317.64102,245.34378,640,480,1.1972872,0.03543916,-0.62972564,-0.35529438,-0.00045394912,-0.61590046,0.7031588,250.28201293945312
session-20260402-051025,133,1329424040775546,1329424021237808,TRACKING,frame_1329424040775546.jpg,/content/trajectreview_input/session-20260402-051025/trajectreview/images/frame_1329424040775546.jpg,True,456.27792,455.49878,317.64102,245.34378,640,480,1.2050285,0.03391777,-0.6430201,-0.35745552,-0.00054309086,-0.61603993,0.7019401,219.62423706054688
session-20260402-051025,134,1329424074139557,1329424054601819,TRACKING,frame_1329424074139557.jpg,/content/trajectreview_input/session-20260402-051025/trajectreview/images/frame_1329424074139557.jpg,True,456.27792,455.49878,317.64102,245.34378,640,480,1.2123318,0.03259696,-0.65648156,-0.3599907,-0.00037784828,-0.6162567,0.70045274,210.16725158691406
session-20260402-051025,135,1329424107549333,1329424087965881,TRACKING,frame_1329424107549333.jpg,/content/trajectreview_input/session-20260402-051025/trajectreview/images/frame_1329424107549333.jpg,True,456.27792,455.49878,317.64102,245.34378,640,480,1.2218114,0.030939596,-0.67088413,-0.3626782,0.0077720275,-0.61394054,0.7010571,66.6962890625
session-20260402-051025,136,1329424140913396,1329424121329944,TRACKING,frame_1329424140913396.jpg,/content/trajectreview_input/session-20260402-051025/trajectreview/images/frame_1329424140913396.jpg,True,456.27792,455.49878,317.64102,245.34378,640,480,1.22763,0.03159605,-0.6836226,-0.3648386,0.016345503,-0.6107978,0.70253223,199.70489501953125
session-20260402-051025,137,1329424174277406,1329424154693954,TRACKING,frame_1329424174277406.jpg,/content/trajectreview_input/session-20260402-051025/trajectreview/images/frame_1329424174277406.jpg,True,456.27792,455.49878,317.64102,245.34378,640,480,1.2333689,0.032088235,-0.69756395,-0.36828673,0.01679808,-0.60816216,0.7030088,206.4251708984375
session-20260402-051025,138,1329424207610674,1329424188058017,TRACKING,frame_1329424207610674.jpg,/content/trajectreview_input/session-20260402-051025/trajectreview/images/frame_1329424207610674.jpg,True,456.27792,455.49878,317.64102,245.34378,640,480,1.23722,0.03469527,-0.7100081,-0.37145054,0.025057392,-0.60464984,0.70412725,58.47193908691406
session-20260402-051025,139,1329424240974736,1329424221422079,TRACKING,frame_1329424240974736.jpg,/content/trajectreview_input/session-20260402-051025/trajectreview/images/frame_1329424240974736.jpg,True,456.27792,455.49878,317.64102,245.34378,640,480,1.2422659,0.036077194,-0.72210336,-0.37342343,0.03380293,-0.6009714,0.7058652,223.7891387939453
session-20260402-051025,140,1329424274338746,1329424254786089,TRACKING,frame_1329424274338746.jpg,/content/trajectreview_input/session-20260402-051025/trajectreview/images/frame_1329424274338746.jpg,True,456.27792,455.49878,317.64102,245.34378,640,480,1.2478148,0.036697313,-0.7344923,-0.37436464,0.035044614,-0.59995115,0.70617396,205.8258819580078
session-20260402-051025,141,1329424307698613,1329424288150152,TRACKING,frame_1329424307698613.jpg,/content/trajectreview_input/session-20260402-051025/trajectreview/images/frame_1329424307698613.jpg,True,456.27792,455.49878,317.64102,245.34378,640,480,1.2510792,0.038380116,-0.7431262,-0.37455684,0.04332174,-0.5998742,0.705678,68.2524185180664
session-20260402-051025,142,1329424341062675,1329424321514214,TRACKING,frame_1329424341062675.jpg,/content/trajectreview_input/session-20260402-051025/trajectreview/images/frame_1329424341062675.jpg,True,456.27792,455.49878,317.64102,245.34378,640,480,1.2556479,0.038715433,-0.7542844,-0.37675384,0.050385147,-0.596673,0.70675254,225.43385314941406
session-20260402-051025,143,1329424374426686,1329424354878225,TRACKING,frame_1329424374426686.jpg,/content/trajectreview_input/session-20260402-051025/trajectreview/images/frame_1329424374426686.jpg,True,456.27792,455.49878,317.64102,245.34378,640,480,1.2606694,0.038737625,-0.765553,-0.37726468,0.051427014,-0.5954374,0.7074467,205.53097534179688
session-20260402-051025,144,1329424407784097,1329424388242287,TRACKING,frame_1329424407784097.jpg,/content/trajectreview_input/session-20260402-051025/trajectreview/images/frame_1329424407784097.jpg,True,456.27792,455.49878,317.64102,245.34378,640,480,1.264706,0.037351012,-0.77601963,-0.37653425,0.052279375,-0.596363,0.7069936,285.1953125
session-20260402-051025,145,1329424441148160,1329424421606350,TRACKING,frame_1329424441148160.jpg,/content/trajectreview_input/session-20260402-051025/trajectreview/images/frame_1329424441148160.jpg,True,456.27792,455.49878,317.64102,245.34378,640,480,1.2703825,0.03662292,-0.7869954,-0.37805864,0.05198894,-0.5954332,0.70698524,249.53948974609375
session-20260402-051025,146,1329424474512170,1329424454970360,TRACKING,frame_1329424474512170.jpg,/content/trajectreview_input/session-20260402-051025/trajectreview/images/frame_1329424474512170.jpg,True,456.27792,455.49878,317.64102,245.34378,640,480,1.2766917,0.035933655,-0.7978137,-0.3786335,0.05098105,-0.5956805,0.70654255,221.49758911132812
session-20260402-051025,147,1329424508017825,1329424488334423,TRACKING,frame_1329424508017825.jpg,/content/trajectreview_input/session-20260402-051025/trajectreview/images/frame_1329424508017825.jpg,True,456.27792,455.49878,317.64102,245.34378,640,480,1.2795327,0.033063218,-0.8054188,-0.37866887,0.050939687,-0.5973856,0.70508546,270.8773193359375
session-20260402-051025,148,1329424541381887,1329424521698485,TRACKING,frame_1329424541381887.jpg,/content/trajectreview_input/session-20260402-051025/trajectreview/images/frame_1329424541381887.jpg,True,456.27792,455.49878,317.64102,245.34378,640,480,1.2864925,0.03215983,-0.8159702,-0.38008332,0.052372996,-0.59786713,0.7038101,287.8990783691406
session-20260402-051025,149,1329424574745898,1329424555062496,TRACKING,frame_1329424574745898.jpg,/content/trajectreview_input/session-20260402-051025/trajectreview/images/frame_1329424574745898.jpg,True,456.27792,455.49878,317.64102,245.34378,640,480,1.2933056,0.031124497,-0.8266461,-0.38191473,0.051658913,-0.5978403,0.7028936,304.3987121582031
session-20260402-051025,150,1329424608089195,1329424588426558,TRACKING,frame_1329424608089195.jpg,/content/trajectreview_input/session-20260402-051025/trajectreview/images/frame_1329424608089195.jpg,True,456.27792,455.49878,317.64102,245.34378,640,480,1.2949061,0.028327074,-0.8318886,-0.38284883,0.054432463,-0.5984632,0.70164496,214.05926513671875
session-20260402-051025,151,1329424641453206,1329424621790569,TRACKING,frame_1329424641453206.jpg,/content/trajectreview_input/session-20260402-051025/trajectreview/images/frame_1329424641453206.jpg,True,456.27792,455.49878,317.64102,245.34378,640,480,1.3015096,0.027675407,-0.8419935,-0.38509604,0.056477483,-0.59780663,0.7008127,242.69613647460938
session-20260402-051025,152,1329424674817268,1329424655154631,TRACKING,frame_1329424674817268.jpg,/content/trajectreview_input/session-20260402-051025/trajectreview/images/frame_1329424674817268.jpg,True,456.27792,455.49878,317.64102,245.34378,640,480,1.3079027,0.027153045,-0.8522472,-0.38751188,0.05511634,-0.5962677,0.70090044,272.35589599609375
session-20260402-051025,153,1329424708157207,1329424688518694,TRACKING,frame_1329424708157207.jpg,/content/trajectreview_input/session-20260402-051025/trajectreview/images/frame_1329424708157207.jpg,True,456.27792,455.49878,317.64102,245.34378,640,480,1.3094162,0.027104564,-0.85739434,-0.38956642,0.057400424,-0.5949671,0.7006834,217.9351806640625
session-20260402-051025,154,1329424741521217,1329424721882704,TRACKING,frame_1329424741521217.jpg,/content/trajectreview_input/session-20260402-051025/trajectreview/images/frame_1329424741521217.jpg,True,456.27792,455.49878,317.64102,245.34378,640,480,1.3162358,0.02722283,-0.8673499,-0.39290783,0.060248196,-0.5926128,0.70057386,231.13339233398438
session-20260402-051025,155,1329424774885280,1329424755246767,TRACKING,frame_1329424774885280.jpg,/content/trajectreview_input/session-20260402-051025/trajectreview/images/frame_1329424774885280.jpg,True,456.27792,455.49878,317.64102,245.34378,640,480,1.323801,0.027349006,-0.87751746,-0.39532453,0.059491877,-0.591001,0.70064044,293.8992004394531
session-20260402-051025,156,1329424808246768,1329424788610829,TRACKING,frame_1329424808246768.jpg,/content/trajectreview_input/session-20260402-051025/trajectreview/images/frame_1329424808246768.jpg,True,456.27792,455.49878,317.64102,245.34378,640,480,1.3280804,0.027104918,-0.88412046,-0.3973968,0.05939385,-0.5898309,0.70046246,232.65142822265625
session-20260402-051025,157,1329424841610778,1329424821974839,TRACKING,frame_1329424841610778.jpg,/content/trajectreview_input/session-20260402-051025/trajectreview/images/frame_1329424841610778.jpg,True,456.27792,455.49878,317.64102,245.34378,640,480,1.3358155,0.027517147,-0.89345217,-0.39885637,0.060646225,-0.5867727,0.7020921,196.5308837890625
session-20260402-051025,158,1329424874974841,1329424855338902,TRACKING,frame_1329424874974841.jpg,/content/trajectreview_input/session-20260402-051025/trajectreview/images/frame_1329424874974841.jpg,True,456.27792,455.49878,317.64102,245.34378,640,480,1.3435849,0.027985102,-0.90263414,-0.40079373,0.06615565,-0.58321744,0.70345235,174.63111877441406
session-20260402-051025,159,1329424908301354,1329424888702964,TRACKING,frame_1329424908301354.jpg,/content/trajectreview_input/session-20260402-051025/trajectreview/images/frame_1329424908301354.jpg,True,456.27792,455.49878,317.64102,245.34378,640,480,1.3568462,0.028888881,-0.91722226,-0.40252444,0.071345456,-0.579251,0.70523196,196.68997192382812
session-20260402-051025,160,1329424941665365,1329424922066975,TRACKING,frame_1329424941665365.jpg,/content/trajectreview_input/session-20260402-051025/trajectreview/images/frame_1329424941665365.jpg,True,456.27792,455.49878,317.64102,245.34378,640,480,1.3652165,0.02901083,-0.9274123,-0.4046657,0.07449899,-0.57734215,0.70524573,233.7755126953125
session-20260402-051025,161,1329424975029427,1329424955431037,TRACKING,frame_1329424975029427.jpg,/content/trajectreview_input/session-20260402-051025/trajectreview/images/frame_1329424975029427.jpg,True,456.27792,455.49878,317.64102,245.34378,640,480,1.3733709,0.028993702,-0.9384015,-0.40842095,0.07525892,-0.5750205,0.70489705,241.10243225097656
session-20260402-051025,162,1329425008375570,1329424988795048,TRACKING,frame_1329425008375570.jpg,/content/trajectreview_input/session-20260402-051025/trajectreview/images/frame_1329425008375570.jpg,True,456.27792,455.49878,317.64102,245.34378,640,480,1.3816545,0.029264912,-0.9495783,-0.41120437,0.078840636,-0.57393116,0.7037743,261.21795654296875
session-20260402-051025,163,1329425041739632,1329425022159110,TRACKING,frame_1329425041739632.jpg,/content/trajectreview_input/session-20260402-051025/trajectreview/images/frame_1329425041739632.jpg,True,456.27792,455.49878,317.64102,245.34378,640,480,1.3891935,0.029861847,-0.96077466,-0.41364968,0.07964018,-0.57237655,0.7035172,290.10076904296875
session-20260402-051025,164,1329425075103695,1329425055523173,TRACKING,frame_1329425075103695.jpg,/content/trajectreview_input/session-20260402-051025/trajectreview/images/frame_1329425075103695.jpg,True,456.27792,455.49878,317.64102,245.34378,640,480,1.3958527,0.030433405,-0.97156274,-0.41602987,0.082597844,-0.5695498,0.70406663,221.985595703125
session-20260402-051025,165,1329425108469236,1329425088887183,TRACKING,frame_1329425108469236.jpg,/content/trajectreview_input/session-20260402-051025/trajectreview/images/frame_1329425108469236.jpg,True,456.27792,455.49878,317.64102,245.34378,640,480,1.400823,0.030178435,-0.98072946,-0.417678,0.08608217,-0.56654286,0.70509857,260.05731201171875
session-20260402-051025,166,1329425141833299,1329425122251246,TRACKING,frame_1329425141833299.jpg,/content/trajectreview_input/session-20260402-051025/trajectreview/images/frame_1329425141833299.jpg,True,456.27792,455.49878,317.64102,245.34378,640,480,1.407253,0.03066136,-0.9905508,-0.417355,0.08873322,-0.5647307,0.7064137,257.57427978515625
session-20260402-051025,167,1329425175197361,1329425155615308,TRACKING,frame_1329425175197361.jpg,/content/trajectreview_input/session-20260402-051025/trajectreview/images/frame_1329425175197361.jpg,True,456.27792,455.49878,317.64102,245.34378,640,480,1.4128596,0.030693213,-1.0004214,-0.41886112,0.090353705,-0.5611973,0.70813066,242.9243621826172
session-20260402-051025,168,1329425208542640,1329425188979319,TRACKING,frame_1329425208542640.jpg,/content/trajectreview_input/session-20260402-051025/trajectreview/images/frame_1329425208542640.jpg,True,456.27792,455.49878,317.64102,245.34378,640,480,1.4174892,0.030335935,-1.0113106,-0.4192058,0.089784674,-0.55830336,0.71028334,228.4645233154297
session-20260402-051025,169,1329425241906702,1329425222343381,TRACKING,frame_1329425241906702.jpg,/content/trajectreview_input/session-20260402-051025/trajectreview/images/frame_1329425241906702.jpg,True,456.27792,455.49878,317.64102,245.34378,640,480,1.4231906,0.030106748,-1.0216391,-0.41884068,0.08891268,-0.5580742,0.7107885,265.46484375
session-20260402-051025,170,1329425275270765,1329425255707444,TRACKING,frame_1329425275270765.jpg,/content/trajectreview_input/session-20260402-051025/trajectreview/images/frame_1329425275270765.jpg,True,456.27792,455.49878,317.64102,245.34378,640,480,1.4281329,0.029660854,-1.0318027,-0.41977564,0.0896516,-0.5566502,0.7112605,312.8277587890625
session-20260402-051025,171,1329425308619277,1329425289071454,TRACKING,frame_1329425308619277.jpg,/content/trajectreview_input/session-20260402-051025/trajectreview/images/frame_1329425308619277.jpg,True,456.27792,455.49878,317.64102,245.34378,640,480,1.433363,0.028721374,-1.0427657,-0.42039952,0.09189137,-0.5545198,0.71226966,258.45989990234375
session-20260402-051025,172,1329425341983340,1329425322435517,TRACKING,frame_1329425341983340.jpg,/content/trajectreview_input/session-20260402-051025/trajectreview/images/frame_1329425341983340.jpg,True,456.27792,455.49878,317.64102,245.34378,640,480,1.4371625,0.027772682,-1.052929,-0.42189035,0.09482873,-0.55245054,0.7126111,301.3539123535156
session-20260402-051025,173,1329425375347402,1329425355799579,TRACKING,frame_1329425375347402.jpg,/content/trajectreview_input/session-20260402-051025/trajectreview/images/frame_1329425375347402.jpg,True,456.27792,455.49878,317.64102,245.34378,640,480,1.4408232,0.026306562,-1.0636104,-0.4231254,0.093918234,-0.5518415,0.71247125,203.3841094970703
session-20260402-051025,174,1329425408711412,1329425389163589,TRACKING,frame_1329425408711412.jpg,/content/trajectreview_input/session-20260402-051025/trajectreview/images/frame_1329425408711412.jpg,True,456.27792,455.49878,317.64102,245.34378,640,480,1.4438674,0.024578862,-1.0742655,-0.42501977,0.09299194,-0.55027884,0.7126737,312.78851318359375
session-20260402-051025,175,1329425442085489,1329425422527652,TRACKING,frame_1329425442085489.jpg,/content/trajectreview_input/session-20260402-051025/trajectreview/images/frame_1329425442085489.jpg,True,456.27792,455.49878,317.64102,245.34378,640,480,1.4422966,0.023509692,-1.0831623,-0.42611137,0.09432115,-0.549501,0.71244735,314.658447265625
session-20260402-051025,176,1329425475449551,1329425455891714,TRACKING,frame_1329425475449551.jpg,/content/trajectreview_input/session-20260402-051025/trajectreview/images/frame_1329425475449551.jpg,True,456.27792,455.49878,317.64102,245.34378,640,480,1.4454985,0.021346837,-1.0940187,-0.427228,0.09209719,-0.5504043,0.7113714,175.3466339111328
session-20260402-051025,177,1329425508799171,1329425489255725,TRACKING,frame_1329425508799171.jpg,/content/trajectreview_input/session-20260402-051025/trajectreview/images/frame_1329425508799171.jpg,True,456.27792,455.49878,317.64102,245.34378,640,480,1.4505577,0.019226624,-1.1066277,-0.4287838,0.08903278,-0.5504922,0.71075726,264.008544921875
session-20260402-051025,178,1329425542163233,1329425522619787,TRACKING,frame_1329425542163233.jpg,/content/trajectreview_input/session-20260402-051025/trajectreview/images/frame_1329425542163233.jpg,True,456.27792,455.49878,317.64102,245.34378,640,480,1.4529916,0.017096039,-1.1169841,-0.4300841,0.09023361,-0.54956794,0.7105354,309.1323547363281
session-20260402-051025,179,1329425575527244,1329425555983798,TRACKING,frame_1329425575527244.jpg,/content/trajectreview_input/session-20260402-051025/trajectreview/images/frame_1329425575527244.jpg,True,456.27792,455.49878,317.64102,245.34378,640,480,1.4554055,0.014570467,-1.1277789,-0.43110344,0.08800183,-0.5494769,0.7102681,152.13243103027344
session-20260402-051025,180,1329425608891160,1329425589347860,TRACKING,frame_1329425608891160.jpg,/content/trajectreview_input/session-20260402-051025/trajectreview/images/frame_1329425608891160.jpg,True,456.27792,455.49878,317.64102,245.34378,640,480,1.4552083,0.012936631,-1.1382844,-0.43191844,0.083385214,-0.5497962,0.71008277,189.34780883789062
session-20260402-051025,181,1329425642255223,1329425622711923,TRACKING,frame_1329425642255223.jpg,/content/trajectreview_input/session-20260402-051025/trajectreview/images/frame_1329425642255223.jpg,True,456.27792,455.49878,317.64102,245.34378,640,480,1.457508,0.010504134,-1.1492349,-0.43167868,0.08131082,-0.5516692,0.7090156,177.08074951171875
session-20260402-051025,182,1329425675619233,1329425656075933,TRACKING,frame_1329425675619233.jpg,/content/trajectreview_input/session-20260402-051025/trajectreview/images/frame_1329425675619233.jpg,True,456.27792,455.49878,317.64102,245.34378,640,480,1.4584582,0.0079163015,-1.1606966,-0.43318763,0.07691491,-0.5511462,0.70899254,209.46617126464844
session-20260402-051025,183,1329425709019172,1329425689439996,TRACKING,frame_1329425709019172.jpg,/content/trajectreview_input/session-20260402-051025/trajectreview/images/frame_1329425709019172.jpg,True,456.27792,455.49878,317.64102,245.34378,640,480,1.4613186,0.007121142,-1.1727844,-0.43256316,0.078380354,-0.5523292,0.7082925,221.55740356445312
session-20260402-051025,184,1329425742383234,1329425722804058,TRACKING,frame_1329425742383234.jpg,/content/trajectreview_input/session-20260402-051025/trajectreview/images/frame_1329425742383234.jpg,True,456.27792,455.49878,317.64102,245.34378,640,480,1.4617416,0.005423557,-1.1841935,-0.4331546,0.078442864,-0.5523587,0.7079009,249.6068115234375
session-20260402-051025,185,1329425775747245,1329425756168069,TRACKING,frame_1329425775747245.jpg,/content/trajectreview_input/session-20260402-051025/trajectreview/images/frame_1329425775747245.jpg,True,456.27792,455.49878,317.64102,245.34378,640,480,1.4622734,0.004256338,-1.1959075,-0.43236607,0.076048054,-0.5535305,0.7077289,156.68124389648438
session-20260402-051025,186,1329425808961895,1329425789532131,TRACKING,frame_1329425808961895.jpg,/content/trajectreview_input/session-20260402-051025/trajectreview/images/frame_1329425808961895.jpg,True,456.27792,455.49878,317.64102,245.34378,640,480,1.4604948,0.0021746084,-1.2072128,-0.43011108,0.07537441,-0.55458903,0.70834607,159.8761444091797
session-20260402-051025,187,1329425842325958,1329425822896194,TRACKING,frame_1329425842325958.jpg,/content/trajectreview_input/session-20260402-051025/trajectreview/images/frame_1329425842325958.jpg,True,456.27792,455.49878,317.64102,245.34378,640,480,1.4603266,0.0021879692,-1.2185321,-0.42770132,0.07646858,-0.5543925,0.7098401,196.11135864257812
session-20260402-051025,188,1329425875689968,1329425856260204,TRACKING,frame_1329425875689968.jpg,/content/trajectreview_input/session-20260402-051025/trajectreview/images/frame_1329425875689968.jpg,True,456.27792,455.49878,317.64102,245.34378,640,480,1.4597027,0.0025558583,-1.2301393,-0.4257069,0.07825802,-0.55401856,0.7111348,206.3125
session-20260402-051025,189,1329425909078263,1329425889624267,TRACKING,frame_1329425909078263.jpg,/content/trajectreview_input/session-20260402-051025/trajectreview/images/frame_1329425909078263.jpg,True,456.27792,455.49878,317.64102,245.34378,640,480,1.4596989,0.0026984792,-1.2434555,-0.42491296,0.07590344,-0.553703,0.71211,187.97262573242188
session-20260402-051025,190,1329425942442325,1329425922988329,TRACKING,frame_1329425942442325.jpg,/content/trajectreview_input/session-20260402-051025/trajectreview/images/frame_1329425942442325.jpg,True,456.27792,455.49878,317.64102,245.34378,640,480,1.4589134,0.0032962076,-1.2561831,-0.4242676,0.07130219,-0.5545315,0.7123256,177.08053588867188
session-20260402-051025,191,1329425975806335,1329425956352339,TRACKING,frame_1329425975806335.jpg,/content/trajectreview_input/session-20260402-051025/trajectreview/images/frame_1329425975806335.jpg,True,456.27792,455.49878,317.64102,245.34378,640,480,1.4584781,0.004346678,-1.2677277,-0.42317912,0.07156229,-0.5553325,0.71232295,262.70654296875
session-20260402-051025,192,1329426009144018,1329425989716402,TRACKING,frame_1329426009144018.jpg,/content/trajectreview_input/session-20260402-051025/trajectreview/images/frame_1329426009144018.jpg,True,456.27792,455.49878,317.64102,245.34378,640,480,1.4559257,0.0056567546,-1.2771612,-0.42292556,0.07177162,-0.5571751,0.71101236,184.2918701171875
session-20260402-051025,193,1329426042508080,1329426023080464,TRACKING,frame_1329426042508080.jpg,/content/trajectreview_input/session-20260402-051025/trajectreview/images/frame_1329426042508080.jpg,True,456.27792,455.49878,317.64102,245.34378,640,480,1.4562098,0.007965155,-1.2876992,-0.42194995,0.0726899,-0.55848587,0.7104702,300.9828796386719
session-20260402-051025,194,1329426075872091,1329426056444475,TRACKING,frame_1329426075872091.jpg,/content/trajectreview_input/session-20260402-051025/trajectreview/images/frame_1329426075872091.jpg,True,456.27792,455.49878,317.64102,245.34378,640,480,1.4554976,0.010551844,-1.2977538,-0.4229397,0.07424917,-0.5558032,0.711823,286.31378173828125
session-20260402-051025,195,1329426109231386,1329426089808537,TRACKING,frame_1329426109231386.jpg,/content/trajectreview_input/session-20260402-051025/trajectreview/images/frame_1329426109231386.jpg,True,456.27792,455.49878,317.64102,245.34378,640,480,1.4473457,0.008784918,-1.3003542,-0.4262156,0.07495099,-0.5522121,0.71259,198.70382690429688
session-20260402-051025,196,1329426142595397,1329426123172548,TRACKING,frame_1329426142595397.jpg,/content/trajectreview_input/session-20260402-051025/trajectreview/images/frame_1329426142595397.jpg,True,456.27792,455.49878,317.64102,245.34378,640,480,1.4468081,0.010669116,-1.3106538,-0.4313388,0.07228683,-0.54882914,0.712396,124.71209716796875
session-20260402-051025,197,1329426175959459,1329426156536610,TRACKING,frame_1329426175959459.jpg,/content/trajectreview_input/session-20260402-051025/trajectreview/images/frame_1329426175959459.jpg,True,456.27792,455.49878,317.64102,245.34378,640,480,1.4470992,0.012072863,-1.3207792,-0.43468055,0.06475583,-0.5476332,0.7120094,183.0082244873047
session-20260402-051025,198,1329426209190707,1329426189900673,TRACKING,frame_1329426209190707.jpg,/content/trajectreview_input/session-20260402-051025/trajectreview/images/frame_1329426209190707.jpg,True,456.27792,455.49878,317.64102,245.34378,640,480,1.4502544,0.019031823,-1.3305504,-0.4373303,0.064652406,-0.54518723,0.71227324,250.27340698242188
session-20260402-051025,199,1329426242554717,1329426223264683,TRACKING,frame_1329426242554717.jpg,/content/trajectreview_input/session-20260402-051025/trajectreview/images/frame_1329426242554717.jpg,True,456.27792,455.49878,317.64102,245.34378,640,480,1.4512252,0.020290073,-1.3390342,-0.4407273,0.06849238,-0.54265875,0.71175116,237.72796630859375
session-20260402-051025,200,1329426275918780,1329426256628746,TRACKING,frame_1329426275918780.jpg,/content/trajectreview_input/session-20260402-051025/trajectreview/images/frame_1329426275918780.jpg,True,456.27792,455.49878,317.64102,245.34378,640,480,1.4532347,0.02130295,-1.3475595,-0.4419745,0.07089443,-0.542501,0.7108623,294.55706787109375
session-20260402-051025,201,1329426309312914,1329426289992808,TRACKING,frame_1329426309312914.jpg,/content/trajectreview_input/session-20260402-051025/trajectreview/images/frame_1329426309312914.jpg,True,456.27792,455.49878,317.64102,245.34378,640,480,1.4546286,0.022103174,-1.3553149,-0.4441503,0.07557924,-0.5401463,0.7108165,162.66766357421875
session-20260402-051025,202,1329426342676925,1329426323356819,TRACKING,frame_1329426342676925.jpg,/content/trajectreview_input/session-20260402-051025/trajectreview/images/frame_1329426342676925.jpg,True,456.27792,455.49878,317.64102,245.34378,640,480,1.4559562,0.022115968,-1.363931,-0.44817668,0.0835864,-0.537001,0.70977527,163.1050567626953
session-20260402-051025,203,1329426376040987,1329426356720881,TRACKING,frame_1329426376040987.jpg,/content/trajectreview_input/session-20260402-051025/trajectreview/images/frame_1329426376040987.jpg,True,456.27792,455.49878,317.64102,245.34378,640,480,1.4578366,0.021266054,-1.3734398,-0.45304793,0.086695254,-0.53549683,0.70744234,265.13348388671875
session-20260402-051025,204,1329426409432592,1329426390084944,TRACKING,frame_1329426409432592.jpg,/content/trajectreview_input/session-20260402-051025/trajectreview/images/frame_1329426409432592.jpg,True,456.27792,455.49878,317.64102,245.34378,640,480,1.4596313,0.020198263,-1.382545,-0.45448536,0.086994894,-0.535696,0.70633185,170.87770080566406
session-20260402-051025,205,1329426442796602,1329426423448954,TRACKING,frame_1329426442796602.jpg,/content/trajectreview_input/session-20260402-051025/trajectreview/images/frame_1329426442796602.jpg,True,456.27792,455.49878,317.64102,245.34378,640,480,1.4605719,0.019620262,-1.3908806,-0.45560616,0.09591228,-0.5333953,0.70619625,122.16143798828125
session-20260402-051025,206,1329426476160665,1329426456813017,TRACKING,frame_1329426476160665.jpg,/content/trajectreview_input/session-20260402-051025/trajectreview/images/frame_1329426476160665.jpg,True,456.27792,455.49878,317.64102,245.34378,640,480,1.4611422,0.01839164,-1.399975,-0.4577445,0.10032466,-0.53170514,0.7054746,329.79913330078125
session-20260402-051025,207,1329426509472369,1329426490177027,TRACKING,frame_1329426509472369.jpg,/content/trajectreview_input/session-20260402-051025/trajectreview/images/frame_1329426509472369.jpg,True,456.27792,455.49878,317.64102,245.34378,640,480,1.4615813,0.015920194,-1.409404,-0.4596071,0.09955701,-0.53017867,0.7055213,299.15216064453125
session-20260402-051025,208,1329426542836431,1329426523541089,TRACKING,frame_1329426542836431.jpg,/content/trajectreview_input/session-20260402-051025/trajectreview/images/frame_1329426542836431.jpg,True,456.27792,455.49878,317.64102,245.34378,640,480,1.461777,0.013991326,-1.4184576,-0.46235687,0.10222553,-0.52775073,0.70516324,269.2386474609375
session-20260402-051025,209,1329426576200494,1329426556905152,TRACKING,frame_1329426576200494.jpg,/content/trajectreview_input/session-20260402-051025/trajectreview/images/frame_1329426576200494.jpg,True,456.27792,455.49878,317.64102,245.34378,640,480,1.4625531,0.012168264,-1.4268699,-0.46353504,0.1054299,-0.5259278,0.7052798,236.0975341796875
session-20260402-051025,210,1329426609482168,1329426590269162,TRACKING,frame_1329426609482168.jpg,/content/trajectreview_input/session-20260402-051025/trajectreview/images/frame_1329426609482168.jpg,True,456.27792,455.49878,317.64102,245.34378,640,480,1.4631083,0.010964351,-1.4335793,-0.46394676,0.11230868,-0.5234641,0.70577997,133.44895935058594
session-20260402-051025,211,1329426642846231,1329426623633225,TRACKING,frame_1329426642846231.jpg,/content/trajectreview_input/session-20260402-051025/trajectreview/images/frame_1329426642846231.jpg,True,456.27792,455.49878,317.64102,245.34378,640,480,1.463531,0.009368539,-1.4421206,-0.4655915,0.1194427,-0.5191407,0.7067183,156.9540557861328
session-20260402-051025,212,1329426676210293,1329426656997287,TRACKING,frame_1329426676210293.jpg,/content/trajectreview_input/session-20260402-051025/trajectreview/images/frame_1329426676210293.jpg,True,456.27792,455.49878,317.64102,245.34378,640,480,1.4642503,0.008010525,-1.4512907,-0.46588755,0.12624787,-0.5156855,0.70786905,146.25445556640625
session-20260402-051025,213,1329426709576870,1329426690361298,TRACKING,frame_1329426709576870.jpg,/content/trajectreview_input/session-20260402-051025/trajectreview/images/frame_1329426709576870.jpg,True,456.27792,455.49878,317.64102,245.34378,640,480,1.4633883,0.0061006676,-1.4603319,-0.46853605,0.13442574,-0.51086617,0.7081097,145.970703125
session-20260402-051025,214,1329426742940932,1329426723725360,TRACKING,frame_1329426742940932.jpg,/content/trajectreview_input/session-20260402-051025/trajectreview/images/frame_1329426742940932.jpg,True,456.27792,455.49878,317.64102,245.34378,640,480,1.4629195,0.0042676125,-1.4716552,-0.4748924,0.14238456,-0.50276434,0.7081185,108.97674560546875
session-20260402-051025,215,1329426776304995,1329426757089423,TRACKING,frame_1329426776304995.jpg,/content/trajectreview_input/session-20260402-051025/trajectreview/images/frame_1329426776304995.jpg,True,456.27792,455.49878,317.64102,245.34378,640,480,1.4629799,0.0027124118,-1.4843936,-0.48130512,0.14806014,-0.49523884,0.707928,107.35499572753906
session-20260402-051025,216,1329426809741890,1329426790453433,TRACKING,frame_1329426809741890.jpg,/content/trajectreview_input/session-20260402-051025/trajectreview/images/frame_1329426809741890.jpg,True,456.27792,455.49878,317.64102,245.34378,640,480,1.4640182,0.0005107783,-1.4983523,-0.4896929,0.15248354,-0.48582363,0.7077605,72.63491821289062
session-20260402-051025,217,1329426843105953,1329426823817496,TRACKING,frame_1329426843105953.jpg,/content/trajectreview_input/session-20260402-051025/trajectreview/images/frame_1329426843105953.jpg,True,456.27792,455.49878,317.64102,245.34378,640,480,1.464837,-0.0008854121,-1.5135261,-0.49699697,0.15822904,-0.47646382,0.70777094,94.387939453125
session-20260402-051025,218,1329426876470015,1329426857181558,TRACKING,frame_1329426876470015.jpg,/content/trajectreview_input/session-20260402-051025/trajectreview/images/frame_1329426876470015.jpg,True,456.27792,455.49878,317.64102,245.34378,640,480,1.465331,-0.0018618219,-1.5290874,-0.50274515,0.1652123,-0.46431363,0.71018654,94.94523620605469
session-20260402-051025,219,1329426909895891,1329426890545569,TRACKING,frame_1329426909895891.jpg,/content/trajectreview_input/session-20260402-051025/trajectreview/images/frame_1329426909895891.jpg,True,456.27792,455.49878,317.64102,245.34378,640,480,1.4651217,-0.0026490353,-1.5448394,-0.5088291,0.17419055,-0.45140237,0.7120298,83.86351013183594
session-20260402-051025,220,1329426943259953,1329426923909631,TRACKING,frame_1329426943259953.jpg,/content/trajectreview_input/session-20260402-051025/trajectreview/images/frame_1329426943259953.jpg,True,456.27792,455.49878,317.64102,245.34378,640,480,1.4661944,-0.0039653834,-1.5629812,-0.5150213,0.177932,-0.44128114,0.71299654,138.09475708007812
session-20260402-051025,221,1329426976623964,1329426957273642,TRACKING,frame_1329426976623964.jpg,/content/trajectreview_input/session-20260402-051025/trajectreview/images/frame_1329426976623964.jpg,True,456.27792,455.49878,317.64102,245.34378,640,480,1.4685812,-0.005064929,-1.582237,-0.51922184,0.1782333,-0.43624854,0.7129718,146.66836547851562
session-20260402-051025,222,1329427009987758,1329426990637704,TRACKING,frame_1329427009987758.jpg,/content/trajectreview_input/session-20260402-051025/trajectreview/images/frame_1329427009987758.jpg,True,456.27792,455.49878,317.64102,245.34378,640,480,1.4717079,-0.005148867,-1.6009785,-0.5259711,0.17782551,-0.43004268,0.7118959,64.65994262695312
session-20260402-051025,223,1329427043351821,1329427024001767,TRACKING,frame_1329427043351821.jpg,/content/trajectreview_input/session-20260402-051025/trajectreview/images/frame_1329427043351821.jpg,True,456.27792,455.49878,317.64102,245.34378,640,480,1.47579,-0.0063263234,-1.620989,-0.5328925,0.17690657,-0.42451525,0.7102932,133.5419464111328
session-20260402-051025,224,1329427076715831,1329427057365777,TRACKING,frame_1329427076715831.jpg,/content/trajectreview_input/session-20260402-051025/trajectreview/images/frame_1329427076715831.jpg,True,456.27792,455.49878,317.64102,245.34378,640,480,1.4812557,-0.006662879,-1.6396936,-0.53630096,0.1783765,-0.42099673,0.70945394,134.36581420898438
session-20260402-051025,225,1329427110077188,1329427090729839,TRACKING,frame_1329427110077188.jpg,/content/trajectreview_input/session-20260402-051025/trajectreview/images/frame_1329427110077188.jpg,True,456.27792,455.49878,317.64102,245.34378,640,480,1.4862676,-0.005565321,-1.656856,-0.53970385,0.18461996,-0.41401845,0.70938283,119.60581970214844
session-20260402-051025,226,1329427143441251,1329427124093902,TRACKING,frame_1329427143441251.jpg,/content/trajectreview_input/session-20260402-051025/trajectreview/images/frame_1329427143441251.jpg,True,456.27792,455.49878,317.64102,245.34378,640,480,1.492569,-0.0041279886,-1.6736253,-0.54204386,0.19425562,-0.40781063,0.7086209,117.33979797363281
session-20260402-051025,227,1329427176805261,1329427157457912,TRACKING,frame_1329427176805261.jpg,/content/trajectreview_input/session-20260402-051025/trajectreview/images/frame_1329427176805261.jpg,True,456.27792,455.49878,317.64102,245.34378,640,480,1.4977735,-0.0030346606,-1.6910852,-0.5455275,0.19699924,-0.4013493,0.70887923,107.85769653320312
session-20260402-051025,228,1329427209979076,1329427190821975,TRACKING,frame_1329427209979076.jpg,/content/trajectreview_input/session-20260402-051025/trajectreview/images/frame_1329427209979076.jpg,True,456.27792,455.49878,317.64102,245.34378,640,480,1.5022709,-0.0031335596,-1.7090147,-0.55131674,0.19579458,-0.3953206,0.7081214,95.13101959228516
session-20260402-051025,229,1329427243343138,1329427224186037,TRACKING,frame_1329427243343138.jpg,/content/trajectreview_input/session-20260402-051025/trajectreview/images/frame_1329427243343138.jpg,True,456.27792,455.49878,317.64102,245.34378,640,480,1.5068779,-0.0024065562,-1.7257518,-0.5565581,0.20104136,-0.38915592,0.70596254,132.9168701171875
session-20260402-051025,230,1329427276707149,1329427257550048,TRACKING,frame_1329427276707149.jpg,/content/trajectreview_input/session-20260402-051025/trajectreview/images/frame_1329427276707149.jpg,True,456.27792,455.49878,317.64102,245.34378,640,480,1.5114037,-0.0017999839,-1.7411903,-0.560377,0.20922896,-0.3827582,0.70405746,100.61719512939453
session-20260402-051025,231,1329427309989113,1329427290914110,TRACKING,frame_1329427309989113.jpg,/content/trajectreview_input/session-20260402-051025/trajectreview/images/frame_1329427309989113.jpg,True,456.27792,455.49878,317.64102,245.34378,640,480,1.5173835,0.0015866421,-1.755296,-0.56281066,0.21951146,-0.3802622,0.7003281,83.677001953125
session-20260402-051025,232,1329427343353176,1329427324278173,TRACKING,frame_1329427343353176.jpg,/content/trajectreview_input/session-20260402-051025/trajectreview/images/frame_1329427343353176.jpg,True,456.27792,455.49878,317.64102,245.34378,640,480,1.5224835,0.0023258012,-1.7703778,-0.5631309,0.22730255,-0.38016853,0.69763094,90.38081359863281
session-20260402-051025,233,1329427376717186,1329427357642183,TRACKING,frame_1329427376717186.jpg,/content/trajectreview_input/session-20260402-051025/trajectreview/images/frame_1329427376717186.jpg,True,456.27792,455.49878,317.64102,245.34378,640,480,1.52719,0.0028756093,-1.7855315,-0.5617922,0.23355873,-0.38118887,0.69608533,130.46556091308594
session-20260402-051025,234,1329427410055033,1329427391006246,TRACKING,frame_1329427410055033.jpg,/content/trajectreview_input/session-20260402-051025/trajectreview/images/frame_1329427410055033.jpg,True,456.27792,455.49878,317.64102,245.34378,640,480,1.5298533,0.0038673263,-1.8023525,-0.5619095,0.23670645,-0.38033924,0.6953918,131.88241577148438
session-20260402-051025,235,1329427443419095,1329427424370308,TRACKING,frame_1329427443419095.jpg,/content/trajectreview_input/session-20260402-051025/trajectreview/images/frame_1329427443419095.jpg,True,456.27792,455.49878,317.64102,245.34378,640,480,1.5330818,0.0032014865,-1.8187339,-0.56133246,0.23666158,-0.3809401,0.6955442,143.24478149414062
session-20260402-051025,236,1329427476783106,1329427457734319,TRACKING,frame_1329427476783106.jpg,/content/trajectreview_input/session-20260402-051025/trajectreview/images/frame_1329427476783106.jpg,True,456.27792,455.49878,317.64102,245.34378,640,480,1.5360172,0.0021674726,-1.8351773,-0.5607021,0.23699138,-0.38210392,0.695302,117.46966552734375
session-20260402-051025,237,1329427510202367,1329427491098381,TRACKING,frame_1329427510202367.jpg,/content/trajectreview_input/session-20260402-051025/trajectreview/images/frame_1329427510202367.jpg,True,456.27792,455.49878,317.64102,245.34378,640,480,1.5399163,0.002558373,-1.852528,-0.5589327,0.23749775,-0.38512048,0.69488937,103.63088989257812
session-20260402-051025,238,1329427543566378,1329427524462392,TRACKING,frame_1329427543566378.jpg,/content/trajectreview_input/session-20260402-051025/trajectreview/images/frame_1329427543566378.jpg,True,456.27792,455.49878,317.64102,245.34378,640,480,1.5424994,0.0016777366,-1.8693794,-0.55787814,0.23660433,-0.38815403,0.6943535,116.32699584960938
session-20260402-051025,239,1329427576930440,1329427557826454,TRACKING,frame_1329427576930440.jpg,/content/trajectreview_input/session-20260402-051025/trajectreview/images/frame_1329427576930440.jpg,True,456.27792,455.49878,317.64102,245.34378,640,480,1.5443234,0.00075341016,-1.8864733,-0.5570685,0.23447621,-0.39146537,0.69386625,109.67622375488281
session-20260402-051025,240,1329427610290965,1329427591190517,TRACKING,frame_1329427610290965.jpg,/content/trajectreview_input/session-20260402-051025/trajectreview/images/frame_1329427610290965.jpg,True,456.27792,455.49878,317.64102,245.34378,640,480,1.5451834,0.0011269543,-1.9034464,-0.5558991,0.23281346,-0.39392903,0.6939697,120.60629272460938
session-20260402-051025,241,1329427643654975,1329427624554527,TRACKING,frame_1329427643654975.jpg,/content/trajectreview_input/session-20260402-051025/trajectreview/images/frame_1329427643654975.jpg,True,456.27792,455.49878,317.64102,245.34378,640,480,1.545323,-0.00028076582,-1.9205211,-0.55598825,0.22893971,-0.39543587,0.6943299,93.09585571289062
session-20260402-051025,242,1329427677019037,1329427657918589,TRACKING,frame_1329427677019037.jpg,/content/trajectreview_input/session-20260402-051025/trajectreview/images/frame_1329427677019037.jpg,True,456.27792,455.49878,317.64102,245.34378,640,480,1.5445395,-0.0017048791,-1.9376011,-0.5567177,0.2242801,-0.39712015,0.69430494,115.30529022216797
session-20260402-051025,243,1329427710334398,1329427691282652,TRACKING,frame_1329427710334398.jpg,/content/trajectreview_input/session-20260402-051025/trajectreview/images/frame_1329427710334398.jpg,True,456.27792,455.49878,317.64102,245.34378,640,480,1.5455937,-0.0011899918,-1.9542974,-0.5593782,0.22215484,-0.3956119,0.6937106,174.7375030517578
session-20260402-051025,244,1329427743698408,1329427724646662,TRACKING,frame_1329427743698408.jpg,/content/trajectreview_input/session-20260402-051025/trajectreview/images/frame_1329427743698408.jpg,True,456.27792,455.49878,317.64102,245.34378,640,480,1.5435867,-0.0024451427,-1.9697701,-0.56399333,0.22269659,-0.39236033,0.6916437,218.83309936523438
session-20260402-051025,245,1329427777062471,1329427758010725,TRACKING,frame_1329427777062471.jpg,/content/trajectreview_input/session-20260402-051025/trajectreview/images/frame_1329427777062471.jpg,True,456.27792,455.49878,317.64102,245.34378,640,480,1.5435321,-0.0032081585,-1.9854118,-0.56889266,0.22269419,-0.392804,0.6873671,189.65106201171875
session-20260402-051025,246,1329427810456001,1329427791374787,TRACKING,frame_1329427810456001.jpg,/content/trajectreview_input/session-20260402-051025/trajectreview/images/frame_1329427810456001.jpg,True,456.27792,455.49878,317.64102,245.34378,640,480,1.5442642,-0.002494039,-2.0001702,-0.57059443,0.22152434,-0.3985089,0.68303704,129.1358642578125
session-20260402-051025,247,1329427843820012,1329427824738798,TRACKING,frame_1329427843820012.jpg,/content/trajectreview_input/session-20260402-051025/trajectreview/images/frame_1329427843820012.jpg,True,456.27792,455.49878,317.64102,245.34378,640,480,1.5444438,-0.0011654906,-2.0143576,-0.5701802,0.22338049,-0.39947686,0.6822125,159.21054077148438
session-20260402-051025,248,1329427877184074,1329427858102860,TRACKING,frame_1329427877184074.jpg,/content/trajectreview_input/session-20260402-051025/trajectreview/images/frame_1329427877184074.jpg,True,456.27792,455.49878,317.64102,245.34378,640,480,1.542732,0.000447575,-2.0276942,-0.5701186,0.22575296,-0.39496997,0.68410456,142.64523315429688
session-20260402-051025,249,1329427910535401,1329427891466923,TRACKING,frame_1329427910535401.jpg,/content/trajectreview_input/session-20260402-051025/trajectreview/images/frame_1329427910535401.jpg,True,456.27792,455.49878,317.64102,245.34378,640,480,1.5401539,0.0022651479,-2.0414476,-0.5726834,0.2240661,-0.3886078,0.6861575,130.45030212402344
session-20260402-051025,250,1329427943899411,1329427924830933,TRACKING,frame_1329427943899411.jpg,/content/trajectreview_input/session-20260402-051025/trajectreview/images/frame_1329427943899411.jpg,True,456.27792,455.49878,317.64102,245.34378,640,480,1.5385045,0.0029058624,-2.0553362,-0.5752432,0.22165635,-0.38392746,0.6874325,131.14642333984375
session-20260402-051025,251,1329427977263474,1329427958194996,TRACKING,frame_1329427977263474.jpg,/content/trajectreview_input/session-20260402-051025/trajectreview/images/frame_1329427977263474.jpg,True,456.27792,455.49878,317.64102,245.34378,640,480,1.5382929,0.0038583204,-2.0689833,-0.5761501,0.22182448,-0.38080627,0.6883542,155.4649658203125
session-20260402-051025,252,1329428010733853,1329427991559006,TRACKING,frame_1329428010733853.jpg,/content/trajectreview_input/session-20260402-051025/trajectreview/images/frame_1329428010733853.jpg,True,456.27792,455.49878,317.64102,245.34378,640,480,1.53918,0.0038107596,-2.0842373,-0.57705265,0.22673942,-0.37478006,0.6893035,117.05815124511719
session-20260402-051025,253,1329428044097916,1329428024923069,TRACKING,frame_1329428044097916.jpg,/content/trajectreview_input/session-20260402-051025/trajectreview/images/frame_1329428044097916.jpg,True,456.27792,455.49878,317.64102,245.34378,640,480,1.5402776,0.0050233267,-2.097201,-0.5766024,0.23324475,-0.36832395,0.69098765,112.73104095458984
session-20260402-051025,254,1329428077461978,1329428058287131,TRACKING,frame_1329428077461978.jpg,/content/trajectreview_input/session-20260402-051025/trajectreview/images/frame_1329428077461978.jpg,True,456.27792,455.49878,317.64102,245.34378,640,480,1.542151,0.005830195,-2.1109972,-0.57702565,0.23645808,-0.3627177,0.6925062,137.12770080566406
session-20260402-051025,255,1329428110780171,1329428091651142,TRACKING,frame_1329428110780171.jpg,/content/trajectreview_input/session-20260402-051025/trajectreview/images/frame_1329428110780171.jpg,True,456.27792,455.49878,317.64102,245.34378,640,480,1.5443404,0.006409794,-2.1268048,-0.57874393,0.23751454,-0.35721734,0.69356894,128.00869750976562
session-20260402-051025,256,1329428144144233,1329428125015204,TRACKING,frame_1329428144144233.jpg,/content/trajectreview_input/session-20260402-051025/trajectreview/images/frame_1329428144144233.jpg,True,456.27792,455.49878,317.64102,245.34378,640,480,1.5483896,0.0070250444,-2.1410093,-0.5802568,0.24207285,-0.35104454,0.6938808,125.34669494628906
session-20260402-051025,257,1329428177508296,1329428158379267,TRACKING,frame_1329428177508296.jpg,/content/trajectreview_input/session-20260402-051025/trajectreview/images/frame_1329428177508296.jpg,True,456.27792,455.49878,317.64102,245.34378,640,480,1.5539101,0.00773222,-2.1552377,-0.5818132,0.24878986,-0.34494072,0.69326246,123.35352325439453
session-20260402-051025,258,1329428210927594,1329428191743277,TRACKING,frame_1329428210927594.jpg,/content/trajectreview_input/session-20260402-051025/trajectreview/images/frame_1329428210927594.jpg,True,456.27792,455.49878,317.64102,245.34378,640,480,1.5602685,0.009744033,-2.1704218,-0.5850875,0.25648665,-0.33783197,0.69119954,111.79142761230469
session-20260402-051025,259,1329428244291656,1329428225107339,TRACKING,frame_1329428244291656.jpg,/content/trajectreview_input/session-20260402-051025/trajectreview/images/frame_1329428244291656.jpg,True,456.27792,455.49878,317.64102,245.34378,640,480,1.5670958,0.010368418,-2.1859953,-0.5890399,0.2615521,-0.33115166,0.68917406,129.02394104003906
session-20260402-051025,260,1329428277655719,1329428258471402,TRACKING,frame_1329428277655719.jpg,/content/trajectreview_input/session-20260402-051025/trajectreview/images/frame_1329428277655719.jpg,True,456.27792,455.49878,317.64102,245.34378,640,480,1.5748796,0.011690753,-2.201563,-0.5916764,0.26696596,-0.32460636,0.6879525,127.43750762939453
session-20260402-051025,261,1329428311105215,1329428291835412,TRACKING,frame_1329428311105215.jpg,/content/trajectreview_input/session-20260402-051025/trajectreview/images/frame_1329428311105215.jpg,True,456.27792,455.49878,317.64102,245.34378,640,480,1.5830144,0.015467206,-2.2174816,-0.59396625,0.2769383,-0.31675863,0.6856918,92.0858154296875
session-20260402-051025,262,1329428344469278,1329428325199475,TRACKING,frame_1329428344469278.jpg,/content/trajectreview_input/session-20260402-051025/trajectreview/images/frame_1329428344469278.jpg,True,456.27792,455.49878,317.64102,245.34378,640,480,1.5909818,0.018420586,-2.2326972,-0.5976986,0.28737777,-0.3070921,0.6825428,100.94994354248047
session-20260402-051025,263,1329428377833340,1329428358563537,TRACKING,frame_1329428377833340.jpg,/content/trajectreview_input/session-20260402-051025/trajectreview/images/frame_1329428377833340.jpg,True,456.27792,455.49878,317.64102,245.34378,640,480,1.5986922,0.022207826,-2.2481072,-0.60065323,0.29595396,-0.298043,0.680292,110.28450012207031
session-20260402-051025,264,1329428411179412,1329428391927548,TRACKING,frame_1329428411179412.jpg,/content/trajectreview_input/session-20260402-051025/trajectreview/images/frame_1329428411179412.jpg,True,456.27792,455.49878,317.64102,245.34378,640,480,1.6058334,0.02586758,-2.2634966,-0.6034662,0.3026296,-0.28830218,0.6790623,93.83282470703125
session-20260402-051025,265,1329428444543474,1329428425291610,TRACKING,frame_1329428444543474.jpg,/content/trajectreview_input/session-20260402-051025/trajectreview/images/frame_1329428444543474.jpg,True,456.27792,455.49878,317.64102,245.34378,640,480,1.6125191,0.02991603,-2.2793314,-0.6086063,0.30950516,-0.27732033,0.67594266,80.36538696289062
session-20260402-051025,266,1329428477907485,1329428458655621,TRACKING,frame_1329428477907485.jpg,/content/trajectreview_input/session-20260402-051025/trajectreview/images/frame_1329428477907485.jpg,True,456.27792,455.49878,317.64102,245.34378,640,480,1.6197116,0.034293465,-2.2955687,-0.61300457,0.31446943,-0.26894712,0.673054,133.2515106201172
session-20260402-051025,267,1329428511303383,1329428492019683,TRACKING,frame_1329428511303383.jpg,/content/trajectreview_input/session-20260402-051025/trajectreview/images/frame_1329428511303383.jpg,True,456.27792,455.49878,317.64102,245.34378,640,480,1.626436,0.03902617,-2.3109462,-0.6160977,0.31760627,-0.26254642,0.6712818,136.00930786132812
session-20260402-051025,268,1329428544667446,1329428525383746,TRACKING,frame_1329428544667446.jpg,/content/trajectreview_input/session-20260402-051025/trajectreview/images/frame_1329428544667446.jpg,True,456.27792,455.49878,317.64102,245.34378,640,480,1.6334021,0.04202708,-2.3262296,-0.61859417,0.32048875,-0.25720662,0.6696812,135.855224609375
session-20260402-051025,269,1329428578031456,1329428558747756,TRACKING,frame_1329428578031456.jpg,/content/trajectreview_input/session-20260402-051025/trajectreview/images/frame_1329428578031456.jpg,True,456.27792,455.49878,317.64102,245.34378,640,480,1.6402882,0.04414261,-2.340522,-0.6204211,0.32581723,-0.25211865,0.66735065,181.93994140625
session-20260402-051025,270,1329428611392917,1329428592111819,TRACKING,frame_1329428611392917.jpg,/content/trajectreview_input/session-20260402-051025/trajectreview/images/frame_1329428611392917.jpg,True,456.27792,455.49878,317.64102,245.34378,640,480,1.6469406,0.047344856,-2.352966,-0.6215109,0.32969493,-0.24914381,0.665547,200.70733642578125
session-20260402-051025,271,1329428644756979,1329428625475881,TRACKING,frame_1329428644756979.jpg,/content/trajectreview_input/session-20260402-051025/trajectreview/images/frame_1329428644756979.jpg,True,456.27792,455.49878,317.64102,245.34378,640,480,1.6520847,0.0482273,-2.366915,-0.6227886,0.33101976,-0.24705637,0.6644723,205.89244079589844
session-20260402-051025,272,1329428678120990,1329428658839892,TRACKING,frame_1329428678120990.jpg,/content/trajectreview_input/session-20260402-051025/trajectreview/images/frame_1329428678120990.jpg,True,456.27792,455.49878,317.64102,245.34378,640,480,1.6564049,0.048798934,-2.3802545,-0.6244717,0.33499685,-0.24395837,0.66203964,198.92237854003906
session-20260402-051025,273,1329428711464165,1329428692203954,TRACKING,frame_1329428711464165.jpg,/content/trajectreview_input/session-20260402-051025/trajectreview/images/frame_1329428711464165.jpg,True,456.27792,455.49878,317.64102,245.34378,640,480,1.6593786,0.047847323,-2.3932738,-0.6261768,0.3378679,-0.24148048,0.65987504,261.5018005371094
session-20260402-051025,274,1329428744828228,1329428725568017,TRACKING,frame_1329428744828228.jpg,/content/trajectreview_input/session-20260402-051025/trajectreview/images/frame_1329428744828228.jpg,True,456.27792,455.49878,317.64102,245.34378,640,480,1.6629821,0.047918577,-2.407526,-0.62766343,0.33846313,-0.24332757,0.6574747,229.26351928710938
session-20260402-051025,275,1329428778192238,1329428758932027,TRACKING,frame_1329428778192238.jpg,/content/trajectreview_input/session-20260402-051025/trajectreview/images/frame_1329428778192238.jpg,True,456.27792,455.49878,317.64102,245.34378,640,480,1.6650672,0.04705885,-2.4213407,-0.63006574,0.33781815,-0.24290176,0.6556636,251.4099884033203
session-20260402-051025,276,1329428811544314,1329428792296089,TRACKING,frame_1329428811544314.jpg,/content/trajectreview_input/session-20260402-051025/trajectreview/images/frame_1329428811544314.jpg,True,456.27792,455.49878,317.64102,245.34378,640,480,1.6656998,0.043687046,-2.4337904,-0.6324747,0.34013438,-0.24167895,0.65259147,295.44158935546875
session-20260402-051025,277,1329428844908377,1329428825660152,TRACKING,frame_1329428844908377.jpg,/content/trajectreview_input/session-20260402-051025/trajectreview/images/frame_1329428844908377.jpg,True,456.27792,455.49878,317.64102,245.34378,640,480,1.6666327,0.04236059,-2.4474301,-0.6344628,0.34146348,-0.24198616,0.6498479,308.3066711425781
session-20260402-051025,278,1329428878272387,1329428859024162,TRACKING,frame_1329428878272387.jpg,/content/trajectreview_input/session-20260402-051025/trajectreview/images/frame_1329428878272387.jpg,True,456.27792,455.49878,317.64102,245.34378,640,480,1.6664442,0.0409,-2.4605196,-0.63689905,0.34408876,-0.23975521,0.64690024,245.25489807128906
session-20260402-051025,279,1329428911709826,1329428892388225,TRACKING,frame_1329428911709826.jpg,/content/trajectreview_input/session-20260402-051025/trajectreview/images/frame_1329428911709826.jpg,True,456.27792,455.49878,317.64102,245.34378,640,480,1.6662405,0.038406566,-2.4733949,-0.6393477,0.3476498,-0.2369277,0.6436144,279.66839599609375
session-20260402-051025,280,1329428945073836,1329428925752235,TRACKING,frame_1329428945073836.jpg,/content/trajectreview_input/session-20260402-051025/trajectreview/images/frame_1329428945073836.jpg,True,456.27792,455.49878,317.64102,245.34378,640,480,1.6644176,0.03736581,-2.4868379,-0.6419085,0.34899935,-0.23502398,0.6410278,288.776123046875
session-20260402-051025,281,1329428978437899,1329428959116298,TRACKING,frame_1329428978437899.jpg,/content/trajectreview_input/session-20260402-051025/trajectreview/images/frame_1329428978437899.jpg,True,456.27792,455.49878,317.64102,245.34378,640,480,1.6619252,0.036917076,-2.5004866,-0.64344394,0.35028076,-0.23371817,0.6392644,251.3430938720703
session-20260402-051025,282,1329429011779056,1329428992480360,TRACKING,frame_1329429011779056.jpg,/content/trajectreview_input/session-20260402-051025/trajectreview/images/frame_1329429011779056.jpg,True,456.27792,455.49878,317.64102,245.34378,640,480,1.662748,0.039126545,-2.5170753,-0.64492565,0.35343328,-0.23083313,0.6370808,208.000244140625
session-20260402-051025,283,1329429045143067,1329429025844371,TRACKING,frame_1329429045143067.jpg,/content/trajectreview_input/session-20260402-051025/trajectreview/images/frame_1329429045143067.jpg,True,456.27792,455.49878,317.64102,245.34378,640,480,1.6588044,0.03944096,-2.5298915,-0.64563537,0.35691938,-0.22625148,0.63606113,200.98619079589844
session-20260402-051025,284,1329429078507129,1329429059208433,TRACKING,frame_1329429078507129.jpg,/content/trajectreview_input/session-20260402-051025/trajectreview/images/frame_1329429078507129.jpg,True,456.27792,455.49878,317.64102,245.34378,640,480,1.6548262,0.040559437,-2.542807,-0.6450117,0.3621247,-0.22362883,0.63467765,213.22366333007812
session-20260402-051025,285,1329429111818958,1329429092572496,TRACKING,frame_1329429111818958.jpg,/content/trajectreview_input/session-20260402-051025/trajectreview/images/frame_1329429111818958.jpg,True,456.27792,455.49878,317.64102,245.34378,640,480,1.651859,0.04312445,-2.557576,-0.64407843,0.36472934,-0.22161357,0.6348408,210.27642822265625
session-20260402-051025,286,1329429145182968,1329429125936506,TRACKING,frame_1329429145182968.jpg,/content/trajectreview_input/session-20260402-051025/trajectreview/images/frame_1329429145182968.jpg,True,456.27792,455.49878,317.64102,245.34378,640,480,1.6471169,0.044614762,-2.570639,-0.64237094,0.36986127,-0.21988805,0.63420147,162.23890686035156
session-20260402-051025,287,1329429178547031,1329429159300569,TRACKING,frame_1329429178547031.jpg,/content/trajectreview_input/session-20260402-051025/trajectreview/images/frame_1329429178547031.jpg,True,456.27792,455.49878,317.64102,245.34378,640,480,1.64164,0.046065167,-2.583828,-0.64062446,0.37476513,-0.21824238,0.63365746,173.2340850830078
session-20260402-051025,288,1329429211911093,1329429192664631,TRACKING,frame_1329429211911093.jpg,/content/trajectreview_input/session-20260402-051025/trajectreview/images/frame_1329429211911093.jpg,True,456.27792,455.49878,317.64102,245.34378,640,480,1.6355724,0.047450848,-2.5976474,-0.6389802,0.3766015,-0.21748826,0.63448757,124.78897094726562
session-20260402-051025,289,1329429245242494,1329429226028642,TRACKING,frame_1329429245242494.jpg,/content/trajectreview_input/session-20260402-051025/trajectreview/images/frame_1329429245242494.jpg,True,456.27792,455.49878,317.64102,245.34378,640,480,1.6284224,0.04849978,-2.611341,-0.6373852,0.38003808,-0.21759215,0.6340069,165.15603637695312
session-20260402-051025,290,1329429278606556,1329429259392704,TRACKING,frame_1329429278606556.jpg,/content/trajectreview_input/session-20260402-051025/trajectreview/images/frame_1329429278606556.jpg,True,456.27792,455.49878,317.64102,245.34378,640,480,1.6221478,0.050479192,-2.6258097,-0.6362493,0.3838433,-0.21768898,0.63282126,146.79586791992188
session-20260402-051025,291,1329429311980691,1329429292756767,TRACKING,frame_1329429311980691.jpg,/content/trajectreview_input/session-20260402-051025/trajectreview/images/frame_1329429311980691.jpg,True,456.27792,455.49878,317.64102,245.34378,640,480,1.6161572,0.05128494,-2.64111,-0.63640225,0.38590333,-0.21924104,0.6308757,116.11335754394531
session-20260402-051025,292,1329429345344701,1329429326120777,TRACKING,frame_1329429345344701.jpg,/content/trajectreview_input/session-20260402-051025/trajectreview/images/frame_1329429345344701.jpg,True,456.27792,455.49878,317.64102,245.34378,640,480,1.6090064,0.052988857,-2.6561708,-0.6357714,0.38608617,-0.22111548,0.63074565,113.94218444824219
session-20260402-051025,293,1329429378708763,1329429359484839,TRACKING,frame_1329429378708763.jpg,/content/trajectreview_input/session-20260402-051025/trajectreview/images/frame_1329429378708763.jpg,True,456.27792,455.49878,317.64102,245.34378,640,480,1.6019526,0.054372728,-2.6707,-0.634269,0.39064756,-0.2217125,0.6292382,157.45791625976562
session-20260402-051025,294,1329429412054487,1329429392848850,TRACKING,frame_1329429412054487.jpg,/content/trajectreview_input/session-20260402-051025/trajectreview/images/frame_1329429412054487.jpg,True,456.27792,455.49878,317.64102,245.34378,640,480,1.5947722,0.055336963,-2.6851666,-0.6338235,0.39452842,-0.22008164,0.6278368,216.12042236328125
session-20260402-051025,295,1329429445418549,1329429426212912,TRACKING,frame_1329429445418549.jpg,/content/trajectreview_input/session-20260402-051025/trajectreview/images/frame_1329429445418549.jpg,True,456.27792,455.49878,317.64102,245.34378,640,480,1.5863156,0.05539331,-2.7007298,-0.63505876,0.39568225,-0.218451,0.6264304,234.35723876953125
session-20260402-051025,296,1329429478782612,1329429459576975,TRACKING,frame_1329429478782612.jpg,/content/trajectreview_input/session-20260402-051025/trajectreview/images/frame_1329429478782612.jpg,True,456.27792,455.49878,317.64102,245.34378,640,480,1.577536,0.05447691,-2.7172122,-0.63813466,0.3933712,-0.21730804,0.6251562,167.8426513671875
session-20260402-051025,297,1329429512152500,1329429492940985,TRACKING,frame_1329429512152500.jpg,/content/trajectreview_input/session-20260402-051025/trajectreview/images/frame_1329429512152500.jpg,True,456.27792,455.49878,317.64102,245.34378,640,480,1.5697331,0.053738043,-2.734402,-0.6409064,0.39217585,-0.21778503,0.6229019,150.328125
session-20260402-051025,298,1329429545516563,1329429526305048,TRACKING,frame_1329429545516563.jpg,/content/trajectreview_input/session-20260402-051025/trajectreview/images/frame_1329429545516563.jpg,True,456.27792,455.49878,317.64102,245.34378,640,480,1.5627913,0.052788924,-2.7512355,-0.64227813,0.39204776,-0.22017026,0.62072724,126.82913970947266
session-20260402-051025,299,1329429578880625,1329429559669110,TRACKING,frame_1329429578880625.jpg,/content/trajectreview_input/session-20260402-051025/trajectreview/images/frame_1329429578880625.jpg,True,456.27792,455.49878,317.64102,245.34378,640,480,1.5556705,0.05193442,-2.7676325,-0.64256597,0.39326528,-0.22093001,0.61938787,159.13043212890625
session-20260402-051025,300,1329429612279511,1329429593033121,TRACKING,frame_1329429612279511.jpg,/content/trajectreview_input/session-20260402-051025/trajectreview/images/frame_1329429612279511.jpg,True,456.27792,455.49878,317.64102,245.34378,640,480,1.5475501,0.05069838,-2.783655,-0.6418807,0.39687333,-0.22105777,0.61774933,171.70152282714844
session-20260402-051025,301,1329429645643573,1329429626397183,TRACKING,frame_1329429645643573.jpg,/content/trajectreview_input/session-20260402-051025/trajectreview/images/frame_1329429645643573.jpg,True,456.27792,455.49878,317.64102,245.34378,640,480,1.5395095,0.049753472,-2.7998197,-0.6414456,0.3977564,-0.21970294,0.61811644,138.5263671875
session-20260402-051025,302,1329429679007636,1329429659761246,TRACKING,frame_1329429679007636.jpg,/content/trajectreview_input/session-20260402-051025/trajectreview/images/frame_1329429679007636.jpg,True,456.27792,455.49878,317.64102,245.34378,640,480,1.5310858,0.048862703,-2.815919,-0.6414869,0.3996492,-0.21678095,0.61788434,164.81576538085938
session-20260402-051025,303,1329429712382818,1329429693125256,TRACKING,frame_1329429712382818.jpg,/content/trajectreview_input/session-20260402-051025/trajectreview/images/frame_1329429712382818.jpg,True,456.27792,455.49878,317.64102,245.34378,640,480,1.5214869,0.045871187,-2.830651,-0.64210653,0.40123752,-0.21183738,0.61792594,187.1573944091797
session-20260402-051025,304,1329429745746881,1329429726489319,TRACKING,frame_1329429745746881.jpg,/content/trajectreview_input/session-20260402-051025/trajectreview/images/frame_1329429745746881.jpg,True,456.27792,455.49878,317.64102,245.34378,640,480,1.5134448,0.044636972,-2.8473356,-0.642365,0.4039646,-0.21013017,0.61646175,187.02078247070312
session-20260402-051025,305,1329429779110943,1329429759853381,TRACKING,frame_1329429779110943.jpg,/content/trajectreview_input/session-20260402-051025/trajectreview/images/frame_1329429779110943.jpg,True,456.27792,455.49878,317.64102,245.34378,640,480,1.5052612,0.043377303,-2.864127,-0.6427623,0.4059202,-0.20865624,0.61526245,188.58554077148438
session-20260402-051025,306,1329429812453110,1329429793217392,TRACKING,frame_1329429812453110.jpg,/content/trajectreview_input/session-20260402-051025/trajectreview/images/frame_1329429812453110.jpg,True,456.27792,455.49878,317.64102,245.34378,640,480,1.4962121,0.04202357,-2.879869,-0.6423237,0.41072035,-0.20465213,0.6138783,124.18326568603516
session-20260402-051025,307,1329429845817172,1329429826581454,TRACKING,frame_1329429845817172.jpg,/content/trajectreview_input/session-20260402-051025/trajectreview/images/frame_1329429845817172.jpg,True,456.27792,455.49878,317.64102,245.34378,640,480,1.486678,0.041620806,-2.894976,-0.6418331,0.4168842,-0.19802158,0.61240923,130.51968383789062
session-20260402-051025,308,1329429879181235,1329429859945517,TRACKING,frame_1329429879181235.jpg,/content/trajectreview_input/session-20260402-051025/trajectreview/images/frame_1329429879181235.jpg,True,456.27792,455.49878,317.64102,245.34378,640,480,1.4768966,0.0415711,-2.9109557,-0.6426946,0.4213722,-0.19274454,0.6101136,197.33432006835938
session-20260402-051025,309,1329429912461484,1329429893309527,TRACKING,frame_1329429912461484.jpg,/content/trajectreview_input/session-20260402-051025/trajectreview/images/frame_1329429912461484.jpg,True,456.27792,455.49878,317.64102,245.34378,640,480,1.4673047,0.041715387,-2.9279513,-0.6448101,0.4217475,-0.18987775,0.6085191,181.0992431640625
session-20260402-051025,310,1329429945825546,1329429926673589,TRACKING,frame_1329429945825546.jpg,/content/trajectreview_input/session-20260402-051025/trajectreview/images/frame_1329429945825546.jpg,True,456.27792,455.49878,317.64102,245.34378,640,480,1.456888,0.0431215,-2.9453182,-0.64674276,0.42170602,-0.18716964,0.60733455,196.20416259765625
session-20260402-051025,311,1329429979189557,1329429960037600,TRACKING,frame_1329429979189557.jpg,/content/trajectreview_input/session-20260402-051025/trajectreview/images/frame_1329429979189557.jpg,True,456.27792,455.49878,317.64102,245.34378,640,480,1.4463083,0.045187414,-2.961813,-0.64752865,0.42367437,-0.18271583,0.6064828,147.20492553710938
session-20260402-051025,312,1329430012568066,1329429993401662,TRACKING,frame_1329430012568066.jpg,/content/trajectreview_input/session-20260402-051025/trajectreview/images/frame_1329430012568066.jpg,True,456.27792,455.49878,317.64102,245.34378,640,480,1.4370865,0.048336264,-2.9779747,-0.64769334,0.42556503,-0.1758808,0.6070039,127.00054168701172
session-20260402-051025,313,1329430045932129,1329430026765725,TRACKING,frame_1329430045932129.jpg,/content/trajectreview_input/session-20260402-051025/trajectreview/images/frame_1329430045932129.jpg,True,456.27792,455.49878,317.64102,245.34378,640,480,1.4257196,0.049489044,-2.9931402,-0.6481255,0.42521405,-0.16837786,0.6089131,106.8923568725586
session-20260402-051025,314,1329430079296139,1329430060129735,TRACKING,frame_1329430079296139.jpg,/content/trajectreview_input/session-20260402-051025/trajectreview/images/frame_1329430079296139.jpg,True,456.27792,455.49878,317.64102,245.34378,640,480,1.4142599,0.04961036,-3.0078359,-0.6494189,0.4253323,-0.16029403,0.6096338,95.70683288574219
session-20260402-051025,315,1329430112711663,1329430093493798,TRACKING,frame_1329430112711663.jpg,/content/trajectreview_input/session-20260402-051025/trajectreview/images/frame_1329430112711663.jpg,True,456.27792,455.49878,317.64102,245.34378,640,480,1.4048536,0.048975006,-3.0216238,-0.65154445,0.42580062,-0.15342756,0.608805,124.07833099365234
session-20260402-051025,316,1329430146075725,1329430126857860,TRACKING,frame_1329430146075725.jpg,/content/trajectreview_input/session-20260402-051025/trajectreview/images/frame_1329430146075725.jpg,True,456.27792,455.49878,317.64102,245.34378,640,480,1.3942555,0.048132736,-3.0365252,-0.6548924,0.42531845,-0.14898902,0.60664856,168.4010467529297
session-20260402-051025,317,1329430179439736,1329430160221871,TRACKING,frame_1329430179439736.jpg,/content/trajectreview_input/session-20260402-051025/trajectreview/images/frame_1329430179439736.jpg,True,456.27792,455.49878,317.64102,245.34378,640,480,1.3841604,0.047687054,-3.0512466,-0.6577238,0.42511958,-0.14663574,0.6042935,181.91757202148438
session-20260402-051025,318,1329430217146791,1329430201934933,TRACKING,frame_1329430217146791.jpg,/content/trajectreview_input/session-20260402-051025/trajectreview/images/frame_1329430217146791.jpg,True,456.27792,455.49878,317.64102,245.34378,640,480,1.373728,0.04954236,-3.0673316,-0.6589387,0.42947558,-0.14242901,0.60088646,181.25137329101562
session-20260402-051025,319,1329430250510854,1329430235298996,TRACKING,frame_1329430250510854.jpg,/content/trajectreview_input/session-20260402-051025/trajectreview/images/frame_1329430250510854.jpg,True,456.27792,455.49878,317.64102,245.34378,640,480,1.3644074,0.050284497,-3.0803258,-0.65855575,0.43453062,-0.13886747,0.59850085,182.23580932617188
session-20260402-051025,320,1329430283874864,1329430268663006,TRACKING,frame_1329430283874864.jpg,/content/trajectreview_input/session-20260402-051025/trajectreview/images/frame_1329430283874864.jpg,True,456.27792,455.49878,317.64102,245.34378,640,480,1.3547388,0.05094953,-3.0932558,-0.6583399,0.4382441,-0.13533105,0.5968385,196.31565856933594
session-20260402-051025,321,1329430317413221,1329430302027069,TRACKING,frame_1329430317413221.jpg,/content/trajectreview_input/session-20260402-051025/trajectreview/images/frame_1329430317413221.jpg,True,456.27792,455.49878,317.64102,245.34378,640,480,1.3461492,0.0540972,-3.106891,-0.6584548,0.44089237,-0.13154054,0.5956075,185.0952606201172
session-20260402-051025,322,1329430350777283,1329430335391131,TRACKING,frame_1329430350777283.jpg,/content/trajectreview_input/session-20260402-051025/trajectreview/images/frame_1329430350777283.jpg,True,456.27792,455.49878,317.64102,245.34378,640,480,1.3358817,0.053932823,-3.1196418,-0.6588817,0.443218,-0.1267675,0.5944432,207.30923461914062
session-20260402-051025,323,1329430384141294,1329430368755142,TRACKING,frame_1329430384141294.jpg,/content/trajectreview_input/session-20260402-051025/trajectreview/images/frame_1329430384141294.jpg,True,456.27792,455.49878,317.64102,245.34378,640,480,1.3255264,0.053367928,-3.1331005,-0.6601569,0.4446784,-0.124278754,0.59245986,232.27340698242188
session-20260402-051025,324,1329430417517564,1329430402119204,TRACKING,frame_1329430417517564.jpg,/content/trajectreview_input/session-20260402-051025/trajectreview/images/frame_1329430417517564.jpg,True,456.27792,455.49878,317.64102,245.34378,640,480,1.3156142,0.052157696,-3.14716,-0.661921,0.4459652,-0.1223014,0.58993053,216.60128784179688
session-20260402-051025,325,1329430450881574,1329430435483214,TRACKING,frame_1329430450881574.jpg,/content/trajectreview_input/session-20260402-051025/trajectreview/images/frame_1329430450881574.jpg,True,456.27792,455.49878,317.64102,245.34378,640,480,1.3045176,0.0513156,-3.160385,-0.6632467,0.4493428,-0.11869496,0.58660585,211.07632446289062
session-20260402-051025,326,1329430484245637,1329430468847277,TRACKING,frame_1329430484245637.jpg,/content/trajectreview_input/session-20260402-051025/trajectreview/images/frame_1329430484245637.jpg,True,456.27792,455.49878,317.64102,245.34378,640,480,1.2930459,0.05072571,-3.1736465,-0.6643216,0.45203117,-0.11532068,0.5839913,217.25161743164062
session-20260402-051025,327,1329430517601861,1329430502211339,TRACKING,frame_1329430517601861.jpg,/content/trajectreview_input/session-20260402-051025/trajectreview/images/frame_1329430517601861.jpg,True,456.27792,455.49878,317.64102,245.34378,640,480,1.2819825,0.049915694,-3.1863644,-0.66549194,0.45454732,-0.11056945,0.5816198,180.56326293945312
session-20260402-051025,328,1329430550965924,1329430535575402,TRACKING,frame_1329430550965924.jpg,/content/trajectreview_input/session-20260402-051025/trajectreview/images/frame_1329430550965924.jpg,True,456.27792,455.49878,317.64102,245.34378,640,480,1.2696645,0.0500321,-3.1991038,-0.6660814,0.45743996,-0.10438849,0.5798166,178.01531982421875
session-20260402-051025,329,1329430584329934,1329430568939412,TRACKING,frame_1329430584329934.jpg,/content/trajectreview_input/session-20260402-051025/trajectreview/images/frame_1329430584329934.jpg,True,456.27792,455.49878,317.64102,245.34378,640,480,1.2574433,0.05096666,-3.211664,-0.66531646,0.46191362,-0.09743193,0.578357,147.7528076171875
session-20260402-051025,330,1329430617682853,1329430602303475,TRACKING,frame_1329430617682853.jpg,/content/trajectreview_input/session-20260402-051025/trajectreview/images/frame_1329430617682853.jpg,True,456.27792,455.49878,317.64102,245.34378,640,480,1.2449338,0.05234412,-3.224013,-0.6633105,0.4667397,-0.089419276,0.57808083,130.12608337402344
session-20260402-051025,331,1329430651046863,1329430635667485,TRACKING,frame_1329430651046863.jpg,/content/trajectreview_input/session-20260402-051025/trajectreview/images/frame_1329430651046863.jpg,True,456.27792,455.49878,317.64102,245.34378,640,480,1.2328378,0.054057807,-3.2367287,-0.6618604,0.47227627,-0.08029017,0.5765843,138.8394317626953
session-20260402-051025,332,1329430684410926,1329430669031548,TRACKING,frame_1329430684410926.jpg,/content/trajectreview_input/session-20260402-051025/trajectreview/images/frame_1329430684410926.jpg,True,456.27792,455.49878,317.64102,245.34378,640,480,1.2208947,0.055906065,-3.250065,-0.6609979,0.47869894,-0.07124823,0.5734569,157.25640869140625
session-20260402-051025,333,1329430717731200,1329430702395610,TRACKING,frame_1329430717731200.jpg,/content/trajectreview_input/session-20260402-051025/trajectreview/images/frame_1329430717731200.jpg,True,456.27792,455.49878,317.64102,245.34378,640,480,1.2078496,0.057541523,-3.263876,-0.6604655,0.48394608,-0.06349507,0.5705699,161.09976196289062
session-20260402-051025,334,1329430751095211,1329430735759621,TRACKING,frame_1329430751095211.jpg,/content/trajectreview_input/session-20260402-051025/trajectreview/images/frame_1329430751095211.jpg,True,456.27792,455.49878,317.64102,245.34378,640,480,1.1955479,0.05886616,-3.2778027,-0.66014373,0.48724785,-0.05696702,0.56881857,190.156982421875
session-20260402-051025,335,1329430784459273,1329430769123683,TRACKING,frame_1329430784459273.jpg,/content/trajectreview_input/session-20260402-051025/trajectreview/images/frame_1329430784459273.jpg,True,456.27792,455.49878,317.64102,245.34378,640,480,1.1837666,0.06027641,-3.291973,-0.6598278,0.49256128,-0.050695837,0.5651908,156.24327087402344
session-20260402-051025,336,1329430817820231,1329430802487746,TRACKING,frame_1329430817820231.jpg,/content/trajectreview_input/session-20260402-051025/trajectreview/images/frame_1329430817820231.jpg,True,456.27792,455.49878,317.64102,245.34378,640,480,1.1716158,0.06120355,-3.3063297,-0.660427,0.49955842,-0.04187697,0.5590383,145.52284240722656
session-20260402-051025,337,1329430851184241,1329430835851756,TRACKING,frame_1329430851184241.jpg,/content/trajectreview_input/session-20260402-051025/trajectreview/images/frame_1329430851184241.jpg,True,456.27792,455.49878,317.64102,245.34378,640,480,1.1590662,0.062100016,-3.3210921,-0.6621879,0.5034339,-0.03456688,0.55395555,201.37109375
session-20260402-051025,338,1329430884548304,1329430869215819,TRACKING,frame_1329430884548304.jpg,/content/trajectreview_input/session-20260402-051025/trajectreview/images/frame_1329430884548304.jpg,True,456.27792,455.49878,317.64102,245.34378,640,480,1.1465242,0.06235107,-3.3359993,-0.66478413,0.5052763,-0.029316455,0.5494528,184.5540771484375
session-20260402-051025,339,1329430917903201,1329430902579829,TRACKING,frame_1329430917903201.jpg,/content/trajectreview_input/session-20260402-051025/trajectreview/images/frame_1329430917903201.jpg,True,456.27792,455.49878,317.64102,245.34378,640,480,1.1340958,0.061256804,-3.3510725,-0.6673931,0.507726,-0.020105511,0.544423,146.58493041992188
session-20260402-051025,340,1329430951267264,1329430935943892,TRACKING,frame_1329430951267264.jpg,/content/trajectreview_input/session-20260402-051025/trajectreview/images/frame_1329430951267264.jpg,True,456.27792,455.49878,317.64102,245.34378,640,480,1.1227748,0.060912278,-3.3647478,-0.6695708,0.5122275,-0.012549579,0.53771794,197.7379608154297
session-20260402-051025,341,1329430984631326,1329430969307954,TRACKING,frame_1329430984631326.jpg,/content/trajectreview_input/session-20260402-051025/trajectreview/images/frame_1329430984631326.jpg,True,456.27792,455.49878,317.64102,245.34378,640,480,1.112355,0.06065229,-3.3788712,-0.6715605,0.5151095,-0.009125024,0.5325274,232.30194091796875
session-20260402-051025,342,1329431017956349,1329431002671964,TRACKING,frame_1329431017956349.jpg,/content/trajectreview_input/session-20260402-051025/trajectreview/images/frame_1329431017956349.jpg,True,456.27792,455.49878,317.64102,245.34378,640,480,1.102808,0.060596783,-3.3924038,-0.6725326,0.5203328,-0.0049761534,0.52624035,181.43258666992188
session-20260402-051025,343,1329431051320412,1329431036036027,TRACKING,frame_1329431051320412.jpg,/content/trajectreview_input/session-20260402-051025/trajectreview/images/frame_1329431051320412.jpg,True,456.27792,455.49878,317.64102,245.34378,640,480,1.0933266,0.0607618,-3.4056678,-0.67192525,0.5275516,-0.0010109544,0.51981217,185.24285888671875
session-20260402-051025,344,1329431084684474,1329431069400089,TRACKING,frame_1329431084684474.jpg,/content/trajectreview_input/session-20260402-051025/trajectreview/images/frame_1329431084684474.jpg,True,456.27792,455.49878,317.64102,245.34378,640,480,1.0837326,0.060776703,-3.4194431,-0.67111385,0.53279465,0.0009613037,0.51549494,241.61001586914062
session-20260402-051025,345,1329431118166122,1329431102764100,TRACKING,frame_1329431118166122.jpg,/content/trajectreview_input/session-20260402-051025/trajectreview/images/frame_1329431118166122.jpg,True,456.27792,455.49878,317.64102,245.34378,640,480,1.0733244,0.059198514,-3.43352,-0.6714538,0.535622,0.0035875142,0.5120997,273.2955017089844
session-20260402-051025,346,1329431151530184,1329431136128162,TRACKING,frame_1329431151530184.jpg,/content/trajectreview_input/session-20260402-051025/trajectreview/images/frame_1329431151530184.jpg,True,456.27792,455.49878,317.64102,245.34378,640,480,1.0625906,0.058250528,-3.4479861,-0.6713539,0.5389809,0.0063192844,0.50866866,243.2102508544922
session-20260402-051025,347,1329431184894247,1329431169492225,TRACKING,frame_1329431184894247.jpg,/content/trajectreview_input/session-20260402-051025/trajectreview/images/frame_1329431184894247.jpg,True,456.27792,455.49878,317.64102,245.34378,640,480,1.0517261,0.05693814,-3.4625537,-0.67080206,0.54267544,0.00979276,0.5054027,230.63540649414062
session-20260402-051025,348,1329431218175374,1329431202856235,TRACKING,frame_1329431218175374.jpg,/content/trajectreview_input/session-20260402-051025/trajectreview/images/frame_1329431218175374.jpg,True,456.27792,455.49878,317.64102,245.34378,640,480,1.0395259,0.053562824,-3.4767573,-0.67205757,0.5449194,0.014539868,0.50118876,203.1908416748047
session-20260402-051025,349,1329431251539437,1329431236220298,TRACKING,frame_1329431251539437.jpg,/content/trajectreview_input/session-20260402-051025/trajectreview/images/frame_1329431251539437.jpg,True,456.27792,455.49878,317.64102,245.34378,640,480,1.0272903,0.0509234,-3.491454,-0.67432433,0.5451767,0.02003245,0.49766237,208.59356689453125
session-20260402-051025,350,1329431284903499,1329431269584360,TRACKING,frame_1329431284903499.jpg,/content/trajectreview_input/session-20260402-051025/trajectreview/images/frame_1329431284903499.jpg,True,456.27792,455.49878,317.64102,245.34378,640,480,1.0151583,0.048248775,-3.5061219,-0.677304,0.5464647,0.02665621,0.49185875,182.49551391601562
session-20260402-051025,351,1329431318234583,1329431302948371,TRACKING,frame_1329431318234583.jpg,/content/trajectreview_input/session-20260402-051025/trajectreview/images/frame_1329431318234583.jpg,True,456.27792,455.49878,317.64102,245.34378,640,480,1.0040972,0.046680856,-3.5207796,-0.6792559,0.5484909,0.034979045,0.48635948,150.61680603027344
session-20260402-051025,352,1329431351598645,1329431336312433,TRACKING,frame_1329431351598645.jpg,/content/trajectreview_input/session-20260402-051025/trajectreview/images/frame_1329431351598645.jpg,True,456.27792,455.49878,317.64102,245.34378,640,480,0.99357027,0.044701338,-3.5336177,-0.6787904,0.55301875,0.043260947,0.48118836,144.72250366210938
session-20260402-051025,353,1329431384962656,1329431369676444,TRACKING,frame_1329431384962656.jpg,/content/trajectreview_input/session-20260402-051025/trajectreview/images/frame_1329431384962656.jpg,True,456.27792,455.49878,317.64102,245.34378,640,480,0.9835218,0.04310374,-3.5456963,-0.6784537,0.5600929,0.054238588,0.47228658,105.86272430419922
session-20260402-051025,354,1329431418324630,1329431403040506,TRACKING,frame_1329431418324630.jpg,/content/trajectreview_input/session-20260402-051025/trajectreview/images/frame_1329431418324630.jpg,True,456.27792,455.49878,317.64102,245.34378,640,480,0.9750918,0.04123197,-3.5583153,-0.6766206,0.56583256,0.06599064,0.46654388,155.79440307617188
session-20260402-051025,355,1329431451688693,1329431436404569,TRACKING,frame_1329431451688693.jpg,/content/trajectreview_input/session-20260402-051025/trajectreview/images/frame_1329431451688693.jpg,True,456.27792,455.49878,317.64102,245.34378,640,480,0.96628004,0.04129191,-3.5703828,-0.6761639,0.572275,0.072824255,0.4582579,129.33299255371094
session-20260402-051025,356,1329431485052703,1329431469768579,TRACKING,frame_1329431485052703.jpg,/content/trajectreview_input/session-20260402-051025/trajectreview/images/frame_1329431485052703.jpg,True,456.27792,455.49878,317.64102,245.34378,640,480,0.9563155,0.04063846,-3.5815897,-0.6779932,0.57254076,0.08283003,0.4534992,162.87620544433594
session-20260402-051025,357,1329431518425984,1329431503132642,TRACKING,frame_1329431518425984.jpg,/content/trajectreview_input/session-20260402-051025/trajectreview/images/frame_1329431518425984.jpg,True,456.27792,455.49878,317.64102,245.34378,640,480,0.9473824,0.040668666,-3.5929313,-0.67797095,0.5757179,0.085930616,0.44891,220.58828735351562
session-20260402-051025,358,1329431551790046,1329431536496704,TRACKING,frame_1329431551790046.jpg,/content/trajectreview_input/session-20260402-051025/trajectreview/images/frame_1329431551790046.jpg,True,456.27792,455.49878,317.64102,245.34378,640,480,0.9391885,0.0417182,-3.6048381,-0.6773313,0.5779907,0.08658905,0.4468236,189.00326538085938
session-20260402-051025,359,1329431585154056,1329431569860714,TRACKING,frame_1329431585154056.jpg,/content/trajectreview_input/session-20260402-051025/trajectreview/images/frame_1329431585154056.jpg,True,456.27792,455.49878,317.64102,245.34378,640,480,0.9317817,0.04217241,-3.615329,-0.67532194,0.58086896,0.09212285,0.4450223,213.4991455078125
session-20260402-051025,360,1329431618480880,1329431603224777,TRACKING,frame_1329431618480880.jpg,/content/trajectreview_input/session-20260402-051025/trajectreview/images/frame_1329431618480880.jpg,True,456.27792,455.49878,317.64102,245.34378,640,480,0.9261627,0.0439873,-3.6250381,-0.67143166,0.5886073,0.0922976,0.4406835,183.52098083496094
session-20260402-051025,361,1329431651844942,1329431636588839,TRACKING,frame_1329431651844942.jpg,/content/trajectreview_input/session-20260402-051025/trajectreview/images/frame_1329431651844942.jpg,True,456.27792,455.49878,317.64102,245.34378,640,480,0.9203208,0.044943944,-3.6359582,-0.6686046,0.59373283,0.09303829,0.43794176,208.79574584960938
session-20260402-051025,362,1329431685208953,1329431669952850,TRACKING,frame_1329431685208953.jpg,/content/trajectreview_input/session-20260402-051025/trajectreview/images/frame_1329431685208953.jpg,True,456.27792,455.49878,317.64102,245.34378,640,480,0.9140253,0.04599447,-3.6475859,-0.66785324,0.59844655,0.090922385,0.43309003,187.75291442871094
session-20260402-051025,363,1329431718655457,1329431703316912,TRACKING,frame_1329431718655457.jpg,/content/trajectreview_input/session-20260402-051025/trajectreview/images/frame_1329431718655457.jpg,True,456.27792,455.49878,317.64102,245.34378,640,480,0.9087254,0.045928106,-3.6579845,-0.6652564,0.60301703,0.087970406,0.4313532,198.23150634765625
session-20260402-051025,364,1329431752019520,1329431736680975,TRACKING,frame_1329431752019520.jpg,/content/trajectreview_input/session-20260402-051025/trajectreview/images/frame_1329431752019520.jpg,True,456.27792,455.49878,317.64102,245.34378,640,480,0.90215254,0.04620097,-3.668588,-0.6640173,0.6076657,0.08778529,0.42675167,226.88442993164062
session-20260402-051025,365,1329431785383530,1329431770044985,TRACKING,frame_1329431785383530.jpg,/content/trajectreview_input/session-20260402-051025/trajectreview/images/frame_1329431785383530.jpg,True,456.27792,455.49878,317.64102,245.34378,640,480,0.8949468,0.046282582,-3.6795294,-0.663686,0.6110445,0.08565211,0.42285827,170.76165771484375
session-20260402-051025,366,1329431818719296,1329431803409048,TRACKING,frame_1329431818719296.jpg,/content/trajectreview_input/session-20260402-051025/trajectreview/images/frame_1329431818719296.jpg,True,456.27792,455.49878,317.64102,245.34378,640,480,0.887569,0.047462903,-3.6937726,-0.6636206,0.6124067,0.08204487,0.42170417,204.75906372070312
session-20260402-051025,367,1329431852083358,1329431836773110,TRACKING,frame_1329431852083358.jpg,/content/trajectreview_input/session-20260402-051025/trajectreview/images/frame_1329431852083358.jpg,True,456.27792,455.49878,317.64102,245.34378,640,480,0.8794863,0.046055835,-3.7034478,-0.66260374,0.6136514,0.083330154,0.42124134,233.53115844726562
session-20260402-051025,368,1329431885447369,1329431870137121,TRACKING,frame_1329431885447369.jpg,/content/trajectreview_input/session-20260402-051025/trajectreview/images/frame_1329431885447369.jpg,True,456.27792,455.49878,317.64102,245.34378,640,480,0.87175393,0.04523257,-3.7141974,-0.6620969,0.61772436,0.07964128,0.41677487,168.43484497070312
session-20260402-051025,369,1329431918829770,1329431903501183,TRACKING,frame_1329431918829770.jpg,/content/trajectreview_input/session-20260402-051025/trajectreview/images/frame_1329431918829770.jpg,True,456.27792,455.49878,317.64102,245.34378,640,480,0.8629674,0.044579484,-3.7252982,-0.6607483,0.62165314,0.07667872,0.41361743,241.33253479003906
session-20260402-051025,370,1329431952193781,1329431936865194,TRACKING,frame_1329431952193781.jpg,/content/trajectreview_input/session-20260402-051025/trajectreview/images/frame_1329431952193781.jpg,True,456.27792,455.49878,317.64102,245.34378,640,480,0.85496604,0.043352246,-3.7351506,-0.65903866,0.6259446,0.07470627,0.41021985,190.8015899658203
session-20260402-051025,371,1329431985557843,1329431970229256,TRACKING,frame_1329431985557843.jpg,/content/trajectreview_input/session-20260402-051025/trajectreview/images/frame_1329431985557843.jpg,True,456.27792,455.49878,317.64102,245.34378,640,480,0.84662414,0.042295344,-3.7453136,-0.65810263,0.6294156,0.070690095,0.4071116,141.6306610107422
session-20260402-051025,372,1329432018797675,1329432003593319,TRACKING,frame_1329432018797675.jpg,/content/trajectreview_input/session-20260402-051025/trajectreview/images/frame_1329432018797675.jpg,True,456.27792,455.49878,317.64102,245.34378,640,480,0.8376402,0.042631336,-3.7566855,-0.65623564,0.63249344,0.06621383,0.40610653,244.74697875976562
session-20260402-051025,373,1329432052161685,1329432036957329,TRACKING,frame_1329432052161685.jpg,/content/trajectreview_input/session-20260402-051025/trajectreview/images/frame_1329432052161685.jpg,True,456.27792,455.49878,317.64102,245.34378,640,480,0.82811624,0.0420086,-3.7645054,-0.6551864,0.6357299,0.070900366,0.40193433,221.62754821777344
session-20260402-051025,374,1329432085525748,1329432070321392,TRACKING,frame_1329432085525748.jpg,/content/trajectreview_input/session-20260402-051025/trajectreview/images/frame_1329432085525748.jpg,True,456.27792,455.49878,317.64102,245.34378,640,480,0.8175161,0.041743882,-3.7727935,-0.656359,0.63532525,0.07277727,0.4003225,196.27655029296875
session-20260402-051025,375,1329432118972262,1329432103685454,TRACKING,frame_1329432118972262.jpg,/content/trajectreview_input/session-20260402-051025/trajectreview/images/frame_1329432118972262.jpg,True,456.27792,455.49878,317.64102,245.34378,640,480,0.8080336,0.041055407,-3.7812383,-0.65636164,0.63465637,0.07310483,0.40131825,218.1881103515625
session-20260402-051025,376,1329432152336272,1329432137049464,TRACKING,frame_1329432152336272.jpg,/content/trajectreview_input/session-20260402-051025/trajectreview/images/frame_1329432152336272.jpg,True,456.27792,455.49878,317.64102,245.34378,640,480,0.79925424,0.04048155,-3.7878623,-0.6552076,0.63638777,0.077641815,0.39960635,201.4468994140625
session-20260402-051025,377,1329432185700335,1329432170413527,TRACKING,frame_1329432185700335.jpg,/content/trajectreview_input/session-20260402-051025/trajectreview/images/frame_1329432185700335.jpg,True,456.27792,455.49878,317.64102,245.34378,640,480,0.7905038,0.039903715,-3.794921,-0.6556417,0.63790727,0.083135545,0.3953439,268.4359436035156
session-20260402-051025,378,1329432219071817,1329432203777589,TRACKING,frame_1329432219071817.jpg,/content/trajectreview_input/session-20260402-051025/trajectreview/images/frame_1329432219071817.jpg,True,456.27792,455.49878,317.64102,245.34378,640,480,0.78214425,0.03867628,-3.8025124,-0.6573699,0.63636446,0.085107565,0.3945399,239.49838256835938
session-20260402-051025,379,1329432252435828,1329432237141600,TRACKING,frame_1329432252435828.jpg,/content/trajectreview_input/session-20260402-051025/trajectreview/images/frame_1329432252435828.jpg,True,456.27792,455.49878,317.64102,245.34378,640,480,0.77419674,0.03854626,-3.8100402,-0.65902185,0.63498807,0.08675477,0.39364183,276.64862060546875
session-20260402-051025,380,1329432285799890,1329432270505662,TRACKING,frame_1329432285799890.jpg,/content/trajectreview_input/session-20260402-051025/trajectreview/images/frame_1329432285799890.jpg,True,456.27792,455.49878,317.64102,245.34378,640,480,0.76695955,0.03880889,-3.8172033,-0.6608295,0.6355484,0.089413375,0.38908595,256.81646728515625
session-20260402-051025,381,1329432319185547,1329432303869725,TRACKING,frame_1329432319185547.jpg,/content/trajectreview_input/session-20260402-051025/trajectreview/images/frame_1329432319185547.jpg,True,456.27792,455.49878,317.64102,245.34378,640,480,0.7604641,0.03885507,-3.826679,-0.6622825,0.6360273,0.0882362,0.3860898,287.37554931640625
session-20260402-051025,382,1329432352549557,1329432337233735,TRACKING,frame_1329432352549557.jpg,/content/trajectreview_input/session-20260402-051025/trajectreview/images/frame_1329432352549557.jpg,True,456.27792,455.49878,317.64102,245.34378,640,480,0.75406915,0.03936606,-3.8332543,-0.66289705,0.63574374,0.08887431,0.38535517,304.56585693359375
session-20260402-051025,383,1329432385913620,1329432370597798,TRACKING,frame_1329432385913620.jpg,/content/trajectreview_input/session-20260402-051025/trajectreview/images/frame_1329432385913620.jpg,True,456.27792,455.49878,317.64102,245.34378,640,480,0.7480368,0.03987605,-3.839611,-0.66357154,0.6362661,0.089541376,0.38317162,321.6968688964844
session-20260402-051025,384,1329432419248654,1329432403961808,TRACKING,frame_1329432419248654.jpg,/content/trajectreview_input/session-20260402-051025/trajectreview/images/frame_1329432419248654.jpg,True,456.27792,455.49878,317.64102,245.34378,640,480,0.7412537,0.039279513,-3.8496335,-0.6651591,0.6356126,0.08896239,0.3816355,266.00860595703125
session-20260402-051025,385,1329432452612717,1329432437325871,TRACKING,frame_1329432452612717.jpg,/content/trajectreview_input/session-20260402-051025/trajectreview/images/frame_1329432452612717.jpg,True,456.27792,455.49878,317.64102,245.34378,640,480,0.7351265,0.038924,-3.8562713,-0.66687775,0.63447523,0.088874966,0.38054758,331.1173095703125
session-20260402-051025,386,1329432485976779,1329432470689933,TRACKING,frame_1329432485976779.jpg,/content/trajectreview_input/session-20260402-051025/trajectreview/images/frame_1329432485976779.jpg,True,456.27792,455.49878,317.64102,245.34378,640,480,0.7294698,0.03828554,-3.863113,-0.6681274,0.6343922,0.089253455,0.37839925,261.3738708496094
session-20260402-051025,387,1329432519398099,1329432504053944,TRACKING,frame_1329432519398099.jpg,/content/trajectreview_input/session-20260402-051025/trajectreview/images/frame_1329432519398099.jpg,True,456.27792,455.49878,317.64102,245.34378,640,480,0.72379327,0.037674002,-3.8700886,-0.6686402,0.63657683,0.0839269,0.37502858,214.2593994140625
session-20260402-051025,388,1329432552762161,1329432537418006,TRACKING,frame_1329432552762161.jpg,/content/trajectreview_input/session-20260402-051025/trajectreview/images/frame_1329432552762161.jpg,True,456.27792,455.49878,317.64102,245.34378,640,480,0.71846247,0.03644643,-3.8769283,-0.66932386,0.6369527,0.08460821,0.37301219,228.69671630859375
session-20260402-051025,389,1329432586126224,1329432570782069,TRACKING,frame_1329432586126224.jpg,/content/trajectreview_input/session-20260402-051025/trajectreview/images/frame_1329432586126224.jpg,True,456.27792,455.49878,317.64102,245.34378,640,480,0.7134274,0.03489759,-3.883921,-0.67047954,0.6359291,0.0855816,0.37246084,236.71493530273438
session-20260402-051025,390,1329432619533330,1329432604146079,TRACKING,frame_1329432619533330.jpg,/content/trajectreview_input/session-20260402-051025/trajectreview/images/frame_1329432619533330.jpg,True,456.27792,455.49878,317.64102,245.34378,640,480,0.7070539,0.03404835,-3.8907976,-0.6708305,0.6365162,0.081548065,0.37173033,214.42218017578125
session-20260402-051025,391,1329432652897393,1329432637510142,TRACKING,frame_1329432652897393.jpg,/content/trajectreview_input/session-20260402-051025/trajectreview/images/frame_1329432652897393.jpg,True,456.27792,455.49878,317.64102,245.34378,640,480,0.7038643,0.033450663,-3.8982813,-0.6696087,0.63956136,0.07737841,0.36959165,219.33473205566406
session-20260402-051025,392,1329432686261455,1329432670874204,TRACKING,frame_1329432686261455.jpg,/content/trajectreview_input/session-20260402-051025/trajectreview/images/frame_1329432686261455.jpg,True,456.27792,455.49878,317.64102,245.34378,640,480,0.7005001,0.032802675,-3.9050748,-0.6697212,0.6419989,0.076032385,0.36541748,254.50466918945312
session-20260402-051025,393,1329432719647040,1329432704238214,TRACKING,frame_1329432719647040.jpg,/content/trajectreview_input/session-20260402-051025/trajectreview/images/frame_1329432719647040.jpg,True,456.27792,455.49878,317.64102,245.34378,640,480,0.69621277,0.031900965,-3.9109464,-0.6700823,0.6413002,0.08015886,0.36510032,181.14010620117188
session-20260402-051025,394,1329432753011103,1329432737602277,TRACKING,frame_1329432753011103.jpg,/content/trajectreview_input/session-20260402-051025/trajectreview/images/frame_1329432753011103.jpg,True,456.27792,455.49878,317.64102,245.34378,640,480,0.6927059,0.030607013,-3.9162772,-0.67016053,0.6376889,0.08261447,0.370692,111.94111633300781
session-20260402-051025,395,1329432786375165,1329432770966339,TRACKING,frame_1329432786375165.jpg,/content/trajectreview_input/session-20260402-051025/trajectreview/images/frame_1329432786375165.jpg,True,456.27792,455.49878,317.64102,245.34378,640,480,0.6897291,0.029810766,-3.9217007,-0.6706244,0.63447684,0.081195965,0.3756451,203.69444274902344
session-20260402-051025,396,1329432819854876,1329432804330350,TRACKING,frame_1329432819854876.jpg,/content/trajectreview_input/session-20260402-051025/trajectreview/images/frame_1329432819854876.jpg,True,456.27792,455.49878,317.64102,245.34378,640,480,0.6873172,0.028858673,-3.9272573,-0.67010605,0.6349963,0.088085294,0.3741371,208.45199584960938
session-20260402-051025,397,1329432853218938,1329432837694412,TRACKING,frame_1329432853218938.jpg,/content/trajectreview_input/session-20260402-051025/trajectreview/images/frame_1329432853218938.jpg,True,456.27792,455.49878,317.64102,245.34378,640,480,0.6860219,0.028287934,-3.9320571,-0.6697445,0.6335839,0.088395774,0.37709385,151.70132446289062
session-20260402-051025,398,1329432886582949,1329432871058423,TRACKING,frame_1329432886582949.jpg,/content/trajectreview_input/session-20260402-051025/trajectreview/images/frame_1329432886582949.jpg,True,456.27792,455.49878,317.64102,245.34378,640,480,0.68475497,0.028057914,-3.9366262,-0.67073435,0.63011944,0.083997995,0.38211143,171.45053100585938
session-20260402-051025,399,1329432919909814,1329432904422485,TRACKING,frame_1329432919909814.jpg,/content/trajectreview_input/session-20260402-051025/trajectreview/images/frame_1329432919909814.jpg,True,456.27792,455.49878,317.64102,245.34378,640,480,0.6854509,0.027320217,-3.941143,-0.67054784,0.62809783,0.08665803,0.38516098,245.60870361328125
session-20260402-051025,400,1329432953273877,1329432937786548,TRACKING,frame_1329432953273877.jpg,/content/trajectreview_input/session-20260402-051025/trajectreview/images/frame_1329432953273877.jpg,True,456.27792,455.49878,317.64102,245.34378,640,480,0.68632144,0.026821205,-3.9453127,-0.67105067,0.62786895,0.0858043,0.38484958,340.7532653808594
session-20260402-051025,401,1329432986637887,1329432971150558,TRACKING,frame_1329432986637887.jpg,/content/trajectreview_input/session-20260402-051025/trajectreview/images/frame_1329432986637887.jpg,True,456.27792,455.49878,317.64102,245.34378,640,480,0.68745255,0.026183864,-3.9491816,-0.67154855,0.62594503,0.08354552,0.38760218,160.82237243652344
session-20260402-051025,402,1329433020135887,1329433004514621,TRACKING,frame_1329433020135887.jpg,/content/trajectreview_input/session-20260402-051025/trajectreview/images/frame_1329433020135887.jpg,True,456.27792,455.49878,317.64102,245.34378,640,480,0.6876205,0.023273058,-3.9515355,-0.67339694,0.62217635,0.08161533,0.39086074,284.9957275390625
session-20260402-051025,403,1329433053499949,1329433037878683,TRACKING,frame_1329433053499949.jpg,/content/trajectreview_input/session-20260402-051025/trajectreview/images/frame_1329433053499949.jpg,True,456.27792,455.49878,317.64102,245.34378,640,480,0.69039714,0.022675117,-3.9554203,-0.6748012,0.6224798,0.07866193,0.38855433,188.775146484375
session-20260402-051025,404,1329433086863960,1329433071242694,TRACKING,frame_1329433086863960.jpg,/content/trajectreview_input/session-20260402-051025/trajectreview/images/frame_1329433086863960.jpg,True,456.27792,455.49878,317.64102,245.34378,640,480,0.69394815,0.02232333,-3.958462,-0.676239,0.6240046,0.07733148,0.38384756,292.85345458984375
session-20260402-051025,405,1329433120213806,1329433104606756,TRACKING,frame_1329433120213806.jpg,/content/trajectreview_input/session-20260402-051025/trajectreview/images/frame_1329433120213806.jpg,True,456.27792,455.49878,317.64102,245.34378,640,480,0.6967409,0.021734135,-3.9611838,-0.6779999,0.621752,0.07478231,0.38489997,250.81661987304688
session-20260402-051025,406,1329433153577869,1329433137970819,TRACKING,frame_1329433153577869.jpg,/content/trajectreview_input/session-20260402-051025/trajectreview/images/frame_1329433153577869.jpg,True,456.27792,455.49878,317.64102,245.34378,640,480,0.70114964,0.021533795,-3.9627955,-0.678982,0.62183946,0.072488576,0.38346398,202.56739807128906
session-20260402-051025,407,1329433186941879,1329433171334829,TRACKING,frame_1329433186941879.jpg,/content/trajectreview_input/session-20260402-051025/trajectreview/images/frame_1329433186941879.jpg,True,456.27792,455.49878,317.64102,245.34378,640,480,0.7065096,0.02162123,-3.9638395,-0.67948693,0.62448204,0.07088795,0.37854272,171.749267578125
session-20260402-051025,408,1329433220321796,1329433204698892,TRACKING,frame_1329433220321796.jpg,/content/trajectreview_input/session-20260402-051025/trajectreview/images/frame_1329433220321796.jpg,True,456.27792,455.49878,317.64102,245.34378,640,480,0.7118917,0.021023992,-3.964549,-0.68061817,0.625485,0.06887074,0.37521243,304.4932556152344
session-20260402-051025,409,1329433253685858,1329433238062954,TRACKING,frame_1329433253685858.jpg,/content/trajectreview_input/session-20260402-051025/trajectreview/images/frame_1329433253685858.jpg,True,456.27792,455.49878,317.64102,245.34378,640,480,0.7181148,0.021202113,-3.9640744,-0.68051803,0.62574714,0.06610575,0.37545383,222.93508911132812
session-20260402-051025,410,1329433287049868,1329433271426964,TRACKING,frame_1329433287049868.jpg,/content/trajectreview_input/session-20260402-051025/trajectreview/images/frame_1329433287049868.jpg,True,456.27792,455.49878,317.64102,245.34378,640,480,0.7251547,0.021674514,-3.9636316,-0.6812686,0.626593,0.060521707,0.37361935,215.87396240234375
session-20260402-051025,411,1329433320410678,1329433304791027,TRACKING,frame_1329433320410678.jpg,/content/trajectreview_input/session-20260402-051025/trajectreview/images/frame_1329433320410678.jpg,True,456.27792,455.49878,317.64102,245.34378,640,480,0.73431075,0.02182552,-3.9601812,-0.68071645,0.62811095,0.056400985,0.37272048,206.23175048828125
session-20260402-051025,412,1329433353774688,1329433338155037,TRACKING,frame_1329433353774688.jpg,/content/trajectreview_input/session-20260402-051025/trajectreview/images/frame_1329433353774688.jpg,True,456.27792,455.49878,317.64102,245.34378,640,480,0.74292076,0.022068877,-3.958276,-0.68146497,0.6282558,0.051526487,0.37181336,267.7269592285156
session-20260402-051025,413,1329433387138751,1329433371519100,TRACKING,frame_1329433387138751.jpg,/content/trajectreview_input/session-20260402-051025/trajectreview/images/frame_1329433387138751.jpg,True,456.27792,455.49878,317.64102,245.34378,640,480,0.7518777,0.021905439,-3.955709,-0.68289477,0.62670004,0.04934664,0.3721111,297.84722900390625
session-20260402-051025,414,1329433420507246,1329433404883162,TRACKING,frame_1329433420507246.jpg,/content/trajectreview_input/session-20260402-051025/trajectreview/images/frame_1329433420507246.jpg,True,456.27792,455.49878,317.64102,245.34378,640,480,0.76211286,0.021850951,-3.9531362,-0.68379015,0.6260577,0.045651644,0.37201977,230.65472412109375
session-20260402-051025,415,1329433453871257,1329433438247173,TRACKING,frame_1329433453871257.jpg,/content/trajectreview_input/session-20260402-051025/trajectreview/images/frame_1329433453871257.jpg,True,456.27792,455.49878,317.64102,245.34378,640,480,0.773326,0.021545302,-3.9494855,-0.6838587,0.62581027,0.042890385,0.3726381,253.68472290039062
session-20260402-051025,416,1329433487235319,1329433471611235,TRACKING,frame_1329433487235319.jpg,/content/trajectreview_input/session-20260402-051025/trajectreview/images/frame_1329433487235319.jpg,True,456.27792,455.49878,317.64102,245.34378,640,480,0.7844719,0.020676678,-3.944956,-0.6851614,0.6238122,0.04437211,0.373421,293.55615234375
session-20260402-051025,417,1329433520597146,1329433504975298,TRACKING,frame_1329433520597146.jpg,/content/trajectreview_input/session-20260402-051025/trajectreview/images/frame_1329433520597146.jpg,True,456.27792,455.49878,317.64102,245.34378,640,480,0.79553425,0.019787464,-3.9406123,-0.68691796,0.6220649,0.043369755,0.3732265,267.5357971191406
session-20260402-051025,418,1329433553961156,1329433538339308,TRACKING,frame_1329433553961156.jpg,/content/trajectreview_input/session-20260402-051025/trajectreview/images/frame_1329433553961156.jpg,True,456.27792,455.49878,317.64102,245.34378,640,480,0.8078073,0.018871188,-3.9362357,-0.68885183,0.62060404,0.04293938,0.37214237,237.95254516601562
session-20260402-051025,419,1329433587325219,1329433571703371,TRACKING,frame_1329433587325219.jpg,/content/trajectreview_input/session-20260402-051025/trajectreview/images/frame_1329433587325219.jpg,True,456.27792,455.49878,317.64102,245.34378,640,480,0.82034355,0.017808499,-3.932107,-0.6914353,0.6186852,0.04142958,0.37071496,248.22152709960938
session-20260402-051025,420,1329433620687356,1329433605067433,TRACKING,frame_1329433620687356.jpg,/content/trajectreview_input/session-20260402-051025/trajectreview/images/frame_1329433620687356.jpg,True,456.27792,455.49878,317.64102,245.34378,640,480,0.8330176,0.0171672,-3.9286883,-0.69345015,0.6173162,0.041480556,0.36922497,233.53128051757812
session-20260402-051025,421,1329433654051367,1329433638431444,TRACKING,frame_1329433654051367.jpg,/content/trajectreview_input/session-20260402-051025/trajectreview/images/frame_1329433654051367.jpg,True,456.27792,455.49878,317.64102,245.34378,640,480,0.8455648,0.016244678,-3.9245672,-0.69561934,0.6153446,0.03924939,0.36867929,249.85345458984375
session-20260402-051025,422,1329433687415429,1329433671795506,TRACKING,frame_1329433687415429.jpg,/content/trajectreview_input/session-20260402-051025/trajectreview/images/frame_1329433687415429.jpg,True,456.27792,455.49878,317.64102,245.34378,640,480,0.8582172,0.015288655,-3.9197125,-0.6968028,0.61433274,0.04158026,0.3678754,226.739990234375
session-20260402-051025,423,1329433720781744,1329433705159569,TRACKING,frame_1329433720781744.jpg,/content/trajectreview_input/session-20260402-051025/trajectreview/images/frame_1329433720781744.jpg,True,456.27792,455.49878,317.64102,245.34378,640,480,0.87058556,0.014425103,-3.9160888,-0.6978459,0.61385614,0.042847157,0.3665458,232.822998046875
session-20260402-051025,424,1329433754145754,1329433738523579,TRACKING,frame_1329433754145754.jpg,/content/trajectreview_input/session-20260402-051025/trajectreview/images/frame_1329433754145754.jpg,True,456.27792,455.49878,317.64102,245.34378,640,480,0.8834527,0.013869764,-3.9111404,-0.69848365,0.6133377,0.044821694,0.36596233,222.44212341308594
session-20260402-051025,425,1329433787509817,1329433771887642,TRACKING,frame_1329433787509817.jpg,/content/trajectreview_input/session-20260402-051025/trajectreview/images/frame_1329433787509817.jpg,True,456.27792,455.49878,317.64102,245.34378,640,480,0.896929,0.013612911,-3.9061954,-0.69833547,0.6140606,0.045551345,0.3649414,278.2088623046875
session-20260402-051025,426,1329433820894558,1329433805251652,TRACKING,frame_1329433820894558.jpg,/content/trajectreview_input/session-20260402-051025/trajectreview/images/frame_1329433820894558.jpg,True,456.27792,455.49878,317.64102,245.34378,640,480,0.90975124,0.013852991,-3.9016864,-0.6975902,0.61558783,0.047191843,0.36358297,173.48153686523438
session-20260402-051025,427,1329433854258620,1329433838615714,TRACKING,frame_1329433854258620.jpg,/content/trajectreview_input/session-20260402-051025/trajectreview/images/frame_1329433854258620.jpg,True,456.27792,455.49878,317.64102,245.34378,640,480,0.92307705,0.0133269355,-3.8965108,-0.69814146,0.6165596,0.050840393,0.36037207,194.77554321289062
session-20260402-051025,428,1329433887622683,1329433871979777,TRACKING,frame_1329433887622683.jpg,/content/trajectreview_input/session-20260402-051025/trajectreview/images/frame_1329433887622683.jpg,True,456.27792,455.49878,317.64102,245.34378,640,480,0.9362014,0.0127555095,-3.8915386,-0.69856095,0.61722493,0.05249688,0.358176,199.03138732910156
session-20260402-051025,429,1329433920989398,1329433905343787,TRACKING,frame_1329433920989398.jpg,/content/trajectreview_input/session-20260402-051025/trajectreview/images/frame_1329433920989398.jpg,True,456.27792,455.49878,317.64102,245.34378,640,480,0.9484424,0.013252802,-3.8866591,-0.6979639,0.61836565,0.05616106,0.3568138,215.63067626953125
session-20260402-051025,430,1329433954353461,1329433938707850,TRACKING,frame_1329433954353461.jpg,/content/trajectreview_input/session-20260402-051025/trajectreview/images/frame_1329433954353461.jpg,True,456.27792,455.49878,317.64102,245.34378,640,480,0.9602493,0.012496427,-3.8815145,-0.6986736,0.618076,0.05878617,0.35550135,162.88816833496094
session-20260402-051025,431,1329433987717523,1329433972071912,TRACKING,frame_1329433987717523.jpg,/content/trajectreview_input/session-20260402-051025/trajectreview/images/frame_1329433987717523.jpg,True,456.27792,455.49878,317.64102,245.34378,640,480,0.9718628,0.012037536,-3.8765905,-0.69898844,0.61972123,0.058737382,0.35200948,204.45870971679688
session-20260402-051025,432,1329434021050920,1329434005435923,TRACKING,frame_1329434021050920.jpg,/content/trajectreview_input/session-20260402-051025/trajectreview/images/frame_1329434021050920.jpg,True,456.27792,455.49878,317.64102,245.34378,640,480,0.9838297,0.011584427,-3.8708563,-0.6970797,0.6223216,0.060434937,0.35091782,181.04641723632812
session-20260402-051025,433,1329434054414982,1329434038799985,TRACKING,frame_1329434054414982.jpg,/content/trajectreview_input/session-20260402-051025/trajectreview/images/frame_1329434054414982.jpg,True,456.27792,455.49878,317.64102,245.34378,640,480,0.9942627,0.010749944,-3.8645802,-0.69579077,0.6225422,0.06296243,0.3526361,288.06085205078125
session-20260402-051025,434,1329434087779045,1329434072164048,TRACKING,frame_1329434087779045.jpg,/content/trajectreview_input/session-20260402-051025/trajectreview/images/frame_1329434087779045.jpg,True,456.27792,455.49878,317.64102,245.34378,640,480,1.0041815,0.010237332,-3.857944,-0.6948585,0.6243402,0.06351407,0.35119385,208.4866943359375
session-20260402-051025,435,1329434121156534,1329434105528058,TRACKING,frame_1329434121156534.jpg,/content/trajectreview_input/session-20260402-051025/trajectreview/images/frame_1329434121156534.jpg,True,456.27792,455.49878,317.64102,245.34378,640,480,1.0129813,0.010227501,-3.8501148,-0.6935433,0.62602216,0.06777784,0.35000008,178.2566680908203
session-20260402-051025,436,1329434154520597,1329434138892121,TRACKING,frame_1329434154520597.jpg,/content/trajectreview_input/session-20260402-051025/trajectreview/images/frame_1329434154520597.jpg,True,456.27792,455.49878,317.64102,245.34378,640,480,1.0214447,0.009598624,-3.842166,-0.6927843,0.62580836,0.072179034,0.35100436,221.6422882080078
session-20260402-051025,437,1329434187884659,1329434172256183,TRACKING,frame_1329434187884659.jpg,/content/trajectreview_input/session-20260402-051025/trajectreview/images/frame_1329434187884659.jpg,True,456.27792,455.49878,317.64102,245.34378,640,480,1.02985,0.009389851,-3.834321,-0.69182634,0.6272789,0.07419816,0.34984595,230.24542236328125
session-20260402-051025,438,1329434221288351,1329434205620194,TRACKING,frame_1329434221288351.jpg,/content/trajectreview_input/session-20260402-051025/trajectreview/images/frame_1329434221288351.jpg,True,456.27792,455.49878,317.64102,245.34378,640,480,1.0370272,0.0094289705,-3.8256292,-0.69093126,0.6293689,0.07518031,0.3476445,172.718505859375
session-20260402-051025,439,1329434254652413,1329434238984256,TRACKING,frame_1329434254652413.jpg,/content/trajectreview_input/session-20260402-051025/trajectreview/images/frame_1329434254652413.jpg,True,456.27792,455.49878,317.64102,245.34378,640,480,1.0447359,0.009465219,-3.817363,-0.6902404,0.6318482,0.07875085,0.34370667,173.50477600097656
session-20260402-051025,440,1329434288016476,1329434272348319,TRACKING,frame_1329434288016476.jpg,/content/trajectreview_input/session-20260402-051025/trajectreview/images/frame_1329434288016476.jpg,True,456.27792,455.49878,317.64102,245.34378,640,480,1.052031,0.009736609,-3.8091865,-0.6885737,0.63459975,0.07944943,0.34181452,294.43145751953125
session-20260402-051025,441,1329434321222496,1329434305712329,TRACKING,frame_1329434321222496.jpg,/content/trajectreview_input/session-20260402-051025/trajectreview/images/frame_1329434321222496.jpg,True,456.27792,455.49878,317.64102,245.34378,640,480,1.0617166,0.011380302,-3.8024395,-0.6868501,0.63625306,0.08009529,0.34205812,224.02847290039062
session-20260402-051025,442,1329434354586559,1329434339076392,TRACKING,frame_1329434354586559.jpg,/content/trajectreview_input/session-20260402-051025/trajectreview/images/frame_1329434354586559.jpg,True,456.27792,455.49878,317.64102,245.34378,640,480,1.0677795,0.011208655,-3.7934272,-0.6866273,0.63759226,0.08479431,0.33886436,215.45162963867188
session-20260402-051025,443,1329434387950569,1329434372440402,TRACKING,frame_1329434387950569.jpg,/content/trajectreview_input/session-20260402-051025/trajectreview/images/frame_1329434387950569.jpg,True,456.27792,455.49878,317.64102,245.34378,640,480,1.0731832,0.011052782,-3.7844965,-0.685441,0.63822603,0.08291505,0.34053367,229.6432342529297
session-20260402-051025,444,1329434421293387,1329434405804464,TRACKING,frame_1329434421293387.jpg,/content/trajectreview_input/session-20260402-051025/trajectreview/images/frame_1329434421293387.jpg,True,456.27792,455.49878,317.64102,245.34378,640,480,1.0785986,0.010870939,-3.7750964,-0.68450016,0.6375779,0.08412771,0.34333152,218.90399169921875
session-20260402-051025,445,1329434454657450,1329434439168527,TRACKING,frame_1329434454657450.jpg,/content/trajectreview_input/session-20260402-051025/trajectreview/images/frame_1329434454657450.jpg,True,456.27792,455.49878,317.64102,245.34378,640,480,1.083184,0.0100122485,-3.7652383,-0.684466,0.6377874,0.086079374,0.34252566,299.1824951171875
session-20260402-051025,446,1329434488021512,1329434472532589,TRACKING,frame_1329434488021512.jpg,/content/trajectreview_input/session-20260402-051025/trajectreview/images/frame_1329434488021512.jpg,True,456.27792,455.49878,317.64102,245.34378,640,480,1.087585,0.009196239,-3.7551582,-0.6829161,0.6386506,0.08315596,0.3447262,221.0116729736328
session-20260402-051025,447,1329434521394260,1329434505896600,TRACKING,frame_1329434521394260.jpg,/content/trajectreview_input/session-20260402-051025/trajectreview/images/frame_1329434521394260.jpg,True,456.27792,455.49878,317.64102,245.34378,640,480,1.0908066,0.008091612,-3.7451224,-0.68148994,0.63797843,0.079853475,0.34954023,322.0150146484375
session-20260402-051025,448,1329434554758322,1329434539260662,TRACKING,frame_1329434554758322.jpg,/content/trajectreview_input/session-20260402-051025/trajectreview/images/frame_1329434554758322.jpg,True,456.27792,455.49878,317.64102,245.34378,640,480,1.0945723,0.00690018,-3.7342527,-0.6815853,0.6375826,0.07998414,0.3500464,335.94476318359375
session-20260402-051025,449,1329434588122333,1329434572624673,TRACKING,frame_1329434588122333.jpg,/content/trajectreview_input/session-20260402-051025/trajectreview/images/frame_1329434588122333.jpg,True,456.27792,455.49878,317.64102,245.34378,640,480,1.0980519,0.0054753385,-3.7226703,-0.68106115,0.63712937,0.0794134,0.3520159,311.03570556640625
session-20260402-051025,450,1329434621448822,1329434605988735,TRACKING,frame_1329434621448822.jpg,/content/trajectreview_input/session-20260402-051025/trajectreview/images/frame_1329434621448822.jpg,True,456.27792,455.49878,317.64102,245.34378,640,480,1.1005547,0.0045970865,-3.7126863,-0.68135136,0.63465345,0.08134484,0.35546923,270.79705810546875
session-20260402-051025,451,1329434654812885,1329434639352798,TRACKING,frame_1329434654812885.jpg,/content/trajectreview_input/session-20260402-051025/trajectreview/images/frame_1329434654812885.jpg,True,456.27792,455.49878,317.64102,245.34378,640,480,1.1041878,0.0030754637,-3.7007942,-0.6801095,0.6350175,0.0803754,0.3574123,246.744873046875
session-20260402-051025,452,1329434688176895,1329434672716808,TRACKING,frame_1329434688176895.jpg,/content/trajectreview_input/session-20260402-051025/trajectreview/images/frame_1329434688176895.jpg,True,456.27792,455.49878,317.64102,245.34378,640,480,1.1075934,0.0012841411,-3.6887772,-0.6816633,0.6344685,0.08205621,0.35503745,190.36651611328125
session-20260402-051025,453,1329434721512528,1329434706080871,TRACKING,frame_1329434721512528.jpg,/content/trajectreview_input/session-20260402-051025/trajectreview/images/frame_1329434721512528.jpg,True,456.27792,455.49878,317.64102,245.34378,640,480,1.1109742,-0.0018595569,-3.6762738,-0.6846186,0.6336281,0.08149065,0.35095868,190.93873596191406
session-20260402-051025,454,1329434754876590,1329434739444933,TRACKING,frame_1329434754876590.jpg,/content/trajectreview_input/session-20260402-051025/trajectreview/images/frame_1329434754876590.jpg,True,456.27792,455.49878,317.64102,245.34378,640,480,1.1153855,-0.0036639273,-3.6641314,-0.6848616,0.6341411,0.07913573,0.35009608,315.4103088378906
session-20260402-051025,455,1329434788240601,1329434772808944,TRACKING,frame_1329434788240601.jpg,/content/trajectreview_input/session-20260402-051025/trajectreview/images/frame_1329434788240601.jpg,True,456.27792,455.49878,317.64102,245.34378,640,480,1.1196288,-0.005899729,-3.6512077,-0.68559974,0.63228214,0.081647426,0.35143417,262.6121826171875
session-20260402-051025,456,1329434821571863,1329434806173006,TRACKING,frame_1329434821571863.jpg,/content/trajectreview_input/session-20260402-051025/trajectreview/images/frame_1329434821571863.jpg,True,456.27792,455.49878,317.64102,245.34378,640,480,1.1238174,-0.0063614585,-3.6392763,-0.68550897,0.63108665,0.081457525,0.35379636,287.68939208984375
session-20260402-051025,457,1329434854935926,1329434839537069,TRACKING,frame_1329434854935926.jpg,/content/trajectreview_input/session-20260402-051025/trajectreview/images/frame_1329434854935926.jpg,True,456.27792,455.49878,317.64102,245.34378,640,480,1.128253,-0.007301124,-3.626388,-0.6847064,0.6313983,0.08005698,0.35511145,314.1629638671875
session-20260402-051025,458,1329434888299936,1329434872901079,TRACKING,frame_1329434888299936.jpg,/content/trajectreview_input/session-20260402-051025/trajectreview/images/frame_1329434888299936.jpg,True,456.27792,455.49878,317.64102,245.34378,640,480,1.1320786,-0.00848946,-3.61435,-0.68647456,0.62864465,0.0777549,0.3570891,233.712646484375
session-20260402-051025,459,1329434921551432,1329434906265142,TRACKING,frame_1329434921551432.jpg,/content/trajectreview_input/session-20260402-051025/trajectreview/images/frame_1329434921551432.jpg,True,456.27792,455.49878,317.64102,245.34378,640,480,1.1359514,-0.010004265,-3.602482,-0.6873271,0.6265486,0.07258712,0.36020732,207.24696350097656
session-20260402-051025,460,1329434954915442,1329434939629152,TRACKING,frame_1329434954915442.jpg,/content/trajectreview_input/session-20260402-051025/trajectreview/images/frame_1329434954915442.jpg,True,456.27792,455.49878,317.64102,245.34378,640,480,1.1403935,-0.011918331,-3.5905502,-0.68494666,0.62599564,0.07019244,0.366129,247.58294677734375
session-20260402-051025,461,1329434988279504,1329434972993214,TRACKING,frame_1329434988279504.jpg,/content/trajectreview_input/session-20260402-051025/trajectreview/images/frame_1329434988279504.jpg,True,456.27792,455.49878,317.64102,245.34378,640,480,1.1442823,-0.014214378,-3.5794191,-0.6855489,0.62293875,0.06770608,0.37065604,210.0897674560547
session-20260402-051025,462,1329435021691007,1329435006357277,TRACKING,frame_1329435021691007.jpg,/content/trajectreview_input/session-20260402-051025/trajectreview/images/frame_1329435021691007.jpg,True,456.27792,455.49878,317.64102,245.34378,640,480,1.1485696,-0.01577541,-3.5680232,-0.68475986,0.6205253,0.061289683,0.37722132,178.8074188232422
session-20260402-051025,463,1329435055055017,1329435039721287,TRACKING,frame_1329435055055017.jpg,/content/trajectreview_input/session-20260402-051025/trajectreview/images/frame_1329435055055017.jpg,True,456.27792,455.49878,317.64102,245.34378,640,480,1.1523104,-0.017689701,-3.556254,-0.6855563,0.6165529,0.060524806,0.38237655,218.71434020996094
session-20260402-051025,464,1329435088419080,1329435073085350,TRACKING,frame_1329435088419080.jpg,/content/trajectreview_input/session-20260402-051025/trajectreview/images/frame_1329435088419080.jpg,True,456.27792,455.49878,317.64102,245.34378,640,480,1.156415,-0.019008081,-3.544524,-0.68682957,0.6126958,0.059175447,0.3864804,212.15512084960938
session-20260402-051025,465,1329435121828765,1329435106449412,TRACKING,frame_1329435121828765.jpg,/content/trajectreview_input/session-20260402-051025/trajectreview/images/frame_1329435121828765.jpg,True,456.27792,455.49878,317.64102,245.34378,640,480,1.1607611,-0.016557895,-3.5315979,-0.6848542,0.6106923,0.05552575,0.3936324,224.06423950195312
session-20260402-051025,466,1329435155192776,1329435139813423,TRACKING,frame_1329435155192776.jpg,/content/trajectreview_input/session-20260402-051025/trajectreview/images/frame_1329435155192776.jpg,True,456.27792,455.49878,317.64102,245.34378,640,480,1.1661235,-0.01645298,-3.5186543,-0.6837018,0.60987735,0.053345993,0.3971845,195.33091735839844
session-20260402-051025,467,1329435188556838,1329435173177485,TRACKING,frame_1329435188556838.jpg,/content/trajectreview_input/session-20260402-051025/trajectreview/images/frame_1329435188556838.jpg,True,456.27792,455.49878,317.64102,245.34378,640,480,1.1718125,-0.016064947,-3.506345,-0.6834214,0.6087404,0.046977,0.40020442,183.63259887695312
session-20260402-051025,468,1329435221881139,1329435206541548,TRACKING,frame_1329435221881139.jpg,/content/trajectreview_input/session-20260402-051025/trajectreview/images/frame_1329435221881139.jpg,True,456.27792,455.49878,317.64102,245.34378,640,480,1.1772599,-0.017604103,-3.4930217,-0.6823199,0.6072181,0.04359682,0.4047529,264.7837219238281
session-20260402-051025,469,1329435255245149,1329435239905558,TRACKING,frame_1329435255245149.jpg,/content/trajectreview_input/session-20260402-051025/trajectreview/images/frame_1329435255245149.jpg,True,456.27792,455.49878,317.64102,245.34378,640,480,1.1832927,-0.01782371,-3.479712,-0.6814237,0.6061971,0.04170701,0.40797955,258.1108093261719
session-20260402-051025,470,1329435288609212,1329435273269621,TRACKING,frame_1329435288609212.jpg,/content/trajectreview_input/session-20260402-051025/trajectreview/images/frame_1329435288609212.jpg,True,456.27792,455.49878,317.64102,245.34378,640,480,1.1891916,-0.018301707,-3.4667065,-0.6814739,0.60328186,0.038417026,0.41251475,225.2545166015625
session-20260402-051025,471,1329435321987073,1329435306633631,TRACKING,frame_1329435321987073.jpg,/content/trajectreview_input/session-20260402-051025/trajectreview/images/frame_1329435321987073.jpg,True,456.27792,455.49878,317.64102,245.34378,640,480,1.1950048,-0.01962684,-3.453908,-0.68324697,0.59895116,0.03494963,0.41618448,265.5140686035156
session-20260402-051025,472,1329435355351136,1329435339997694,TRACKING,frame_1329435355351136.jpg,/content/trajectreview_input/session-20260402-051025/trajectreview/images/frame_1329435355351136.jpg,True,456.27792,455.49878,317.64102,245.34378,640,480,1.2009187,-0.020386118,-3.4417336,-0.6845174,0.5954451,0.031207949,0.4194128,212.29827880859375
session-20260402-051025,473,1329435388715198,1329435373361756,TRACKING,frame_1329435388715198.jpg,/content/trajectreview_input/session-20260402-051025/trajectreview/images/frame_1329435388715198.jpg,True,456.27792,455.49878,317.64102,245.34378,640,480,1.2060854,-0.021544727,-3.4301376,-0.68726814,0.5880144,0.024588585,0.42578974,187.01206970214844
session-20260402-051025,474,1329435417947111,1329435398376767,TRACKING,frame_1329435417947111.jpg,/content/trajectreview_input/session-20260402-051025/trajectreview/images/frame_1329435417947111.jpg,True,456.27792,455.49878,317.64102,245.34378,640,480,1.2107415,-0.022107542,-3.4191322,-0.690104,0.58055246,0.02024959,0.4316309,113.8152084350586
session-20260402-051025,475,1329435451311173,1329435431740829,TRACKING,frame_1329435451311173.jpg,/content/trajectreview_input/session-20260402-051025/trajectreview/images/frame_1329435451311173.jpg,True,456.27792,455.49878,317.64102,245.34378,640,480,1.2159429,-0.023186946,-3.4063754,-0.6917367,0.5715183,0.017022759,0.44110918,80.11000061035156
session-20260402-051025,476,1329435484675236,1329435465104892,TRACKING,frame_1329435484675236.jpg,/content/trajectreview_input/session-20260402-051025/trajectreview/images/frame_1329435484675236.jpg,True,456.27792,455.49878,317.64102,245.34378,640,480,1.2215801,-0.023474572,-3.3937027,-0.6921902,0.5644491,0.010996953,0.44960988,172.11038208007812
session-20260402-051025,477,1329435517968835,1329435498468902,TRACKING,frame_1329435517968835.jpg,/content/trajectreview_input/session-20260402-051025/trajectreview/images/frame_1329435517968835.jpg,True,456.27792,455.49878,317.64102,245.34378,640,480,1.2277052,-0.023127778,-3.3790114,-0.6928454,0.5579317,0.008288085,0.45673692,89.7568359375
session-20260402-051025,478,1329435551332897,1329435531832964,TRACKING,frame_1329435551332897.jpg,/content/trajectreview_input/session-20260402-051025/trajectreview/images/frame_1329435551332897.jpg,True,456.27792,455.49878,317.64102,245.34378,640,480,1.2330942,-0.024280358,-3.366728,-0.6943896,0.5484246,0.0060511827,0.46585083,90.4234390258789
session-20260402-051025,479,1329435584696960,1329435565197027,TRACKING,frame_1329435584696960.jpg,/content/trajectreview_input/session-20260402-051025/trajectreview/images/frame_1329435584696960.jpg,True,456.27792,455.49878,317.64102,245.34378,640,480,1.2395003,-0.02518994,-3.355219,-0.6950837,0.5418028,0.0021983236,0.47254997,171.1277313232422
session-20260402-051025,480,1329435618084507,1329435598561037,TRACKING,frame_1329435618084507.jpg,/content/trajectreview_input/session-20260402-051025/trajectreview/images/frame_1329435618084507.jpg,True,456.27792,455.49878,317.64102,245.34378,640,480,1.2468691,-0.025843875,-3.3446996,-0.6966706,0.5360797,-0.0035863519,0.47671357,180.9769287109375
session-20260402-051025,481,1329435651448570,1329435631925100,TRACKING,frame_1329435651448570.jpg,/content/trajectreview_input/session-20260402-051025/trajectreview/images/frame_1329435651448570.jpg,True,456.27792,455.49878,317.64102,245.34378,640,480,1.2539513,-0.026446115,-3.3333828,-0.698163,0.5323813,-0.0070139766,0.478633,180.32962036132812
session-20260402-051025,482,1329435684812632,1329435665289162,TRACKING,frame_1329435684812632.jpg,/content/trajectreview_input/session-20260402-051025/trajectreview/images/frame_1329435684812632.jpg,True,456.27792,455.49878,317.64102,245.34378,640,480,1.2607123,-0.027039759,-3.3222957,-0.69775426,0.52825916,-0.01235047,0.4836617,170.40264892578125
session-20260402-051025,483,1329435718306354,1329435698653173,TRACKING,frame_1329435718306354.jpg,/content/trajectreview_input/session-20260402-051025/trajectreview/images/frame_1329435718306354.jpg,True,456.27792,455.49878,317.64102,245.34378,640,480,1.2667114,-0.02771189,-3.3095329,-0.6974942,0.5234503,-0.015486151,0.48914403,225.27337646484375
session-20260402-051025,484,1329435751670416,1329435732017235,TRACKING,frame_1329435751670416.jpg,/content/trajectreview_input/session-20260402-051025/trajectreview/images/frame_1329435751670416.jpg,True,456.27792,455.49878,317.64102,245.34378,640,480,1.2734132,-0.028545363,-3.2984648,-0.69572955,0.5215716,-0.019388571,0.4935053,266.9545593261719
session-20260402-051025,485,1329435785034479,1329435765381298,TRACKING,frame_1329435785034479.jpg,/content/trajectreview_input/session-20260402-051025/trajectreview/images/frame_1329435785034479.jpg,True,456.27792,455.49878,317.64102,245.34378,640,480,1.2792488,-0.029831916,-3.2877283,-0.6951579,0.5168677,-0.022454172,0.49909806,131.7869415283203
session-20260402-051025,486,1329435818528515,1329435798745308,TRACKING,frame_1329435818528515.jpg,/content/trajectreview_input/session-20260402-051025/trajectreview/images/frame_1329435818528515.jpg,True,456.27792,455.49878,317.64102,245.34378,640,480,1.2844542,-0.03078195,-3.2777014,-0.6964789,0.51158863,-0.02465491,0.50257975,132.67138671875
session-20260402-051025,487,1329435851892578,1329435832109371,TRACKING,frame_1329435851892578.jpg,/content/trajectreview_input/session-20260402-051025/trajectreview/images/frame_1329435851892578.jpg,True,456.27792,455.49878,317.64102,245.34378,640,480,1.2903239,-0.031150335,-3.2686703,-0.69663656,0.5078903,-0.03398262,0.50555927,120.90617370605469
session-20260402-051025,488,1329435885256588,1329435865473381,TRACKING,frame_1329435885256588.jpg,/content/trajectreview_input/session-20260402-051025/trajectreview/images/frame_1329435885256588.jpg,True,456.27792,455.49878,317.64102,245.34378,640,480,1.2952734,-0.03149984,-3.2585535,-0.6957251,0.5035158,-0.039406255,0.5107696,186.09014892578125
session-20260402-051025,489,1329435918575684,1329435898837444,TRACKING,frame_1329435918575684.jpg,/content/trajectreview_input/session-20260402-051025/trajectreview/images/frame_1329435918575684.jpg,True,456.27792,455.49878,317.64102,245.34378,640,480,1.2996875,-0.03099618,-3.2482915,-0.6962643,0.4979872,-0.046664417,0.51482725,128.66311645507812
session-20260402-051025,490,1329435951939746,1329435932201506,TRACKING,frame_1329435951939746.jpg,/content/trajectreview_input/session-20260402-051025/trajectreview/images/frame_1329435951939746.jpg,True,456.27792,455.49878,317.64102,245.34378,640,480,1.3036201,-0.031079466,-3.2382393,-0.6956862,0.49277928,-0.05412309,0.51986533,216.725830078125
session-20260402-051025,491,1329435985303757,1329435965565517,TRACKING,frame_1329435985303757.jpg,/content/trajectreview_input/session-20260402-051025/trajectreview/images/frame_1329435985303757.jpg,True,456.27792,455.49878,317.64102,245.34378,640,480,1.3071122,-0.031447206,-3.2280462,-0.69603527,0.48696518,-0.060856357,0.5241147,111.41837310791016
session-20260402-051025,492,1329436018720463,1329435998929579,TRACKING,frame_1329436018720463.jpg,/content/trajectreview_input/session-20260402-051025/trajectreview/images/frame_1329436018720463.jpg,True,456.27792,455.49878,317.64102,245.34378,640,480,1.3087405,-0.033348247,-3.2192245,-0.6948906,0.48156208,-0.07146785,0.52926123,96.70603942871094
session-20260402-051025,493,1329436052084526,1329436032293642,TRACKING,frame_1329436052084526.jpg,/content/trajectreview_input/session-20260402-051025/trajectreview/images/frame_1329436052084526.jpg,True,456.27792,455.49878,317.64102,245.34378,640,480,1.3111267,-0.03415192,-3.2097874,-0.6948555,0.4733058,-0.08089994,0.535362,119.73735046386719
session-20260402-051025,494,1329436085448536,1329436065657652,TRACKING,frame_1329436085448536.jpg,/content/trajectreview_input/session-20260402-051025/trajectreview/images/frame_1329436085448536.jpg,True,456.27792,455.49878,317.64102,245.34378,640,480,1.3132054,-0.034668926,-3.2006156,-0.6959809,0.46569803,-0.09016091,0.53907955,148.82611083984375
session-20260402-051025,495,1329436118814184,1329436099021714,TRACKING,frame_1329436118814184.jpg,/content/trajectreview_input/session-20260402-051025/trajectreview/images/frame_1329436118814184.jpg,True,456.27792,455.49878,317.64102,245.34378,640,480,1.3160276,-0.03740728,-3.190428,-0.6964417,0.45936024,-0.09740679,0.5426499,98.1926040649414
session-20260402-051025,496,1329436152178247,1329436132385777,TRACKING,frame_1329436152178247.jpg,/content/trajectreview_input/session-20260402-051025/trajectreview/images/frame_1329436152178247.jpg,True,456.27792,455.49878,317.64102,245.34378,640,480,1.3181577,-0.03786906,-3.1825,-0.7003476,0.4497284,-0.10925223,0.54343486,92.47415924072266
session-20260402-051025,497,1329436185542257,1329436165749787,TRACKING,frame_1329436185542257.jpg,/content/trajectreview_input/session-20260402-051025/trajectreview/images/frame_1329436185542257.jpg,True,456.27792,455.49878,317.64102,245.34378,640,480,1.3205299,-0.038142174,-3.1734622,-0.7030294,0.441106,-0.11758922,0.54529595,116.69050598144531
session-20260402-051025,498,1329436218961231,1329436199113850,TRACKING,frame_1329436218961231.jpg,/content/trajectreview_input/session-20260402-051025/trajectreview/images/frame_1329436218961231.jpg,True,456.27792,455.49878,317.64102,245.34378,640,480,1.3242418,-0.038281627,-3.1636448,-0.7052999,0.43500096,-0.12430994,0.5457777,108.38056182861328
session-20260402-051025,499,1329436252325241,1329436232477860,TRACKING,frame_1329436252325241.jpg,/content/trajectreview_input/session-20260402-051025/trajectreview/images/frame_1329436252325241.jpg,True,456.27792,455.49878,317.64102,245.34378,640,480,1.3284627,-0.037848406,-3.154081,-0.7069346,0.42636067,-0.1329337,0.5484421,121.21253204345703
session-20260402-051025,500,1329436285689304,1329436265841923,TRACKING,frame_1329436285689304.jpg,/content/trajectreview_input/session-20260402-051025/trajectreview/images/frame_1329436285689304.jpg,True,456.27792,455.49878,317.64102,245.34378,640,480,1.3332019,-0.037125956,-3.1442614,-0.7090297,0.41801533,-0.14041589,0.5502939,114.0
session-20260402-051025,501,1329436319084858,1329436299205985,TRACKING,frame_1329436319084858.jpg,/content/trajectreview_input/session-20260402-051025/trajectreview/images/frame_1329436319084858.jpg,True,456.27792,455.49878,317.64102,245.34378,640,480,1.3380777,-0.035878472,-3.1347375,-0.71369076,0.41333348,-0.14589287,0.54636633,116.86853790283203
session-20260402-051025,502,1329436352448869,1329436332569996,TRACKING,frame_1329436352448869.jpg,/content/trajectreview_input/session-20260402-051025/trajectreview/images/frame_1329436352448869.jpg,True,456.27792,455.49878,317.64102,245.34378,640,480,1.3434043,-0.034682803,-3.125517,-0.71539724,0.40644172,-0.15182233,0.5476878,108.25881958007812
session-20260402-051025,503,1329436385812931,1329436365934058,TRACKING,frame_1329436385812931.jpg,/content/trajectreview_input/session-20260402-051025/trajectreview/images/frame_1329436385812931.jpg,True,456.27792,455.49878,317.64102,245.34378,640,480,1.3488563,-0.033586144,-3.117034,-0.71724856,0.39984822,-0.16022477,0.5477261,110.78333282470703
session-20260402-051025,504,1329436419172545,1329436399298121,TRACKING,frame_1329436419172545.jpg,/content/trajectreview_input/session-20260402-051025/trajectreview/images/frame_1329436419172545.jpg,True,456.27792,455.49878,317.64102,245.34378,640,480,1.353071,-0.03364665,-3.1086602,-0.7184377,0.3942681,-0.16690092,0.5482191,121.76864624023438
session-20260402-051025,505,1329436452536555,1329436432662131,TRACKING,frame_1329436452536555.jpg,/content/trajectreview_input/session-20260402-051025/trajectreview/images/frame_1329436452536555.jpg,True,456.27792,455.49878,317.64102,245.34378,640,480,1.3577051,-0.032285713,-3.098548,-0.7177438,0.3942456,-0.1717107,0.5476583,109.48986053466797
session-20260402-051025,506,1329436485900618,1329436466026194,TRACKING,frame_1329436485900618.jpg,/content/trajectreview_input/session-20260402-051025/trajectreview/images/frame_1329436485900618.jpg,True,456.27792,455.49878,317.64102,245.34378,640,480,1.3614966,-0.031631164,-3.089107,-0.7163767,0.38827735,-0.17856075,0.55150807,80.9748764038086
session-20260402-051025,507,1329436519275896,1329436499390256,TRACKING,frame_1329436519275896.jpg,/content/trajectreview_input/session-20260402-051025/trajectreview/images/frame_1329436519275896.jpg,True,456.27792,455.49878,317.64102,245.34378,640,480,1.3652232,-0.03038218,-3.0793788,-0.7143159,0.38344535,-0.18421087,0.5556877,135.43911743164062
session-20260402-051025,508,1329436552639907,1329436532754267,TRACKING,frame_1329436552639907.jpg,/content/trajectreview_input/session-20260402-051025/trajectreview/images/frame_1329436552639907.jpg,True,456.27792,455.49878,317.64102,245.34378,640,480,1.367872,-0.02848917,-3.068589,-0.71039253,0.38330957,-0.18860008,0.5593264,103.44810485839844
session-20260402-051025,509,1329436586003969,1329436566118329,TRACKING,frame_1329436586003969.jpg,/content/trajectreview_input/session-20260402-051025/trajectreview/images/frame_1329436586003969.jpg,True,456.27792,455.49878,317.64102,245.34378,640,480,1.3703266,-0.026948059,-3.058022,-0.7070425,0.38134137,-0.19349332,0.5632316,125.9071044921875
session-20260402-051025,510,1329436619292210,1329436599482392,TRACKING,frame_1329436619292210.jpg,/content/trajectreview_input/session-20260402-051025/trajectreview/images/frame_1329436619292210.jpg,True,456.27792,455.49878,317.64102,245.34378,640,480,1.3746428,-0.029093042,-3.039216,-0.7039593,0.37842292,-0.19870065,0.56723493,417.2868957519531
session-20260402-051025,511,1329436652656220,1329436632846402,TRACKING,frame_1329436652656220.jpg,/content/trajectreview_input/session-20260402-051025/trajectreview/images/frame_1329436652656220.jpg,True,456.27792,455.49878,317.64102,245.34378,640,480,1.3769512,-0.02813825,-3.0287735,-0.7024905,0.3748857,-0.20120217,0.57051325,230.06826782226562
session-20260402-051025,512,1329436686020282,1329436666210464,TRACKING,frame_1329436686020282.jpg,/content/trajectreview_input/session-20260402-051025/trajectreview/images/frame_1329436686020282.jpg,True,456.27792,455.49878,317.64102,245.34378,640,480,1.3797268,-0.027315546,-3.0183156,-0.7012693,0.37155247,-0.20448361,0.57302403,251.66226196289062
session-20260402-051025,513,1329436719398234,1329436699574527,TRACKING,frame_1329436719398234.jpg,/content/trajectreview_input/session-20260402-051025/trajectreview/images/frame_1329436719398234.jpg,True,456.27792,455.49878,317.64102,245.34378,640,480,1.3825216,-0.028067585,-3.0057106,-0.69975436,0.3683513,-0.20819314,0.5756012,211.6944580078125
session-20260402-051025,514,1329436752762244,1329436732938537,TRACKING,frame_1329436752762244.jpg,/content/trajectreview_input/session-20260402-051025/trajectreview/images/frame_1329436752762244.jpg,True,456.27792,455.49878,317.64102,245.34378,640,480,1.3858855,-0.027709855,-2.9959488,-0.6996841,0.36331996,-0.2121939,0.5774205,157.9349822998047
session-20260402-051025,515,1329436786126307,1329436766302600,TRACKING,frame_1329436786126307.jpg,/content/trajectreview_input/session-20260402-051025/trajectreview/images/frame_1329436786126307.jpg,True,456.27792,455.49878,317.64102,245.34378,640,480,1.389191,-0.027667558,-2.9858944,-0.700571,0.3561507,-0.21495983,0.5797838,154.42282104492188
session-20260402-051025,516,1329436819392700,1329436799666610,TRACKING,frame_1329436819392700.jpg,/content/trajectreview_input/session-20260402-051025/trajectreview/images/frame_1329436819392700.jpg,True,456.27792,455.49878,317.64102,245.34378,640,480,1.3926175,-0.02773435,-2.9716218,-0.6981132,0.35306668,-0.21947622,0.5829339,183.8257598876953
session-20260402-051025,517,1329436852756763,1329436833030673,TRACKING,frame_1329436852756763.jpg,/content/trajectreview_input/session-20260402-051025/trajectreview/images/frame_1329436852756763.jpg,True,456.27792,455.49878,317.64102,245.34378,640,480,1.3972366,-0.027134819,-2.9608872,-0.69732636,0.3480012,-0.22419803,0.5851207,136.42950439453125
session-20260402-051025,518,1329436886120825,1329436866394735,TRACKING,frame_1329436886120825.jpg,/content/trajectreview_input/session-20260402-051025/trajectreview/images/frame_1329436886120825.jpg,True,456.27792,455.49878,317.64102,245.34378,640,480,1.4027191,-0.026748188,-2.9503644,-0.69683975,0.34069282,-0.23154758,0.58713573,140.52252197265625
session-20260402-051025,519,1329436919559603,1329436899758746,TRACKING,frame_1329436919559603.jpg,/content/trajectreview_input/session-20260402-051025/trajectreview/images/frame_1329436919559603.jpg,True,456.27792,455.49878,317.64102,245.34378,640,480,1.4077431,-0.026158642,-2.9369316,-0.6938165,0.33386007,-0.23962869,0.59138334,169.22369384765625
session-20260402-051025,520,1329436952923665,1329436933122808,TRACKING,frame_1329436952923665.jpg,/content/trajectreview_input/session-20260402-051025/trajectreview/images/frame_1329436952923665.jpg,True,456.27792,455.49878,317.64102,245.34378,640,480,1.4138119,-0.025051901,-2.924908,-0.69224113,0.33000928,-0.2458041,0.5928545,107.16810607910156
session-20260402-051025,521,1329436986287728,1329436966486871,TRACKING,frame_1329436986287728.jpg,/content/trajectreview_input/session-20260402-051025/trajectreview/images/frame_1329436986287728.jpg,True,456.27792,455.49878,317.64102,245.34378,640,480,1.420319,-0.023998652,-2.9131856,-0.6910147,0.3251966,-0.2543096,0.59335697,146.08538818359375
session-20260402-051025,522,1329437019741619,1329436999850881,TRACKING,frame_1329437019741619.jpg,/content/trajectreview_input/session-20260402-051025/trajectreview/images/frame_1329437019741619.jpg,True,456.27792,455.49878,317.64102,245.34378,640,480,1.4281231,-0.021940442,-2.900729,-0.6893019,0.319375,-0.26022643,0.59594005,148.51385498046875
session-20260402-051025,523,1329437053105682,1329437033214944,TRACKING,frame_1329437053105682.jpg,/content/trajectreview_input/session-20260402-051025/trajectreview/images/frame_1329437053105682.jpg,True,456.27792,455.49878,317.64102,245.34378,640,480,1.4343722,-0.021295026,-2.8884456,-0.68886125,0.3158066,-0.26479554,0.5963385,154.19422912597656
session-20260402-051025,524,1329437086469744,1329437066579006,TRACKING,frame_1329437086469744.jpg,/content/trajectreview_input/session-20260402-051025/trajectreview/images/frame_1329437086469744.jpg,True,456.27792,455.49878,317.64102,245.34378,640,480,1.4404838,-0.021151207,-2.8764646,-0.68610924,0.30934104,-0.27046812,0.6003409,117.49604797363281
session-20260402-051025,525,1329437123957385,1329437108292017,TRACKING,frame_1329437123957385.jpg,/content/trajectreview_input/session-20260402-051025/trajectreview/images/frame_1329437123957385.jpg,True,456.27792,455.49878,317.64102,245.34378,640,480,1.4462477,-0.02123061,-2.861472,-0.68179667,0.30342603,-0.27564174,0.605894,210.9735870361328
session-20260402-051025,526,1329437157321447,1329437141656079,TRACKING,frame_1329437157321447.jpg,/content/trajectreview_input/session-20260402-051025/trajectreview/images/frame_1329437157321447.jpg,True,456.27792,455.49878,317.64102,245.34378,640,480,1.4516057,-0.021173455,-2.8486443,-0.67845327,0.30077556,-0.27788237,0.6099317,211.3199005126953
session-20260402-051025,527,1329437190685510,1329437175020142,TRACKING,frame_1329437190685510.jpg,/content/trajectreview_input/session-20260402-051025/trajectreview/images/frame_1329437190685510.jpg,True,456.27792,455.49878,317.64102,245.34378,640,480,1.4570735,-0.021394026,-2.8360922,-0.6741458,0.29590106,-0.2815594,0.6153815,131.40164184570312
session-20260402-051025,528,1329437224009725,1329437208384152,TRACKING,frame_1329437224009725.jpg,/content/trajectreview_input/session-20260402-051025/trajectreview/images/frame_1329437224009725.jpg,True,456.27792,455.49878,317.64102,245.34378,640,480,1.4624434,-0.020649752,-2.8230152,-0.6692116,0.29144678,-0.28623557,0.6207123,198.9311981201172
session-20260402-051025,529,1329437257373787,1329437241748214,TRACKING,frame_1329437257373787.jpg,/content/trajectreview_input/session-20260402-051025/trajectreview/images/frame_1329437257373787.jpg,True,456.27792,455.49878,317.64102,245.34378,640,480,1.4680876,-0.02096081,-2.8106937,-0.665378,0.28729078,-0.29009587,0.6249645,207.0739288330078
session-20260402-051025,530,1329437290737850,1329437275112277,TRACKING,frame_1329437290737850.jpg,/content/trajectreview_input/session-20260402-051025/trajectreview/images/frame_1329437290737850.jpg,True,456.27792,455.49878,317.64102,245.34378,640,480,1.4733484,-0.021362077,-2.7983036,-0.6647523,0.28546086,-0.29022932,0.6264052,155.86016845703125
session-20260402-051025,531,1329437324138340,1329437308476287,TRACKING,frame_1329437324138340.jpg,/content/trajectreview_input/session-20260402-051025/trajectreview/images/frame_1329437324138340.jpg,True,456.27792,455.49878,317.64102,245.34378,640,480,1.478786,-0.021059167,-2.785229,-0.66249216,0.28270343,-0.2914645,0.62946904,128.05316162109375
session-20260402-051025,532,1329437357502403,1329437341840350,TRACKING,frame_1329437357502403.jpg,/content/trajectreview_input/session-20260402-051025/trajectreview/images/frame_1329437357502403.jpg,True,456.27792,455.49878,317.64102,245.34378,640,480,1.4844048,-0.020951875,-2.7732701,-0.6600271,0.2812865,-0.2931196,0.63192004,142.95700073242188
session-20260402-051025,533,1329437390866413,1329437375204360,TRACKING,frame_1329437390866413.jpg,/content/trajectreview_input/session-20260402-051025/trajectreview/images/frame_1329437390866413.jpg,True,456.27792,455.49878,317.64102,245.34378,640,480,1.4894731,-0.021167405,-2.761248,-0.6607825,0.28125116,-0.29107565,0.6320911,170.11361694335938
session-20260402-051025,534,1329437424233579,1329437408568423,TRACKING,frame_1329437424233579.jpg,/content/trajectreview_input/session-20260402-051025/trajectreview/images/frame_1329437424233579.jpg,True,456.27792,455.49878,317.64102,245.34378,640,480,1.4953151,-0.021486519,-2.7494838,-0.6586828,0.28037974,-0.29242462,0.6340441,327.4462890625
session-20260402-051025,535,1329437457597641,1329437441932485,TRACKING,frame_1329437457597641.jpg,/content/trajectreview_input/session-20260402-051025/trajectreview/images/frame_1329437457597641.jpg,True,456.27792,455.49878,317.64102,245.34378,640,480,1.5010735,-0.021809114,-2.738373,-0.65651804,0.27925852,-0.29544818,0.635381,212.81239318847656
session-20260402-051025,536,1329437490961652,1329437475296496,TRACKING,frame_1329437490961652.jpg,/content/trajectreview_input/session-20260402-051025/trajectreview/images/frame_1329437490961652.jpg,True,456.27792,455.49878,317.64102,245.34378,640,480,1.5060648,-0.022585094,-2.7270215,-0.6574807,0.27951065,-0.29576343,0.6341269,234.05780029296875
session-20260402-051025,537,1329437524235712,1329437508660558,TRACKING,frame_1329437524235712.jpg,/content/trajectreview_input/session-20260402-051025/trajectreview/images/frame_1329437524235712.jpg,True,456.27792,455.49878,317.64102,245.34378,640,480,1.5103768,-0.024560707,-2.7157428,-0.65515316,0.28037906,-0.29721668,0.63547164,207.365478515625
session-20260402-051025,538,1329437557599775,1329437542024621,TRACKING,frame_1329437557599775.jpg,/content/trajectreview_input/session-20260402-051025/trajectreview/images/frame_1329437557599775.jpg,True,456.27792,455.49878,317.64102,245.34378,640,480,1.5149083,-0.025616886,-2.7041752,-0.65550953,0.2817914,-0.29858112,0.63383764,167.09072875976562
session-20260402-051025,539,1329437590963785,1329437575388631,TRACKING,frame_1329437590963785.jpg,/content/trajectreview_input/session-20260402-051025/trajectreview/images/frame_1329437590963785.jpg,True,456.27792,455.49878,317.64102,245.34378,640,480,1.5187262,-0.027062591,-2.6924996,-0.6567033,0.28053537,-0.298724,0.6330913,203.099853515625
session-20260402-051025,540,1329437624355500,1329437608752694,TRACKING,frame_1329437624355500.jpg,/content/trajectreview_input/session-20260402-051025/trajectreview/images/frame_1329437624355500.jpg,True,456.27792,455.49878,317.64102,245.34378,640,480,1.5209872,-0.029609315,-2.6804383,-0.65536493,0.28231993,-0.29884067,0.6336296,180.09417724609375
session-20260402-051025,541,1329437657719562,1329437642116756,TRACKING,frame_1329437657719562.jpg,/content/trajectreview_input/session-20260402-051025/trajectreview/images/frame_1329437657719562.jpg,True,456.27792,455.49878,317.64102,245.34378,640,480,1.5240966,-0.030436616,-2.6676223,-0.6572647,0.2855159,-0.29616123,0.63148415,116.85852813720703
session-20260402-051025,542,1329437691083573,1329437675480767,TRACKING,frame_1329437691083573.jpg,/content/trajectreview_input/session-20260402-051025/trajectreview/images/frame_1329437691083573.jpg,True,456.27792,455.49878,317.64102,245.34378,640,480,1.5274746,-0.031320784,-2.65564,-0.6597592,0.28483108,-0.29628384,0.6291303,199.86297607421875
session-20260402-051025,543,1329437724456738,1329437708844829,TRACKING,frame_1329437724456738.jpg,/content/trajectreview_input/session-20260402-051025/trajectreview/images/frame_1329437724456738.jpg,True,456.27792,455.49878,317.64102,245.34378,640,480,1.5297042,-0.032833844,-2.6446028,-0.6596978,0.28430566,-0.30051464,0.6274234,194.35723876953125
session-20260402-051025,544,1329437757820748,1329437742208839,TRACKING,frame_1329437757820748.jpg,/content/trajectreview_input/session-20260402-051025/trajectreview/images/frame_1329437757820748.jpg,True,456.27792,455.49878,317.64102,245.34378,640,480,1.5321574,-0.033215128,-2.6320584,-0.6616698,0.2832782,-0.30125904,0.6254515,145.56277465820312
session-20260402-051025,545,1329437791184811,1329437775572902,TRACKING,frame_1329437791184811.jpg,/content/trajectreview_input/session-20260402-051025/trajectreview/images/frame_1329437791184811.jpg,True,456.27792,455.49878,317.64102,245.34378,640,480,1.5339556,-0.033763885,-2.6187522,-0.66546047,0.2818874,-0.29982883,0.6227395,148.59817504882812
session-20260402-051025,546,1329437824550415,1329437808936964,TRACKING,frame_1329437824550415.jpg,/content/trajectreview_input/session-20260402-051025/trajectreview/images/frame_1329437824550415.jpg,True,456.27792,455.49878,317.64102,245.34378,640,480,1.5347916,-0.035070032,-2.6046038,-0.66488063,0.28076887,-0.29855728,0.6244727,236.6851348876953
session-20260402-051025,547,1329437857914426,1329437842300975,TRACKING,frame_1329437857914426.jpg,/content/trajectreview_input/session-20260402-051025/trajectreview/images/frame_1329437857914426.jpg,True,456.27792,455.49878,317.64102,245.34378,640,480,1.5364189,-0.034632716,-2.588613,-0.66456944,0.2831038,-0.29463828,0.62561,101.86900329589844
session-20260402-051025,548,1329437891278488,1329437875665037,TRACKING,frame_1329437891278488.jpg,/content/trajectreview_input/session-20260402-051025/trajectreview/images/frame_1329437891278488.jpg,True,456.27792,455.49878,317.64102,245.34378,640,480,1.5381442,-0.0358675,-2.5730722,-0.6697171,0.28281963,-0.2886858,0.6230189,96.0847396850586
session-20260402-051025,549,1329437920472574,1329437900680100,TRACKING,frame_1329437920472574.jpg,/content/trajectreview_input/session-20260402-051025/trajectreview/images/frame_1329437920472574.jpg,True,456.27792,455.49878,317.64102,245.34378,640,480,1.5388837,-0.03792122,-2.5598562,-0.67047,0.2795256,-0.28848988,0.623786,207.73719787597656
session-20260402-051025,550,1329437953836584,1329437934044110,TRACKING,frame_1329437953836584.jpg,/content/trajectreview_input/session-20260402-051025/trajectreview/images/frame_1329437953836584.jpg,True,456.27792,455.49878,317.64102,245.34378,640,480,1.5426518,-0.03841229,-2.543347,-0.6686357,0.27958947,-0.28917027,0.625409,147.08230590820312
session-20260402-051025,551,1329437987200647,1329437967408173,TRACKING,frame_1329437987200647.jpg,/content/trajectreview_input/session-20260402-051025/trajectreview/images/frame_1329437987200647.jpg,True,456.27792,455.49878,317.64102,245.34378,640,480,1.5456895,-0.03914868,-2.5258152,-0.66864634,0.28106242,-0.2850206,0.6266412,67.69074249267578
session-20260402-051025,552,1329438020624244,1329438000772235,TRACKING,frame_1329438020624244.jpg,/content/trajectreview_input/session-20260402-051025/trajectreview/images/frame_1329438020624244.jpg,True,456.27792,455.49878,317.64102,245.34378,640,480,1.5476587,-0.04040575,-2.5097613,-0.66965866,0.2816773,-0.281355,0.6269406,176.27865600585938
session-20260402-051025,553,1329438053988255,1329438034136246,TRACKING,frame_1329438053988255.jpg,/content/trajectreview_input/session-20260402-051025/trajectreview/images/frame_1329438053988255.jpg,True,456.27792,455.49878,317.64102,245.34378,640,480,1.5520025,-0.04081157,-2.4930468,-0.6676316,0.2816381,-0.28292286,0.62841284,203.78250122070312
session-20260402-051025,554,1329438087352317,1329438067500308,TRACKING,frame_1329438087352317.jpg,/content/trajectreview_input/session-20260402-051025/trajectreview/images/frame_1329438087352317.jpg,True,456.27792,455.49878,317.64102,245.34378,640,480,1.556169,-0.04110593,-2.4755535,-0.66567326,0.2826869,-0.2833442,0.629828,204.53366088867188
session-20260402-051025,555,1329438120761942,1329438100864371,TRACKING,frame_1329438120761942.jpg,/content/trajectreview_input/session-20260402-051025/trajectreview/images/frame_1329438120761942.jpg,True,456.27792,455.49878,317.64102,245.34378,640,480,1.5604441,-0.04105623,-2.4566925,-0.6647905,0.2828641,-0.28303716,0.63081807,142.698486328125
session-20260402-051025,556,1329438154125952,1329438134228381,TRACKING,frame_1329438154125952.jpg,/content/trajectreview_input/session-20260402-051025/trajectreview/images/frame_1329438154125952.jpg,True,456.27792,455.49878,317.64102,245.34378,640,480,1.564921,-0.0419014,-2.4385293,-0.66478777,0.2827545,-0.28367797,0.63058215,226.91172790527344
session-20260402-051025,557,1329438187490015,1329438167592444,TRACKING,frame_1329438187490015.jpg,/content/trajectreview_input/session-20260402-051025/trajectreview/images/frame_1329438187490015.jpg,True,456.27792,455.49878,317.64102,245.34378,640,480,1.5702267,-0.042250697,-2.4198177,-0.6605413,0.2807311,-0.2879385,0.6340083,312.1822509765625
session-20260402-051025,558,1329438220833904,1329438200956506,TRACKING,frame_1329438220833904.jpg,/content/trajectreview_input/session-20260402-051025/trajectreview/images/frame_1329438220833904.jpg,True,456.27792,455.49878,317.64102,245.34378,640,480,1.5752753,-0.04460456,-2.3989494,-0.6572163,0.27950564,-0.2907524,0.63671523,243.00299072265625
session-20260402-051025,559,1329438254197915,1329438234320517,TRACKING,frame_1329438254197915.jpg,/content/trajectreview_input/session-20260402-051025/trajectreview/images/frame_1329438254197915.jpg,True,456.27792,455.49878,317.64102,245.34378,640,480,1.5807935,-0.045713097,-2.3792052,-0.6553632,0.2754506,-0.29473323,0.6385596,173.39727783203125
session-20260402-051025,560,1329438287561977,1329438267684579,TRACKING,frame_1329438287561977.jpg,/content/trajectreview_input/session-20260402-051025/trajectreview/images/frame_1329438287561977.jpg,True,456.27792,455.49878,317.64102,245.34378,640,480,1.5865154,-0.046924137,-2.3594916,-0.65305084,0.26937523,-0.30126095,0.6404712,172.57965087890625
session-20260402-051025,561,1329438320839759,1329438301048589,TRACKING,frame_1329438320839759.jpg,/content/trajectreview_input/session-20260402-051025/trajectreview/images/frame_1329438320839759.jpg,True,456.27792,455.49878,317.64102,245.34378,640,480,1.5922225,-0.047159653,-2.3388157,-0.6508917,0.2629764,-0.30595905,0.643096,133.1363525390625
session-20260402-051025,562,1329438354203822,1329438334412652,TRACKING,frame_1329438354203822.jpg,/content/trajectreview_input/session-20260402-051025/trajectreview/images/frame_1329438354203822.jpg,True,456.27792,455.49878,317.64102,245.34378,640,480,1.5968087,-0.04835057,-2.3183508,-0.6509365,0.25445873,-0.31028968,0.64440113,136.31002807617188
session-20260402-051025,563,1329438387567884,1329438367776714,TRACKING,frame_1329438387567884.jpg,/content/trajectreview_input/session-20260402-051025/trajectreview/images/frame_1329438387567884.jpg,True,456.27792,455.49878,317.64102,245.34378,640,480,1.6012826,-0.0478741,-2.2979198,-0.64848256,0.24673939,-0.317615,0.64630544,151.72235107421875
session-20260402-051025,564,1329438420915607,1329438401140725,TRACKING,frame_1329438420915607.jpg,/content/trajectreview_input/session-20260402-051025/trajectreview/images/frame_1329438420915607.jpg,True,456.27792,455.49878,317.64102,245.34378,640,480,1.604275,-0.046146307,-2.2757568,-0.6455151,0.23936012,-0.32238242,0.6496819,96.59658813476562
session-20260402-051025,565,1329438454279669,1329438434504787,TRACKING,frame_1329438454279669.jpg,/content/trajectreview_input/session-20260402-051025/trajectreview/images/frame_1329438454279669.jpg,True,456.27792,455.49878,317.64102,245.34378,640,480,1.60659,-0.045027412,-2.255168,-0.64503556,0.22965236,-0.32444113,0.6526307,101.112548828125
session-20260402-051025,566,1329438487643732,1329438467868850,TRACKING,frame_1329438487643732.jpg,/content/trajectreview_input/session-20260402-051025/trajectreview/images/frame_1329438487643732.jpg,True,456.27792,455.49878,317.64102,245.34378,640,480,1.6090113,-0.042753182,-2.234703,-0.64206487,0.22177796,-0.3293819,0.65580094,135.25576782226562
session-20260402-051025,567,1329438520949363,1329438501232860,TRACKING,frame_1329438520949363.jpg,/content/trajectreview_input/session-20260402-051025/trajectreview/images/frame_1329438520949363.jpg,True,456.27792,455.49878,317.64102,245.34378,640,480,1.6108832,-0.040333033,-2.2152452,-0.6399282,0.21596575,-0.33554548,0.6567038,153.332763671875
session-20260402-051025,568,1329438554313426,1329438534596923,TRACKING,frame_1329438554313426.jpg,/content/trajectreview_input/session-20260402-051025/trajectreview/images/frame_1329438554313426.jpg,True,456.27792,455.49878,317.64102,245.34378,640,480,1.6118964,-0.03856509,-2.1964421,-0.6394452,0.20933254,-0.33893698,0.65758,163.06851196289062
session-20260402-051025,569,1329438587677488,1329438567960985,TRACKING,frame_1329438587677488.jpg,/content/trajectreview_input/session-20260402-051025/trajectreview/images/frame_1329438587677488.jpg,True,456.27792,455.49878,317.64102,245.34378,640,480,1.6124417,-0.036079437,-2.1777878,-0.6360671,0.2068027,-0.34332794,0.65937644,142.86175537109375
session-20260402-051025,570,1329438621173850,1329438601324996,TRACKING,frame_1329438621173850.jpg,/content/trajectreview_input/session-20260402-051025/trajectreview/images/frame_1329438621173850.jpg,True,456.27792,455.49878,317.64102,245.34378,640,480,1.6122112,-0.03425579,-2.159022,-0.63207173,0.20448667,-0.34837908,0.6612885,172.36807250976562
session-20260402-051025,571,1329438654537912,1329438634689058,TRACKING,frame_1329438654537912.jpg,/content/trajectreview_input/session-20260402-051025/trajectreview/images/frame_1329438654537912.jpg,True,456.27792,455.49878,317.64102,245.34378,640,480,1.6114794,-0.033075236,-2.142396,-0.62926376,0.20206177,-0.3531921,0.6621582,129.9471435546875
session-20260402-051025,572,1329438687901923,1329438668053069,TRACKING,frame_1329438687901923.jpg,/content/trajectreview_input/session-20260402-051025/trajectreview/images/frame_1329438687901923.jpg,True,456.27792,455.49878,317.64102,245.34378,640,480,1.6106175,-0.032258466,-2.1265714,-0.62440133,0.19912584,-0.36131662,0.6632662,83.42723083496094
session-20260402-051025,573,1329438721054430,1329438701417131,TRACKING,frame_1329438721054430.jpg,/content/trajectreview_input/session-20260402-051025/trajectreview/images/frame_1329438721054430.jpg,True,456.27792,455.49878,317.64102,245.34378,640,480,1.6079001,-0.03231521,-2.1115336,-0.61920244,0.19716422,-0.36842164,0.6648158,115.9238510131836
session-20260402-051025,574,1329438754418493,1329438734781194,TRACKING,frame_1329438754418493.jpg,/content/trajectreview_input/session-20260402-051025/trajectreview/images/frame_1329438754418493.jpg,True,456.27792,455.49878,317.64102,245.34378,640,480,1.6043833,-0.031997617,-2.096126,-0.6156439,0.19770318,-0.3724727,0.6657027,132.2332763671875
session-20260402-051025,575,1329438787782555,1329438768145256,TRACKING,frame_1329438787782555.jpg,/content/trajectreview_input/session-20260402-051025/trajectreview/images/frame_1329438787782555.jpg,True,456.27792,455.49878,317.64102,245.34378,640,480,1.6006119,-0.031808324,-2.081067,-0.6107762,0.1983087,-0.37771937,0.66704893,68.73995208740234
session-20260402-051025,576,1329438821116945,1329438801509267,TRACKING,frame_1329438821116945.jpg,/content/trajectreview_input/session-20260402-051025/trajectreview/images/frame_1329438821116945.jpg,True,456.27792,455.49878,317.64102,245.34378,640,480,1.594909,-0.03146375,-2.0669956,-0.6061993,0.19760363,-0.38351816,0.6681234,120.93134307861328
session-20260402-051025,577,1329438854481007,1329438834873329,TRACKING,frame_1329438854481007.jpg,/content/trajectreview_input/session-20260402-051025/trajectreview/images/frame_1329438854481007.jpg,True,456.27792,455.49878,317.64102,245.34378,640,480,1.5896058,-0.03222709,-2.051846,-0.6031853,0.19748631,-0.3876021,0.66852915,144.15792846679688
session-20260402-051025,578,1329438887845017,1329438868237339,TRACKING,frame_1329438887845017.jpg,/content/trajectreview_input/session-20260402-051025/trajectreview/images/frame_1329438887845017.jpg,True,456.27792,455.49878,317.64102,245.34378,640,480,1.5832837,-0.032884844,-2.0361671,-0.59969896,0.19733521,-0.38983303,0.6704105,152.746337890625
session-20260402-051025,579,1329438921088981,1329438901601402,TRACKING,frame_1329438921088981.jpg,/content/trajectreview_input/session-20260402-051025/trajectreview/images/frame_1329438921088981.jpg,True,456.27792,455.49878,317.64102,245.34378,640,480,1.5757142,-0.032346807,-2.0213969,-0.5969537,0.1990756,-0.39109534,0.67160976,141.9228515625
session-20260402-051025,580,1329438954453043,1329438934965464,TRACKING,frame_1329438954453043.jpg,/content/trajectreview_input/session-20260402-051025/trajectreview/images/frame_1329438954453043.jpg,True,456.27792,455.49878,317.64102,245.34378,640,480,1.568255,-0.033137478,-2.0058842,-0.59495467,0.19788255,-0.3932762,0.672462,182.99847412109375
session-20260402-051025,581,1329438987817054,1329438968329475,TRACKING,frame_1329438987817054.jpg,/content/trajectreview_input/session-20260402-051025/trajectreview/images/frame_1329438987817054.jpg,True,456.27792,455.49878,317.64102,245.34378,640,480,1.559935,-0.033958517,-1.9903945,-0.594067,0.1957426,-0.39386904,0.67352533,124.00798034667969
session-20260402-051025,582,1329439021186605,1329439001693537,TRACKING,frame_1329439021186605.jpg,/content/trajectreview_input/session-20260402-051025/trajectreview/images/frame_1329439021186605.jpg,True,456.27792,455.49878,317.64102,245.34378,640,480,1.5522395,-0.034732863,-1.9737269,-0.5953296,0.19625181,-0.3931761,0.6726666,80.41421508789062
session-20260402-051025,583,1329439054550668,1329439035057600,TRACKING,frame_1329439054550668.jpg,/content/trajectreview_input/session-20260402-051025/trajectreview/images/frame_1329439054550668.jpg,True,456.27792,455.49878,317.64102,245.34378,640,480,1.5436968,-0.034984894,-1.958336,-0.59593487,0.19597165,-0.39542645,0.6708911,95.08500671386719
session-20260402-051025,584,1329439087914678,1329439068421610,TRACKING,frame_1329439087914678.jpg,/content/trajectreview_input/session-20260402-051025/trajectreview/images/frame_1329439087914678.jpg,True,456.27792,455.49878,317.64102,245.34378,640,480,1.535042,-0.03518678,-1.9431378,-0.59773666,0.19510263,-0.3989041,0.6674738,81.35061645507812
session-20260402-051025,585,1329439121375006,1329439101785673,TRACKING,frame_1329439121375006.jpg,/content/trajectreview_input/session-20260402-051025/trajectreview/images/frame_1329439121375006.jpg,True,456.27792,455.49878,317.64102,245.34378,640,480,1.523889,-0.036044918,-1.9291188,-0.59856147,0.1946157,-0.4021385,0.6649312,108.50203704833984
session-20260402-051025,586,1329439154739068,1329439135149735,TRACKING,frame_1329439154739068.jpg,/content/trajectreview_input/session-20260402-051025/trajectreview/images/frame_1329439154739068.jpg,True,456.27792,455.49878,317.64102,245.34378,640,480,1.5132773,-0.034390666,-1.9126137,-0.5973183,0.19649585,-0.4037888,0.66449594,75.724853515625
session-20260402-051025,587,1329439188103079,1329439168513746,TRACKING,frame_1329439188103079.jpg,/content/trajectreview_input/session-20260402-051025/trajectreview/images/frame_1329439188103079.jpg,True,456.27792,455.49878,317.64102,245.34378,640,480,1.5017604,-0.032470323,-1.8961921,-0.59716755,0.19808075,-0.40351498,0.6643272,97.84212493896484
session-20260402-051025,588,1329439221441508,1329439201877808,TRACKING,frame_1329439221441508.jpg,/content/trajectreview_input/session-20260402-051025/trajectreview/images/frame_1329439221441508.jpg,True,456.27792,455.49878,317.64102,245.34378,640,480,1.4898983,-0.032051083,-1.8812816,-0.59729844,0.19872864,-0.40302354,0.6643142,91.2408447265625
session-20260402-051025,589,1329439254805519,1329439235241819,TRACKING,frame_1329439254805519.jpg,/content/trajectreview_input/session-20260402-051025/trajectreview/images/frame_1329439254805519.jpg,True,456.27792,455.49878,317.64102,245.34378,640,480,1.479075,-0.03108234,-1.865859,-0.5959804,0.19689783,-0.40518004,0.66473126,168.32476806640625
session-20260402-051025,590,1329439288169581,1329439268605881,TRACKING,frame_1329439288169581.jpg,/content/trajectreview_input/session-20260402-051025/trajectreview/images/frame_1329439288169581.jpg,True,456.27792,455.49878,317.64102,245.34378,640,480,1.4681492,-0.030564973,-1.8503393,-0.59192455,0.19175972,-0.40728348,0.66856086,237.6417236328125
session-20260402-051025,591,1329439321546477,1329439301969944,TRACKING,frame_1329439321546477.jpg,/content/trajectreview_input/session-20260402-051025/trajectreview/images/frame_1329439321546477.jpg,True,456.27792,455.49878,317.64102,245.34378,640,480,1.4568905,-0.029905256,-1.8340706,-0.5902892,0.19136438,-0.4046204,0.67172956,88.312744140625
session-20260402-051025,592,1329439354910487,1329439335333954,TRACKING,frame_1329439354910487.jpg,/content/trajectreview_input/session-20260402-051025/trajectreview/images/frame_1329439354910487.jpg,True,456.27792,455.49878,317.64102,245.34378,640,480,1.4459383,-0.03032937,-1.8183106,-0.59036756,0.19112946,-0.40362397,0.67232674,188.2513885498047
session-20260402-051025,593,1329439388274550,1329439368698017,TRACKING,frame_1329439388274550.jpg,/content/trajectreview_input/session-20260402-051025/trajectreview/images/frame_1329439388274550.jpg,True,456.27792,455.49878,317.64102,245.34378,640,480,1.435711,-0.030840939,-1.8026168,-0.58585936,0.18608247,-0.4050525,0.67681205,103.79322814941406
session-20260402-051025,594,1329439421586559,1329439402062079,TRACKING,frame_1329439421586559.jpg,/content/trajectreview_input/session-20260402-051025/trajectreview/images/frame_1329439421586559.jpg,True,456.27792,455.49878,317.64102,245.34378,640,480,1.4247582,-0.03097924,-1.7873373,-0.5804324,0.18212424,-0.4048518,0.6826595,260.28082275390625
session-20260402-051025,595,1329439454950569,1329439435426089,TRACKING,frame_1329439454950569.jpg,/content/trajectreview_input/session-20260402-051025/trajectreview/images/frame_1329439454950569.jpg,True,456.27792,455.49878,317.64102,245.34378,640,480,1.4153103,-0.03138244,-1.7704653,-0.5743136,0.17889723,-0.40592217,0.6880311,106.498046875
session-20260402-051025,596,1329439488314632,1329439468790152,TRACKING,frame_1329439488314632.jpg,/content/trajectreview_input/session-20260402-051025/trajectreview/images/frame_1329439488314632.jpg,True,456.27792,455.49878,317.64102,245.34378,640,480,1.4070783,-0.031813875,-1.7535193,-0.56603765,0.17458008,-0.40992874,0.6936004,119.73980712890625
session-20260402-051025,597,1329439521650750,1329439502154214,TRACKING,frame_1329439521650750.jpg,/content/trajectreview_input/session-20260402-051025/trajectreview/images/frame_1329439521650750.jpg,True,456.27792,455.49878,317.64102,245.34378,640,480,1.398297,-0.03327039,-1.738076,-0.56259304,0.17154294,-0.41137093,0.6963016,157.08206176757812
session-20260402-051025,598,1329439555014761,1329439535518225,TRACKING,frame_1329439555014761.jpg,/content/trajectreview_input/session-20260402-051025/trajectreview/images/frame_1329439555014761.jpg,True,456.27792,455.49878,317.64102,245.34378,640,480,1.3909787,-0.03391833,-1.7226362,-0.5593225,0.16702507,-0.41271228,0.6992351,137.7177734375
session-20260402-051025,599,1329439588378823,1329439568882287,TRACKING,frame_1329439588378823.jpg,/content/trajectreview_input/session-20260402-051025/trajectreview/images/frame_1329439588378823.jpg,True,456.27792,455.49878,317.64102,245.34378,640,480,1.385317,-0.033120535,-1.707332,-0.552988,0.16438948,-0.41766882,0.70194936,104.85914611816406
session-20260402-051025,600,1329439621821442,1329439602246298,TRACKING,frame_1329439621821442.jpg,/content/trajectreview_input/session-20260402-051025/trajectreview/images/frame_1329439621821442.jpg,True,456.27792,455.49878,317.64102,245.34378,640,480,1.3809445,-0.032398835,-1.6930753,-0.5493345,0.15818155,-0.42472506,0.70201063,108.62202453613281
session-20260402-051025,601,1329439655185504,1329439635610360,TRACKING,frame_1329439655185504.jpg,/content/trajectreview_input/session-20260402-051025/trajectreview/images/frame_1329439655185504.jpg,True,456.27792,455.49878,317.64102,245.34378,640,480,1.3765181,-0.031235356,-1.6801507,-0.5490061,0.15193067,-0.43228033,0.69903004,111.19721984863281
session-20260402-051025,602,1329439688549567,1329439668974423,TRACKING,frame_1329439688549567.jpg,/content/trajectreview_input/session-20260402-051025/trajectreview/images/frame_1329439688549567.jpg,True,456.27792,455.49878,317.64102,245.34378,640,480,1.3714623,-0.029376378,-1.6670667,-0.54734033,0.1475445,-0.43850753,0.69739527,148.49378967285156
session-20260402-051025,603,1329439721957313,1329439702338485,TRACKING,frame_1329439721957313.jpg,/content/trajectreview_input/session-20260402-051025/trajectreview/images/frame_1329439721957313.jpg,True,456.27792,455.49878,317.64102,245.34378,640,480,1.365359,-0.027291544,-1.6528928,-0.54702276,0.1459887,-0.4419629,0.6957888,126.39288330078125
session-20260402-051025,604,1329439755321324,1329439735702496,TRACKING,frame_1329439755321324.jpg,/content/trajectreview_input/session-20260402-051025/trajectreview/images/frame_1329439755321324.jpg,True,456.27792,455.49878,317.64102,245.34378,640,480,1.359265,-0.025989579,-1.640873,-0.5474993,0.1432122,-0.44574594,0.69357437,145.01882934570312
session-20260402-051025,605,1329439788685386,1329439769066558,TRACKING,frame_1329439788685386.jpg,/content/trajectreview_input/session-20260402-051025/trajectreview/images/frame_1329439788685386.jpg,True,456.27792,455.49878,317.64102,245.34378,640,480,1.3529935,-0.025024822,-1.6295111,-0.5461552,0.13898629,-0.44894332,0.69343144,179.09674072265625
session-20260402-051025,606,1329439822059502,1329439802430569,TRACKING,frame_1329439822059502.jpg,/content/trajectreview_input/session-20260402-051025/trajectreview/images/frame_1329439822059502.jpg,True,456.27792,455.49878,317.64102,245.34378,640,480,1.3463507,-0.022279812,-1.617847,-0.5455646,0.1370481,-0.45015872,0.6934942,150.41714477539062
session-20260402-051025,607,1329439855423564,1329439835794631,TRACKING,frame_1329439855423564.jpg,/content/trajectreview_input/session-20260402-051025/trajectreview/images/frame_1329439855423564.jpg,True,456.27792,455.49878,317.64102,245.34378,640,480,1.3399857,-0.021119192,-1.6075859,-0.5446832,0.13773225,-0.45352995,0.691853,130.2673797607422
session-20260402-051025,608,1329439888787627,1329439869158694,TRACKING,frame_1329439888787627.jpg,/content/trajectreview_input/session-20260402-051025/trajectreview/images/frame_1329439888787627.jpg,True,456.27792,455.49878,317.64102,245.34378,640,480,1.334351,-0.020449905,-1.5985353,-0.5428366,0.13632073,-0.45946255,0.68966603,136.0310821533203
session-20260402-051025,609,1329439922122536,1329439902522704,TRACKING,frame_1329439922122536.jpg,/content/trajectreview_input/session-20260402-051025/trajectreview/images/frame_1329439922122536.jpg,True,456.27792,455.49878,317.64102,245.34378,640,480,1.3291196,-0.018782055,-1.5890161,-0.5414546,0.13527972,-0.46398276,0.68792903,134.10971069335938
session-20260402-051025,610,1329439955486599,1329439935886767,TRACKING,frame_1329439955486599.jpg,/content/trajectreview_input/session-20260402-051025/trajectreview/images/frame_1329439955486599.jpg,True,456.27792,455.49878,317.64102,245.34378,640,480,1.3231673,-0.018612847,-1.5806602,-0.54024494,0.1378723,-0.4657669,0.6871592,120.7427978515625
session-20260402-051025,611,1329439988850661,1329439969250829,TRACKING,frame_1329439988850661.jpg,/content/trajectreview_input/session-20260402-051025/trajectreview/images/frame_1329439988850661.jpg,True,456.27792,455.49878,317.64102,245.34378,640,480,1.3177738,-0.018918809,-1.573279,-0.5392362,0.13998051,-0.46784645,0.6861118,187.74600219726562
session-20260402-051025,612,1329440022189158,1329440002614839,TRACKING,frame_1329440022189158.jpg,/content/trajectreview_input/session-20260402-051025/trajectreview/images/frame_1329440022189158.jpg,True,456.27792,455.49878,317.64102,245.34378,640,480,1.3126376,-0.019815858,-1.5668384,-0.53830284,0.13842043,-0.46891272,0.6864332,208.92376708984375
session-20260402-051025,613,1329440055553221,1329440035978902,TRACKING,frame_1329440055553221.jpg,/content/trajectreview_input/session-20260402-051025/trajectreview/images/frame_1329440055553221.jpg,True,456.27792,455.49878,317.64102,245.34378,640,480,1.3071046,-0.020444404,-1.5607266,-0.53862005,0.13837068,-0.46492553,0.6889021,148.61050415039062
session-20260402-051025,614,1329440088917283,1329440069342964,TRACKING,frame_1329440088917283.jpg,/content/trajectreview_input/session-20260402-051025/trajectreview/images/frame_1329440088917283.jpg,True,456.27792,455.49878,317.64102,245.34378,640,480,1.3032624,-0.021311997,-1.5544833,-0.5364641,0.13695239,-0.4635939,0.6917593,95.39679718017578
session-20260402-051025,615,1329440122202308,1329440102706975,TRACKING,frame_1329440122202308.jpg,/content/trajectreview_input/session-20260402-051025/trajectreview/images/frame_1329440122202308.jpg,True,456.27792,455.49878,317.64102,245.34378,640,480,1.3003,-0.023042252,-1.549119,-0.53096825,0.12992796,-0.46651345,0.69538236,98.27168273925781
session-20260402-051025,616,1329440155566370,1329440136071037,TRACKING,frame_1329440155566370.jpg,/content/trajectreview_input/session-20260402-051025/trajectreview/images/frame_1329440155566370.jpg,True,456.27792,455.49878,317.64102,245.34378,640,480,1.2969788,-0.023510389,-1.5422245,-0.53126186,0.12649223,-0.46325654,0.6979641,92.34190368652344
session-20260402-051025,617,1329440188930381,1329440169435048,TRACKING,frame_1329440188930381.jpg,/content/trajectreview_input/session-20260402-051025/trajectreview/images/frame_1329440188930381.jpg,True,456.27792,455.49878,317.64102,245.34378,640,480,1.2943684,-0.02262643,-1.5344272,-0.5321815,0.1261429,-0.46039772,0.69921726,176.45831298828125
session-20260402-051025,618,1329440222466518,1329440202799110,TRACKING,frame_1329440222466518.jpg,/content/trajectreview_input/session-20260402-051025/trajectreview/images/frame_1329440222466518.jpg,True,456.27792,455.49878,317.64102,245.34378,640,480,1.2926942,-0.02105736,-1.5269293,-0.52944887,0.12828496,-0.46211424,0.69976944,127.08738708496094
session-20260402-051025,619,1329440255830581,1329440236163173,TRACKING,frame_1329440255830581.jpg,/content/trajectreview_input/session-20260402-051025/trajectreview/images/frame_1329440255830581.jpg,True,456.27792,455.49878,317.64102,245.34378,640,480,1.2918065,-0.018746426,-1.5182366,-0.52590495,0.12882036,-0.46455523,0.7007265,181.2632293701172
session-20260402-051025,620,1329440289194591,1329440269527183,TRACKING,frame_1329440289194591.jpg,/content/trajectreview_input/session-20260402-051025/trajectreview/images/frame_1329440289194591.jpg,True,456.27792,455.49878,317.64102,245.34378,640,480,1.2912681,-0.017471641,-1.5101997,-0.523883,0.1265428,-0.4688795,0.69977534,155.42205810546875
session-20260402-051025,621,1329440322527564,1329440302891246,TRACKING,frame_1329440322527564.jpg,/content/trajectreview_input/session-20260402-051025/trajectreview/images/frame_1329440322527564.jpg,True,456.27792,455.49878,317.64102,245.34378,640,480,1.2900136,-0.017537262,-1.5016593,-0.52098674,0.1230172,-0.4739574,0.69914514,194.27011108398438
session-20260402-051025,622,1329440355891626,1329440336255308,TRACKING,frame_1329440355891626.jpg,/content/trajectreview_input/session-20260402-051025/trajectreview/images/frame_1329440355891626.jpg,True,456.27792,455.49878,317.64102,245.34378,640,480,1.2882495,-0.017798489,-1.4923348,-0.5198696,0.12147127,-0.4755277,0.69918066,216.24676513671875
session-20260402-051025,623,1329440389255637,1329440369619319,TRACKING,frame_1329440389255637.jpg,/content/trajectreview_input/session-20260402-051025/trajectreview/images/frame_1329440389255637.jpg,True,456.27792,455.49878,317.64102,245.34378,640,480,1.2868261,-0.018733347,-1.4826001,-0.51846063,0.118326314,-0.47818792,0.69895184,186.28958129882812
session-20260402-051025,624,1329440422690669,1329440402983381,TRACKING,frame_1329440422690669.jpg,/content/trajectreview_input/session-20260402-051025/trajectreview/images/frame_1329440422690669.jpg,True,456.27792,455.49878,317.64102,245.34378,640,480,1.2853597,-0.019230427,-1.4712285,-0.5156204,0.11546587,-0.48120305,0.69946176,213.73207092285156
session-20260402-051025,625,1329440456054732,1329440436347444,TRACKING,frame_1329440456054732.jpg,/content/trajectreview_input/session-20260402-051025/trajectreview/images/frame_1329440456054732.jpg,True,456.27792,455.49878,317.64102,245.34378,640,480,1.2842135,-0.020960798,-1.4591702,-0.5130944,0.113060996,-0.4826445,0.70071787,200.40139770507812
session-20260402-051025,626,1329440489418742,1329440469711454,TRACKING,frame_1329440489418742.jpg,/content/trajectreview_input/session-20260402-051025/trajectreview/images/frame_1329440489418742.jpg,True,456.27792,455.49878,317.64102,245.34378,640,480,1.2837324,-0.022931334,-1.4455696,-0.50862396,0.109178476,-0.4848854,0.7030418,136.37081909179688
session-20260402-051025,627,1329440522816837,1329440503075517,TRACKING,frame_1329440522816837.jpg,/content/trajectreview_input/session-20260402-051025/trajectreview/images/frame_1329440522816837.jpg,True,456.27792,455.49878,317.64102,245.34378,640,480,1.2833748,-0.023242263,-1.4291899,-0.50329167,0.1112832,-0.48569325,0.7059856,105.4404525756836
session-20260402-051025,628,1329440556180899,1329440536439579,TRACKING,frame_1329440556180899.jpg,/content/trajectreview_input/session-20260402-051025/trajectreview/images/frame_1329440556180899.jpg,True,456.27792,455.49878,317.64102,245.34378,640,480,1.2845058,-0.024895685,-1.4132249,-0.49530792,0.10921087,-0.49124143,0.70811355,83.51010131835938
session-20260402-051025,629,1329440589544909,1329440569803589,TRACKING,frame_1329440589544909.jpg,/content/trajectreview_input/session-20260402-051025/trajectreview/images/frame_1329440589544909.jpg,True,456.27792,455.49878,317.64102,245.34378,640,480,1.2853358,-0.027267821,-1.3969834,-0.4888181,0.10469471,-0.4959271,0.7100369,166.4927978515625
session-20260402-051025,630,1329440622983305,1329440603167652,TRACKING,frame_1329440622983305.jpg,/content/trajectreview_input/session-20260402-051025/trajectreview/images/frame_1329440622983305.jpg,True,456.27792,455.49878,317.64102,245.34378,640,480,1.2872196,-0.028660314,-1.3790675,-0.48436254,0.10045357,-0.5022372,0.70926714,127.92652893066406
session-20260402-051025,631,1329440656347367,1329440636531714,TRACKING,frame_1329440656347367.jpg,/content/trajectreview_input/session-20260402-051025/trajectreview/images/frame_1329440656347367.jpg,True,456.27792,455.49878,317.64102,245.34378,640,480,1.2879022,-0.032318912,-1.3613877,-0.4802375,0.09150229,-0.50761306,0.70945626,70.24698638916016
session-20260402-051025,632,1329440689711378,1329440669895725,TRACKING,frame_1329440689711378.jpg,/content/trajectreview_input/session-20260402-051025/trajectreview/images/frame_1329440689711378.jpg,True,456.27792,455.49878,317.64102,245.34378,640,480,1.2874827,-0.03588272,-1.3416731,-0.47675255,0.084282555,-0.50993854,0.71103173,113.22655487060547
session-20260402-051025,633,1329440723054366,1329440703259787,TRACKING,frame_1329440723054366.jpg,/content/trajectreview_input/session-20260402-051025/trajectreview/images/frame_1329440723054366.jpg,True,456.27792,455.49878,317.64102,245.34378,640,480,1.2870314,-0.03830805,-1.3189509,-0.47510675,0.07863897,-0.51442623,0.7095457,102.28611755371094
session-20260402-051025,634,1329440756418377,1329440736623798,TRACKING,frame_1329440756418377.jpg,/content/trajectreview_input/session-20260402-051025/trajectreview/images/frame_1329440756418377.jpg,True,456.27792,455.49878,317.64102,245.34378,640,480,1.2868278,-0.041374385,-1.2953278,-0.4722395,0.06841511,-0.5183977,0.7096288,65.59916687011719
session-20260402-051025,635,1329440789782439,1329440769987860,TRACKING,frame_1329440789782439.jpg,/content/trajectreview_input/session-20260402-051025/trajectreview/images/frame_1329440789782439.jpg,True,456.27792,455.49878,317.64102,245.34378,640,480,1.2861891,-0.04282224,-1.2687876,-0.46833175,0.06455048,-0.51973814,0.7115974,184.77041625976562
session-20260402-051025,636,1329440823150349,1329440803351923,TRACKING,frame_1329440823150349.jpg,/content/trajectreview_input/session-20260402-051025/trajectreview/images/frame_1329440823150349.jpg,True,456.27792,455.49878,317.64102,245.34378,640,480,1.2860491,-0.044153795,-1.2417897,-0.46694106,0.058348633,-0.52310026,0.7105825,66.69612121582031
session-20260402-051025,637,1329440856514359,1329440836715933,TRACKING,frame_1329440856514359.jpg,/content/trajectreview_input/session-20260402-051025/trajectreview/images/frame_1329440856514359.jpg,True,456.27792,455.49878,317.64102,245.34378,640,480,1.2863141,-0.04280012,-1.2129405,-0.46359524,0.053411234,-0.5266498,0.7105398,116.08008575439453
session-20260402-051025,638,1329440889878422,1329440870079996,TRACKING,frame_1329440889878422.jpg,/content/trajectreview_input/session-20260402-051025/trajectreview/images/frame_1329440889878422.jpg,True,456.27792,455.49878,317.64102,245.34378,640,480,1.2858077,-0.039871633,-1.1839168,-0.4655865,0.0553248,-0.5279876,0.70809424,93.58282470703125
session-20260402-051025,639,1329440923121392,1329440903444058,TRACKING,frame_1329440923121392.jpg,/content/trajectreview_input/session-20260402-051025/trajectreview/images/frame_1329440923121392.jpg,True,456.27792,455.49878,317.64102,245.34378,640,480,1.2840424,-0.037421577,-1.1560576,-0.46678814,0.049420286,-0.5252352,0.70978475,83.08076477050781
session-20260402-051025,640,1329440956485403,1329440936808069,TRACKING,frame_1329440956485403.jpg,/content/trajectreview_input/session-20260402-051025/trajectreview/images/frame_1329440956485403.jpg,True,456.27792,455.49878,317.64102,245.34378,640,480,1.2843952,-0.033057753,-1.1278249,-0.4683493,0.051451202,-0.52502036,0.7087702,100.89910125732422
session-20260402-051025,641,1329440989849465,1329440970172131,TRACKING,frame_1329440989849465.jpg,/content/trajectreview_input/session-20260402-051025/trajectreview/images/frame_1329440989849465.jpg,True,456.27792,455.49878,317.64102,245.34378,640,480,1.2866836,-0.02860493,-1.101143,-0.46646565,0.051048383,-0.53060985,0.70587325,142.74514770507812
session-20260402-051025,642,1329441023185826,1329441003536194,TRACKING,frame_1329441023185826.jpg,/content/trajectreview_input/session-20260402-051025/trajectreview/images/frame_1329441023185826.jpg,True,456.27792,455.49878,317.64102,245.34378,640,480,1.2878691,-0.02549582,-1.0769365,-0.46911785,0.046995543,-0.5311903,0.7039579,84.4962158203125
session-20260402-051025,643,1329441056549836,1329441036900204,TRACKING,frame_1329441056549836.jpg,/content/trajectreview_input/session-20260402-051025/trajectreview/images/frame_1329441056549836.jpg,True,456.27792,455.49878,317.64102,245.34378,640,480,1.2886212,-0.020205677,-1.0533868,-0.47050843,0.05198184,-0.53095376,0.70285684,81.80680847167969
session-20260402-051025,644,1329441089913899,1329441070264267,TRACKING,frame_1329441089913899.jpg,/content/trajectreview_input/session-20260402-051025/trajectreview/images/frame_1329441089913899.jpg,True,456.27792,455.49878,317.64102,245.34378,640,480,1.2908312,-0.015155107,-1.0316151,-0.46801987,0.053163864,-0.5348136,0.70150226,139.53492736816406
session-20260402-051025,645,1329441123284151,1329441103628277,TRACKING,frame_1329441123284151.jpg,/content/trajectreview_input/session-20260402-051025/trajectreview/images/frame_1329441123284151.jpg,True,456.27792,455.49878,317.64102,245.34378,640,480,1.292804,-0.012972252,-1.011244,-0.4666906,0.04878451,-0.5381921,0.70012075,176.05752563476562
session-20260402-051025,646,1329441156648213,1329441136992339,TRACKING,frame_1329441156648213.jpg,/content/trajectreview_input/session-20260402-051025/trajectreview/images/frame_1329441156648213.jpg,True,456.27792,455.49878,317.64102,245.34378,640,480,1.2942041,-0.009510243,-0.9914053,-0.4647226,0.048190325,-0.54212636,0.69843364,170.72286987304688
session-20260402-051025,647,1329441190012276,1329441170356402,TRACKING,frame_1329441190012276.jpg,/content/trajectreview_input/session-20260402-051025/trajectreview/images/frame_1329441190012276.jpg,True,456.27792,455.49878,317.64102,245.34378,640,480,1.2947111,-0.007017439,-0.9721833,-0.46063045,0.0444292,-0.5460238,0.6983579,144.8376007080078
session-20260402-051025,648,1329441223427211,1329441203720464,TRACKING,frame_1329441223427211.jpg,/content/trajectreview_input/session-20260402-051025/trajectreview/images/frame_1329441223427211.jpg,True,456.27792,455.49878,317.64102,245.34378,640,480,1.294125,-0.006478412,-0.9537913,-0.45768392,0.042173944,-0.548061,0.698839,164.46148681640625
session-20260402-051025,649,1329441256791222,1329441237084475,TRACKING,frame_1329441256791222.jpg,/content/trajectreview_input/session-20260402-051025/trajectreview/images/frame_1329441256791222.jpg,True,456.27792,455.49878,317.64102,245.34378,640,480,1.2922231,-0.0061073173,-0.9360365,-0.45795444,0.04364755,-0.5501,0.6969667,211.1256866455078
session-20260402-051025,650,1329441290155284,1329441270448537,TRACKING,frame_1329441290155284.jpg,/content/trajectreview_input/session-20260402-051025/trajectreview/images/frame_1329441290155284.jpg,True,456.27792,455.49878,317.64102,245.34378,640,480,1.2890471,-0.0066305418,-0.9189103,-0.45541552,0.04201893,-0.5510849,0.6979517,203.79310607910156
session-20260402-051025,651,1329441323536584,1329441303812548,TRACKING,frame_1329441323536584.jpg,/content/trajectreview_input/session-20260402-051025/trajectreview/images/frame_1329441323536584.jpg,True,456.27792,455.49878,317.64102,245.34378,640,480,1.283952,-0.008834068,-0.90235513,-0.45589018,0.042007506,-0.549056,0.69924027,109.13103485107422
session-20260402-051025,652,1329441356900646,1329441337176610,TRACKING,frame_1329441356900646.jpg,/content/trajectreview_input/session-20260402-051025/trajectreview/images/frame_1329441356900646.jpg,True,456.27792,455.49878,317.64102,245.34378,640,480,1.2791506,-0.011639817,-0.886976,-0.4563247,0.041145492,-0.54839146,0.69952965,133.984375
session-20260402-051025,653,1329441390264709,1329441370540673,TRACKING,frame_1329441390264709.jpg,/content/trajectreview_input/session-20260402-051025/trajectreview/images/frame_1329441390264709.jpg,True,456.27792,455.49878,317.64102,245.34378,640,480,1.2734759,-0.014839681,-0.8721153,-0.4546653,0.038467407,-0.5460378,0.70259684,169.53353881835938
session-20260402-051025,654,1329441423569743,1329441403904683,TRACKING,frame_1329441423569743.jpg,/content/trajectreview_input/session-20260402-051025/trajectreview/images/frame_1329441423569743.jpg,True,456.27792,455.49878,317.64102,245.34378,640,480,1.267214,-0.018877639,-0.858039,-0.45200625,0.035726015,-0.5444495,0.7056832,148.58401489257812
session-20260402-051025,655,1329441456933806,1329441437268746,TRACKING,frame_1329441456933806.jpg,/content/trajectreview_input/session-20260402-051025/trajectreview/images/frame_1329441456933806.jpg,True,456.27792,455.49878,317.64102,245.34378,640,480,1.261126,-0.021379976,-0.84500796,-0.45099294,0.034806482,-0.544673,0.7062048,176.28684997558594
session-20260402-051025,656,1329441490297868,1329441470632808,TRACKING,frame_1329441490297868.jpg,/content/trajectreview_input/session-20260402-051025/trajectreview/images/frame_1329441490297868.jpg,True,456.27792,455.49878,317.64102,245.34378,640,480,1.2548821,-0.023429967,-0.8320391,-0.4482168,0.032092385,-0.5458772,0.7071703,118.79935455322266
session-20260402-051025,657,1329441523688889,1329441503996819,TRACKING,frame_1329441523688889.jpg,/content/trajectreview_input/session-20260402-051025/trajectreview/images/frame_1329441523688889.jpg,True,456.27792,455.49878,317.64102,245.34378,640,480,1.2466618,-0.025717838,-0.8195126,-0.447079,0.029330619,-0.5449066,0.7087572,175.0357666015625
session-20260402-051025,658,1329441557052951,1329441537360881,TRACKING,frame_1329441557052951.jpg,/content/trajectreview_input/session-20260402-051025/trajectreview/images/frame_1329441557052951.jpg,True,456.27792,455.49878,317.64102,245.34378,640,480,1.2407364,-0.02644514,-0.8057445,-0.44346958,0.030797757,-0.54893893,0.70785046,128.81442260742188
session-20260402-051025,659,1329441590417014,1329441570724944,TRACKING,frame_1329441590417014.jpg,/content/trajectreview_input/session-20260402-051025/trajectreview/images/frame_1329441590417014.jpg,True,456.27792,455.49878,317.64102,245.34378,640,480,1.2349676,-0.027718691,-0.792177,-0.4399436,0.025946222,-0.55388105,0.70639384,142.7477264404297
session-20260402-051025,660,1329441623823425,1329441604088954,TRACKING,frame_1329441623823425.jpg,/content/trajectreview_input/session-20260402-051025/trajectreview/images/frame_1329441623823425.jpg,True,456.27792,455.49878,317.64102,245.34378,640,480,1.2286336,-0.02833202,-0.77687055,-0.43753675,0.023939997,-0.55801713,0.70470226,197.04959106445312
session-20260402-051025,661,1329441657187488,1329441637453017,TRACKING,frame_1329441657187488.jpg,/content/trajectreview_input/session-20260402-051025/trajectreview/images/frame_1329441657187488.jpg,True,456.27792,455.49878,317.64102,245.34378,640,480,1.2219067,-0.029732708,-0.7620762,-0.43481693,0.023255866,-0.5619976,0.703244,125.25680541992188
session-20260402-051025,662,1329441690551498,1329441670817027,TRACKING,frame_1329441690551498.jpg,/content/trajectreview_input/session-20260402-051025/trajectreview/images/frame_1329441690551498.jpg,True,456.27792,455.49878,317.64102,245.34378,640,480,1.2154918,-0.03087639,-0.74666214,-0.426849,0.022146644,-0.56903535,0.70250136,73.73960876464844
session-20260402-051025,663,1329441724004731,1329441704181089,TRACKING,frame_1329441724004731.jpg,/content/trajectreview_input/session-20260402-051025/trajectreview/images/frame_1329441724004731.jpg,True,456.27792,455.49878,317.64102,245.34378,640,480,1.2082074,-0.0330965,-0.7305178,-0.4198646,0.01489362,-0.57464397,0.7023363,104.02153015136719
session-20260402-051025,664,1329441757368794,1329441737545152,TRACKING,frame_1329441757368794.jpg,/content/trajectreview_input/session-20260402-051025/trajectreview/images/frame_1329441757368794.jpg,True,456.27792,455.49878,317.64102,245.34378,640,480,1.1992922,-0.03518428,-0.7157646,-0.4190514,0.011690337,-0.57632715,0.7015028,162.55548095703125
session-20260402-051025,665,1329441790732856,1329441770909214,TRACKING,frame_1329441790732856.jpg,/content/trajectreview_input/session-20260402-051025/trajectreview/images/frame_1329441790732856.jpg,True,456.27792,455.49878,317.64102,245.34378,640,480,1.1908423,-0.036475927,-0.7003028,-0.41237298,0.0066881552,-0.5808883,0.7017639,108.66465759277344
session-20260402-051025,666,1329441824198957,1329441804273225,TRACKING,frame_1329441824198957.jpg,/content/trajectreview_input/session-20260402-051025/trajectreview/images/frame_1329441824198957.jpg,True,456.27792,455.49878,317.64102,245.34378,640,480,1.1815225,-0.038666382,-0.68485814,-0.40973893,-0.0008367434,-0.5851024,0.69983464,132.917724609375
session-20260402-051025,667,1329441857563019,1329441837637287,TRACKING,frame_1329441857563019.jpg,/content/trajectreview_input/session-20260402-051025/trajectreview/images/frame_1329441857563019.jpg,True,456.27792,455.49878,317.64102,245.34378,640,480,1.1720384,-0.039698444,-0.6687468,-0.40975028,-0.0027352194,-0.58925,0.69633436,172.80120849609375
session-20260402-051025,668,1329441890927030,1329441871001298,TRACKING,frame_1329441890927030.jpg,/content/trajectreview_input/session-20260402-051025/trajectreview/images/frame_1329441890927030.jpg,True,456.27792,455.49878,317.64102,245.34378,640,480,1.1623933,-0.04008145,-0.65203035,-0.4093106,-0.0068237106,-0.59195703,0.6942658,115.38961791992188
session-20260402-051025,669,1329441924291092,1329441904365360,TRACKING,frame_1329441924291092.jpg,/content/trajectreview_input/session-20260402-051025/trajectreview/images/frame_1329441924291092.jpg,True,456.27792,455.49878,317.64102,245.34378,640,480,1.1530832,-0.039521046,-0.63428783,-0.40714523,-0.010904244,-0.5936513,0.69404024,164.76991271972656
session-20260402-051025,670,1329441957566852,1329441937729423,TRACKING,frame_1329441957566852.jpg,/content/trajectreview_input/session-20260402-051025/trajectreview/images/frame_1329441957566852.jpg,True,456.27792,455.49878,317.64102,245.34378,640,480,1.1455306,-0.03617824,-0.6134898,-0.4023237,-0.010897255,-0.5974182,0.6936197,166.22525024414062
session-20260402-051025,671,1329441990930862,1329441971093433,TRACKING,frame_1329441990930862.jpg,/content/trajectreview_input/session-20260402-051025/trajectreview/images/frame_1329441990930862.jpg,True,456.27792,455.49878,317.64102,245.34378,640,480,1.1364045,-0.03410662,-0.5953306,-0.4029027,-0.010348591,-0.5965153,0.6940691,99.7945556640625
session-20260402-051025,672,1329442024213094,1329442004457496,TRACKING,frame_1329442024213094.jpg,/content/trajectreview_input/session-20260402-051025/trajectreview/images/frame_1329442024213094.jpg,True,456.27792,455.49878,317.64102,245.34378,640,480,1.1276731,-0.032651715,-0.5765395,-0.40278813,-0.010109998,-0.5972206,0.69353235,206.85015869140625
session-20260402-051025,673,1329442057577156,1329442037821558,TRACKING,frame_1329442057577156.jpg,/content/trajectreview_input/session-20260402-051025/trajectreview/images/frame_1329442057577156.jpg,True,456.27792,455.49878,317.64102,245.34378,640,480,1.1199303,-0.030319015,-0.5591926,-0.40118605,-0.012372849,-0.5977832,0.6939393,205.72842407226562
session-20260402-051025,674,1329442090941167,1329442071185569,TRACKING,frame_1329442090941167.jpg,/content/trajectreview_input/session-20260402-051025/trajectreview/images/frame_1329442090941167.jpg,True,456.27792,455.49878,317.64102,245.34378,640,480,1.1116824,-0.027416928,-0.5417781,-0.39771023,-0.0123806195,-0.59650034,0.6970371,168.80416870117188
session-20260402-051025,675,1329442124301336,1329442104549631,TRACKING,frame_1329442124301336.jpg,/content/trajectreview_input/session-20260402-051025/trajectreview/images/frame_1329442124301336.jpg,True,456.27792,455.49878,317.64102,245.34378,640,480,1.1025016,-0.024821669,-0.5253185,-0.3917205,-0.01378772,-0.59728414,0.6997261,206.48431396484375
session-20260402-051025,676,1329442157665399,1329442137913694,TRACKING,frame_1329442157665399.jpg,/content/trajectreview_input/session-20260402-051025/trajectreview/images/frame_1329442157665399.jpg,True,456.27792,455.49878,317.64102,245.34378,640,480,1.0941943,-0.022399463,-0.5104955,-0.38960746,-0.015977703,-0.5977486,0.7004622,221.84799194335938
session-20260402-051025,677,1329442191029409,1329442171277704,TRACKING,frame_1329442191029409.jpg,/content/trajectreview_input/session-20260402-051025/trajectreview/images/frame_1329442191029409.jpg,True,456.27792,455.49878,317.64102,245.34378,640,480,1.0856537,-0.020066679,-0.4964618,-0.38736713,-0.018451557,-0.5982121,0.7012479,246.38699340820312
session-20260402-051025,678,1329442224363487,1329442204641767,TRACKING,frame_1329442224363487.jpg,/content/trajectreview_input/session-20260402-051025/trajectreview/images/frame_1329442224363487.jpg,True,456.27792,455.49878,317.64102,245.34378,640,480,1.0765584,-0.01691567,-0.4813492,-0.383574,-0.01936657,-0.5995052,0.7022033,143.4453582763672
session-20260402-051025,679,1329442257727497,1329442238005777,TRACKING,frame_1329442257727497.jpg,/content/trajectreview_input/session-20260402-051025/trajectreview/images/frame_1329442257727497.jpg,True,456.27792,455.49878,317.64102,245.34378,640,480,1.06762,-0.014456369,-0.46713182,-0.37767464,-0.02137704,-0.6008841,0.7041612,179.89845275878906
session-20260402-051025,680,1329442291091559,1329442271369839,TRACKING,frame_1329442291091559.jpg,/content/trajectreview_input/session-20260402-051025/trajectreview/images/frame_1329442291091559.jpg,True,456.27792,455.49878,317.64102,245.34378,640,480,1.0585213,-0.0123311225,-0.45358753,-0.37304243,-0.023503575,-0.6023315,0.70532525,210.02667236328125
session-20260402-051025,681,1329442324467531,1329442304733902,TRACKING,frame_1329442324467531.jpg,/content/trajectreview_input/session-20260402-051025/trajectreview/images/frame_1329442324467531.jpg,True,456.27792,455.49878,317.64102,245.34378,640,480,1.0494523,-0.010076674,-0.43957967,-0.3701976,-0.023113715,-0.60416704,0.7052671,195.4540557861328
session-20260402-051025,682,1329442357831541,1329442338097912,TRACKING,frame_1329442357831541.jpg,/content/trajectreview_input/session-20260402-051025/trajectreview/images/frame_1329442357831541.jpg,True,456.27792,455.49878,317.64102,245.34378,640,480,1.0404234,-0.008747973,-0.42629632,-0.36489746,-0.026154146,-0.6070599,0.70543885,177.55088806152344
session-20260402-051025,683,1329442391195604,1329442371461975,TRACKING,frame_1329442391195604.jpg,/content/trajectreview_input/session-20260402-051025/trajectreview/images/frame_1329442391195604.jpg,True,456.27792,455.49878,317.64102,245.34378,640,480,1.0311575,-0.007935451,-0.4131158,-0.3616961,-0.027614815,-0.6106025,0.70397294,214.3779296875
session-20260402-051025,684,1329442424560571,1329442404826037,TRACKING,frame_1329442424560571.jpg,/content/trajectreview_input/session-20260402-051025/trajectreview/images/frame_1329442424560571.jpg,True,456.27792,455.49878,317.64102,245.34378,640,480,1.0211735,-0.007087335,-0.3995554,-0.35869363,-0.028519003,-0.6145232,0.7020589,244.44784545898438
session-20260402-051025,685,1329442457924582,1329442438190048,TRACKING,frame_1329442457924582.jpg,/content/trajectreview_input/session-20260402-051025/trajectreview/images/frame_1329442457924582.jpg,True,456.27792,455.49878,317.64102,245.34378,640,480,1.0101552,-0.0062393863,-0.38673246,-0.3560289,-0.029399212,-0.616397,0.7017363,220.34970092773438
session-20260402-051025,686,1329442491288644,1329442471554110,TRACKING,frame_1329442491288644.jpg,/content/trajectreview_input/session-20260402-051025/trajectreview/images/frame_1329442491288644.jpg,True,456.27792,455.49878,317.64102,245.34378,640,480,0.9991138,-0.005377533,-0.37414238,-0.3507589,-0.032743108,-0.6201186,0.7009629,160.08267211914062
session-20260402-051025,687,1329442524687191,1329442504918173,TRACKING,frame_1329442524687191.jpg,/content/trajectreview_input/session-20260402-051025/trajectreview/images/frame_1329442524687191.jpg,True,456.27792,455.49878,317.64102,245.34378,640,480,0.98691994,-0.004792057,-0.36355674,-0.34626657,-0.038272668,-0.6207529,0.70235354,250.18862915039062
session-20260402-051025,688,1329442558051201,1329442538282183,TRACKING,frame_1329442558051201.jpg,/content/trajectreview_input/session-20260402-051025/trajectreview/images/frame_1329442558051201.jpg,True,456.27792,455.49878,317.64102,245.34378,640,480,0.9749788,-0.0045513418,-0.35272008,-0.3443559,-0.04001747,-0.6225995,0.70156074,180.373046875
session-20260402-051025,689,1329442591415264,1329442571646246,TRACKING,frame_1329442591415264.jpg,/content/trajectreview_input/session-20260402-051025/trajectreview/images/frame_1329442591415264.jpg,True,456.27792,455.49878,317.64102,245.34378,640,480,0.9641293,-0.005112998,-0.34208536,-0.33803353,-0.044792175,-0.6280959,0.6994444,156.90968322753906
session-20260402-051025,690,1329442624846640,1329442605010256,TRACKING,frame_1329442624846640.jpg,/content/trajectreview_input/session-20260402-051025/trajectreview/images/frame_1329442624846640.jpg,True,456.27792,455.49878,317.64102,245.34378,640,480,0.95255077,-0.005149331,-0.33181113,-0.33368477,-0.050024655,-0.630116,0.6993611,202.5371856689453
session-20260402-051025,691,1329442658210703,1329442638374319,TRACKING,frame_1329442658210703.jpg,/content/trajectreview_input/session-20260402-051025/trajectreview/images/frame_1329442658210703.jpg,True,456.27792,455.49878,317.64102,245.34378,640,480,0.9400965,-0.0058390144,-0.323164,-0.33153313,-0.050721727,-0.6313712,0.699202,137.02598571777344
session-20260402-051025,692,1329442691574765,1329442671738381,TRACKING,frame_1329442691574765.jpg,/content/trajectreview_input/session-20260402-051025/trajectreview/images/frame_1329442691574765.jpg,True,456.27792,455.49878,317.64102,245.34378,640,480,0.92817795,-0.0060587674,-0.31437516,-0.32264265,-0.052343123,-0.6352049,0.6997689,81.10894775390625
session-20260402-051025,693,1329442724960272,1329442705102392,TRACKING,frame_1329442724960272.jpg,/content/trajectreview_input/session-20260402-051025/trajectreview/images/frame_1329442724960272.jpg,True,456.27792,455.49878,317.64102,245.34378,640,480,0.9158474,-0.0075684283,-0.30679595,-0.31564608,-0.056733645,-0.63586307,0.7020164,231.67747497558594
session-20260402-051025,694,1329442758324334,1329442738466454,TRACKING,frame_1329442758324334.jpg,/content/trajectreview_input/session-20260402-051025/trajectreview/images/frame_1329442758324334.jpg,True,456.27792,455.49878,317.64102,245.34378,640,480,0.90266335,-0.008322274,-0.299689,-0.31230533,-0.057390645,-0.63694507,0.7024761,166.8216094970703
session-20260402-051025,695,1329442791688397,1329442771830517,TRACKING,frame_1329442791688397.jpg,/content/trajectreview_input/session-20260402-051025/trajectreview/images/frame_1329442791688397.jpg,True,456.27792,455.49878,317.64102,245.34378,640,480,0.88966227,-0.0091170315,-0.29293025,-0.3056908,-0.06249796,-0.63869673,0.7033587,157.01280212402344
session-20260402-051025,696,1329442825026271,1329442805194527,TRACKING,frame_1329442825026271.jpg,/content/trajectreview_input/session-20260402-051025/trajectreview/images/frame_1329442825026271.jpg,True,456.27792,455.49878,317.64102,245.34378,640,480,0.8759294,-0.007566029,-0.28744826,-0.3012143,-0.066503115,-0.640215,0.7035424,234.85885620117188
session-20260402-051025,697,1329442858390333,1329442838558589,TRACKING,frame_1329442858390333.jpg,/content/trajectreview_input/session-20260402-051025/trajectreview/images/frame_1329442858390333.jpg,True,456.27792,455.49878,317.64102,245.34378,640,480,0.8621395,-0.008603452,-0.28176084,-0.29848778,-0.068269156,-0.6426653,0.7023002,204.90548706054688
session-20260402-051025,698,1329442891754396,1329442871922652,TRACKING,frame_1329442891754396.jpg,/content/trajectreview_input/session-20260402-051025/trajectreview/images/frame_1329442891754396.jpg,True,456.27792,455.49878,317.64102,245.34378,640,480,0.84818166,-0.009633161,-0.27601507,-0.2925512,-0.07156981,-0.6457463,0.7016432,135.9063720703125
session-20260402-051025,699,1329442925109549,1329442905286662,TRACKING,frame_1329442925109549.jpg,/content/trajectreview_input/session-20260402-051025/trajectreview/images/frame_1329442925109549.jpg,True,456.27792,455.49878,317.64102,245.34378,640,480,0.83399826,-0.011146348,-0.27183926,-0.2867513,-0.07398245,-0.6479629,0.7017438,191.74588012695312
session-20260402-051025,700,1329442958473612,1329442938650725,TRACKING,frame_1329442958473612.jpg,/content/trajectreview_input/session-20260402-051025/trajectreview/images/frame_1329442958473612.jpg,True,456.27792,455.49878,317.64102,245.34378,640,480,0.8185949,-0.011680048,-0.26759085,-0.2830263,-0.07607918,-0.64942485,0.70168036,166.81381225585938
session-20260402-051025,701,1329442991837674,1329442972014787,TRACKING,frame_1329442991837674.jpg,/content/trajectreview_input/session-20260402-051025/trajectreview/images/frame_1329442991837674.jpg,True,456.27792,455.49878,317.64102,245.34378,640,480,0.8033675,-0.011901539,-0.26313636,-0.2756574,-0.078360796,-0.6525934,0.7014232,97.2952651977539
session-20260402-051025,702,1329443025167475,1329443005378798,TRACKING,frame_1329443025167475.jpg,/content/trajectreview_input/session-20260402-051025/trajectreview/images/frame_1329443025167475.jpg,True,456.27792,455.49878,317.64102,245.34378,640,480,0.78776276,-0.01176835,-0.26122725,-0.27039748,-0.080904044,-0.65511405,0.7008318,227.64700317382812
session-20260402-051025,703,1329443058531537,1329443038742860,TRACKING,frame_1329443058531537.jpg,/content/trajectreview_input/session-20260402-051025/trajectreview/images/frame_1329443058531537.jpg,True,456.27792,455.49878,317.64102,245.34378,640,480,0.7719747,-0.011679912,-0.25916255,-0.26791325,-0.083648674,-0.6575936,0.6991394,168.87615966796875
session-20260402-051025,704,1329443091895600,1329443072106923,TRACKING,frame_1329443091895600.jpg,/content/trajectreview_input/session-20260402-051025/trajectreview/images/frame_1329443091895600.jpg,True,456.27792,455.49878,317.64102,245.34378,640,480,0.75662756,-0.011158204,-0.2568209,-0.26204106,-0.08524771,-0.66317564,0.6958918,120.87364196777344
session-20260402-051025,705,1329443125202587,1329443105470933,TRACKING,frame_1329443125202587.jpg,/content/trajectreview_input/session-20260402-051025/trajectreview/images/frame_1329443125202587.jpg,True,456.27792,455.49878,317.64102,245.34378,640,480,0.74129033,-0.010604585,-0.2545792,-0.25617835,-0.08998655,-0.6675623,0.69327885,136.03480529785156
session-20260402-051025,706,1329443158566650,1329443138834996,TRACKING,frame_1329443158566650.jpg,/content/trajectreview_input/session-20260402-051025/trajectreview/images/frame_1329443158566650.jpg,True,456.27792,455.49878,317.64102,245.34378,640,480,0.7244314,-0.009184325,-0.25287226,-0.2508034,-0.09443734,-0.67030334,0.69200623,150.88308715820312
session-20260402-051025,707,1329443191930660,1329443172199006,TRACKING,frame_1329443191930660.jpg,/content/trajectreview_input/session-20260402-051025/trajectreview/images/frame_1329443191930660.jpg,True,456.27792,455.49878,317.64102,245.34378,640,480,0.70724404,-0.007424632,-0.25074133,-0.24478036,-0.096417956,-0.6724121,0.69184387,92.76395416259766
session-20260402-051025,708,1329443225256853,1329443205563069,TRACKING,frame_1329443225256853.jpg,/content/trajectreview_input/session-20260402-051025/trajectreview/images/frame_1329443225256853.jpg,True,456.27792,455.49878,317.64102,245.34378,640,480,0.6910537,-0.005336795,-0.2472059,-0.23800887,-0.098990254,-0.6758606,0.69048184,139.33859252929688
session-20260402-051025,709,1329443258620915,1329443238927131,TRACKING,frame_1329443258620915.jpg,/content/trajectreview_input/session-20260402-051025/trajectreview/images/frame_1329443258620915.jpg,True,456.27792,455.49878,317.64102,245.34378,640,480,0.6748514,-0.0049008727,-0.2448611,-0.23445538,-0.102350116,-0.6792106,0.6879157,173.4654541015625
session-20260402-051025,710,1329443291984926,1329443272291142,TRACKING,frame_1329443291984926.jpg,/content/trajectreview_input/session-20260402-051025/trajectreview/images/frame_1329443291984926.jpg,True,456.27792,455.49878,317.64102,245.34378,640,480,0.65865123,-0.004827179,-0.24204719,-0.22920738,-0.10525408,-0.6825512,0.68593687,126.91375732421875
session-20260402-051025,711,1329443325331915,1329443305655204,TRACKING,frame_1329443325331915.jpg,/content/trajectreview_input/session-20260402-051025/trajectreview/images/frame_1329443325331915.jpg,True,456.27792,455.49878,317.64102,245.34378,640,480,0.6421908,-0.005298728,-0.23927668,-0.22296186,-0.11041465,-0.68290234,0.68683404,167.42257690429688
session-20260402-051025,712,1329443358695978,1329443339019267,TRACKING,frame_1329443358695978.jpg,/content/trajectreview_input/session-20260402-051025/trajectreview/images/frame_1329443358695978.jpg,True,456.27792,455.49878,317.64102,245.34378,640,480,0.62534225,-0.005626267,-0.23675303,-0.21802104,-0.113891125,-0.68402106,0.6867392,167.773681640625
session-20260402-051025,713,1329443392059988,1329443372383277,TRACKING,frame_1329443392059988.jpg,/content/trajectreview_input/session-20260402-051025/trajectreview/images/frame_1329443392059988.jpg,True,456.27792,455.49878,317.64102,245.34378,640,480,0.6083254,-0.0062129777,-0.23428515,-0.21323611,-0.11783218,-0.685379,0.6862227,181.70684814453125
session-20260402-051025,714,1329443425400753,1329443405747339,TRACKING,frame_1329443425400753.jpg,/content/trajectreview_input/session-20260402-051025/trajectreview/images/frame_1329443425400753.jpg,True,456.27792,455.49878,317.64102,245.34378,640,480,0.5905829,-0.0065824334,-0.23263738,-0.20811848,-0.12332402,-0.68450254,0.687702,170.6429443359375
session-20260402-051025,715,1329443458764816,1329443439111402,TRACKING,frame_1329443458764816.jpg,/content/trajectreview_input/session-20260402-051025/trajectreview/images/frame_1329443458764816.jpg,True,456.27792,455.49878,317.64102,245.34378,640,480,0.57237303,-0.007368503,-0.23066132,-0.20405418,-0.12765983,-0.6839859,0.6886422,233.20327758789062
session-20260402-051025,716,1329443492128826,1329443472475412,TRACKING,frame_1329443492128826.jpg,/content/trajectreview_input/session-20260402-051025/trajectreview/images/frame_1329443492128826.jpg,True,456.27792,455.49878,317.64102,245.34378,640,480,0.55434364,-0.0086755045,-0.22854131,-0.20161326,-0.13027062,-0.6850168,0.68784714,251.3466796875
session-20260402-051025,717,1329443525477458,1329443505839475,TRACKING,frame_1329443525477458.jpg,/content/trajectreview_input/session-20260402-051025/trajectreview/images/frame_1329443525477458.jpg,True,456.27792,455.49878,317.64102,245.34378,640,480,0.5360868,-0.009771297,-0.22623783,-0.1999864,-0.13426964,-0.6857144,0.6868572,201.91482543945312
session-20260402-051025,718,1329443558841468,1329443539203485,TRACKING,frame_1329443558841468.jpg,/content/trajectreview_input/session-20260402-051025/trajectreview/images/frame_1329443558841468.jpg,True,456.27792,455.49878,317.64102,245.34378,640,480,0.51802593,-0.011189656,-0.2232545,-0.19644403,-0.1364459,-0.6876068,0.6855574,164.83334350585938
session-20260402-051025,719,1329443592205531,1329443572567548,TRACKING,frame_1329443592205531.jpg,/content/trajectreview_input/session-20260402-051025/trajectreview/images/frame_1329443592205531.jpg,True,456.27792,455.49878,317.64102,245.34378,640,480,0.5001891,-0.01222604,-0.22041517,-0.19239238,-0.13848579,-0.6899615,0.68392974,235.12118530273438
session-20260402-051025,720,1329443625580035,1329443605931610,TRACKING,frame_1329443625580035.jpg,/content/trajectreview_input/session-20260402-051025/trajectreview/images/frame_1329443625580035.jpg,True,456.27792,455.49878,317.64102,245.34378,640,480,0.48202312,-0.012886304,-0.21897101,-0.19207981,-0.13987479,-0.691207,0.6824758,235.49945068359375
session-20260402-051025,721,1329443658944098,1329443639295673,TRACKING,frame_1329443658944098.jpg,/content/trajectreview_input/session-20260402-051025/trajectreview/images/frame_1329443658944098.jpg,True,456.27792,455.49878,317.64102,245.34378,640,480,0.464331,-0.0125072915,-0.21786721,-0.1882699,-0.14471477,-0.692245,0.6814756,116.5755386352539
session-20260402-051025,722,1329443692308108,1329443672659683,TRACKING,frame_1329443692308108.jpg,/content/trajectreview_input/session-20260402-051025/trajectreview/images/frame_1329443692308108.jpg,True,456.27792,455.49878,317.64102,245.34378,640,480,0.44717064,-0.011080561,-0.21812958,-0.18368645,-0.15443057,-0.69241166,0.6804238,107.87602233886719
session-20260402-051025,723,1329443725623193,1329443706023746,TRACKING,frame_1329443725623193.jpg,/content/trajectreview_input/session-20260402-051025/trajectreview/images/frame_1329443725623193.jpg,True,456.27792,455.49878,317.64102,245.34378,640,480,0.43051317,-0.008973546,-0.2187382,-0.18447845,-0.15926148,-0.69492036,0.67652726,135.74240112304688
session-20260402-051025,724,1329443758987203,1329443739387756,TRACKING,frame_1329443758987203.jpg,/content/trajectreview_input/session-20260402-051025/trajectreview/images/frame_1329443758987203.jpg,True,456.27792,455.49878,317.64102,245.34378,640,480,0.41461936,-0.0061677154,-0.21966171,-0.1772706,-0.16412435,-0.6985116,0.6735874,100.09416198730469
session-20260402-051025,725,1329443792351266,1329443772751819,TRACKING,frame_1329443792351266.jpg,/content/trajectreview_input/session-20260402-051025/trajectreview/images/frame_1329443792351266.jpg,True,456.27792,455.49878,317.64102,245.34378,640,480,0.39847165,-0.0035107713,-0.22212604,-0.17238608,-0.1677306,-0.69990337,0.6725211,200.29832458496094
session-20260402-051025,726,1329443825746271,1329443806115881,TRACKING,frame_1329443825746271.jpg,/content/trajectreview_input/session-20260402-051025/trajectreview/images/frame_1329443825746271.jpg,True,456.27792,455.49878,317.64102,245.34378,640,480,0.38347825,-0.00071266294,-0.22587842,-0.1677923,-0.16829237,-0.7025401,0.67079115,108.28057861328125
session-20260402-051025,727,1329443859110282,1329443839479892,TRACKING,frame_1329443859110282.jpg,/content/trajectreview_input/session-20260402-051025/trajectreview/images/frame_1329443859110282.jpg,True,456.27792,455.49878,317.64102,245.34378,640,480,0.3694844,0.00032253563,-0.22971943,-0.15935653,-0.17346953,-0.7041848,0.66980433,114.96395874023438
session-20260402-051025,728,1329443892474344,1329443872843954,TRACKING,frame_1329443892474344.jpg,/content/trajectreview_input/session-20260402-051025/trajectreview/images/frame_1329443892474344.jpg,True,456.27792,455.49878,317.64102,245.34378,640,480,0.35626224,0.0009552054,-0.23501182,-0.15284301,-0.17856878,-0.7042033,0.6699627,138.40252685546875
session-20260402-051025,729,1329443925833270,1329443906208017,TRACKING,frame_1329443925833270.jpg,/content/trajectreview_input/session-20260402-051025/trajectreview/images/frame_1329443925833270.jpg,True,456.27792,455.49878,317.64102,245.34378,640,480,0.34443927,0.0010266602,-0.24113931,-0.14764257,-0.17709951,-0.7064358,0.669168,82.95419311523438
session-20260402-051025,730,1329443959197280,1329443939572027,TRACKING,frame_1329443959197280.jpg,/content/trajectreview_input/session-20260402-051025/trajectreview/images/frame_1329443959197280.jpg,True,456.27792,455.49878,317.64102,245.34378,640,480,0.33465832,0.0010085236,-0.2480684,-0.13660125,-0.18385468,-0.7089461,0.6670329,86.03797149658203
session-20260402-051025,731,1329443992561342,1329443972936089,TRACKING,frame_1329443992561342.jpg,/content/trajectreview_input/session-20260402-051025/trajectreview/images/frame_1329443992561342.jpg,True,456.27792,455.49878,317.64102,245.34378,640,480,0.32506016,0.00092001446,-0.25680858,-0.12939788,-0.18717985,-0.710754,0.66561896,179.587158203125
session-20260402-051025,732,1329444025958715,1329444006300152,TRACKING,frame_1329444025958715.jpg,/content/trajectreview_input/session-20260402-051025/trajectreview/images/frame_1329444025958715.jpg,True,456.27792,455.49878,317.64102,245.34378,640,480,0.31561062,0.0012131464,-0.26629502,-0.12473045,-0.19112027,-0.7090345,0.6672222,114.2412109375
session-20260402-051025,733,1329444059322725,1329444039664162,TRACKING,frame_1329444059322725.jpg,/content/trajectreview_input/session-20260402-051025/trajectreview/images/frame_1329444059322725.jpg,True,456.27792,455.49878,317.64102,245.34378,640,480,0.30588076,0.0018952023,-0.27617744,-0.113544375,-0.19721292,-0.70757616,0.66899234,68.830078125
session-20260402-051025,734,1329444092686788,1329444073028225,TRACKING,frame_1329444092686788.jpg,/content/trajectreview_input/session-20260402-051025/trajectreview/images/frame_1329444092686788.jpg,True,456.27792,455.49878,317.64102,245.34378,640,480,0.29568604,0.0026302058,-0.28653532,-0.103202775,-0.20105116,-0.70534444,0.6718756,74.09617614746094
session-20260402-051025,735,1329444126002121,1329444106392235,TRACKING,frame_1329444126002121.jpg,/content/trajectreview_input/session-20260402-051025/trajectreview/images/frame_1329444126002121.jpg,True,456.27792,455.49878,317.64102,245.34378,640,480,0.2858887,0.001169527,-0.29909834,-0.09913359,-0.20051895,-0.70427996,0.6737613,218.44711303710938
session-20260402-051025,736,1329444159366184,1329444139756298,TRACKING,frame_1329444159366184.jpg,/content/trajectreview_input/session-20260402-051025/trajectreview/images/frame_1329444159366184.jpg,True,456.27792,455.49878,317.64102,245.34378,640,480,0.27574253,0.0012586229,-0.31192303,-0.09589236,-0.20345102,-0.70211923,0.675604,100.95280456542969
session-20260402-051025,737,1329444192730246,1329444173120360,TRACKING,frame_1329444192730246.jpg,/content/trajectreview_input/session-20260402-051025/trajectreview/images/frame_1329444192730246.jpg,True,456.27792,455.49878,317.64102,245.34378,640,480,0.26637608,0.0009665936,-0.32436424,-0.09066829,-0.20216882,-0.70285815,0.6759418,160.7865753173828
session-20260402-051025,738,1329444226204003,1329444206484371,TRACKING,frame_1329444226204003.jpg,/content/trajectreview_input/session-20260402-051025/trajectreview/images/frame_1329444226204003.jpg,True,456.27792,455.49878,317.64102,245.34378,640,480,0.25811827,8.02204e-05,-0.33900848,-0.08992485,-0.20094311,-0.7046767,0.6745117,137.6549835205078
session-20260402-051025,739,1329444259568065,1329444239848433,TRACKING,frame_1329444259568065.jpg,/content/trajectreview_input/session-20260402-051025/trajectreview/images/frame_1329444259568065.jpg,True,456.27792,455.49878,317.64102,245.34378,640,480,0.24973232,-0.0002822131,-0.35326877,-0.09048721,-0.19772157,-0.70620096,0.67379403,141.0087432861328
session-20260402-051025,740,1329444292932128,1329444273212496,TRACKING,frame_1329444292932128.jpg,/content/trajectreview_input/session-20260402-051025/trajectreview/images/frame_1329444292932128.jpg,True,456.27792,455.49878,317.64102,245.34378,640,480,0.24196133,-0.00010530092,-0.3677896,-0.08762736,-0.19878018,-0.70690006,0.6731272,169.61907958984375
session-20260402-051025,741,1329444326133563,1329444306576506,TRACKING,frame_1329444326133563.jpg,/content/trajectreview_input/session-20260402-051025/trajectreview/images/frame_1329444326133563.jpg,True,456.27792,455.49878,317.64102,245.34378,640,480,0.23478012,0.0012672059,-0.38278288,-0.085008815,-0.200666,-0.70777535,0.67198265,234.3125
session-20260402-051025,742,1329444359497626,1329444339940569,TRACKING,frame_1329444359497626.jpg,/content/trajectreview_input/session-20260402-051025/trajectreview/images/frame_1329444359497626.jpg,True,456.27792,455.49878,317.64102,245.34378,640,480,0.22793578,0.0016728844,-0.39794075,-0.08487041,-0.20235945,-0.70858264,0.6706402,176.92822265625
session-20260402-051025,743,1329444392861688,1329444373304631,TRACKING,frame_1329444392861688.jpg,/content/trajectreview_input/session-20260402-051025/trajectreview/images/frame_1329444392861688.jpg,True,456.27792,455.49878,317.64102,245.34378,640,480,0.22114211,0.0023152083,-0.4118693,-0.07836967,-0.20633982,-0.7089564,0.66982305,108.80377197265625
session-20260402-051025,744,1329444426175717,1329444406668642,TRACKING,frame_1329444426175717.jpg,/content/trajectreview_input/session-20260402-051025/trajectreview/images/frame_1329444426175717.jpg,True,456.27792,455.49878,317.64102,245.34378,640,480,0.21464168,0.0036147702,-0.42534328,-0.07553169,-0.20503768,-0.7100102,0.66943264,147.31607055664062
session-20260402-051025,745,1329444459539779,1329444440032704,TRACKING,frame_1329444459539779.jpg,/content/trajectreview_input/session-20260402-051025/trajectreview/images/frame_1329444459539779.jpg,True,456.27792,455.49878,317.64102,245.34378,640,480,0.20699103,0.003597254,-0.43900165,-0.07292067,-0.20414835,-0.7097435,0.6702762,133.25009155273438
session-20260402-051025,746,1329444492903842,1329444473396767,TRACKING,frame_1329444492903842.jpg,/content/trajectreview_input/session-20260402-051025/trajectreview/images/frame_1329444492903842.jpg,True,456.27792,455.49878,317.64102,245.34378,640,480,0.1988017,0.0036310554,-0.45240232,-0.06608189,-0.20809883,-0.7061627,0.6735445,128.86199951171875
session-20260402-051025,747,1329444526198750,1329444506760777,TRACKING,frame_1329444526198750.jpg,/content/trajectreview_input/session-20260402-051025/trajectreview/images/frame_1329444526198750.jpg,True,456.27792,455.49878,317.64102,245.34378,640,480,0.1910919,0.0038057286,-0.46707875,-0.06463509,-0.21127118,-0.70369565,0.6752771,296.62176513671875
session-20260402-051025,748,1329444559562812,1329444540124839,TRACKING,frame_1329444559562812.jpg,/content/trajectreview_input/session-20260402-051025/trajectreview/images/frame_1329444559562812.jpg,True,456.27792,455.49878,317.64102,245.34378,640,480,0.18299766,0.003661137,-0.4808828,-0.063132025,-0.2146057,-0.7016258,0.67652035,185.35589599609375
session-20260402-051025,749,1329444592926823,1329444573488850,TRACKING,frame_1329444592926823.jpg,/content/trajectreview_input/session-20260402-051025/trajectreview/images/frame_1329444592926823.jpg,True,456.27792,455.49878,317.64102,245.34378,640,480,0.17448562,0.003986126,-0.49427208,-0.05984636,-0.2173806,-0.698483,0.6791801,246.59068298339844
session-20260402-051025,750,1329444626237077,1329444606852912,TRACKING,frame_1329444626237077.jpg,/content/trajectreview_input/session-20260402-051025/trajectreview/images/frame_1329444626237077.jpg,True,456.27792,455.49878,317.64102,245.34378,640,480,0.16562058,0.0042936075,-0.5072194,-0.059858073,-0.21864882,-0.6987506,0.6784962,180.1009979248047
session-20260402-051025,751,1329444659601140,1329444640216975,TRACKING,frame_1329444659601140.jpg,/content/trajectreview_input/session-20260402-051025/trajectreview/images/frame_1329444659601140.jpg,True,456.27792,455.49878,317.64102,245.34378,640,480,0.15743712,0.004479099,-0.5206228,-0.061424013,-0.2174674,-0.698882,0.6786007,216.87393188476562
session-20260402-051025,752,1329444692965150,1329444673580985,TRACKING,frame_1329444692965150.jpg,/content/trajectreview_input/session-20260402-051025/trajectreview/images/frame_1329444692965150.jpg,True,456.27792,455.49878,317.64102,245.34378,640,480,0.14899774,0.004848987,-0.53340346,-0.05791925,-0.21943599,-0.69818044,0.6789972,246.0966796875
session-20260402-051025,753,1329444726325960,1329444706945048,TRACKING,frame_1329444726325960.jpg,/content/trajectreview_input/session-20260402-051025/trajectreview/images/frame_1329444726325960.jpg,True,456.27792,455.49878,317.64102,245.34378,640,480,0.14207043,0.0055871382,-0.5466804,-0.056102104,-0.22027707,-0.6975969,0.67947716,293.9166259765625
session-20260402-051025,754,1329444759690022,1329444740309110,TRACKING,frame_1329444759690022.jpg,/content/trajectreview_input/session-20260402-051025/trajectreview/images/frame_1329444759690022.jpg,True,456.27792,455.49878,317.64102,245.34378,640,480,0.13316385,0.0057566054,-0.56038874,-0.056214157,-0.22231899,-0.69636875,0.6800624,290.7315673828125
session-20260402-051025,755,1329444793054033,1329444773673121,TRACKING,frame_1329444793054033.jpg,/content/trajectreview_input/session-20260402-051025/trajectreview/images/frame_1329444793054033.jpg,True,456.27792,455.49878,317.64102,245.34378,640,480,0.123750865,0.0060347673,-0.5738471,-0.056263667,-0.22459069,-0.6941355,0.6815932,235.2285614013672
session-20260402-051025,756,1329444826305582,1329444807037183,TRACKING,frame_1329444826305582.jpg,/content/trajectreview_input/session-20260402-051025/trajectreview/images/frame_1329444826305582.jpg,True,456.27792,455.49878,317.64102,245.34378,640,480,0.11712679,0.0059614163,-0.58900183,-0.053103775,-0.22361794,-0.6922327,0.68409693,198.0496826171875
session-20260402-051025,757,1329444859669645,1329444840401246,TRACKING,frame_1329444859669645.jpg,/content/trajectreview_input/session-20260402-051025/trajectreview/images/frame_1329444859669645.jpg,True,456.27792,455.49878,317.64102,245.34378,640,480,0.107535824,0.005720312,-0.6019337,-0.053469684,-0.22442387,-0.6921713,0.68386686,202.29409790039062
session-20260402-051025,758,1329444893033655,1329444873765256,TRACKING,frame_1329444893033655.jpg,/content/trajectreview_input/session-20260402-051025/trajectreview/images/frame_1329444893033655.jpg,True,456.27792,455.49878,317.64102,245.34378,640,480,0.09788215,0.0054829065,-0.6151361,-0.05528684,-0.22898275,-0.6911326,0.6832612,305.6893005371094
session-20260402-051025,759,1329444926352734,1329444907129319,TRACKING,frame_1329444926352734.jpg,/content/trajectreview_input/session-20260402-051025/trajectreview/images/frame_1329444926352734.jpg,True,456.27792,455.49878,317.64102,245.34378,640,480,0.087264426,0.0048165545,-0.6268682,-0.053247478,-0.23065448,-0.69004536,0.6839595,269.49462890625
session-20260402-051025,760,1329444959716796,1329444940493381,TRACKING,frame_1329444959716796.jpg,/content/trajectreview_input/session-20260402-051025/trajectreview/images/frame_1329444959716796.jpg,True,456.27792,455.49878,317.64102,245.34378,640,480,0.078445494,0.0054177213,-0.63873726,-0.05273447,-0.22984539,-0.6925164,0.6817707,122.56037902832031
session-20260402-051025,761,1329444993080807,1329444973857392,TRACKING,frame_1329444993080807.jpg,/content/trajectreview_input/session-20260402-051025/trajectreview/images/frame_1329444993080807.jpg,True,456.27792,455.49878,317.64102,245.34378,640,480,0.06943259,0.006876465,-0.65049917,-0.053019173,-0.22559048,-0.6936725,0.6819944,159.98580932617188
session-20260402-051025,762,1329445026467530,1329445007221454,TRACKING,frame_1329445026467530.jpg,/content/trajectreview_input/session-20260402-051025/trajectreview/images/frame_1329445026467530.jpg,True,456.27792,455.49878,317.64102,245.34378,640,480,0.062209066,0.007962972,-0.6659341,-0.05464007,-0.22795063,-0.6926764,0.6820942,209.960205078125
session-20260402-051025,763,1329445059831540,1329445040585464,TRACKING,frame_1329445059831540.jpg,/content/trajectreview_input/session-20260402-051025/trajectreview/images/frame_1329445059831540.jpg,True,456.27792,455.49878,317.64102,245.34378,640,480,0.05527641,0.009339191,-0.67705756,-0.053301416,-0.2310907,-0.6932267,0.68058276,200.18258666992188
session-20260402-051025,764,1329445093195603,1329445073949527,TRACKING,frame_1329445093195603.jpg,/content/trajectreview_input/session-20260402-051025/trajectreview/images/frame_1329445093195603.jpg,True,456.27792,455.49878,317.64102,245.34378,640,480,0.048601463,0.010252381,-0.68658817,-0.050242364,-0.225151,-0.69651526,0.67944777,74.78328704833984
session-20260402-051025,765,1329445126525916,1329445107313589,TRACKING,frame_1329445126525916.jpg,/content/trajectreview_input/session-20260402-051025/trajectreview/images/frame_1329445126525916.jpg,True,456.27792,455.49878,317.64102,245.34378,640,480,0.040004164,0.0114585515,-0.6957679,-0.05290044,-0.22176114,-0.69557136,0.6813252,237.88818359375
session-20260402-051025,766,1329445159889927,1329445140677600,TRACKING,frame_1329445159889927.jpg,/content/trajectreview_input/session-20260402-051025/trajectreview/images/frame_1329445159889927.jpg,True,456.27792,455.49878,317.64102,245.34378,640,480,0.033649694,0.011375703,-0.7066519,-0.053989578,-0.22601105,-0.6942255,0.68121594,296.7447509765625
session-20260402-051025,767,1329445193253989,1329445174041662,TRACKING,frame_1329445193253989.jpg,/content/trajectreview_input/session-20260402-051025/trajectreview/images/frame_1329445193253989.jpg,True,456.27792,455.49878,317.64102,245.34378,640,480,0.02786998,0.010936361,-0.7166974,-0.057295706,-0.22173335,-0.69578475,0.6807606,102.00192260742188
session-20260402-051025,768,1329445226617603,1329445207405725,TRACKING,frame_1329445226617603.jpg,/content/trajectreview_input/session-20260402-051025/trajectreview/images/frame_1329445226617603.jpg,True,456.27792,455.49878,317.64102,245.34378,640,480,0.02230982,0.011123605,-0.7253779,-0.059946645,-0.2203003,-0.6938411,0.68297774,160.79562377929688
session-20260402-051025,769,1329445259981613,1329445240769735,TRACKING,frame_1329445259981613.jpg,/content/trajectreview_input/session-20260402-051025/trajectreview/images/frame_1329445259981613.jpg,True,456.27792,455.49878,317.64102,245.34378,640,480,0.016359849,0.010344423,-0.73548913,-0.060644872,-0.2241605,-0.6918944,0.6836347,140.56153869628906
session-20260402-051025,770,1329445293345676,1329445274133798,TRACKING,frame_1329445293345676.jpg,/content/trajectreview_input/session-20260402-051025/trajectreview/images/frame_1329445293345676.jpg,True,456.27792,455.49878,317.64102,245.34378,640,480,0.010687716,0.009133793,-0.74599713,-0.06668463,-0.22232619,-0.6919557,0.6836092,158.33990478515625
session-20260402-051025,771,1329445326642905,1329445307497860,TRACKING,frame_1329445326642905.jpg,/content/trajectreview_input/session-20260402-051025/trajectreview/images/frame_1329445326642905.jpg,True,456.27792,455.49878,317.64102,245.34378,640,480,0.006311101,0.010276467,-0.75802875,-0.067627184,-0.22081347,-0.69226414,0.68369454,294.72979736328125
session-20260402-051025,772,1329445360006916,1329445340861871,TRACKING,frame_1329445360006916.jpg,/content/trajectreview_input/session-20260402-051025/trajectreview/images/frame_1329445360006916.jpg,True,456.27792,455.49878,317.64102,245.34378,640,480,0.0009362383,0.009048913,-0.7684766,-0.06779539,-0.22273919,-0.6914018,0.68392587,280.18450927734375
session-20260402-051025,773,1329445393370978,1329445374225933,TRACKING,frame_1329445393370978.jpg,/content/trajectreview_input/session-20260402-051025/trajectreview/images/frame_1329445393370978.jpg,True,456.27792,455.49878,317.64102,245.34378,640,480,-0.003866647,0.007477749,-0.779237,-0.068847165,-0.22345527,-0.6919951,0.68298644,273.8863220214844
session-20260402-051025,774,1329445426704076,1329445407589996,TRACKING,frame_1329445426704076.jpg,/content/trajectreview_input/session-20260402-051025/trajectreview/images/frame_1329445426704076.jpg,True,456.27792,455.49878,317.64102,245.34378,640,480,-0.0075076595,0.00505116,-0.79116964,-0.070426315,-0.2241895,-0.69175214,0.682831,273.755859375
session-20260402-051025,775,1329445460068086,1329445440954006,TRACKING,frame_1329445460068086.jpg,/content/trajectreview_input/session-20260402-051025/trajectreview/images/frame_1329445460068086.jpg,True,456.27792,455.49878,317.64102,245.34378,640,480,-0.012118341,0.0033724103,-0.802974,-0.07158452,-0.22609666,-0.6907535,0.6830927,324.2205505371094
session-20260402-051025,776,1329445493432149,1329445474318069,TRACKING,frame_1329445493432149.jpg,/content/trajectreview_input/session-20260402-051025/trajectreview/images/frame_1329445493432149.jpg,True,456.27792,455.49878,317.64102,245.34378,640,480,-0.016225982,0.0015825257,-0.8149436,-0.07269902,-0.22766857,-0.69044995,0.68275964,308.47125244140625
session-20260402-051025,777,1329445526815507,1329445507682131,TRACKING,frame_1329445526815507.jpg,/content/trajectreview_input/session-20260402-051025/trajectreview/images/frame_1329445526815507.jpg,True,456.27792,455.49878,317.64102,245.34378,640,480,-0.02020843,0.0013941415,-0.8269137,-0.073503576,-0.22982325,-0.68996114,0.68244565,326.8582763671875
session-20260402-051025,778,1329445560179518,1329445541046142,TRACKING,frame_1329445560179518.jpg,/content/trajectreview_input/session-20260402-051025/trajectreview/images/frame_1329445560179518.jpg,True,456.27792,455.49878,317.64102,245.34378,640,480,-0.023488596,8.177571e-05,-0.83953285,-0.07516899,-0.23196754,-0.68940765,0.68209785,264.7677917480469
session-20260402-051025,779,1329445593543580,1329445574410204,TRACKING,frame_1329445593543580.jpg,/content/trajectreview_input/session-20260402-051025/trajectreview/images/frame_1329445593543580.jpg,True,456.27792,455.49878,317.64102,245.34378,640,480,-0.026788997,-0.00074760243,-0.85198295,-0.07695176,-0.23067078,-0.68837243,0.68338335,206.19528198242188
session-20260402-051025,780,1329445626844603,1329445607774214,TRACKING,frame_1329445626844603.jpg,/content/trajectreview_input/session-20260402-051025/trajectreview/images/frame_1329445626844603.jpg,True,456.27792,455.49878,317.64102,245.34378,640,480,-0.029969985,-0.0027439091,-0.8625981,-0.075054355,-0.22894147,-0.6891984,0.6833434,216.14312744140625
session-20260402-051025,781,1329445660208666,1329445641138277,TRACKING,frame_1329445660208666.jpg,/content/trajectreview_input/session-20260402-051025/trajectreview/images/frame_1329445660208666.jpg,True,456.27792,455.49878,317.64102,245.34378,640,480,-0.03252349,-0.0026331712,-0.87514865,-0.07393305,-0.22888929,-0.6886597,0.6840258,254.61795043945312
session-20260402-051025,782,1329445693572728,1329445674502339,TRACKING,frame_1329445693572728.jpg,/content/trajectreview_input/session-20260402-051025/trajectreview/images/frame_1329445693572728.jpg,True,456.27792,455.49878,317.64102,245.34378,640,480,-0.03494388,-0.0020947922,-0.888506,-0.076020524,-0.22939767,-0.6866531,0.6856422,281.8755798339844
session-20260402-051025,783,1329445726942258,1329445707866350,TRACKING,frame_1329445726942258.jpg,/content/trajectreview_input/session-20260402-051025/trajectreview/images/frame_1329445726942258.jpg,True,456.27792,455.49878,317.64102,245.34378,640,480,-0.036113523,-0.0008499883,-0.9017939,-0.076071225,-0.23026967,-0.68516135,0.68683547,303.92620849609375
session-20260402-051025,784,1329445760306320,1329445741230412,TRACKING,frame_1329445760306320.jpg,/content/trajectreview_input/session-20260402-051025/trajectreview/images/frame_1329445760306320.jpg,True,456.27792,455.49878,317.64102,245.34378,640,480,-0.037859667,0.0005679503,-0.91499066,-0.07708503,-0.23132536,-0.68396956,0.68755513,316.7220764160156
session-20260402-051025,785,1329445793670383,1329445774594475,TRACKING,frame_1329445793670383.jpg,/content/trajectreview_input/session-20260402-051025/trajectreview/images/frame_1329445793670383.jpg,True,456.27792,455.49878,317.64102,245.34378,640,480,-0.03924168,0.0023106523,-0.927826,-0.078616284,-0.23221213,-0.68341774,0.68763155,250.63198852539062
session-20260402-051025,786,1329445827006788,1329445807958485,TRACKING,frame_1329445827006788.jpg,/content/trajectreview_input/session-20260402-051025/trajectreview/images/frame_1329445827006788.jpg,True,456.27792,455.49878,317.64102,245.34378,640,480,-0.039717965,0.0053421017,-0.93805563,-0.07738527,-0.22953126,-0.6837861,0.6883047,142.3948974609375
session-20260402-051025,787,1329445860370851,1329445841322548,TRACKING,frame_1329445860370851.jpg,/content/trajectreview_input/session-20260402-051025/trajectreview/images/frame_1329445860370851.jpg,True,456.27792,455.49878,317.64102,245.34378,640,480,-0.041773263,0.007449826,-0.9488955,-0.07561185,-0.22664626,-0.6830127,0.69022304,183.67234802246094
session-20260402-051025,788,1329445893734913,1329445874686610,TRACKING,frame_1329445893734913.jpg,/content/trajectreview_input/session-20260402-051025/trajectreview/images/frame_1329445893734913.jpg,True,456.27792,455.49878,317.64102,245.34378,640,480,-0.044351444,0.008925263,-0.9600362,-0.07513453,-0.22540459,-0.68123037,0.6924397,201.67352294921875
session-20260402-051025,789,1329445927110167,1329445908050621,TRACKING,frame_1329445927110167.jpg,/content/trajectreview_input/session-20260402-051025/trajectreview/images/frame_1329445927110167.jpg,True,456.27792,455.49878,317.64102,245.34378,640,480,-0.046529613,0.009039657,-0.9713337,-0.07352884,-0.22518358,-0.6814152,0.6925021,287.34375
session-20260402-051025,790,1329445960474229,1329445941414683,TRACKING,frame_1329445960474229.jpg,/content/trajectreview_input/session-20260402-051025/trajectreview/images/frame_1329445960474229.jpg,True,456.27792,455.49878,317.64102,245.34378,640,480,-0.04958876,0.008819325,-0.98273784,-0.07333624,-0.22584945,-0.68049556,0.69320965,284.80517578125
session-20260402-051025,791,1329445993838292,1329445974778746,TRACKING,frame_1329445993838292.jpg,/content/trajectreview_input/session-20260402-051025/trajectreview/images/frame_1329445993838292.jpg,True,456.27792,455.49878,317.64102,245.34378,640,480,-0.05336831,0.008211998,-0.9944585,-0.0721155,-0.22851789,-0.67894834,0.69398,210.87091064453125
session-20260402-051025,792,1329446027338473,1329446008142756,TRACKING,frame_1329446027338473.jpg,/content/trajectreview_input/session-20260402-051025/trajectreview/images/frame_1329446027338473.jpg,True,456.27792,455.49878,317.64102,245.34378,640,480,-0.05498302,0.0054932367,-1.0066943,-0.07384234,-0.23396297,-0.67711526,0.69377494,155.8739776611328
session-20260402-051025,793,1329446060702536,1329446041506819,TRACKING,frame_1329446060702536.jpg,/content/trajectreview_input/session-20260402-051025/trajectreview/images/frame_1329446060702536.jpg,True,456.27792,455.49878,317.64102,245.34378,640,480,-0.05874643,0.0045616943,-1.0190058,-0.074274704,-0.23948811,-0.6764296,0.69251096,176.18814086914062
session-20260402-051025,794,1329446094066598,1329446074870881,TRACKING,frame_1329446094066598.jpg,/content/trajectreview_input/session-20260402-051025/trajectreview/images/frame_1329446094066598.jpg,True,456.27792,455.49878,317.64102,245.34378,640,480,-0.063417494,0.0041051917,-1.0306551,-0.07250118,-0.24307168,-0.67480147,0.6930387,240.50254821777344
session-20260402-051025,795,1329446127372956,1329446108234892,TRACKING,frame_1329446127372956.jpg,/content/trajectreview_input/session-20260402-051025/trajectreview/images/frame_1329446127372956.jpg,True,456.27792,455.49878,317.64102,245.34378,640,480,-0.069183305,0.003893992,-1.0438676,-0.071763754,-0.2461185,-0.67380774,0.693007,296.79052734375
session-20260402-051025,796,1329446160737018,1329446141598954,TRACKING,frame_1329446160737018.jpg,/content/trajectreview_input/session-20260402-051025/trajectreview/images/frame_1329446160737018.jpg,True,456.27792,455.49878,317.64102,245.34378,640,480,-0.07505254,0.0036189817,-1.0555518,-0.072181225,-0.24802974,-0.6726741,0.6933835,305.2508544921875
session-20260402-051025,797,1329446194101028,1329446174962964,TRACKING,frame_1329446194101028.jpg,/content/trajectreview_input/session-20260402-051025/trajectreview/images/frame_1329446194101028.jpg,True,456.27792,455.49878,317.64102,245.34378,640,480,-0.081358545,0.0033480097,-1.0667921,-0.07245475,-0.24820496,-0.67214906,0.6938013,238.53982543945312
session-20260402-051025,798,1329446227596770,1329446208327027,TRACKING,frame_1329446227596770.jpg,/content/trajectreview_input/session-20260402-051025/trajectreview/images/frame_1329446227596770.jpg,True,456.27792,455.49878,317.64102,245.34378,640,480,-0.08839839,0.0030693319,-1.0785533,-0.07410275,-0.2462263,-0.67204064,0.69443697,152.48577880859375
session-20260402-051025,799,1329446260960832,1329446241691089,TRACKING,frame_1329446260960832.jpg,/content/trajectreview_input/session-20260402-051025/trajectreview/images/frame_1329446260960832.jpg,True,456.27792,455.49878,317.64102,245.34378,640,480,-0.09531312,0.003015643,-1.0893201,-0.07555215,-0.24366024,-0.67264813,0.69459784,138.7283935546875
session-20260402-051025,800,1329446298497843,1329446283404100,TRACKING,frame_1329446298497843.jpg,/content/trajectreview_input/session-20260402-051025/trajectreview/images/frame_1329446298497843.jpg,True,456.27792,455.49878,317.64102,245.34378,640,480,-0.10357259,0.0029464196,-1.1020861,-0.078582935,-0.24556242,-0.6711352,0.6950549,320.02081298828125
session-20260402-051025,801,1329446331876277,1329446316768162,TRACKING,frame_1329446331876277.jpg,/content/trajectreview_input/session-20260402-051025/trajectreview/images/frame_1329446331876277.jpg,True,456.27792,455.49878,317.64102,245.34378,640,480,-0.11123403,0.0020290017,-1.1123221,-0.07877348,-0.24564302,-0.6707786,0.69534904,284.2001953125
session-20260402-051025,802,1329446365240340,1329446350132225,TRACKING,frame_1329446365240340.jpg,/content/trajectreview_input/session-20260402-051025/trajectreview/images/frame_1329446365240340.jpg,True,456.27792,455.49878,317.64102,245.34378,640,480,-0.11937794,0.0020266809,-1.1226814,-0.07788477,-0.24673213,-0.66979027,0.696016,344.42779541015625
session-20260402-051025,803,1329446398604350,1329446383496235,TRACKING,frame_1329446398604350.jpg,/content/trajectreview_input/session-20260402-051025/trajectreview/images/frame_1329446398604350.jpg,True,456.27792,455.49878,317.64102,245.34378,640,480,-0.12826179,0.001825057,-1.1333213,-0.07826085,-0.24820828,-0.6679171,0.6972478,353.8973388671875
session-20260402-051025,804,1329446431979881,1329446416860298,TRACKING,frame_1329446431979881.jpg,/content/trajectreview_input/session-20260402-051025/trajectreview/images/frame_1329446431979881.jpg,True,456.27792,455.49878,317.64102,245.34378,640,480,-0.13730499,0.0018059779,-1.1443323,-0.07712739,-0.25116903,-0.6663442,0.6978187,352.03131103515625
session-20260402-051025,805,1329446465343943,1329446450224360,TRACKING,frame_1329446465343943.jpg,/content/trajectreview_input/session-20260402-051025/trajectreview/images/frame_1329446465343943.jpg,True,456.27792,455.49878,317.64102,245.34378,640,480,-0.14649524,0.0010395348,-1.1535505,-0.07604211,-0.25203338,-0.6670331,0.69696754,349.3709716796875
session-20260402-051025,806,1329446498707954,1329446483588371,TRACKING,frame_1329446498707954.jpg,/content/trajectreview_input/session-20260402-051025/trajectreview/images/frame_1329446498707954.jpg,True,456.27792,455.49878,317.64102,245.34378,640,480,-0.1565686,0.00012783892,-1.1629027,-0.07533948,-0.25571167,-0.6655449,0.69712657,316.80255126953125
session-20260402-051025,807,1329446532045388,1329446516952433,TRACKING,frame_1329446532045388.jpg,/content/trajectreview_input/session-20260402-051025/trajectreview/images/frame_1329446532045388.jpg,True,456.27792,455.49878,317.64102,245.34378,640,480,-0.16684993,-0.00037827715,-1.1706803,-0.0760138,-0.25830704,-0.6640143,0.697556,317.692138671875
session-20260402-051025,808,1329446565409399,1329446550316444,TRACKING,frame_1329446565409399.jpg,/content/trajectreview_input/session-20260402-051025/trajectreview/images/frame_1329446565409399.jpg,True,456.27792,455.49878,317.64102,245.34378,640,480,-0.17716178,-0.0014105141,-1.1791685,-0.0775285,-0.25899276,-0.66443455,0.69673437,285.8127136230469
session-20260402-051025,809,1329446598773461,1329446583680506,TRACKING,frame_1329446598773461.jpg,/content/trajectreview_input/session-20260402-051025/trajectreview/images/frame_1329446598773461.jpg,True,456.27792,455.49878,317.64102,245.34378,640,480,-0.18759796,-0.0022841077,-1.1875131,-0.07967212,-0.26147908,-0.6644101,0.6955862,229.1725616455078
session-20260402-051025,810,1329446632114396,1329446617044569,TRACKING,frame_1329446632114396.jpg,/content/trajectreview_input/session-20260402-051025/trajectreview/images/frame_1329446632114396.jpg,True,456.27792,455.49878,317.64102,245.34378,640,480,-0.19813707,-0.0028234888,-1.1959149,-0.08217857,-0.263098,-0.66357356,0.69548273,250.58221435546875
session-20260402-051025,811,1329446665478406,1329446650408579,TRACKING,frame_1329446665478406.jpg,/content/trajectreview_input/session-20260402-051025/trajectreview/images/frame_1329446665478406.jpg,True,456.27792,455.49878,317.64102,245.34378,640,480,-0.2087,-0.003009433,-1.2030053,-0.08388422,-0.26393715,-0.6633471,0.6951771,283.0313720703125
session-20260402-051025,812,1329446698842469,1329446683772642,TRACKING,frame_1329446698842469.jpg,/content/trajectreview_input/session-20260402-051025/trajectreview/images/frame_1329446698842469.jpg,True,456.27792,455.49878,317.64102,245.34378,640,480,-0.21903703,-0.0030017383,-1.2096088,-0.08473636,-0.26580867,-0.66339374,0.6943156,260.86151123046875
session-20260402-051025,813,1329446732289567,1329446717136704,TRACKING,frame_1329446732289567.jpg,/content/trajectreview_input/session-20260402-051025/trajectreview/images/frame_1329446732289567.jpg,True,456.27792,455.49878,317.64102,245.34378,640,480,-0.2291091,-0.0039595496,-1.2164816,-0.08670022,-0.26895562,-0.6639146,0.69236064,231.28082275390625
session-20260402-051025,814,1329446765653577,1329446750500714,TRACKING,frame_1329446765653577.jpg,/content/trajectreview_input/session-20260402-051025/trajectreview/images/frame_1329446765653577.jpg,True,456.27792,455.49878,317.64102,245.34378,640,480,-0.23966676,-0.003555322,-1.2218195,-0.08789383,-0.2675284,-0.66460246,0.69210315,207.62551879882812
session-20260402-051025,815,1329446799017640,1329446783864777,TRACKING,frame_1329446799017640.jpg,/content/trajectreview_input/session-20260402-051025/trajectreview/images/frame_1329446799017640.jpg,True,456.27792,455.49878,317.64102,245.34378,640,480,-0.25027883,-0.0028726887,-1.2262186,-0.08606502,-0.2677701,-0.6657352,0.69115025,289.40570068359375
session-20260402-051025,816,1329446832375796,1329446817228839,TRACKING,frame_1329446832375796.jpg,/content/trajectreview_input/session-20260402-051025/trajectreview/images/frame_1329446832375796.jpg,True,456.27792,455.49878,317.64102,245.34378,640,480,-0.26182285,-0.0025589243,-1.2302145,-0.084500685,-0.26940823,-0.6670459,0.6894407,285.89141845703125
session-20260402-051025,817,1329446865739807,1329446850592850,TRACKING,frame_1329446865739807.jpg,/content/trajectreview_input/session-20260402-051025/trajectreview/images/frame_1329446865739807.jpg,True,456.27792,455.49878,317.64102,245.34378,640,480,-0.27266502,-0.0021630432,-1.2342943,-0.08425727,-0.26845458,-0.6694225,0.6875365,248.94850158691406
session-20260402-051025,818,1329446899103869,1329446883956912,TRACKING,frame_1329446899103869.jpg,/content/trajectreview_input/session-20260402-051025/trajectreview/images/frame_1329446899103869.jpg,True,456.27792,455.49878,317.64102,245.34378,640,480,-0.28362295,-0.0020420253,-1.2383562,-0.0842403,-0.26988485,-0.67125857,0.6851844,265.3736572265625
session-20260402-051025,819,1329446928349773,1329446908971975,TRACKING,frame_1329446928349773.jpg,/content/trajectreview_input/session-20260402-051025/trajectreview/images/frame_1329446928349773.jpg,True,456.27792,455.49878,317.64102,245.34378,640,480,-0.29355523,-0.0018366948,-1.2428634,-0.08281305,-0.2736447,-0.6720515,0.68308663,192.90570068359375
session-20260402-051025,820,1329446961713783,1329446942335985,TRACKING,frame_1329446961713783.jpg,/content/trajectreview_input/session-20260402-051025/trajectreview/images/frame_1329446961713783.jpg,True,456.27792,455.49878,317.64102,245.34378,640,480,-0.30376145,-0.002607569,-1.2459625,-0.08169608,-0.27704632,-0.6748969,0.67903256,202.9256591796875
session-20260402-051025,821,1329446995077846,1329446975700048,TRACKING,frame_1329446995077846.jpg,/content/trajectreview_input/session-20260402-051025/trajectreview/images/frame_1329446995077846.jpg,True,456.27792,455.49878,317.64102,245.34378,640,480,-0.3135375,-0.0038918667,-1.248856,-0.08326644,-0.27923352,-0.6782691,0.6745711,134.95144653320312
session-20260402-051025,822,1329447028438704,1329447009064110,TRACKING,frame_1329447028438704.jpg,/content/trajectreview_input/session-20260402-051025/trajectreview/images/frame_1329447028438704.jpg,True,456.27792,455.49878,317.64102,245.34378,640,480,-0.32391363,-0.004577823,-1.2512656,-0.08261134,-0.28497767,-0.6795175,0.6709836,151.08030700683594
session-20260402-051025,823,1329447061802715,1329447042428121,TRACKING,frame_1329447061802715.jpg,/content/trajectreview_input/session-20260402-051025/trajectreview/images/frame_1329447061802715.jpg,True,456.27792,455.49878,317.64102,245.34378,640,480,-0.3340059,-0.005916657,-1.2525634,-0.080729924,-0.2887035,-0.6813287,0.6677755,136.54591369628906
session-20260402-051025,824,1329447095166777,1329447075792183,TRACKING,frame_1329447095166777.jpg,/content/trajectreview_input/session-20260402-051025/trajectreview/images/frame_1329447095166777.jpg,True,456.27792,455.49878,317.64102,245.34378,640,480,-0.34400293,-0.0073458143,-1.2537783,-0.07992567,-0.29441145,-0.682515,0.66415876,96.95811462402344
session-20260402-051025,825,1329447128516528,1329447109156194,TRACKING,frame_1329447128516528.jpg,/content/trajectreview_input/session-20260402-051025/trajectreview/images/frame_1329447128516528.jpg,True,456.27792,455.49878,317.64102,245.34378,640,480,-0.3559648,-0.008851582,-1.2543515,-0.079186335,-0.30063722,-0.68358016,0.6603521,99.50415802001953
session-20260402-051025,826,1329447161880590,1329447142520256,TRACKING,frame_1329447161880590.jpg,/content/trajectreview_input/session-20260402-051025/trajectreview/images/frame_1329447161880590.jpg,True,456.27792,455.49878,317.64102,245.34378,640,480,-0.36583573,-0.009633236,-1.2547495,-0.07911801,-0.3059248,-0.6857598,0.6556552,128.63076782226562
session-20260402-051025,827,1329447195244653,1329447175884319,TRACKING,frame_1329447195244653.jpg,/content/trajectreview_input/session-20260402-051025/trajectreview/images/frame_1329447195244653.jpg,True,456.27792,455.49878,317.64102,245.34378,640,480,-0.37595883,-0.009588746,-1.2547755,-0.07739776,-0.31105223,-0.6874927,0.6516209,103.20582580566406
session-20260402-051025,828,1329447228585038,1329447209248329,TRACKING,frame_1329447228585038.jpg,/content/trajectreview_input/session-20260402-051025/trajectreview/images/frame_1329447228585038.jpg,True,456.27792,455.49878,317.64102,245.34378,640,480,-0.3861147,-0.00804068,-1.2545329,-0.07660027,-0.31795275,-0.6895388,0.6462001,98.7760009765625
session-20260402-051025,829,1329447261949101,1329447242612392,TRACKING,frame_1329447261949101.jpg,/content/trajectreview_input/session-20260402-051025/trajectreview/images/frame_1329447261949101.jpg,True,456.27792,455.49878,317.64102,245.34378,640,480,-0.39573726,-0.0062785298,-1.2546493,-0.0767851,-0.32167897,-0.6926905,0.640942,214.84893798828125
session-20260402-051025,830,1329447295313163,1329447275976454,TRACKING,frame_1329447295313163.jpg,/content/trajectreview_input/session-20260402-051025/trajectreview/images/frame_1329447295313163.jpg,True,456.27792,455.49878,317.64102,245.34378,640,480,-0.40583566,-0.0034355465,-1.2544692,-0.07577612,-0.32264364,-0.6946275,0.63847613,222.6217041015625
session-20260402-051025,831,1329447328672498,1329447309340464,TRACKING,frame_1329447328672498.jpg,/content/trajectreview_input/session-20260402-051025/trajectreview/images/frame_1329447328672498.jpg,True,456.27792,455.49878,317.64102,245.34378,640,480,-0.41587818,0.0009603929,-1.2539521,-0.071902275,-0.32436576,-0.6985302,0.63377625,175.748291015625
session-20260402-051025,832,1329447362036561,1329447342704527,TRACKING,frame_1329447362036561.jpg,/content/trajectreview_input/session-20260402-051025/trajectreview/images/frame_1329447362036561.jpg,True,456.27792,455.49878,317.64102,245.34378,640,480,-0.4249741,0.004592357,-1.2540237,-0.068324134,-0.32798457,-0.70150316,0.6290082,211.11114501953125
session-20260402-051025,833,1329447395400623,1329447376068589,TRACKING,frame_1329447395400623.jpg,/content/trajectreview_input/session-20260402-051025/trajectreview/images/frame_1329447395400623.jpg,True,456.27792,455.49878,317.64102,245.34378,640,480,-0.43423447,0.008710127,-1.2549485,-0.06760609,-0.3258584,-0.70423704,0.627133,102.10005187988281
session-20260402-051025,834,1329447428775166,1329447409432600,TRACKING,frame_1329447428775166.jpg,/content/trajectreview_input/session-20260402-051025/trajectreview/images/frame_1329447428775166.jpg,True,456.27792,455.49878,317.64102,245.34378,640,480,-0.4430051,0.013294311,-1.2545227,-0.06362242,-0.32496393,-0.708296,0.623432,163.3013458251953
session-20260402-051025,835,1329447462139228,1329447442796662,TRACKING,frame_1329447462139228.jpg,/content/trajectreview_input/session-20260402-051025/trajectreview/images/frame_1329447462139228.jpg,True,456.27792,455.49878,317.64102,245.34378,640,480,-0.45091513,0.016750017,-1.2566354,-0.05952715,-0.3295499,-0.71084154,0.61851245,216.36917114257812
session-20260402-051025,836,1329447495503291,1329447476160725,TRACKING,frame_1329447495503291.jpg,/content/trajectreview_input/session-20260402-051025/trajectreview/images/frame_1329447495503291.jpg,True,456.27792,455.49878,317.64102,245.34378,640,480,-0.45878217,0.0197792,-1.25972,-0.057338495,-0.33005324,-0.7140528,0.6147403,189.3911590576172
session-20260402-051025,837,1329447528829513,1329447509524735,TRACKING,frame_1329447528829513.jpg,/content/trajectreview_input/session-20260402-051025/trajectreview/images/frame_1329447528829513.jpg,True,456.27792,455.49878,317.64102,245.34378,640,480,-0.46736404,0.022820305,-1.2620659,-0.054699477,-0.33303633,-0.71473485,0.6125756,142.42880249023438
session-20260402-051025,838,1329447562193576,1329447542888798,TRACKING,frame_1329447562193576.jpg,/content/trajectreview_input/session-20260402-051025/trajectreview/images/frame_1329447562193576.jpg,True,456.27792,455.49878,317.64102,245.34378,640,480,-0.4750079,0.024300607,-1.2670562,-0.056119364,-0.33802328,-0.715192,0.6091726,172.87681579589844
session-20260402-051025,839,1329447595557586,1329447576252808,TRACKING,frame_1329447595557586.jpg,/content/trajectreview_input/session-20260402-051025/trajectreview/images/frame_1329447595557586.jpg,True,456.27792,455.49878,317.64102,245.34378,640,480,-0.4824484,0.025501883,-1.2713349,-0.054259133,-0.3418919,-0.71651477,0.6056174,159.1681671142578
session-20260402-051025,840,1329447629083775,1329447609616871,TRACKING,frame_1329447629083775.jpg,/content/trajectreview_input/session-20260402-051025/trajectreview/images/frame_1329447629083775.jpg,True,456.27792,455.49878,317.64102,245.34378,640,480,-0.49130133,0.025489789,-1.2749915,-0.050730493,-0.3482369,-0.7148003,0.6043327,185.27993774414062
session-20260402-051025,841,1329447662447837,1329447642980933,TRACKING,frame_1329447662447837.jpg,/content/trajectreview_input/session-20260402-051025/trajectreview/images/frame_1329447662447837.jpg,True,456.27792,455.49878,317.64102,245.34378,640,480,-0.49906585,0.026311718,-1.2797312,-0.052349776,-0.34972498,-0.7141794,0.6040693,297.31549072265625
session-20260402-051025,842,1329447695811848,1329447676344944,TRACKING,frame_1329447695811848.jpg,/content/trajectreview_input/session-20260402-051025/trajectreview/images/frame_1329447695811848.jpg,True,456.27792,455.49878,317.64102,245.34378,640,480,-0.5065027,0.027162159,-1.283409,-0.048702575,-0.35234278,-0.71421754,0.60280657,187.83383178710938
session-20260402-051025,843,1329447729291582,1329447709709006,TRACKING,frame_1329447729291582.jpg,/content/trajectreview_input/session-20260402-051025/trajectreview/images/frame_1329447729291582.jpg,True,456.27792,455.49878,317.64102,245.34378,640,480,-0.51323235,0.027619367,-1.287326,-0.044275526,-0.3590488,-0.7132685,0.60030967,126.71713256835938
session-20260402-051025,844,1329447762655645,1329447743073069,TRACKING,frame_1329447762655645.jpg,/content/trajectreview_input/session-20260402-051025/trajectreview/images/frame_1329447762655645.jpg,True,456.27792,455.49878,317.64102,245.34378,640,480,-0.52022415,0.027633585,-1.2931898,-0.05124693,-0.35839307,-0.7136404,0.5997045,105.97933197021484
session-20260402-051025,845,1329447796019655,1329447776437079,TRACKING,frame_1329447796019655.jpg,/content/trajectreview_input/session-20260402-051025/trajectreview/images/frame_1329447796019655.jpg,True,456.27792,455.49878,317.64102,245.34378,640,480,-0.52670497,0.027660076,-1.2980598,-0.054052025,-0.35702103,-0.71595335,0.5975157,268.5176086425781
session-20260402-051025,846,1329447829477864,1329447809801142,TRACKING,frame_1329447829477864.jpg,/content/trajectreview_input/session-20260402-051025/trajectreview/images/frame_1329447829477864.jpg,True,456.27792,455.49878,317.64102,245.34378,640,480,-0.5338154,0.028518824,-1.3021766,-0.05304193,-0.36124218,-0.71504414,0.59615636,199.13954162597656
session-20260402-051025,847,1329447862841926,1329447843165204,TRACKING,frame_1329447862841926.jpg,/content/trajectreview_input/session-20260402-051025/trajectreview/images/frame_1329447862841926.jpg,True,456.27792,455.49878,317.64102,245.34378,640,480,-0.5402904,0.028273901,-1.3076931,-0.055258818,-0.36142787,-0.7157039,0.59504986,228.91851806640625
session-20260402-051025,848,1329447896205936,1329447876529214,TRACKING,frame_1329447896205936.jpg,/content/trajectreview_input/session-20260402-051025/trajectreview/images/frame_1329447896205936.jpg,True,456.27792,455.49878,317.64102,245.34378,640,480,-0.5467897,0.027936062,-1.3134053,-0.055190098,-0.36548406,-0.7141444,0.594452,200.7213897705078
session-20260402-051025,849,1329447929604108,1329447909893277,TRACKING,frame_1329447929604108.jpg,/content/trajectreview_input/session-20260402-051025/trajectreview/images/frame_1329447929604108.jpg,True,456.27792,455.49878,317.64102,245.34378,640,480,-0.5533709,0.02807891,-1.3190471,-0.05373842,-0.36749092,-0.7136892,0.59389424,256.98870849609375
session-20260402-051025,850,1329447962968170,1329447943257339,TRACKING,frame_1329447962968170.jpg,/content/trajectreview_input/session-20260402-051025/trajectreview/images/frame_1329447962968170.jpg,True,456.27792,455.49878,317.64102,245.34378,640,480,-0.55977196,0.027383083,-1.3240827,-0.049410492,-0.36978906,-0.71359444,0.5929566,286.12677001953125
session-20260402-051025,851,1329447996332181,1329447976621350,TRACKING,frame_1329447996332181.jpg,/content/trajectreview_input/session-20260402-051025/trajectreview/images/frame_1329447996332181.jpg,True,456.27792,455.49878,317.64102,245.34378,640,480,-0.5665716,0.02614538,-1.3310027,-0.05398885,-0.3686153,-0.71273834,0.5943163,127.59040832519531
session-20260402-051025,852,1329448029693326,1329448009985412,TRACKING,frame_1329448029693326.jpg,/content/trajectreview_input/session-20260402-051025/trajectreview/images/frame_1329448029693326.jpg,True,456.27792,455.49878,317.64102,245.34378,640,480,-0.57415015,0.024657018,-1.3379741,-0.055538014,-0.3679872,-0.711676,0.595834,299.03448486328125
session-20260402-051025,853,1329448063057337,1329448043349423,TRACKING,frame_1329448063057337.jpg,/content/trajectreview_input/session-20260402-051025/trajectreview/images/frame_1329448063057337.jpg,True,456.27792,455.49878,317.64102,245.34378,640,480,-0.58074105,0.022864478,-1.344272,-0.05582077,-0.36933208,-0.71122354,0.5955156,123.54869842529297
session-20260402-051025,854,1329448096421399,1329448076713485,TRACKING,frame_1329448096421399.jpg,/content/trajectreview_input/session-20260402-051025/trajectreview/images/frame_1329448096421399.jpg,True,456.27792,455.49878,317.64102,245.34378,640,480,-0.58783597,0.020390898,-1.3517523,-0.063898794,-0.36671335,-0.7124229,0.5948881,155.18295288085938
session-20260402-051025,855,1329448129786955,1329448110077548,TRACKING,frame_1329448129786955.jpg,/content/trajectreview_input/session-20260402-051025/trajectreview/images/frame_1329448129786955.jpg,True,456.27792,455.49878,317.64102,245.34378,640,480,-0.59736025,0.01851272,-1.358191,-0.06509691,-0.36756507,-0.710965,0.5959759,327.150634765625
session-20260402-051025,856,1329448163150965,1329448143441558,TRACKING,frame_1329448163150965.jpg,/content/trajectreview_input/session-20260402-051025/trajectreview/images/frame_1329448163150965.jpg,True,456.27792,455.49878,317.64102,245.34378,640,480,-0.60664463,0.017003963,-1.3649423,-0.064544976,-0.3718345,-0.707114,0.59796554,341.095458984375
session-20260402-051025,857,1329448196515028,1329448176805621,TRACKING,frame_1329448196515028.jpg,/content/trajectreview_input/session-20260402-051025/trajectreview/images/frame_1329448196515028.jpg,True,456.27792,455.49878,317.64102,245.34378,640,480,-0.6163791,0.015339952,-1.3715534,-0.06535594,-0.3723331,-0.7056913,0.5992465,302.37518310546875
session-20260402-051025,858,1329448229936388,1329448210169683,TRACKING,frame_1329448229936388.jpg,/content/trajectreview_input/session-20260402-051025/trajectreview/images/frame_1329448229936388.jpg,True,456.27792,455.49878,317.64102,245.34378,640,480,-0.6258132,0.0144864,-1.3796307,-0.06386526,-0.3759422,-0.7016561,0.60188645,244.58978271484375
session-20260402-051025,859,1329448263300399,1329448243533694,TRACKING,frame_1329448263300399.jpg,/content/trajectreview_input/session-20260402-051025/trajectreview/images/frame_1329448263300399.jpg,True,456.27792,455.49878,317.64102,245.34378,640,480,-0.63576835,0.013071369,-1.3864834,-0.06263742,-0.37922776,-0.69800377,0.60419655,296.880615234375
session-20260402-051025,860,1329448296664461,1329448276897756,TRACKING,frame_1329448296664461.jpg,/content/trajectreview_input/session-20260402-051025/trajectreview/images/frame_1329448296664461.jpg,True,456.27792,455.49878,317.64102,245.34378,640,480,-0.6448301,0.011230335,-1.3937331,-0.065336585,-0.38039216,-0.69723976,0.604061,137.42691040039062
session-20260402-051025,861,1329448329986761,1329448310261819,TRACKING,frame_1329448329986761.jpg,/content/trajectreview_input/session-20260402-051025/trajectreview/images/frame_1329448329986761.jpg,True,456.27792,455.49878,317.64102,245.34378,640,480,-0.6537104,0.009100657,-1.4018426,-0.069404766,-0.38341537,-0.69525236,0.6039867,198.22039794921875
session-20260402-051025,862,1329448363350771,1329448343625829,TRACKING,frame_1329448363350771.jpg,/content/trajectreview_input/session-20260402-051025/trajectreview/images/frame_1329448363350771.jpg,True,456.27792,455.49878,317.64102,245.34378,640,480,-0.66135794,0.0075565763,-1.408594,-0.07123878,-0.38477463,-0.6957053,0.602385,193.39697265625
session-20260402-051025,863,1329448396714834,1329448376989892,TRACKING,frame_1329448396714834.jpg,/content/trajectreview_input/session-20260402-051025/trajectreview/images/frame_1329448396714834.jpg,True,456.27792,455.49878,317.64102,245.34378,640,480,-0.6686617,0.0061378274,-1.4153239,-0.07466662,-0.38659108,-0.6964521,0.5999388,149.79234313964844
session-20260402-051025,864,1329448430156112,1329448410353954,TRACKING,frame_1329448430156112.jpg,/content/trajectreview_input/session-20260402-051025/trajectreview/images/frame_1329448430156112.jpg,True,456.27792,455.49878,317.64102,245.34378,640,480,-0.67736256,0.005792344,-1.4214009,-0.07584431,-0.38939553,-0.69583124,0.5986965,254.32546997070312
session-20260402-051025,865,1329448463520122,1329448443717964,TRACKING,frame_1329448463520122.jpg,/content/trajectreview_input/session-20260402-051025/trajectreview/images/frame_1329448463520122.jpg,True,456.27792,455.49878,317.64102,245.34378,640,480,-0.6837236,0.0051222555,-1.4265072,-0.07491129,-0.39245752,-0.69728893,0.59510803,249.75914001464844
session-20260402-051025,866,1329448496884185,1329448477082027,TRACKING,frame_1329448496884185.jpg,/content/trajectreview_input/session-20260402-051025/trajectreview/images/frame_1329448496884185.jpg,True,456.27792,455.49878,317.64102,245.34378,640,480,-0.69062024,0.005022172,-1.4320828,-0.075635836,-0.39473507,-0.6966065,0.59430856,318.740966796875
session-20260402-051025,867,1329448530213978,1329448510446037,TRACKING,frame_1329448530213978.jpg,/content/trajectreview_input/session-20260402-051025/trajectreview/images/frame_1329448530213978.jpg,True,456.27792,455.49878,317.64102,245.34378,640,480,-0.69943786,0.0061748642,-1.4373915,-0.07604111,-0.39558542,-0.6974856,0.592658,288.9258117675781
session-20260402-051025,868,1329448563578041,1329448543810100,TRACKING,frame_1329448563578041.jpg,/content/trajectreview_input/session-20260402-051025/trajectreview/images/frame_1329448563578041.jpg,True,456.27792,455.49878,317.64102,245.34378,640,480,-0.70583516,0.0066486355,-1.4416684,-0.071316965,-0.39880133,-0.69724715,0.59136945,161.42691040039062
session-20260402-051025,869,1329448596942103,1329448577174162,TRACKING,frame_1329448596942103.jpg,/content/trajectreview_input/session-20260402-051025/trajectreview/images/frame_1329448596942103.jpg,True,456.27792,455.49878,317.64102,245.34378,640,480,-0.71188647,0.0071107373,-1.4462078,-0.06904644,-0.40044937,-0.69701344,0.5908004,180.54110717773438
session-20260402-051025,870,1329448630309328,1329448610538173,TRACKING,frame_1329448630309328.jpg,/content/trajectreview_input/session-20260402-051025/trajectreview/images/frame_1329448630309328.jpg,True,456.27792,455.49878,317.64102,245.34378,640,480,-0.7191884,0.0069505423,-1.4521703,-0.07439383,-0.4019221,-0.696212,0.59009576,179.28582763671875
session-20260402-051025,871,1329448663673390,1329448643902235,TRACKING,frame_1329448663673390.jpg,/content/trajectreview_input/session-20260402-051025/trajectreview/images/frame_1329448663673390.jpg,True,456.27792,455.49878,317.64102,245.34378,640,480,-0.72468174,0.0075063016,-1.4562833,-0.07465254,-0.40437266,-0.695705,0.5889857,270.7047119140625
session-20260402-051025,872,1329448697037453,1329448677266298,TRACKING,frame_1329448697037453.jpg,/content/trajectreview_input/session-20260402-051025/trajectreview/images/frame_1329448697037453.jpg,True,456.27792,455.49878,317.64102,245.34378,640,480,-0.7297596,0.008201366,-1.4595747,-0.07419177,-0.406478,-0.696123,0.58709794,219.49729919433594
session-20260402-051025,873,1329448730363526,1329448710630308,TRACKING,frame_1329448730363526.jpg,/content/trajectreview_input/session-20260402-051025/trajectreview/images/frame_1329448730363526.jpg,True,456.27792,455.49878,317.64102,245.34378,640,480,-0.73547363,0.010056453,-1.4645497,-0.076890536,-0.40681633,-0.6944194,0.58853215,387.296630859375
session-20260402-051025,874,1329448763727589,1329448743994371,TRACKING,frame_1329448763727589.jpg,/content/trajectreview_input/session-20260402-051025/trajectreview/images/frame_1329448763727589.jpg,True,456.27792,455.49878,317.64102,245.34378,640,480,-0.740619,0.011912964,-1.4672444,-0.07569729,-0.40859276,-0.69236696,0.58987266,320.89788818359375
session-20260402-051025,875,1329448797091651,1329448777358433,TRACKING,frame_1329448797091651.jpg,/content/trajectreview_input/session-20260402-051025/trajectreview/images/frame_1329448797091651.jpg,True,456.27792,455.49878,317.64102,245.34378,640,480,-0.7455502,0.014142523,-1.4693689,-0.07202823,-0.41148657,-0.6905755,0.5904203,266.1212158203125
session-20260402-051025,876,1329448830462876,1329448810722444,TRACKING,frame_1329448830462876.jpg,/content/trajectreview_input/session-20260402-051025/trajectreview/images/frame_1329448830462876.jpg,True,456.27792,455.49878,317.64102,245.34378,640,480,-0.7526798,0.017130323,-1.471927,-0.071247905,-0.41440183,-0.6884589,0.5909476,322.78717041015625
session-20260402-051025,877,1329448863826938,1329448844086506,TRACKING,frame_1329448863826938.jpg,/content/trajectreview_input/session-20260402-051025/trajectreview/images/frame_1329448863826938.jpg,True,456.27792,455.49878,317.64102,245.34378,640,480,-0.7582334,0.01962929,-1.4762007,-0.074410856,-0.41611153,-0.6855655,0.5927176,173.02516174316406
session-20260402-051025,878,1329448897191001,1329448877450569,TRACKING,frame_1329448897191001.jpg,/content/trajectreview_input/session-20260402-051025/trajectreview/images/frame_1329448897191001.jpg,True,456.27792,455.49878,317.64102,245.34378,640,480,-0.76353586,0.022466632,-1.480922,-0.079029486,-0.41721967,-0.68364453,0.5935589,201.4755096435547
session-20260402-051025,879,1329448930552347,1329448910814579,TRACKING,frame_1329448930552347.jpg,/content/trajectreview_input/session-20260402-051025/trajectreview/images/frame_1329448930552347.jpg,True,456.27792,455.49878,317.64102,245.34378,640,480,-0.7693226,0.027053755,-1.4864414,-0.0785153,-0.4147838,-0.68365103,0.5953242,144.6696319580078
session-20260402-051025,880,1329448963916410,1329448944178642,TRACKING,frame_1329448963916410.jpg,/content/trajectreview_input/session-20260402-051025/trajectreview/images/frame_1329448963916410.jpg,True,456.27792,455.49878,317.64102,245.34378,640,480,-0.7745511,0.03105207,-1.4913481,-0.07689201,-0.4134574,-0.6816768,0.59871304,190.4121551513672
session-20260402-051025,881,1329448997280472,1329448977542704,TRACKING,frame_1329448997280472.jpg,/content/trajectreview_input/session-20260402-051025/trajectreview/images/frame_1329448997280472.jpg,True,456.27792,455.49878,317.64102,245.34378,640,480,-0.7790096,0.034870952,-1.4965053,-0.0735472,-0.41377082,-0.6786955,0.60229313,174.17141723632812
session-20260402-051025,882,1329449030655620,1329449010906714,TRACKING,frame_1329449030655620.jpg,/content/trajectreview_input/session-20260402-051025/trajectreview/images/frame_1329449030655620.jpg,True,456.27792,455.49878,317.64102,245.34378,640,480,-0.7823017,0.037601627,-1.5019671,-0.071346946,-0.41384292,-0.6793718,0.6017455,297.57781982421875
session-20260402-051025,883,1329449064019683,1329449044270777,TRACKING,frame_1329449064019683.jpg,/content/trajectreview_input/session-20260402-051025/trajectreview/images/frame_1329449064019683.jpg,True,456.27792,455.49878,317.64102,245.34378,640,480,-0.78443205,0.038593683,-1.5091704,-0.073209435,-0.41486502,-0.67999434,0.6001127,186.1005096435547
session-20260402-051025,884,1329449097383693,1329449077634787,TRACKING,frame_1329449097383693.jpg,/content/trajectreview_input/session-20260402-051025/trajectreview/images/frame_1329449097383693.jpg,True,456.27792,455.49878,317.64102,245.34378,640,480,-0.7861022,0.038427874,-1.5169543,-0.077536695,-0.41624123,-0.6800686,0.5985299,190.48912048339844
session-20260402-051025,885,1329449130761348,1329449110998850,TRACKING,frame_1329449130761348.jpg,/content/trajectreview_input/session-20260402-051025/trajectreview/images/frame_1329449130761348.jpg,True,456.27792,455.49878,317.64102,245.34378,640,480,-0.78755474,0.036888205,-1.5239105,-0.07931722,-0.41686714,-0.68172604,0.59597,313.11224365234375
session-20260402-051025,886,1329449164125410,1329449144362912,TRACKING,frame_1329449164125410.jpg,/content/trajectreview_input/session-20260402-051025/trajectreview/images/frame_1329449164125410.jpg,True,456.27792,455.49878,317.64102,245.34378,640,480,-0.78913575,0.03490953,-1.5316079,-0.08036685,-0.41844395,-0.6819171,0.5945039,244.94387817382812
session-20260402-051025,887,1329449197489421,1329449177726923,TRACKING,frame_1329449197489421.jpg,/content/trajectreview_input/session-20260402-051025/trajectreview/images/frame_1329449197489421.jpg,True,456.27792,455.49878,317.64102,245.34378,640,480,-0.7912005,0.031223617,-1.5400289,-0.083032265,-0.42102182,-0.6808779,0.5935077,249.16175842285156
session-20260402-051025,888,1329449230879636,1329449211090985,TRACKING,frame_1329449230879636.jpg,/content/trajectreview_input/session-20260402-051025/trajectreview/images/frame_1329449230879636.jpg,True,456.27792,455.49878,317.64102,245.34378,640,480,-0.7925922,0.02701974,-1.5482025,-0.08422573,-0.4226914,-0.68044084,0.5926536,231.21742248535156
session-20260402-051025,889,1329449264243699,1329449244455048,TRACKING,frame_1329449264243699.jpg,/content/trajectreview_input/session-20260402-051025/trajectreview/images/frame_1329449264243699.jpg,True,456.27792,455.49878,317.64102,245.34378,640,480,-0.79415387,0.021158144,-1.5559652,-0.0879424,-0.42584866,-0.68059105,0.58967346,132.09506225585938
session-20260402-051025,890,1329449297607709,1329449277819058,TRACKING,frame_1329449297607709.jpg,/content/trajectreview_input/session-20260402-051025/trajectreview/images/frame_1329449297607709.jpg,True,456.27792,455.49878,317.64102,245.34378,640,480,-0.79642004,0.015364934,-1.5627346,-0.08960614,-0.4282049,-0.68096846,0.5872761,262.17523193359375
session-20260402-051025,891,1329449330993181,1329449311183121,TRACKING,frame_1329449330993181.jpg,/content/trajectreview_input/session-20260402-051025/trajectreview/images/frame_1329449330993181.jpg,True,456.27792,455.49878,317.64102,245.34378,640,480,-0.7988474,0.00955019,-1.5691801,-0.086257584,-0.430341,-0.6814006,0.5857126,291.38714599609375
session-20260402-051025,892,1329449368530243,1329449352896183,TRACKING,frame_1329449368530243.jpg,/content/trajectreview_input/session-20260402-051025/trajectreview/images/frame_1329449368530243.jpg,True,456.27792,455.49878,317.64102,245.34378,640,480,-0.804887,0.005059015,-1.5778521,-0.08358095,-0.42986536,-0.6793906,0.58877707,308.010986328125
session-20260402-051025,893,1329449401894254,1329449386260194,TRACKING,frame_1329449401894254.jpg,/content/trajectreview_input/session-20260402-051025/trajectreview/images/frame_1329449401894254.jpg,True,456.27792,455.49878,317.64102,245.34378,640,480,-0.8108673,0.0013004076,-1.5869699,-0.08612241,-0.43042582,-0.6746251,0.5934623,321.942138671875
session-20260402-051025,894,1329449435193063,1329449419624256,TRACKING,frame_1329449435193063.jpg,/content/trajectreview_input/session-20260402-051025/trajectreview/images/frame_1329449435193063.jpg,True,456.27792,455.49878,317.64102,245.34378,640,480,-0.81564856,-0.0023488607,-1.5937837,-0.0842224,-0.42909476,-0.6727382,0.59683126,211.40621948242188
session-20260402-051025,895,1329449468557126,1329449452988319,TRACKING,frame_1329449468557126.jpg,/content/trajectreview_input/session-20260402-051025/trajectreview/images/frame_1329449468557126.jpg,True,456.27792,455.49878,317.64102,245.34378,640,480,-0.81873244,-0.005626412,-1.5995789,-0.081265695,-0.4279716,-0.67385614,0.59678626,285.2684020996094
session-20260402-051025,896,1329449501921136,1329449486352329,TRACKING,frame_1329449501921136.jpg,/content/trajectreview_input/session-20260402-051025/trajectreview/images/frame_1329449501921136.jpg,True,456.27792,455.49878,317.64102,245.34378,640,480,-0.8215819,-0.0089858305,-1.605637,-0.080625735,-0.42687112,-0.67448205,0.5969544,326.6656494140625
session-20260402-051025,897,1329449535239622,1329449519716392,TRACKING,frame_1329449535239622.jpg,/content/trajectreview_input/session-20260402-051025/trajectreview/images/frame_1329449535239622.jpg,True,456.27792,455.49878,317.64102,245.34378,640,480,-0.8247133,-0.012271116,-1.6124862,-0.07986161,-0.42665872,-0.6743155,0.59739685,309.41741943359375
session-20260402-051025,898,1329449568603632,1329449553080402,TRACKING,frame_1329449568603632.jpg,/content/trajectreview_input/session-20260402-051025/trajectreview/images/frame_1329449568603632.jpg,True,456.27792,455.49878,317.64102,245.34378,640,480,-0.82713646,-0.01716681,-1.6189972,-0.083281465,-0.42529348,-0.6769129,0.5949609,234.28695678710938
session-20260402-051025,899,1329449601967694,1329449586444464,TRACKING,frame_1329449601967694.jpg,/content/trajectreview_input/session-20260402-051025/trajectreview/images/frame_1329449601967694.jpg,True,456.27792,455.49878,317.64102,245.34378,640,480,-0.8297679,-0.022258192,-1.6251922,-0.086252175,-0.42497987,-0.67965406,0.59162724,276.05352783203125
session-20260402-051025,900,1329449635381741,1329449619808527,TRACKING,frame_1329449635381741.jpg,/content/trajectreview_input/session-20260402-051025/trajectreview/images/frame_1329449635381741.jpg,True,456.27792,455.49878,317.64102,245.34378,640,480,-0.83249784,-0.027284803,-1.6313893,-0.08927772,-0.42375273,-0.6810122,0.59049606,158.7572479248047
session-20260402-051025,901,1329449668745751,1329449653172537,TRACKING,frame_1329449668745751.jpg,/content/trajectreview_input/session-20260402-051025/trajectreview/images/frame_1329449668745751.jpg,True,456.27792,455.49878,317.64102,245.34378,640,480,-0.8359183,-0.03157069,-1.6377187,-0.09330425,-0.42491218,-0.67888206,0.59149206,260.90618896484375
session-20260402-051025,902,1329449702109814,1329449686536600,TRACKING,frame_1329449702109814.jpg,/content/trajectreview_input/session-20260402-051025/trajectreview/images/frame_1329449702109814.jpg,True,456.27792,455.49878,317.64102,245.34378,640,480,-0.8376783,-0.035127427,-1.6404635,-0.085794695,-0.42282218,-0.68367404,0.5886003,154.02468872070312
session-20260402-051025,903,1329449735448288,1329449719900662,TRACKING,frame_1329449735448288.jpg,/content/trajectreview_input/session-20260402-051025/trajectreview/images/frame_1329449735448288.jpg,True,456.27792,455.49878,317.64102,245.34378,640,480,-0.83922887,-0.039164074,-1.6435239,-0.081895724,-0.42388967,-0.6907195,0.580101,199.26107788085938
session-20260402-051025,904,1329449768812299,1329449753264673,TRACKING,frame_1329449768812299.jpg,/content/trajectreview_input/session-20260402-051025/trajectreview/images/frame_1329449768812299.jpg,True,456.27792,455.49878,317.64102,245.34378,640,480,-0.8413993,-0.0440185,-1.6479255,-0.085131116,-0.4251687,-0.69219506,0.5769317,246.83795166015625
session-20260402-051025,905,1329449802176361,1329449786628735,TRACKING,frame_1329449802176361.jpg,/content/trajectreview_input/session-20260402-051025/trajectreview/images/frame_1329449802176361.jpg,True,456.27792,455.49878,317.64102,245.34378,640,480,-0.84413654,-0.0484596,-1.6519666,-0.08675306,-0.4276394,-0.6918193,0.5753124,261.3009948730469
session-20260402-051025,906,1329449835536756,1329449819992798,TRACKING,frame_1329449835536756.jpg,/content/trajectreview_input/session-20260402-051025/trajectreview/images/frame_1329449835536756.jpg,True,456.27792,455.49878,317.64102,245.34378,640,480,-0.84781224,-0.052576587,-1.6556673,-0.08914193,-0.42702752,-0.69265413,0.57439655,298.89422607421875
session-20260402-051025,907,1329449868900766,1329449853356808,TRACKING,frame_1329449868900766.jpg,/content/trajectreview_input/session-20260402-051025/trajectreview/images/frame_1329449868900766.jpg,True,456.27792,455.49878,317.64102,245.34378,640,480,-0.8487743,-0.056794748,-1.6572315,-0.087922245,-0.42735,-0.69655836,0.56960356,318.8680725097656
session-20260402-051025,908,1329449902264829,1329449886720871,TRACKING,frame_1329449902264829.jpg,/content/trajectreview_input/session-20260402-051025/trajectreview/images/frame_1329449902264829.jpg,True,456.27792,455.49878,317.64102,245.34378,640,480,-0.84901357,-0.0614369,-1.6586105,-0.08842501,-0.42581755,-0.7006331,0.5656621,315.7073974609375
session-20260402-051025,909,1329449935689140,1329449920084881,TRACKING,frame_1329449935689140.jpg,/content/trajectreview_input/session-20260402-051025/trajectreview/images/frame_1329449935689140.jpg,True,456.27792,455.49878,317.64102,245.34378,640,480,-0.84939206,-0.06612317,-1.6603456,-0.09023902,-0.42735663,-0.7038929,0.5601411,165.00119018554688
session-20260402-051025,910,1329449969053203,1329449953448944,TRACKING,frame_1329449969053203.jpg,/content/trajectreview_input/session-20260402-051025/trajectreview/images/frame_1329449969053203.jpg,True,456.27792,455.49878,317.64102,245.34378,640,480,-0.8508535,-0.07176271,-1.6618658,-0.091692984,-0.4273114,-0.7053999,0.55803984,233.08584594726562
session-20260402-051025,911,1329450002417265,1329449986813006,TRACKING,frame_1329450002417265.jpg,/content/trajectreview_input/session-20260402-051025/trajectreview/images/frame_1329450002417265.jpg,True,456.27792,455.49878,317.64102,245.34378,640,480,-0.85211945,-0.07771593,-1.6627539,-0.08620106,-0.43013203,-0.7074033,0.55419886,146.35072326660156
session-20260402-051025,912,1329450035782650,1329450020177017,TRACKING,frame_1329450035782650.jpg,/content/trajectreview_input/session-20260402-051025/trajectreview/images/frame_1329450035782650.jpg,True,456.27792,455.49878,317.64102,245.34378,640,480,-0.8539426,-0.084390864,-1.6654671,-0.089848764,-0.43702227,-0.70666933,0.5491421,97.65419006347656
session-20260402-051025,913,1329450069146712,1329450053541079,TRACKING,frame_1329450069146712.jpg,/content/trajectreview_input/session-20260402-051025/trajectreview/images/frame_1329450069146712.jpg,True,456.27792,455.49878,317.64102,245.34378,640,480,-0.8570935,-0.091505036,-1.6702845,-0.09529411,-0.43969843,-0.7018173,0.5523014,263.1897277832031
session-20260402-051025,914,1329450102510775,1329450086905142,TRACKING,frame_1329450102510775.jpg,/content/trajectreview_input/session-20260402-051025/trajectreview/images/frame_1329450102510775.jpg,True,456.27792,455.49878,317.64102,245.34378,640,480,-0.8595473,-0.0986929,-1.6743231,-0.09758048,-0.43667677,-0.7020325,0.5540232,200.47879028320312
session-20260402-051025,915,1329450135925944,1329450120269152,TRACKING,frame_1329450135925944.jpg,/content/trajectreview_input/session-20260402-051025/trajectreview/images/frame_1329450135925944.jpg,True,456.27792,455.49878,317.64102,245.34378,640,480,-0.86285156,-0.10487637,-1.6768328,-0.097788416,-0.4318798,-0.7039103,0.5553626,211.02670288085938
session-20260402-051025,916,1329450169290006,1329450153633214,TRACKING,frame_1329450169290006.jpg,/content/trajectreview_input/session-20260402-051025/trajectreview/images/frame_1329450169290006.jpg,True,456.27792,455.49878,317.64102,245.34378,640,480,-0.8666597,-0.11181146,-1.6826316,-0.10161039,-0.428638,-0.70043004,0.56155366,213.36288452148438
session-20260402-051025,917,1329450202654069,1329450186997277,TRACKING,frame_1329450202654069.jpg,/content/trajectreview_input/session-20260402-051025/trajectreview/images/frame_1329450202654069.jpg,True,456.27792,455.49878,317.64102,245.34378,640,480,-0.86882025,-0.11897668,-1.6879236,-0.10383042,-0.427858,-0.69768685,0.5651458,305.58514404296875
session-20260402-051025,918,1329450235872080,1329450220361287,TRACKING,frame_1329450235872080.jpg,/content/trajectreview_input/session-20260402-051025/trajectreview/images/frame_1329450235872080.jpg,True,456.27792,455.49878,317.64102,245.34378,640,480,-0.8673863,-0.12539811,-1.6902523,-0.09698787,-0.4258534,-0.70047224,0.5644297,168.0430450439453
session-20260402-051025,919,1329450269236143,1329450253725350,TRACKING,frame_1329450269236143.jpg,/content/trajectreview_input/session-20260402-051025/trajectreview/images/frame_1329450269236143.jpg,True,456.27792,455.49878,317.64102,245.34378,640,480,-0.8655964,-0.13422687,-1.6938574,-0.094056934,-0.42714894,-0.70284486,0.56098676,133.87179565429688
session-20260402-051025,920,1329450302600205,1329450287089412,TRACKING,frame_1329450302600205.jpg,/content/trajectreview_input/session-20260402-051025/trajectreview/images/frame_1329450302600205.jpg,True,456.27792,455.49878,317.64102,245.34378,640,480,-0.8628917,-0.14375567,-1.6990092,-0.10071666,-0.43029433,-0.7053935,0.5541868,135.7618865966797
session-20260402-051025,921,1329450335887815,1329450320453423,TRACKING,frame_1329450335887815.jpg,/content/trajectreview_input/session-20260402-051025/trajectreview/images/frame_1329450335887815.jpg,True,456.27792,455.49878,317.64102,245.34378,640,480,-0.85962874,-0.15209128,-1.7020841,-0.098850556,-0.43579015,-0.70803374,0.5468123,98.350341796875
session-20260402-051025,922,1329450369251877,1329450353817485,TRACKING,frame_1329450369251877.jpg,/content/trajectreview_input/session-20260402-051025/trajectreview/images/frame_1329450369251877.jpg,True,456.27792,455.49878,317.64102,245.34378,640,480,-0.85656387,-0.161014,-1.7065086,-0.10705039,-0.44272888,-0.7115691,0.5349773,54.350833892822266
session-20260402-051025,923,1329450402615940,1329450387181548,TRACKING,frame_1329450402615940.jpg,/content/trajectreview_input/session-20260402-051025/trajectreview/images/frame_1329450402615940.jpg,True,456.27792,455.49878,317.64102,245.34378,640,480,-0.8549377,-0.1697753,-1.7097561,-0.11421789,-0.45530158,-0.7163815,0.51619,86.83433532714844
session-20260402-051025,924,1329450436082246,1329450420545558,TRACKING,frame_1329450436082246.jpg,/content/trajectreview_input/session-20260402-051025/trajectreview/images/frame_1329450436082246.jpg,True,456.27792,455.49878,317.64102,245.34378,640,480,-0.85503983,-0.17645073,-1.7120885,-0.11762686,-0.45628318,-0.7154985,0.5157824,93.89079284667969
session-20260402-051025,925,1329450469446309,1329450453909621,TRACKING,frame_1329450469446309.jpg,/content/trajectreview_input/session-20260402-051025/trajectreview/images/frame_1329450469446309.jpg,True,456.27792,455.49878,317.64102,245.34378,640,480,-0.8559488,-0.1834237,-1.7158417,-0.12594011,-0.4571133,-0.71630585,0.51194966,190.5575408935547
session-20260402-051025,926,1329450502810319,1329450487273631,TRACKING,frame_1329450502810319.jpg,/content/trajectreview_input/session-20260402-051025/trajectreview/images/frame_1329450502810319.jpg,True,456.27792,455.49878,317.64102,245.34378,640,480,-0.85746104,-0.18931769,-1.7178077,-0.1256023,-0.4564759,-0.7184088,0.5096493,462.38299560546875
session-20260402-051025,927,1329450536170427,1329450520637694,TRACKING,frame_1329450536170427.jpg,/content/trajectreview_input/session-20260402-051025/trajectreview/images/frame_1329450536170427.jpg,True,456.27792,455.49878,317.64102,245.34378,640,480,-0.8598775,-0.19365892,-1.7203721,-0.12930828,-0.45770615,-0.71622705,0.51068896,140.10623168945312
session-20260402-051025,928,1329450569534489,1329450554001756,TRACKING,frame_1329450569534489.jpg,/content/trajectreview_input/session-20260402-051025/trajectreview/images/frame_1329450569534489.jpg,True,456.27792,455.49878,317.64102,245.34378,640,480,-0.863298,-0.20006348,-1.7241371,-0.13210212,-0.45681664,-0.7146286,0.5130044,171.91473388671875
session-20260402-051025,929,1329450602898500,1329450587365767,TRACKING,frame_1329450602898500.jpg,/content/trajectreview_input/session-20260402-051025/trajectreview/images/frame_1329450602898500.jpg,True,456.27792,455.49878,317.64102,245.34378,640,480,-0.8673236,-0.20523793,-1.7272893,-0.12540264,-0.45518458,-0.71110743,0.5209677,191.70965576171875
session-20260402-051025,930,1329450636220629,1329450620729829,TRACKING,frame_1329450636220629.jpg,/content/trajectreview_input/session-20260402-051025/trajectreview/images/frame_1329450636220629.jpg,True,456.27792,455.49878,317.64102,245.34378,640,480,-0.87211454,-0.21071714,-1.73134,-0.12272673,-0.45735827,-0.7066121,0.52579546,396.95135498046875
session-20260402-051025,931,1329450669584692,1329450654093892,TRACKING,frame_1329450669584692.jpg,/content/trajectreview_input/session-20260402-051025/trajectreview/images/frame_1329450669584692.jpg,True,456.27792,455.49878,317.64102,245.34378,640,480,-0.87420636,-0.21593843,-1.7343512,-0.11642985,-0.45656255,-0.7063852,0.5282184,111.34544372558594
session-20260402-051025,932,1329450702948702,1329450687457902,TRACKING,frame_1329450702948702.jpg,/content/trajectreview_input/session-20260402-051025/trajectreview/images/frame_1329450702948702.jpg,True,456.27792,455.49878,317.64102,245.34378,640,480,-0.87657744,-0.21951072,-1.7378496,-0.10655287,-0.4576935,-0.7027912,0.53408587,165.64410400390625
session-20260402-051025,933,1329450736090400,1329450720821964,TRACKING,frame_1329450736090400.jpg,/content/trajectreview_input/session-20260402-051025/trajectreview/images/frame_1329450736090400.jpg,True,456.27792,455.49878,317.64102,245.34378,640,480,-0.8782652,-0.22328971,-1.742152,-0.100546055,-0.46053842,-0.69785184,0.5392566,125.57798767089844
session-20260402-051025,934,1329450769454463,1329450754186027,TRACKING,frame_1329450769454463.jpg,/content/trajectreview_input/session-20260402-051025/trajectreview/images/frame_1329450769454463.jpg,True,456.27792,455.49878,317.64102,245.34378,640,480,-0.8770353,-0.22487688,-1.7437941,-0.087441206,-0.46097288,-0.7033303,0.53402674,112.6739501953125
session-20260402-051025,935,1329450802818473,1329450787550037,TRACKING,frame_1329450802818473.jpg,/content/trajectreview_input/session-20260402-051025/trajectreview/images/frame_1329450802818473.jpg,True,456.27792,455.49878,317.64102,245.34378,640,480,-0.8773682,-0.22545435,-1.7465531,-0.075456835,-0.46150094,-0.7055953,0.532408,135.44659423828125
session-20260402-051025,936,1329450836155058,1329450820914100,TRACKING,frame_1329450836155058.jpg,/content/trajectreview_input/session-20260402-051025/trajectreview/images/frame_1329450836155058.jpg,True,456.27792,455.49878,317.64102,245.34378,640,480,-0.87973475,-0.22504018,-1.7524971,-0.069987856,-0.46123636,-0.701888,0.5382525,134.61856079101562
session-20260402-051025,937,1329450869519068,1329450854278110,TRACKING,frame_1329450869519068.jpg,/content/trajectreview_input/session-20260402-051025/trajectreview/images/frame_1329450869519068.jpg,True,456.27792,455.49878,317.64102,245.34378,640,480,-0.8791467,-0.22629113,-1.756067,-0.06094763,-0.4604346,-0.7068372,0.5335416,147.885009765625
session-20260402-051025,938,1329450902883131,1329450887642173,TRACKING,frame_1329450902883131.jpg,/content/trajectreview_input/session-20260402-051025/trajectreview/images/frame_1329450902883131.jpg,True,456.27792,455.49878,317.64102,245.34378,640,480,-0.87907666,-0.22836667,-1.7610612,-0.05423922,-0.4605823,-0.7101481,0.5297281,241.78648376464844
session-20260402-051025,939,1329450936250860,1329450921006235,TRACKING,frame_1329450936250860.jpg,/content/trajectreview_input/session-20260402-051025/trajectreview/images/frame_1329450936250860.jpg,True,456.27792,455.49878,317.64102,245.34378,640,480,-0.88109857,-0.23098367,-1.7703692,-0.05303887,-0.46170235,-0.706347,0.53393984,320.1099548339844
session-20260402-051025,940,1329450969614923,1329450954370298,TRACKING,frame_1329450969614923.jpg,/content/trajectreview_input/session-20260402-051025/trajectreview/images/frame_1329450969614923.jpg,True,456.27792,455.49878,317.64102,245.34378,640,480,-0.8807179,-0.23603027,-1.7788687,-0.055276707,-0.46484685,-0.70544535,0.53217363,314.2197265625
session-20260402-051025,941,1329451002978933,1329450987734308,TRACKING,frame_1329451002978933.jpg,/content/trajectreview_input/session-20260402-051025/trajectreview/images/frame_1329451002978933.jpg,True,456.27792,455.49878,317.64102,245.34378,640,480,-0.87864536,-0.24070436,-1.7844477,-0.048550643,-0.46800065,-0.708049,0.5265784,279.6328430175781
session-20260402-051025,942,1329451036225114,1329451021098371,TRACKING,frame_1329451036225114.jpg,/content/trajectreview_input/session-20260402-051025/trajectreview/images/frame_1329451036225114.jpg,True,456.27792,455.49878,317.64102,245.34378,640,480,-0.8749949,-0.24708182,-1.7910058,-0.04290499,-0.47080144,-0.71114004,0.5203701,244.63922119140625
session-20260402-051025,943,1329451069589124,1329451054462381,TRACKING,frame_1329451069589124.jpg,/content/trajectreview_input/session-20260402-051025/trajectreview/images/frame_1329451069589124.jpg,True,456.27792,455.49878,317.64102,245.34378,640,480,-0.87398225,-0.25347745,-1.7992157,-0.046974543,-0.474356,-0.71169376,0.5160154,292.612548828125
session-20260402-051025,944,1329451102953187,1329451087826444,TRACKING,frame_1329451102953187.jpg,/content/trajectreview_input/session-20260402-051025/trajectreview/images/frame_1329451102953187.jpg,True,456.27792,455.49878,317.64102,245.34378,640,480,-0.87485135,-0.25877407,-1.8067452,-0.045286626,-0.47667146,-0.7083171,0.51867175,195.30459594726562
session-20260402-051025,945,1329451136257501,1329451121190506,TRACKING,frame_1329451136257501.jpg,/content/trajectreview_input/session-20260402-051025/trajectreview/images/frame_1329451136257501.jpg,True,456.27792,455.49878,317.64102,245.34378,640,480,-0.8751907,-0.26377302,-1.8128655,-0.039112367,-0.4759791,-0.70819837,0.51997054,260.3767395019531
session-20260402-051025,946,1329451169621512,1329451154554517,TRACKING,frame_1329451169621512.jpg,/content/trajectreview_input/session-20260402-051025/trajectreview/images/frame_1329451169621512.jpg,True,456.27792,455.49878,317.64102,245.34378,640,480,-0.8757713,-0.26969984,-1.8186901,-0.037777457,-0.47571242,-0.7082492,0.52024364,465.1933898925781
session-20260402-051025,947,1329451202985574,1329451187918579,TRACKING,frame_1329451202985574.jpg,/content/trajectreview_input/session-20260402-051025/trajectreview/images/frame_1329451202985574.jpg,True,456.27792,455.49878,317.64102,245.34378,640,480,-0.8777914,-0.27574173,-1.8256067,-0.03969684,-0.4766031,-0.70429903,0.52462995,391.90631103515625
session-20260402-051025,948,1329451236245345,1329451221282642,TRACKING,frame_1329451236245345.jpg,/content/trajectreview_input/session-20260402-051025/trajectreview/images/frame_1329451236245345.jpg,True,456.27792,455.49878,317.64102,245.34378,640,480,-0.8793412,-0.28184137,-1.8307528,-0.036479045,-0.4765378,-0.70109373,0.52919614,295.0544738769531
session-20260402-051025,949,1329451269609355,1329451254646652,TRACKING,frame_1329451269609355.jpg,/content/trajectreview_input/session-20260402-051025/trajectreview/images/frame_1329451269609355.jpg,True,456.27792,455.49878,317.64102,245.34378,640,480,-0.8789713,-0.28771904,-1.8343525,-0.033671495,-0.47706842,-0.7023328,0.5272575,521.2907104492188
session-20260402-051025,950,1329451302973417,1329451288010714,TRACKING,frame_1329451302973417.jpg,/content/trajectreview_input/session-20260402-051025/trajectreview/images/frame_1329451302973417.jpg,True,456.27792,455.49878,317.64102,245.34378,640,480,-0.87868947,-0.2941379,-1.8378323,-0.0333295,-0.47811893,-0.70321244,0.5251511,530.5450439453125
session-20260402-051025,951,1329451336369308,1329451321374777,TRACKING,frame_1329451336369308.jpg,/content/trajectreview_input/session-20260402-051025/trajectreview/images/frame_1329451336369308.jpg,True,456.27792,455.49878,317.64102,245.34378,640,480,-0.87868786,-0.30067977,-1.8433334,-0.035457533,-0.47924456,-0.70340145,0.5237308,546.742919921875
session-20260402-051025,952,1329451369733318,1329451354738787,TRACKING,frame_1329451369733318.jpg,/content/trajectreview_input/session-20260402-051025/trajectreview/images/frame_1329451369733318.jpg,True,456.27792,455.49878,317.64102,245.34378,640,480,-0.8809586,-0.30584896,-1.8478433,-0.03423958,-0.48016715,-0.7013476,0.5257173,617.3167114257812
session-20260402-051025,953,1329451403097381,1329451388102850,TRACKING,frame_1329451403097381.jpg,/content/trajectreview_input/session-20260402-051025/trajectreview/images/frame_1329451403097381.jpg,True,456.27792,455.49878,317.64102,245.34378,640,480,-0.8838611,-0.30986565,-1.8529779,-0.035078544,-0.47990483,-0.697418,0.53110164,311.85211181640625
session-20260402-051025,954,1329451436415870,1329451421466860,TRACKING,frame_1329451436415870.jpg,/content/trajectreview_input/session-20260402-051025/trajectreview/images/frame_1329451436415870.jpg,True,456.27792,455.49878,317.64102,245.34378,640,480,-0.88676786,-0.3108765,-1.8570517,-0.030783389,-0.47796416,-0.69053996,0.5419938,137.05966186523438
session-20260402-051025,955,1329451469779933,1329451454830923,TRACKING,frame_1329451469779933.jpg,/content/trajectreview_input/session-20260402-051025/trajectreview/images/frame_1329451469779933.jpg,True,456.27792,455.49878,317.64102,245.34378,640,480,-0.88609636,-0.31318623,-1.8583609,-0.024006246,-0.47699064,-0.69054335,0.5431882,348.01556396484375
session-20260402-051025,956,1329451503143995,1329451488194985,TRACKING,frame_1329451503143995.jpg,/content/trajectreview_input/session-20260402-051025/trajectreview/images/frame_1329451503143995.jpg,True,456.27792,455.49878,317.64102,245.34378,640,480,-0.8832882,-0.3176366,-1.8606535,-0.02932294,-0.4790765,-0.6954007,0.5348305,136.62525939941406
session-20260402-051025,957,1329451536498071,1329451521558996,TRACKING,frame_1329451536498071.jpg,/content/trajectreview_input/session-20260402-051025/trajectreview/images/frame_1329451536498071.jpg,True,456.27792,455.49878,317.64102,245.34378,640,480,-0.88377804,-0.32131514,-1.8642699,-0.03276305,-0.48109758,-0.69116586,0.5382949,179.03756713867188
session-20260402-051025,958,1329451569862133,1329451554923058,TRACKING,frame_1329451569862133.jpg,/content/trajectreview_input/session-20260402-051025/trajectreview/images/frame_1329451569862133.jpg,True,456.27792,455.49878,317.64102,245.34378,640,480,-0.8845338,-0.32265696,-1.8644801,-0.02343396,-0.4782328,-0.6852495,0.54879624,85.12882995605469
session-20260402-051025,959,1329451603226196,1329451588287121,TRACKING,frame_1329451603226196.jpg,/content/trajectreview_input/session-20260402-051025/trajectreview/images/frame_1329451603226196.jpg,True,456.27792,455.49878,317.64102,245.34378,640,480,-0.8802283,-0.32737166,-1.8611122,-0.015228594,-0.47613975,-0.6934235,0.5405764,158.38255310058594
session-20260402-051025,960,1329451636633235,1329451621651131,TRACKING,frame_1329451636633235.jpg,/content/trajectreview_input/session-20260402-051025/trajectreview/images/frame_1329451636633235.jpg,True,456.27792,455.49878,317.64102,245.34378,640,480,-0.8760777,-0.33241802,-1.8610592,-0.017182423,-0.4794933,-0.70034826,0.5284915,173.81471252441406
session-20260402-051025,961,1329451669997298,1329451655015194,TRACKING,frame_1329451669997298.jpg,/content/trajectreview_input/session-20260402-051025/trajectreview/images/frame_1329451669997298.jpg,True,456.27792,455.49878,317.64102,245.34378,640,480,-0.8733502,-0.33617398,-1.8620152,-0.019791469,-0.4800866,-0.7008081,0.52725047,776.4346313476562
session-20260402-051025,962,1329451703361360,1329451688379256,TRACKING,frame_1329451703361360.jpg,/content/trajectreview_input/session-20260402-051025/trajectreview/images/frame_1329451703361360.jpg,True,456.27792,455.49878,317.64102,245.34378,640,480,-0.8709136,-0.3378405,-1.8608623,-0.015522638,-0.47822225,-0.701563,0.52808315,121.3541259765625
session-20260402-051025,963,1329451736803155,1329451721743267,TRACKING,frame_1329451736803155.jpg,/content/trajectreview_input/session-20260402-051025/trajectreview/images/frame_1329451736803155.jpg,True,456.27792,455.49878,317.64102,245.34378,640,480,-0.8685865,-0.33928025,-1.8595779,-0.0046789465,-0.47368783,-0.7046778,0.5282301,150.00494384765625
session-20260402-051025,964,1329451770167217,1329451755107329,TRACKING,frame_1329451770167217.jpg,/content/trajectreview_input/session-20260402-051025/trajectreview/images/frame_1329451770167217.jpg,True,456.27792,455.49878,317.64102,245.34378,640,480,-0.8637358,-0.3404338,-1.8588519,-0.0047731632,-0.47278234,-0.7075791,0.52515316,229.15798950195312
session-20260402-051025,965,1329451803531280,1329451788471392,TRACKING,frame_1329451803531280.jpg,/content/trajectreview_input/session-20260402-051025/trajectreview/images/frame_1329451803531280.jpg,True,456.27792,455.49878,317.64102,245.34378,640,480,-0.85850066,-0.3415469,-1.858582,-0.009282075,-0.46977797,-0.7117175,0.52218837,182.8560791015625
session-20260402-051025,966,1329451836854222,1329451821835402,TRACKING,frame_1329451836854222.jpg,/content/trajectreview_input/session-20260402-051025/trajectreview/images/frame_1329451836854222.jpg,True,456.27792,455.49878,317.64102,245.34378,640,480,-0.85408443,-0.34170306,-1.8565207,-0.0069164396,-0.46519622,-0.7158547,0.52066934,479.6134033203125
session-20260402-051025,967,1329451870218284,1329451855199464,TRACKING,frame_1329451870218284.jpg,/content/trajectreview_input/session-20260402-051025/trajectreview/images/frame_1329451870218284.jpg,True,456.27792,455.49878,317.64102,245.34378,640,480,-0.849092,-0.34253484,-1.8555772,-0.00848833,-0.46547547,-0.7169781,0.51884776,660.7413330078125
session-20260402-051025,968,1329451903582347,1329451888563527,TRACKING,frame_1329451903582347.jpg,/content/trajectreview_input/session-20260402-051025/trajectreview/images/frame_1329451903582347.jpg,True,456.27792,455.49878,317.64102,245.34378,640,480,-0.84394664,-0.34318337,-1.8539369,-0.009784142,-0.46433818,-0.71820796,0.51814246,690.135986328125
session-20260402-051025,969,1329451936972552,1329451921927537,TRACKING,frame_1329451936972552.jpg,/content/trajectreview_input/session-20260402-051025/trajectreview/images/frame_1329451936972552.jpg,True,456.27792,455.49878,317.64102,245.34378,640,480,-0.83934575,-0.3437053,-1.8514347,-0.012859885,-0.46242025,-0.72246844,0.5138497,846.4193115234375
session-20260402-051025,970,1329451970336615,1329451955291600,TRACKING,frame_1329451970336615.jpg,/content/trajectreview_input/session-20260402-051025/trajectreview/images/frame_1329451970336615.jpg,True,456.27792,455.49878,317.64102,245.34378,640,480,-0.8370691,-0.34059832,-1.8494066,-0.010744518,-0.46080434,-0.7195933,0.51935476,203.72952270507812
session-20260402-051025,971,1329452003700625,1329451988655610,TRACKING,frame_1329452003700625.jpg,/content/trajectreview_input/session-20260402-051025/trajectreview/images/frame_1329452003700625.jpg,True,456.27792,455.49878,317.64102,245.34378,640,480,-0.8344267,-0.33601904,-1.8465502,-0.008630949,-0.45869526,-0.71817595,0.5232089,769.902099609375
session-20260402-051025,972,1329452037041159,1329452022019673,TRACKING,frame_1329452037041159.jpg,/content/trajectreview_input/session-20260402-051025/trajectreview/images/frame_1329452037041159.jpg,True,456.27792,455.49878,317.64102,245.34378,640,480,-0.8312257,-0.33130428,-1.843127,-0.013650484,-0.4581721,-0.7185037,0.5231104,556.8582763671875
session-20260402-051025,973,1329452070405221,1329452055383735,TRACKING,frame_1329452070405221.jpg,/content/trajectreview_input/session-20260402-051025/trajectreview/images/frame_1329452070405221.jpg,True,456.27792,455.49878,317.64102,245.34378,640,480,-0.82624763,-0.3262871,-1.8369654,-0.011197717,-0.45651668,-0.7208369,0.5214031,453.99334716796875
session-20260402-051025,974,1329452103769232,1329452088747746,TRACKING,frame_1329452103769232.jpg,/content/trajectreview_input/session-20260402-051025/trajectreview/images/frame_1329452103769232.jpg,True,456.27792,455.49878,317.64102,245.34378,640,480,-0.82024014,-0.32278568,-1.8307769,-0.012355655,-0.45586327,-0.72668713,0.51377225,118.30339813232422
session-20260402-051025,975,1329452137236679,1329452122111808,TRACKING,frame_1329452137236679.jpg,/content/trajectreview_input/session-20260402-051025/trajectreview/images/frame_1329452137236679.jpg,True,456.27792,455.49878,317.64102,245.34378,640,480,-0.815887,-0.3210204,-1.8265902,-0.024781136,-0.458938,-0.7252631,0.5125965,163.39178466796875
session-20260402-051025,976,1329452170600742,1329452155475871,TRACKING,frame_1329452170600742.jpg,/content/trajectreview_input/session-20260402-051025/trajectreview/images/frame_1329452170600742.jpg,True,456.27792,455.49878,317.64102,245.34378,640,480,-0.8128423,-0.316493,-1.8195349,-0.024082033,-0.45657983,-0.72417784,0.5162569,135.1189422607422
session-20260402-051025,977,1329452203964752,1329452188839881,TRACKING,frame_1329452203964752.jpg,/content/trajectreview_input/session-20260402-051025/trajectreview/images/frame_1329452203964752.jpg,True,456.27792,455.49878,317.64102,245.34378,640,480,-0.80874395,-0.31233823,-1.8113388,-0.020871146,-0.45366633,-0.727731,0.51396376,255.55758666992188
session-20260402-051025,978,1329452237235131,1329452222203944,TRACKING,frame_1329452237235131.jpg,/content/trajectreview_input/session-20260402-051025/trajectreview/images/frame_1329452237235131.jpg,True,456.27792,455.49878,317.64102,245.34378,640,480,-0.8046448,-0.30861205,-1.8073678,-0.031157052,-0.4539071,-0.7274518,0.5136257,136.56076049804688
session-20260402-051025,979,1329452270599193,1329452255568006,TRACKING,frame_1329452270599193.jpg,/content/trajectreview_input/session-20260402-051025/trajectreview/images/frame_1329452270599193.jpg,True,456.27792,455.49878,317.64102,245.34378,640,480,-0.80126536,-0.30387485,-1.8017807,-0.037286784,-0.45124182,-0.72822046,0.51447576,517.0455322265625
session-20260402-051025,980,1329452303963204,1329452288932017,TRACKING,frame_1329452303963204.jpg,/content/trajectreview_input/session-20260402-051025/trajectreview/images/frame_1329452303963204.jpg,True,456.27792,455.49878,317.64102,245.34378,640,480,-0.79639137,-0.2987054,-1.7933389,-0.034930475,-0.44804162,-0.7331067,0.5104832,669.1087646484375
session-20260402-051025,981,1329452337292841,1329452322296079,TRACKING,frame_1329452337292841.jpg,/content/trajectreview_input/session-20260402-051025/trajectreview/images/frame_1329452337292841.jpg,True,456.27792,455.49878,317.64102,245.34378,640,480,-0.7914027,-0.29384327,-1.785576,-0.035112616,-0.44725877,-0.7349074,0.5085645,355.50494384765625
session-20260402-051025,982,1329452370656904,1329452355660142,TRACKING,frame_1329452370656904.jpg,/content/trajectreview_input/session-20260402-051025/trajectreview/images/frame_1329452370656904.jpg,True,456.27792,455.49878,317.64102,245.34378,640,480,-0.7862865,-0.28941843,-1.7788031,-0.040387828,-0.44757965,-0.7351954,0.50747305,299.98284912109375
session-20260402-051025,983,1329452404020914,1329452389024152,TRACKING,frame_1329452404020914.jpg,/content/trajectreview_input/session-20260402-051025/trajectreview/images/frame_1329452404020914.jpg,True,456.27792,455.49878,317.64102,245.34378,640,480,-0.7795925,-0.285573,-1.7697614,-0.041323982,-0.4482586,-0.7381279,0.5025173,270.544921875
session-20260402-051025,984,1329452437403110,1329452422388214,TRACKING,frame_1329452437403110.jpg,/content/trajectreview_input/session-20260402-051025/trajectreview/images/frame_1329452437403110.jpg,True,456.27792,455.49878,317.64102,245.34378,640,480,-0.7729346,-0.28232765,-1.7598739,-0.040662576,-0.4494371,-0.74310076,0.49411947,163.55130004882812
session-20260402-051025,985,1329452470767173,1329452455752277,TRACKING,frame_1329452470767173.jpg,/content/trajectreview_input/session-20260402-051025/trajectreview/images/frame_1329452470767173.jpg,True,456.27792,455.49878,317.64102,245.34378,640,480,-0.76728237,-0.27882418,-1.7520742,-0.04700295,-0.45106992,-0.7415848,0.49434668,188.59957885742188
session-20260402-051025,986,1329452504131183,1329452489116287,TRACKING,frame_1329452504131183.jpg,/content/trajectreview_input/session-20260402-051025/trajectreview/images/frame_1329452504131183.jpg,True,456.27792,455.49878,317.64102,245.34378,640,480,-0.76092297,-0.27529126,-1.7428498,-0.050413445,-0.45064342,-0.7419845,0.49379957,235.20950317382812
session-20260402-051025,987,1329452537546530,1329452522480350,TRACKING,frame_1329452537546530.jpg,/content/trajectreview_input/session-20260402-051025/trajectreview/images/frame_1329452537546530.jpg,True,456.27792,455.49878,317.64102,245.34378,640,480,-0.7533252,-0.27287722,-1.7327335,-0.052487183,-0.45241147,-0.74523234,0.48702955,153.6591796875
session-20260402-051025,988,1329452570910540,1329452555844360,TRACKING,frame_1329452570910540.jpg,/content/trajectreview_input/session-20260402-051025/trajectreview/images/frame_1329452570910540.jpg,True,456.27792,455.49878,317.64102,245.34378,640,480,-0.74805397,-0.26841593,-1.7240202,-0.057045907,-0.4527442,-0.7408547,0.49285167,286.43505859375
session-20260402-051025,989,1329452604274603,1329452589208423,TRACKING,frame_1329452604274603.jpg,/content/trajectreview_input/session-20260402-051025/trajectreview/images/frame_1329452604274603.jpg,True,456.27792,455.49878,317.64102,245.34378,640,480,-0.7415751,-0.2636831,-1.7145237,-0.060570788,-0.45053723,-0.73984313,0.4959632,183.43316650390625
session-20260402-051025,990,1329452637553383,1329452622572485,TRACKING,frame_1329452637553383.jpg,/content/trajectreview_input/session-20260402-051025/trajectreview/images/frame_1329452637553383.jpg,True,456.27792,455.49878,317.64102,245.34378,640,480,-0.7348363,-0.2600692,-1.703657,-0.064328045,-0.45253876,-0.7394004,0.49432534,181.84722900390625
session-20260402-051025,991,1329452670917394,1329452655936496,TRACKING,frame_1329452670917394.jpg,/content/trajectreview_input/session-20260402-051025/trajectreview/images/frame_1329452670917394.jpg,True,456.27792,455.49878,317.64102,245.34378,640,480,-0.7286949,-0.254436,-1.6944396,-0.06826766,-0.4505163,-0.73634374,0.5001723,282.67755126953125
session-20260402-051025,992,1329452704281456,1329452689300558,TRACKING,frame_1329452704281456.jpg,/content/trajectreview_input/session-20260402-051025/trajectreview/images/frame_1329452704281456.jpg,True,456.27792,455.49878,317.64102,245.34378,640,480,-0.72175866,-0.24859053,-1.6848145,-0.069933906,-0.44850078,-0.7339485,0.50524837,189.69644165039062
session-20260402-051025,993,1329452737591104,1329452722664621,TRACKING,frame_1329452737591104.jpg,/content/trajectreview_input/session-20260402-051025/trajectreview/images/frame_1329452737591104.jpg,True,456.27792,455.49878,317.64102,245.34378,640,480,-0.7148561,-0.24306332,-1.6742781,-0.06993819,-0.44997552,-0.72896266,0.5111205,179.17111206054688
session-20260402-051025,994,1329452770955114,1329452756028631,TRACKING,frame_1329452770955114.jpg,/content/trajectreview_input/session-20260402-051025/trajectreview/images/frame_1329452770955114.jpg,True,456.27792,455.49878,317.64102,245.34378,640,480,-0.70819384,-0.23697162,-1.6642083,-0.07100832,-0.44579276,-0.7252009,0.5199137,232.3994903564453
session-20260402-051025,995,1329452804319177,1329452789392694,TRACKING,frame_1329452804319177.jpg,/content/trajectreview_input/session-20260402-051025/trajectreview/images/frame_1329452804319177.jpg,True,456.27792,455.49878,317.64102,245.34378,640,480,-0.69836444,-0.23300964,-1.654125,-0.07760411,-0.44466373,-0.72626674,0.5184481,90.71359252929688
session-20260402-051025,996,1329452837748099,1329452822756756,TRACKING,frame_1329452837748099.jpg,/content/trajectreview_input/session-20260402-051025/trajectreview/images/frame_1329452837748099.jpg,True,456.27792,455.49878,317.64102,245.34378,640,480,-0.6885087,-0.22902696,-1.6437501,-0.08427131,-0.44811964,-0.7259988,0.514794,169.32675170898438
session-20260402-051025,997,1329452871112110,1329452856120767,TRACKING,frame_1329452871112110.jpg,/content/trajectreview_input/session-20260402-051025/trajectreview/images/frame_1329452871112110.jpg,True,456.27792,455.49878,317.64102,245.34378,640,480,-0.67915726,-0.22428605,-1.6323885,-0.08531448,-0.4476217,-0.7259455,0.5151304,266.5240783691406
session-20260402-051025,998,1329452904476172,1329452889484829,TRACKING,frame_1329452904476172.jpg,/content/trajectreview_input/session-20260402-051025/trajectreview/images/frame_1329452904476172.jpg,True,456.27792,455.49878,317.64102,245.34378,640,480,-0.66916394,-0.21953811,-1.6213089,-0.08901457,-0.44841436,-0.72573304,0.51411325,92.51556396484375
session-20260402-051025,999,1329452937818942,1329452922848839,TRACKING,frame_1329452937818942.jpg,/content/trajectreview_input/session-20260402-051025/trajectreview/images/frame_1329452937818942.jpg,True,456.27792,455.49878,317.64102,245.34378,640,480,-0.65921235,-0.21408196,-1.6106645,-0.087318696,-0.45187885,-0.7236247,0.51434267,112.69229125976562
session-20260402-051025,1000,1329452971183005,1329452956212902,TRACKING,frame_1329452971183005.jpg,/content/trajectreview_input/session-20260402-051025/trajectreview/images/frame_1329452971183005.jpg,True,456.27792,455.49878,317.64102,245.34378,640,480,-0.6495771,-0.20632267,-1.5973755,-0.08340809,-0.4477608,-0.723693,0.51848006,174.87722778320312
session-20260402-051025,1001,1329453004547067,1329452989576964,TRACKING,frame_1329453004547067.jpg,/content/trajectreview_input/session-20260402-051025/trajectreview/images/frame_1329453004547067.jpg,True,456.27792,455.49878,317.64102,245.34378,640,480,-0.6388399,-0.19906513,-1.5855684,-0.08760434,-0.44689676,-0.7225505,0.5201245,181.309814453125
session-20260402-051025,1002,1329453037953471,1329453022940975,TRACKING,frame_1329453037953471.jpg,/content/trajectreview_input/session-20260402-051025/trajectreview/images/frame_1329453037953471.jpg,True,456.27792,455.49878,317.64102,245.34378,640,480,-0.6271129,-0.19162326,-1.573843,-0.085998334,-0.444057,-0.72395885,0.5208659,93.28533935546875
session-20260402-051025,1003,1329453067144533,1329453047956037,TRACKING,frame_1329453067144533.jpg,/content/trajectreview_input/session-20260402-051025/trajectreview/images/frame_1329453067144533.jpg,True,456.27792,455.49878,317.64102,245.34378,640,480,-0.6167115,-0.18413581,-1.5629305,-0.085899994,-0.43932912,-0.7261297,0.52186847,143.80880737304688
session-20260402-051025,1004,1329453100508596,1329453081320100,TRACKING,frame_1329453100508596.jpg,/content/trajectreview_input/session-20260402-051025/trajectreview/images/frame_1329453100508596.jpg,True,456.27792,455.49878,317.64102,245.34378,640,480,-0.60456926,-0.17559981,-1.5518941,-0.09198229,-0.43741468,-0.72522134,0.52369994,118.57713317871094
session-20260402-051025,1005,1329453133868865,1329453114684110,TRACKING,frame_1329453133868865.jpg,/content/trajectreview_input/session-20260402-051025/trajectreview/images/frame_1329453133868865.jpg,True,456.27792,455.49878,317.64102,245.34378,640,480,-0.5923724,-0.16553058,-1.5397221,-0.08769944,-0.4311791,-0.72657764,0.5277102,64.89350891113281
session-20260402-051025,1006,1329453167232928,1329453148048173,TRACKING,frame_1329453167232928.jpg,/content/trajectreview_input/session-20260402-051025/trajectreview/images/frame_1329453167232928.jpg,True,456.27792,455.49878,317.64102,245.34378,640,480,-0.5785992,-0.1561715,-1.5288488,-0.09239891,-0.42685598,-0.72802526,0.52842754,90.25688171386719
session-20260402-051025,1007,1329453200596990,1329453181412235,TRACKING,frame_1329453200596990.jpg,/content/trajectreview_input/session-20260402-051025/trajectreview/images/frame_1329453200596990.jpg,True,456.27792,455.49878,317.64102,245.34378,640,480,-0.5649678,-0.14661834,-1.5185931,-0.09899298,-0.42516106,-0.7268361,0.5302336,96.74159240722656
session-20260402-051025,1008,1329453233924748,1329453214776246,TRACKING,frame_1329453233924748.jpg,/content/trajectreview_input/session-20260402-051025/trajectreview/images/frame_1329453233924748.jpg,True,456.27792,455.49878,317.64102,245.34378,640,480,-0.5512733,-0.13469523,-1.5038817,-0.09382772,-0.4194577,-0.72738016,0.53494817,56.865570068359375
session-20260402-051025,1009,1329453267288810,1329453248140308,TRACKING,frame_1329453267288810.jpg,/content/trajectreview_input/session-20260402-051025/trajectreview/images/frame_1329453267288810.jpg,True,456.27792,455.49878,317.64102,245.34378,640,480,-0.5369849,-0.12536234,-1.4917225,-0.094120264,-0.41697103,-0.7290513,0.5345658,168.87937927246094
session-20260402-051025,1010,1329453300652873,1329453281504371,TRACKING,frame_1329453300652873.jpg,/content/trajectreview_input/session-20260402-051025/trajectreview/images/frame_1329453300652873.jpg,True,456.27792,455.49878,317.64102,245.34378,640,480,-0.52359927,-0.11642983,-1.4806042,-0.096923135,-0.41578045,-0.72750974,0.53708655,92.48676300048828
session-20260402-051025,1011,1329453334038416,1329453314868381,TRACKING,frame_1329453334038416.jpg,/content/trajectreview_input/session-20260402-051025/trajectreview/images/frame_1329453334038416.jpg,True,456.27792,455.49878,317.64102,245.34378,640,480,-0.51096094,-0.107721254,-1.4677656,-0.089658596,-0.41528347,-0.72478265,0.54239386,67.91854858398438
session-20260402-051025,1012,1329453367402479,1329453348232444,TRACKING,frame_1329453367402479.jpg,/content/trajectreview_input/session-20260402-051025/trajectreview/images/frame_1329453367402479.jpg,True,456.27792,455.49878,317.64102,245.34378,640,480,-0.49650356,-0.098829746,-1.4544072,-0.08472475,-0.4130976,-0.7269122,0.5420062,79.41114807128906
session-20260402-051025,1013,1329453400766541,1329453381596506,TRACKING,frame_1329453400766541.jpg,/content/trajectreview_input/session-20260402-051025/trajectreview/images/frame_1329453400766541.jpg,True,456.27792,455.49878,317.64102,245.34378,640,480,-0.48231968,-0.09074098,-1.4422783,-0.08623883,-0.40720227,-0.72861767,0.5439352,113.54669189453125
session-20260402-051025,1014,1329453434176084,1329453414960517,TRACKING,frame_1329453434176084.jpg,/content/trajectreview_input/session-20260402-051025/trajectreview/images/frame_1329453434176084.jpg,True,456.27792,455.49878,317.64102,245.34378,640,480,-0.46730027,-0.08621718,-1.4320703,-0.09246298,-0.40614375,-0.72751105,0.54518384,131.49110412597656
session-20260402-051025,1015,1329453467540146,1329453448324579,TRACKING,frame_1329453467540146.jpg,/content/trajectreview_input/session-20260402-051025/trajectreview/images/frame_1329453467540146.jpg,True,456.27792,455.49878,317.64102,245.34378,640,480,-0.45285633,-0.07930172,-1.4174317,-0.087153874,-0.40502867,-0.7286179,0.54540974,79.4347152709961
session-20260402-051025,1016,1329453500904209,1329453481688642,TRACKING,frame_1329453500904209.jpg,/content/trajectreview_input/session-20260402-051025/trajectreview/images/frame_1329453500904209.jpg,True,456.27792,455.49878,317.64102,245.34378,640,480,-0.43872336,-0.073063225,-1.4031368,-0.08675993,-0.4008318,-0.7289844,0.54807687,149.86802673339844
session-20260402-051025,1017,1329453534367768,1329453515052652,TRACKING,frame_1329453534367768.jpg,/content/trajectreview_input/session-20260402-051025/trajectreview/images/frame_1329453534367768.jpg,True,456.27792,455.49878,317.64102,245.34378,640,480,-0.42410663,-0.068724446,-1.3903224,-0.09330912,-0.39857942,-0.7283877,0.54943526,190.74334716796875
session-20260402-051025,1018,1329453567731830,1329453548416714,TRACKING,frame_1329453567731830.jpg,/content/trajectreview_input/session-20260402-051025/trajectreview/images/frame_1329453567731830.jpg,True,456.27792,455.49878,317.64102,245.34378,640,480,-0.4077298,-0.06409026,-1.3752568,-0.09540043,-0.39533615,-0.7302236,0.5489822,168.33938598632812
session-20260402-051025,1019,1329453601095841,1329453581780725,TRACKING,frame_1329453601095841.jpg,/content/trajectreview_input/session-20260402-051025/trajectreview/images/frame_1329453601095841.jpg,True,456.27792,455.49878,317.64102,245.34378,640,480,-0.39155275,-0.05979675,-1.359523,-0.0977008,-0.38953164,-0.73141295,0.55113953,138.20114135742188
session-20260402-051025,1020,1329453634423592,1329453615144787,TRACKING,frame_1329453634423592.jpg,/content/trajectreview_input/session-20260402-051025/trajectreview/images/frame_1329453634423592.jpg,True,456.27792,455.49878,317.64102,245.34378,640,480,-0.37351564,-0.05392883,-1.3437015,-0.102913484,-0.38712284,-0.7281889,0.5561345,173.94866943359375
session-20260402-051025,1021,1329453667787655,1329453648508850,TRACKING,frame_1329453667787655.jpg,/content/trajectreview_input/session-20260402-051025/trajectreview/images/frame_1329453667787655.jpg,True,456.27792,455.49878,317.64102,245.34378,640,480,-0.3553676,-0.050455175,-1.3267379,-0.102969065,-0.38423115,-0.72794163,0.5584485,167.79953002929688
session-20260402-051025,1022,1329453701151665,1329453681872860,TRACKING,frame_1329453701151665.jpg,/content/trajectreview_input/session-20260402-051025/trajectreview/images/frame_1329453701151665.jpg,True,456.27792,455.49878,317.64102,245.34378,640,480,-0.3365203,-0.047867507,-1.3097584,-0.10830604,-0.37595022,-0.7301938,0.5601323,165.18930053710938
session-20260402-051025,1023,1329453734573112,1329453715236923,TRACKING,frame_1329453734573112.jpg,/content/trajectreview_input/session-20260402-051025/trajectreview/images/frame_1329453734573112.jpg,True,456.27792,455.49878,317.64102,245.34378,640,480,-0.31667763,-0.046107262,-1.2925541,-0.11360419,-0.37419862,-0.7285248,0.5624243,123.72100830078125
session-20260402-051025,1024,1329453767937174,1329453748600985,TRACKING,frame_1329453767937174.jpg,/content/trajectreview_input/session-20260402-051025/trajectreview/images/frame_1329453767937174.jpg,True,456.27792,455.49878,317.64102,245.34378,640,480,-0.29780135,-0.044609696,-1.2761381,-0.11794039,-0.37155166,-0.7259094,0.5666524,142.32476806640625
session-20260402-051025,1025,1329453801301185,1329453781964996,TRACKING,frame_1329453801301185.jpg,/content/trajectreview_input/session-20260402-051025/trajectreview/images/frame_1329453801301185.jpg,True,456.27792,455.49878,317.64102,245.34378,640,480,-0.27806568,-0.043877594,-1.258739,-0.12358904,-0.36380398,-0.7271847,0.5688364,160.78866577148438
session-20260402-051025,1026,1329453834653663,1329453815329058,TRACKING,frame_1329453834653663.jpg,/content/trajectreview_input/session-20260402-051025/trajectreview/images/frame_1329453834653663.jpg,True,456.27792,455.49878,317.64102,245.34378,640,480,-0.2559593,-0.04209166,-1.2387354,-0.12698698,-0.36071658,-0.72604024,0.5715096,165.00717163085938
session-20260402-051025,1027,1329453868017674,1329453848693069,TRACKING,frame_1329453868017674.jpg,/content/trajectreview_input/session-20260402-051025/trajectreview/images/frame_1329453868017674.jpg,True,456.27792,455.49878,317.64102,245.34378,640,480,-0.236463,-0.042185113,-1.2212385,-0.13267088,-0.35694584,-0.7230842,0.5763135,111.95718383789062
session-20260402-051025,1028,1329453901381736,1329453882057131,TRACKING,frame_1329453901381736.jpg,/content/trajectreview_input/session-20260402-051025/trajectreview/images/frame_1329453901381736.jpg,True,456.27792,455.49878,317.64102,245.34378,640,480,-0.21621536,-0.042350136,-1.2033734,-0.13938214,-0.35118002,-0.72290266,0.5784954,171.3817138671875
session-20260402-051025,1029,1329453934710583,1329453915421194,TRACKING,frame_1329453934710583.jpg,/content/trajectreview_input/session-20260402-051025/trajectreview/images/frame_1329453934710583.jpg,True,456.27792,455.49878,317.64102,245.34378,640,480,-0.19713332,-0.041895807,-1.1851313,-0.13944769,-0.34792644,-0.7222909,0.58120346,137.69735717773438
session-20260402-051025,1030,1329453968074645,1329453948785256,TRACKING,frame_1329453968074645.jpg,/content/trajectreview_input/session-20260402-051025/trajectreview/images/frame_1329453968074645.jpg,True,456.27792,455.49878,317.64102,245.34378,640,480,-0.17900123,-0.04072076,-1.1684129,-0.14591649,-0.3414732,-0.7180359,0.5886671,106.18216705322266
session-20260402-051025,1031,1329454001438656,1329453982149267,TRACKING,frame_1329454001438656.jpg,/content/trajectreview_input/session-20260402-051025/trajectreview/images/frame_1329454001438656.jpg,True,456.27792,455.49878,317.64102,245.34378,640,480,-0.16088977,-0.038715515,-1.1516571,-0.14842504,-0.33260262,-0.71589375,0.5956858,71.82756042480469
session-20260402-051025,1032,1329454034887686,1329454015513329,TRACKING,frame_1329454034887686.jpg,/content/trajectreview_input/session-20260402-051025/trajectreview/images/frame_1329454034887686.jpg,True,456.27792,455.49878,317.64102,245.34378,640,480,-0.14325005,-0.036932077,-1.133754,-0.14608829,-0.32731622,-0.71710837,0.59772724,179.5231475830078
session-20260402-051025,1033,1329454068251696,1329454048877339,TRACKING,frame_1329454068251696.jpg,/content/trajectreview_input/session-20260402-051025/trajectreview/images/frame_1329454068251696.jpg,True,456.27792,455.49878,317.64102,245.34378,640,480,-0.12629654,-0.03600388,-1.1192169,-0.15172862,-0.32269698,-0.71457815,0.60184973,134.16957092285156
session-20260402-051025,1034,1329454101615759,1329454082241402,TRACKING,frame_1329454101615759.jpg,/content/trajectreview_input/session-20260402-051025/trajectreview/images/frame_1329454101615759.jpg,True,456.27792,455.49878,317.64102,245.34378,640,480,-0.10978065,-0.034912348,-1.1048859,-0.15327607,-0.3198257,-0.71203464,0.6059906,106.57083892822266
session-20260402-051025,1035,1329454135046224,1329454115605464,TRACKING,frame_1329454135046224.jpg,/content/trajectreview_input/session-20260402-051025/trajectreview/images/frame_1329454135046224.jpg,True,456.27792,455.49878,317.64102,245.34378,640,480,-0.09109525,-0.033807527,-1.090186,-0.14828414,-0.32170424,-0.7130666,0.60502416,105.06451416015625
session-20260402-051025,1036,1329454168410235,1329454148969475,TRACKING,frame_1329454168410235.jpg,/content/trajectreview_input/session-20260402-051025/trajectreview/images/frame_1329454168410235.jpg,True,456.27792,455.49878,317.64102,245.34378,640,480,-0.074159734,-0.033934288,-1.0773003,-0.15079033,-0.32214883,-0.7133541,0.6038279,130.12399291992188
session-20260402-051025,1037,1329454201774297,1329454182333537,TRACKING,frame_1329454201774297.jpg,/content/trajectreview_input/session-20260402-051025/trajectreview/images/frame_1329454201774297.jpg,True,456.27792,455.49878,317.64102,245.34378,640,480,-0.057533477,-0.033983573,-1.0651199,-0.15657803,-0.31860211,-0.71391654,0.60357195,186.00694274902344
session-20260402-051025,1038,1329454235073237,1329454215697600,TRACKING,frame_1329454235073237.jpg,/content/trajectreview_input/session-20260402-051025/trajectreview/images/frame_1329454235073237.jpg,True,456.27792,455.49878,317.64102,245.34378,640,480,-0.03902316,-0.033678573,-1.0489261,-0.1521369,-0.31711736,-0.7191975,0.59920424,87.32028198242188
session-20260402-051025,1039,1329454268437247,1329454249061610,TRACKING,frame_1329454268437247.jpg,/content/trajectreview_input/session-20260402-051025/trajectreview/images/frame_1329454268437247.jpg,True,456.27792,455.49878,317.64102,245.34378,640,480,-0.02313349,-0.033045672,-1.035123,-0.14794907,-0.3151558,-0.7219536,0.5979724,151.03128051757812
session-20260402-051025,1040,1329454301801310,1329454282425673,TRACKING,frame_1329454301801310.jpg,/content/trajectreview_input/session-20260402-051025/trajectreview/images/frame_1329454301801310.jpg,True,456.27792,455.49878,317.64102,245.34378,640,480,-0.007815716,-0.032855555,-1.022285,-0.14746688,-0.3130167,-0.72276205,0.5982383,239.85693359375
session-20260402-051025,1041,1329454335180371,1329454315789735,TRACKING,frame_1329454335180371.jpg,/content/trajectreview_input/session-20260402-051025/trajectreview/images/frame_1329454335180371.jpg,True,456.27792,455.49878,317.64102,245.34378,640,480,0.008671149,-0.034678496,-1.0091598,-0.14745846,-0.3117872,-0.72413045,0.59722674,122.05175018310547
session-20260402-051025,1042,1329454368544382,1329454349153746,TRACKING,frame_1329454368544382.jpg,/content/trajectreview_input/session-20260402-051025/trajectreview/images/frame_1329454368544382.jpg,True,456.27792,455.49878,317.64102,245.34378,640,480,0.023400482,-0.03536874,-0.9952408,-0.1424529,-0.31189057,-0.7252547,0.5970235,161.6639404296875
session-20260402-051025,1043,1329454401908444,1329454382517808,TRACKING,frame_1329454401908444.jpg,/content/trajectreview_input/session-20260402-051025/trajectreview/images/frame_1329454401908444.jpg,True,456.27792,455.49878,317.64102,245.34378,640,480,0.03737902,-0.036902815,-0.9825187,-0.14464259,-0.31043902,-0.7241689,0.5985696,166.9200439453125
session-20260402-051025,1044,1329454435348802,1329454415881819,TRACKING,frame_1329454435348802.jpg,/content/trajectreview_input/session-20260402-051025/trajectreview/images/frame_1329454435348802.jpg,True,456.27792,455.49878,317.64102,245.34378,640,480,0.052280795,-0.03962659,-0.9696166,-0.14774507,-0.30879876,-0.7247165,0.5979973,132.73876953125
session-20260402-051025,1045,1329454468712864,1329454449245881,TRACKING,frame_1329454468712864.jpg,/content/trajectreview_input/session-20260402-051025/trajectreview/images/frame_1329454468712864.jpg,True,456.27792,455.49878,317.64102,245.34378,640,480,0.06664899,-0.04238204,-0.9554966,-0.1444071,-0.31376046,-0.7251651,0.5956816,77.13428497314453
session-20260402-051025,1046,1329454502076927,1329454482609944,TRACKING,frame_1329454502076927.jpg,/content/trajectreview_input/session-20260402-051025/trajectreview/images/frame_1329454502076927.jpg,True,456.27792,455.49878,317.64102,245.34378,640,480,0.08010325,-0.045174994,-0.9420235,-0.14505658,-0.31566808,-0.72433066,0.59553117,112.66130065917969
session-20260402-051025,1047,1329454535357706,1329454515973954,TRACKING,frame_1329454535357706.jpg,/content/trajectreview_input/session-20260402-051025/trajectreview/images/frame_1329454535357706.jpg,True,456.27792,455.49878,317.64102,245.34378,640,480,0.09395176,-0.048258174,-0.9288949,-0.14567773,-0.3138649,-0.7239588,0.59678334,171.34213256835938
session-20260402-051025,1048,1329454568721769,1329454549338017,TRACKING,frame_1329454568721769.jpg,/content/trajectreview_input/session-20260402-051025/trajectreview/images/frame_1329454568721769.jpg,True,456.27792,455.49878,317.64102,245.34378,640,480,0.10640046,-0.050707906,-0.91569614,-0.15102689,-0.31130442,-0.723311,0.5975797,171.83633422851562
session-20260402-051025,1049,1329454602085831,1329454582702079,TRACKING,frame_1329454602085831.jpg,/content/trajectreview_input/session-20260402-051025/trajectreview/images/frame_1329454602085831.jpg,True,456.27792,455.49878,317.64102,245.34378,640,480,0.118196696,-0.05242727,-0.9011141,-0.15057322,-0.3097181,-0.7226237,0.5993474,188.9677734375
session-20260402-051025,1050,1329454635401098,1329454616066089,TRACKING,frame_1329454635401098.jpg,/content/trajectreview_input/session-20260402-051025/trajectreview/images/frame_1329454635401098.jpg,True,456.27792,455.49878,317.64102,245.34378,640,480,0.12874463,-0.054372545,-0.8872109,-0.15285207,-0.3070974,-0.7200932,0.6031527,121.53474426269531
session-20260402-051025,1051,1329454668765161,1329454649430152,TRACKING,frame_1329454668765161.jpg,/content/trajectreview_input/session-20260402-051025/trajectreview/images/frame_1329454668765161.jpg,True,456.27792,455.49878,317.64102,245.34378,640,480,0.13967593,-0.055759415,-0.87232953,-0.15965888,-0.30229387,-0.7179209,0.60639685,183.15521240234375
session-20260402-051025,1052,1329454702129223,1329454682794214,TRACKING,frame_1329454702129223.jpg,/content/trajectreview_input/session-20260402-051025/trajectreview/images/frame_1329454702129223.jpg,True,456.27792,455.49878,317.64102,245.34378,640,480,0.15097333,-0.056550615,-0.8553834,-0.1589001,-0.30041057,-0.7177401,0.6077446,187.52996826171875
session-20260402-051025,1053,1329454735510363,1329454716158225,TRACKING,frame_1329454735510363.jpg,/content/trajectreview_input/session-20260402-051025/trajectreview/images/frame_1329454735510363.jpg,True,456.27792,455.49878,317.64102,245.34378,640,480,0.1632899,-0.0570423,-0.83914554,-0.16268113,-0.29603267,-0.7162273,0.61067003,158.9793701171875
session-20260402-051025,1054,1329454768874425,1329454749522287,TRACKING,frame_1329454768874425.jpg,/content/trajectreview_input/session-20260402-051025/trajectreview/images/frame_1329454768874425.jpg,True,456.27792,455.49878,317.64102,245.34378,640,480,0.17511149,-0.056425706,-0.82272774,-0.16677353,-0.28884047,-0.71628314,0.61294055,111.50979614257812
session-20260402-051025,1055,1329454802238436,1329454782886298,TRACKING,frame_1329454802238436.jpg,/content/trajectreview_input/session-20260402-051025/trajectreview/images/frame_1329454802238436.jpg,True,456.27792,455.49878,317.64102,245.34378,640,480,0.18752414,-0.05468732,-0.80537945,-0.16255786,-0.28682497,-0.7162477,0.6150574,133.47525024414062
session-20260402-051025,1056,1329454835620550,1329454816250360,TRACKING,frame_1329454835620550.jpg,/content/trajectreview_input/session-20260402-051025/trajectreview/images/frame_1329454835620550.jpg,True,456.27792,455.49878,317.64102,245.34378,640,480,0.1969282,-0.053599387,-0.79134244,-0.17148845,-0.2828431,-0.71385974,0.6172487,73.99127960205078
session-20260402-051025,1057,1329454868984613,1329454849614423,TRACKING,frame_1329454868984613.jpg,/content/trajectreview_input/session-20260402-051025/trajectreview/images/frame_1329454868984613.jpg,True,456.27792,455.49878,317.64102,245.34378,640,480,0.2094566,-0.05056545,-0.77381766,-0.17156824,-0.2785559,-0.71499133,0.61786586,62.693477630615234
session-20260402-051025,1058,1329454902348675,1329454882978485,TRACKING,frame_1329454902348675.jpg,/content/trajectreview_input/session-20260402-051025/trajectreview/images/frame_1329454902348675.jpg,True,456.27792,455.49878,317.64102,245.34378,640,480,0.22077721,-0.04637365,-0.75563276,-0.16576794,-0.27340418,-0.71383846,0.6230618,135.01864624023438
session-20260402-051025,1059,1329454935716693,1329454916342496,TRACKING,frame_1329454935716693.jpg,/content/trajectreview_input/session-20260402-051025/trajectreview/images/frame_1329454935716693.jpg,True,456.27792,455.49878,317.64102,245.34378,640,480,0.23005374,-0.040387988,-0.73832464,-0.16174173,-0.2718584,-0.71283007,0.62594396,99.4387435913086
session-20260402-051025,1060,1329454969080755,1329454949706558,TRACKING,frame_1329454969080755.jpg,/content/trajectreview_input/session-20260402-051025/trajectreview/images/frame_1329454969080755.jpg,True,456.27792,455.49878,317.64102,245.34378,640,480,0.24142413,-0.036470942,-0.72072,-0.15771054,-0.27311197,-0.7106946,0.6288485,112.43306732177734
session-20260402-051025,1061,1329455002444766,1329454983070569,TRACKING,frame_1329455002444766.jpg,/content/trajectreview_input/session-20260402-051025/trajectreview/images/frame_1329455002444766.jpg,True,456.27792,455.49878,317.64102,245.34378,640,480,0.25244558,-0.03292065,-0.7038218,-0.15488334,-0.27527836,-0.70779717,0.6318673,122.95550537109375
session-20260402-051025,1062,1329455035943588,1329455016434631,TRACKING,frame_1329455035943588.jpg,/content/trajectreview_input/session-20260402-051025/trajectreview/images/frame_1329455035943588.jpg,True,456.27792,455.49878,317.64102,245.34378,640,480,0.26174054,-0.03123199,-0.68747264,-0.15170716,-0.27720284,-0.70375365,0.6362974,128.12673950195312
session-20260402-051025,1063,1329455069307651,1329455049798694,TRACKING,frame_1329455069307651.jpg,/content/trajectreview_input/session-20260402-051025/trajectreview/images/frame_1329455069307651.jpg,True,456.27792,455.49878,317.64102,245.34378,640,480,0.27211446,-0.0285418,-0.6722404,-0.15185124,-0.2744007,-0.700892,0.6406214,151.83033752441406
session-20260402-051025,1064,1329455102671661,1329455083162704,TRACKING,frame_1329455102671661.jpg,/content/trajectreview_input/session-20260402-051025/trajectreview/images/frame_1329455102671661.jpg,True,456.27792,455.49878,317.64102,245.34378,640,480,0.28265458,-0.026442736,-0.6580706,-0.15549386,-0.2696054,-0.69992983,0.6428319,210.93084716796875
session-20260402-051025,1065,1329455136061022,1329455116526767,TRACKING,frame_1329455136061022.jpg,/content/trajectreview_input/session-20260402-051025/trajectreview/images/frame_1329455136061022.jpg,True,456.27792,455.49878,317.64102,245.34378,640,480,0.29302657,-0.023104485,-0.6461044,-0.15015772,-0.2695498,-0.69892883,0.6452085,152.80043029785156
session-20260402-051025,1066,1329455169425084,1329455149890829,TRACKING,frame_1329455169425084.jpg,/content/trajectreview_input/session-20260402-051025/trajectreview/images/frame_1329455169425084.jpg,True,456.27792,455.49878,317.64102,245.34378,640,480,0.30266586,-0.022240942,-0.6341176,-0.15441905,-0.26900995,-0.6954842,0.64814353,84.13548278808594
session-20260402-051025,1067,1329455202789094,1329455183254839,TRACKING,frame_1329455202789094.jpg,/content/trajectreview_input/session-20260402-051025/trajectreview/images/frame_1329455202789094.jpg,True,456.27792,455.49878,317.64102,245.34378,640,480,0.31368494,-0.022075895,-0.62214494,-0.16179824,-0.26521435,-0.6981659,0.64501715,161.46633911132812
session-20260402-051025,1068,1329455236177562,1329455216618902,TRACKING,frame_1329455236177562.jpg,/content/trajectreview_input/session-20260402-051025/trajectreview/images/frame_1329455236177562.jpg,True,456.27792,455.49878,317.64102,245.34378,640,480,0.32125035,-0.02215025,-0.61266524,-0.15576622,-0.2631736,-0.698614,0.64685005,132.67129516601562
session-20260402-051025,1069,1329455269541624,1329455249982964,TRACKING,frame_1329455269541624.jpg,/content/trajectreview_input/session-20260402-051025/trajectreview/images/frame_1329455269541624.jpg,True,456.27792,455.49878,317.64102,245.34378,640,480,0.33074528,-0.02248263,-0.6025045,-0.16269982,-0.25998336,-0.6972491,0.64790505,79.09420776367188
session-20260402-051025,1070,1329455302905635,1329455283346975,TRACKING,frame_1329455302905635.jpg,/content/trajectreview_input/session-20260402-051025/trajectreview/images/frame_1329455302905635.jpg,True,456.27792,455.49878,317.64102,245.34378,640,480,0.34144193,-0.022882044,-0.59176517,-0.16531152,-0.25789794,-0.6982663,0.6469814,142.1430206298828
session-20260402-051025,1071,1329455336187051,1329455316711037,TRACKING,frame_1329455336187051.jpg,/content/trajectreview_input/session-20260402-051025/trajectreview/images/frame_1329455336187051.jpg,True,456.27792,455.49878,317.64102,245.34378,640,480,0.35085267,-0.023370035,-0.5828563,-0.1638656,-0.25535572,-0.697674,0.64899355,205.75210571289062
session-20260402-051025,1072,1329455369551114,1329455350075100,TRACKING,frame_1329455369551114.jpg,/content/trajectreview_input/session-20260402-051025/trajectreview/images/frame_1329455369551114.jpg,True,456.27792,455.49878,317.64102,245.34378,640,480,0.36200184,-0.02410853,-0.57297003,-0.16872826,-0.25029305,-0.698465,0.64886886,177.964599609375
session-20260402-051025,1073,1329455402915124,1329455383439110,TRACKING,frame_1329455402915124.jpg,/content/trajectreview_input/session-20260402-051025/trajectreview/images/frame_1329455402915124.jpg,True,456.27792,455.49878,317.64102,245.34378,640,480,0.3734514,-0.024815943,-0.5630434,-0.17031263,-0.24682046,-0.6992832,0.6489039,188.88336181640625
session-20260402-051025,1074,1329455436240346,1329455416803173,TRACKING,frame_1329455436240346.jpg,/content/trajectreview_input/session-20260402-051025/trajectreview/images/frame_1329455436240346.jpg,True,456.27792,455.49878,317.64102,245.34378,640,480,0.38277966,-0.026812496,-0.55579835,-0.1797855,-0.24156122,-0.69835335,0.6493288,65.9981918334961
session-20260402-051025,1075,1329455469604356,1329455450167183,TRACKING,frame_1329455469604356.jpg,/content/trajectreview_input/session-20260402-051025/trajectreview/images/frame_1329455469604356.jpg,True,456.27792,455.49878,317.64102,245.34378,640,480,0.39415893,-0.027745033,-0.5476969,-0.18869382,-0.23604883,-0.6991496,0.6479701,159.080810546875
session-20260402-051025,1076,1329455502968419,1329455483531246,TRACKING,frame_1329455502968419.jpg,/content/trajectreview_input/session-20260402-051025/trajectreview/images/frame_1329455502968419.jpg,True,456.27792,455.49878,317.64102,245.34378,640,480,0.4057025,-0.02813128,-0.5386474,-0.18758588,-0.23195449,-0.6992082,0.649705,141.29791259765625
session-20260402-051025,1077,1329455536377907,1329455516895308,TRACKING,frame_1329455536377907.jpg,/content/trajectreview_input/session-20260402-051025/trajectreview/images/frame_1329455536377907.jpg,True,456.27792,455.49878,317.64102,245.34378,640,480,0.4148819,-0.030195436,-0.53039294,-0.19659893,-0.22651479,-0.6970437,0.6512832,69.96165466308594
session-20260402-051025,1078,1329455569741918,1329455550259319,TRACKING,frame_1329455569741918.jpg,/content/trajectreview_input/session-20260402-051025/trajectreview/images/frame_1329455569741918.jpg,True,456.27792,455.49878,317.64102,245.34378,640,480,0.42727295,-0.03100716,-0.52192575,-0.20136829,-0.22070351,-0.69690377,0.6519707,85.86542510986328
session-20260402-051025,1079,1329455603105980,1329455583623381,TRACKING,frame_1329455603105980.jpg,/content/trajectreview_input/session-20260402-051025/trajectreview/images/frame_1329455603105980.jpg,True,456.27792,455.49878,317.64102,245.34378,640,480,0.44017857,-0.031185027,-0.5126521,-0.2005501,-0.21167544,-0.6976079,0.6544588,70.13465881347656
session-20260402-051025,1080,1329455636445519,1329455616987444,TRACKING,frame_1329455636445519.jpg,/content/trajectreview_input/session-20260402-051025/trajectreview/images/frame_1329455636445519.jpg,True,456.27792,455.49878,317.64102,245.34378,640,480,0.4520659,-0.029899333,-0.5017359,-0.20692123,-0.20210707,-0.69654006,0.6566341,108.7296371459961
session-20260402-051025,1081,1329455669809529,1329455650351454,TRACKING,frame_1329455669809529.jpg,/content/trajectreview_input/session-20260402-051025/trajectreview/images/frame_1329455669809529.jpg,True,456.27792,455.49878,317.64102,245.34378,640,480,0.46463773,-0.029765433,-0.49382427,-0.21333389,-0.19409879,-0.6946367,0.65901005,118.66114807128906
session-20260402-051025,1082,1329455703173592,1329455683715517,TRACKING,frame_1329455703173592.jpg,/content/trajectreview_input/session-20260402-051025/trajectreview/images/frame_1329455703173592.jpg,True,456.27792,455.49878,317.64102,245.34378,640,480,0.47764072,-0.0287912,-0.48509276,-0.2111614,-0.18825085,-0.69355917,0.66253155,119.19482421875
session-20260402-051025,1083,1329455736577755,1329455717079579,TRACKING,frame_1329455736577755.jpg,/content/trajectreview_input/session-20260402-051025/trajectreview/images/frame_1329455736577755.jpg,True,456.27792,455.49878,317.64102,245.34378,640,480,0.4908594,-0.027858684,-0.4766803,-0.21141452,-0.18250619,-0.6915747,0.66612303,166.27951049804688
session-20260402-051025,1084,1329455769941765,1329455750443589,TRACKING,frame_1329455769941765.jpg,/content/trajectreview_input/session-20260402-051025/trajectreview/images/frame_1329455769941765.jpg,True,456.27792,455.49878,317.64102,245.34378,640,480,0.5042818,-0.027301375,-0.46927103,-0.21532792,-0.17739263,-0.6892461,0.6686595,142.36651611328125
session-20260402-051025,1085,1329455803305828,1329455783807652,TRACKING,frame_1329455803305828.jpg,/content/trajectreview_input/session-20260402-051025/trajectreview/images/frame_1329455803305828.jpg,True,456.27792,455.49878,317.64102,245.34378,640,480,0.5187252,-0.026716365,-0.46126315,-0.2148546,-0.17240752,-0.68953305,0.6698189,73.25666046142578
session-20260402-051025,1086,1329455836669890,1329455817171714,TRACKING,frame_1329455836669890.jpg,/content/trajectreview_input/session-20260402-051025/trajectreview/images/frame_1329455836669890.jpg,True,456.27792,455.49878,317.64102,245.34378,640,480,0.53323686,-0.026106395,-0.4533031,-0.21017717,-0.16907054,-0.6900117,0.6716581,148.70199584960938
session-20260402-051025,1087,1329455870129378,1329455850535725,TRACKING,frame_1329455870129378.jpg,/content/trajectreview_input/session-20260402-051025/trajectreview/images/frame_1329455870129378.jpg,True,456.27792,455.49878,317.64102,245.34378,640,480,0.54726887,-0.025761403,-0.44903317,-0.21351326,-0.16462661,-0.6889291,0.6728201,208.32632446289062
session-20260402-051025,1088,1329455903493440,1329455883899787,TRACKING,frame_1329455903493440.jpg,/content/trajectreview_input/session-20260402-051025/trajectreview/images/frame_1329455903493440.jpg,True,456.27792,455.49878,317.64102,245.34378,640,480,0.5613157,-0.025253417,-0.44275814,-0.2138955,-0.16198929,-0.68892723,0.6733405,162.13784790039062
session-20260402-051025,1089,1329455936862722,1329455917263798,TRACKING,frame_1329455936862722.jpg,/content/trajectreview_input/session-20260402-051025/trajectreview/images/frame_1329455936862722.jpg,True,456.27792,455.49878,317.64102,245.34378,640,480,0.57424825,-0.024024017,-0.43620914,-0.21169177,-0.16032179,-0.6887647,0.67460114,225.4184112548828
session-20260402-051025,1090,1329455970226784,1329455950627860,TRACKING,frame_1329455970226784.jpg,/content/trajectreview_input/session-20260402-051025/trajectreview/images/frame_1329455970226784.jpg,True,456.27792,455.49878,317.64102,245.34378,640,480,0.5867264,-0.023676284,-0.4307157,-0.21400772,-0.15807602,-0.6882904,0.6748844,239.70062255859375
session-20260402-051025,1091,1329456003590847,1329455983991923,TRACKING,frame_1329456003590847.jpg,/content/trajectreview_input/session-20260402-051025/trajectreview/images/frame_1329456003590847.jpg,True,456.27792,455.49878,317.64102,245.34378,640,480,0.5985649,-0.023112865,-0.42499125,-0.21354707,-0.1560579,-0.68821025,0.6755815,202.57090759277344
session-20260402-051025,1092,1329456037007743,1329456017355933,TRACKING,frame_1329456037007743.jpg,/content/trajectreview_input/session-20260402-051025/trajectreview/images/frame_1329456037007743.jpg,True,456.27792,455.49878,317.64102,245.34378,640,480,0.6089387,-0.02165896,-0.42042232,-0.21873091,-0.1516524,-0.6871962,0.6759584,96.16041564941406
session-20260402-051025,1093,1329456070371806,1329456050719996,TRACKING,frame_1329456070371806.jpg,/content/trajectreview_input/session-20260402-051025/trajectreview/images/frame_1329456070371806.jpg,True,456.27792,455.49878,317.64102,245.34378,640,480,0.619486,-0.021025447,-0.41518137,-0.22345316,-0.15140781,-0.6864159,0.675261,202.27574157714844
session-20260402-051025,1094,1329456103735868,1329456084084058,TRACKING,frame_1329456103735868.jpg,/content/trajectreview_input/session-20260402-051025/trajectreview/images/frame_1329456103735868.jpg,True,456.27792,455.49878,317.64102,245.34378,640,480,0.62908894,-0.01997036,-0.4092405,-0.22643316,-0.14468262,-0.6867376,0.67541564,127.04927062988281
session-20260402-051025,1095,1329456137136827,1329456117448069,TRACKING,frame_1329456137136827.jpg,/content/trajectreview_input/session-20260402-051025/trajectreview/images/frame_1329456137136827.jpg,True,456.27792,455.49878,317.64102,245.34378,640,480,0.63886493,-0.018806098,-0.40237576,-0.22878638,-0.14280654,-0.68597275,0.6757992,199.655029296875
session-20260402-051025,1096,1329456170500889,1329456150812131,TRACKING,frame_1329456170500889.jpg,/content/trajectreview_input/session-20260402-051025/trajectreview/images/frame_1329456170500889.jpg,True,456.27792,455.49878,317.64102,245.34378,640,480,0.6474634,-0.01817549,-0.39593345,-0.23089387,-0.13996156,-0.6857637,0.67588973,215.9488067626953
session-20260402-051025,1097,1329456203864952,1329456184176194,TRACKING,frame_1329456203864952.jpg,/content/trajectreview_input/session-20260402-051025/trajectreview/images/frame_1329456203864952.jpg,True,456.27792,455.49878,317.64102,245.34378,640,480,0.6557184,-0.017591247,-0.38868523,-0.22772305,-0.13730727,-0.68638724,0.6768762,133.65135192871094
session-20260402-051025,1098,1329456237222711,1329456217540204,TRACKING,frame_1329456237222711.jpg,/content/trajectreview_input/session-20260402-051025/trajectreview/images/frame_1329456237222711.jpg,True,456.27792,455.49878,317.64102,245.34378,640,480,0.6627702,-0.01668204,-0.38147414,-0.22812872,-0.13256228,-0.68592876,0.6781491,153.3231658935547
session-20260402-051025,1099,1329456270586774,1329456250904267,TRACKING,frame_1329456270586774.jpg,/content/trajectreview_input/session-20260402-051025/trajectreview/images/frame_1329456270586774.jpg,True,456.27792,455.49878,317.64102,245.34378,640,480,0.6693172,-0.016580964,-0.3753123,-0.22883965,-0.13046665,-0.68489915,0.67935556,247.59019470214844
session-20260402-051025,1100,1329456303950836,1329456284268329,TRACKING,frame_1329456303950836.jpg,/content/trajectreview_input/session-20260402-051025/trajectreview/images/frame_1329456303950836.jpg,True,456.27792,455.49878,317.64102,245.34378,640,480,0.6755107,-0.0165312,-0.3692961,-0.22744973,-0.12867492,-0.6849982,0.6800637,183.18357849121094
session-20260402-051025,1101,1329456337305394,1329456317632339,TRACKING,frame_1329456337305394.jpg,/content/trajectreview_input/session-20260402-051025/trajectreview/images/frame_1329456337305394.jpg,True,456.27792,455.49878,317.64102,245.34378,640,480,0.67804,-0.016296891,-0.36540928,-0.22575478,-0.12827595,-0.6843313,0.68137413,151.34388732910156
session-20260402-051025,1102,1329456370669457,1329456350996402,TRACKING,frame_1329456370669457.jpg,/content/trajectreview_input/session-20260402-051025/trajectreview/images/frame_1329456370669457.jpg,True,456.27792,455.49878,317.64102,245.34378,640,480,0.6824225,-0.016794194,-0.36120182,-0.22801813,-0.13028789,-0.6821607,0.6824145,182.94500732421875
session-20260402-051025,1103,1329456404033467,1329456384360412,TRACKING,frame_1329456404033467.jpg,/content/trajectreview_input/session-20260402-051025/trajectreview/images/frame_1329456404033467.jpg,True,456.27792,455.49878,317.64102,245.34378,640,480,0.686697,-0.017203378,-0.35632032,-0.22601712,-0.12862742,-0.6825068,0.6830489,145.68394470214844
session-20260402-051025,1104,1329456437387252,1329456417724475,TRACKING,frame_1329456437387252.jpg,/content/trajectreview_input/session-20260402-051025/trajectreview/images/frame_1329456437387252.jpg,True,456.27792,455.49878,317.64102,245.34378,640,480,0.6897037,-0.018330736,-0.35146633,-0.22565408,-0.12464171,-0.6824766,0.6839374,198.88856506347656
session-20260402-051025,1105,1329456470751314,1329456451088537,TRACKING,frame_1329456470751314.jpg,/content/trajectreview_input/session-20260402-051025/trajectreview/images/frame_1329456470751314.jpg,True,456.27792,455.49878,317.64102,245.34378,640,480,0.69278765,-0.019205002,-0.34775326,-0.228408,-0.12366431,-0.68223,0.68344647,169.0367889404297
session-20260402-051025,1106,1329456504115325,1329456484452548,TRACKING,frame_1329456504115325.jpg,/content/trajectreview_input/session-20260402-051025/trajectreview/images/frame_1329456504115325.jpg,True,456.27792,455.49878,317.64102,245.34378,640,480,0.69549286,-0.019773668,-0.3433889,-0.22657692,-0.12388126,-0.68284994,0.6833976,99.5671157836914
session-20260402-051025,1107,1329456537474085,1329456517816610,TRACKING,frame_1329456537474085.jpg,/content/trajectreview_input/session-20260402-051025/trajectreview/images/frame_1329456537474085.jpg,True,456.27792,455.49878,317.64102,245.34378,640,480,0.69754493,-0.019898105,-0.33850926,-0.2238877,-0.11921391,-0.6845579,0.68340534,100.3668212890625
session-20260402-051025,1108,1329456570838148,1329456551180673,TRACKING,frame_1329456570838148.jpg,/content/trajectreview_input/session-20260402-051025/trajectreview/images/frame_1329456570838148.jpg,True,456.27792,455.49878,317.64102,245.34378,640,480,0.69951046,-0.019954963,-0.3346427,-0.22492819,-0.11443523,-0.6854085,0.6830279,133.206787109375
session-20260402-051025,1109,1329456604202158,1329456584544683,TRACKING,frame_1329456604202158.jpg,/content/trajectreview_input/session-20260402-051025/trajectreview/images/frame_1329456604202158.jpg,True,456.27792,455.49878,317.64102,245.34378,640,480,0.70059437,-0.019875707,-0.33142644,-0.22691073,-0.11288061,-0.6848403,0.68320066,222.94775390625
session-20260402-051025,1110,1329456637584553,1329456617908746,TRACKING,frame_1329456637584553.jpg,/content/trajectreview_input/session-20260402-051025/trajectreview/images/frame_1329456637584553.jpg,True,456.27792,455.49878,317.64102,245.34378,640,480,0.701066,-0.01922694,-0.3273664,-0.22506118,-0.10927382,-0.6859967,0.6832386,94.42514038085938
session-20260402-051025,1111,1329456670948615,1329456651272808,TRACKING,frame_1329456670948615.jpg,/content/trajectreview_input/session-20260402-051025/trajectreview/images/frame_1329456670948615.jpg,True,456.27792,455.49878,317.64102,245.34378,640,480,0.7018539,-0.018389268,-0.32360289,-0.22402734,-0.103718475,-0.68634814,0.68409103,104.38108825683594
session-20260402-051025,1112,1329456704312626,1329456684636819,TRACKING,frame_1329456704312626.jpg,/content/trajectreview_input/session-20260402-051025/trajectreview/images/frame_1329456704312626.jpg,True,456.27792,455.49878,317.64102,245.34378,640,480,0.7027977,-0.017776342,-0.3203811,-0.22535563,-0.0979443,-0.68679446,0.6840579,104.52059936523438
session-20260402-051025,1113,1329456737703197,1329456718000881,TRACKING,frame_1329456737703197.jpg,/content/trajectreview_input/session-20260402-051025/trajectreview/images/frame_1329456737703197.jpg,True,456.27792,455.49878,317.64102,245.34378,640,480,0.70423263,-0.016648903,-0.3164413,-0.22273485,-0.09534569,-0.6880557,0.6840159,121.36195373535156
session-20260402-051025,1114,1329456771067260,1329456751364944,TRACKING,frame_1329456771067260.jpg,/content/trajectreview_input/session-20260402-051025/trajectreview/images/frame_1329456771067260.jpg,True,456.27792,455.49878,317.64102,245.34378,640,480,0.7058663,-0.016228255,-0.31320843,-0.22028045,-0.09356291,-0.68901265,0.6840936,148.31500244140625
session-20260402-051025,1115,1329456804431270,1329456784728954,TRACKING,frame_1329456804431270.jpg,/content/trajectreview_input/session-20260402-051025/trajectreview/images/frame_1329456804431270.jpg,True,456.27792,455.49878,317.64102,245.34378,640,480,0.707763,-0.015884098,-0.3100923,-0.21901657,-0.090602115,-0.69018054,0.68372047,162.39898681640625
session-20260402-051025,1116,1329456837821879,1329456818093017,TRACKING,frame_1329456837821879.jpg,/content/trajectreview_input/session-20260402-051025/trajectreview/images/frame_1329456837821879.jpg,True,456.27792,455.49878,317.64102,245.34378,640,480,0.71015096,-0.015321607,-0.3074368,-0.21748595,-0.08933936,-0.69090235,0.6836463,192.12725830078125
session-20260402-051025,1117,1329456871185889,1329456851457027,TRACKING,frame_1329456871185889.jpg,/content/trajectreview_input/session-20260402-051025/trajectreview/images/frame_1329456871185889.jpg,True,456.27792,455.49878,317.64102,245.34378,640,480,0.71203446,-0.015009342,-0.30450207,-0.2161465,-0.088289715,-0.6914972,0.68360597,216.68109130859375
session-20260402-051025,1118,1329456904549951,1329456884821089,TRACKING,frame_1329456904549951.jpg,/content/trajectreview_input/session-20260402-051025/trajectreview/images/frame_1329456904549951.jpg,True,456.27792,455.49878,317.64102,245.34378,640,480,0.71371526,-0.014722323,-0.30167356,-0.21533477,-0.087439485,-0.69170845,0.6837578,251.14076232910156
