sensor_type,event_timestamp_ns,elapsed_realtime_ns,wall_time_ms,x,y,z,accuracy
android.sensor.accelerometer,1468035613994947,1468036176688157,1775212844035,0.12801601,8.967103,4.4524446,3
android.sensor.gyroscope,1468035620027656,1468036176794355,1775212844035,0.03940078,-9.162972E-4,-0.018325943,3
android.sensor.gyroscope,1468036184976927,1468036202828939,1775212844061,0.09926552,-0.054672398,-0.021380268,3
android.sensor.accelerometer,1468036192284583,1468036202922585,1775212844061,0.0059820567,8.99821,3.7537405,3
android.sensor.accelerometer,1468036220778020,1468036229819720,1775212844088,-0.08015956,9.199206,3.586243,3
android.sensor.gyroscope,1468036222968125,1468036245193105,1775212844104,-0.024129158,-0.0962112,-0.025045456,3
android.sensor.accelerometer,1468036249271406,1468036258369512,1775212844117,0.049052864,9.069994,3.949952,3
android.sensor.gyroscope,1468036260959375,1468036277478001,1775212844136,0.016798781,-0.03695732,-0.0036651888,3
android.sensor.accelerometer,1468036277764843,1468036290944407,1775212844149,-0.032303106,9.055637,3.868596,3
android.sensor.gyroscope,1468036298950572,1468036315499043,1775212844174,0.040622506,-0.03451386,0.0,3
android.sensor.accelerometer,1468036306258229,1468036315612689,1775212844174,-0.061016977,9.007781,3.7298124,3
android.sensor.accelerometer,1468036334751614,1468036343870449,1775212844202,-0.013160525,9.11785,3.815954,3
android.sensor.gyroscope,1468036336941770,1468036353297585,1775212844212,-0.016798781,-0.050396346,0.02932151,3
android.sensor.accelerometer,1468036363245052,1468036372276751,1775212844231,0.16869399,9.127422,3.8111682,3
android.sensor.gyroscope,1468036374932968,1468036391338991,1775212844250,0.0051923506,0.01802051,0.033597562,3
android.sensor.accelerometer,1468036391738437,1468036400513730,1775212844259,0.111266255,9.041281,3.8781674,3
android.sensor.gyroscope,1468036412924218,1468036429473314,1775212844288,0.016187917,0.01802051,0.03176497,3
android.sensor.accelerometer,1468036420231875,1468036429591803,1775212844288,0.25004998,9.041281,3.882953,3
android.sensor.accelerometer,1468036448725260,1468036458319512,1775212844317,0.2835495,9.069994,3.8207395,3
android.sensor.gyroscope,1468036450915416,1468036467172012,1775212844326,-0.011300999,-0.047952887,-0.0140498895,3
android.sensor.accelerometer,1468036477218697,1468036486215918,1775212844345,0.14955142,9.060423,3.7298124,3
android.sensor.gyroscope,1468036488906614,1468036505231334,1775212844364,-0.016798781,-0.011911863,-0.0030543238,3
android.sensor.accelerometer,1468036505712083,1468036514730866,1775212844373,0.27876383,9.046066,3.734598,3
android.sensor.gyroscope,1468036526897864,1468036543073418,1775212844402,-0.017409647,-0.0033597562,-0.018325943,3
android.sensor.accelerometer,1468036534205520,1468036543209407,1775212844402,0.30269206,9.031709,3.8781674,3
android.sensor.accelerometer,1468036562698906,1468036571712637,1775212844430,0.17347965,9.012567,3.9451663,3
android.sensor.gyroscope,1468036564889062,1468036581030501,1775212844440,-0.038789913,-0.051007207,-0.053145237,3
android.sensor.gyroscope,1468036583884687,1468036605237897,1775212844464,-0.015577052,-0.051618073,-0.045814857,3
android.sensor.accelerometer,1468036591192343,1468036605368939,1775212844464,0.08733802,9.065208,3.8925242,3
android.sensor.accelerometer,1468036620761927,1468036628573418,1775212844487,0.07058827,9.077172,3.9020956,3
android.sensor.gyroscope,1468036626794635,1468036633266022,1775212844492,-0.01924224,-0.0021380268,-0.02687805,3
android.sensor.gyroscope,1468036650539166,1468036662758261,1775212844521,-0.01802051,-0.060781047,-0.02687805,3
android.sensor.accelerometer,1468036649255364,1468036662927116,1775212844521,0.046660043,8.969496,4.002594,3
android.sensor.accelerometer,1468036677748802,1468036685583470,1775212844544,0.12801601,9.0029955,3.9667017,3
android.sensor.gyroscope,1468036679032604,1468036685694928,1775212844544,-0.022907428,-0.11575887,-0.05253437,3
android.sensor.gyroscope,1468036702777083,1468036709191543,1775212844568,-0.051007207,-0.15729769,-0.06597339,3
android.sensor.accelerometer,1468036706242187,1468036720274928,1775212844579,0.08733802,9.069994,3.78724,3
android.sensor.gyroscope,1468036717023802,1468036735625605,1775212844594,-0.051007207,-0.1084285,-0.05986475,3
android.sensor.gyroscope,1468036726521614,1468036762494876,1775212844621,-0.031459536,-0.04612029,-0.041538805,3
android.sensor.accelerometer,1468036725237812,1468036762854147,1775212844621,-0.03708875,9.139386,3.7561333,3
android.sensor.gyroscope,1468036778759531,1468036785050866,1775212844644,-0.01802051,-0.0632245,-0.021991132,3
android.sensor.accelerometer,1468036782224635,1468036790361491,1775212844649,0.12083755,9.242277,3.7896328,3
android.sensor.gyroscope,1468036802504062,1468036809190397,1775212844668,-0.032681264,-0.05222894,-0.018325943,3
android.sensor.accelerometer,1468036810718072,1468036819815553,1775212844678,0.010767702,9.134601,3.9834516,3
android.sensor.gyroscope,1468036826248593,1468036832799043,1775212844691,-0.0021380268,-0.042455103,0.0024434591,3
android.sensor.accelerometer,1468036839211510,1468036847100032,1775212844706,0.13519448,8.993423,4.0217366,3
android.sensor.gyroscope,1468036849993125,1468036857350136,1775212844716,0.049174614,-0.01802051,-0.0073303776,3
android.sensor.accelerometer,1468036867704895,1468036875693418,1775212844734,0.008374879,9.065208,3.8063827,3
android.sensor.gyroscope,1468036873737604,1468036880127116,1775212844739,0.018631376,-0.008246674,0.0036651888,3
android.sensor.gyroscope,1468036892733229,1468036900158053,1775212844759,-0.0033597562,-0.021685699,0.010995566,3
android.sensor.accelerometer,1468036896198333,1468036904060188,1775212844763,0.111266255,9.055637,3.964309,3
android.sensor.gyroscope,1468036916477760,1468036925223470,1775212844784,0.014966187,-0.02535089,0.0073303776,3
android.sensor.accelerometer,1468036915193958,1468036925393105,1775212844784,0.096909314,9.038888,3.947559,3
android.sensor.gyroscope,1468036940222291,1468036947042063,1775212844806,-0.0021380268,-0.022907428,0.015882485,3
android.sensor.accelerometer,1468036943687395,1468036951695553,1775212844810,0.20458634,9.0029955,3.8446677,3
android.sensor.gyroscope,1468036963966822,1468036970526907,1775212844829,0.00763581,-0.011911863,0.0024434591,3
android.sensor.accelerometer,1468036972180833,1468036980277584,1775212844839,0.317049,9.010174,4.0648074,3
android.sensor.gyroscope,1468036987711354,1468036994553470,1775212844853,0.024740024,-0.059559315,-0.02687805,3
android.sensor.accelerometer,1468036991176406,1468037001090188,1775212844860,0.31226337,9.010174,3.842275,3
android.sensor.gyroscope,1468037011455833,1468037017826699,1775212844876,0.008857539,-0.041233372,-0.02932151,3
android.sensor.accelerometer,1468037019669843,1468037028212636,1775212844887,-0.02751746,9.062816,3.667599,3
android.sensor.gyroscope,1468037030451458,1468037038786959,1775212844897,-0.01802051,-0.010690134,-0.0024434591,3
android.sensor.accelerometer,1468037048163281,1468037056833209,1775212844915,0.12562318,9.101101,3.9547377,3
android.sensor.gyroscope,1468037054195989,1468037060556647,1775212844919,-0.024129158,-0.015577052,0.0061086477,3
android.sensor.gyroscope,1468037077940520,1468037084414511,1775212844943,-0.0058032153,-0.038789913,-0.019547673,3
android.sensor.accelerometer,1468037076656718,1468037084511751,1775212844943,0.28594232,9.0436735,3.952345,3
android.sensor.gyroscope,1468037101685052,1468037108756699,1775212844967,0.028405212,-0.009468404,-0.032986697,3
android.sensor.accelerometer,1468037105150156,1468037113343261,1775212844972,0.058624156,9.0341015,3.8638103,3
android.sensor.gyroscope,1468037115931770,1468037130991334,1775212844990,0.028405212,-0.013133593,-0.021991132,3
android.sensor.accelerometer,1468037133643593,1468037141735345,1775212845000,0.0634098,9.086744,3.667599,3
android.sensor.gyroscope,1468037149174114,1468037156357793,1775212845015,-0.031459536,0.0015271619,0.0012217296,3
android.sensor.accelerometer,1468037162137031,1468037170512011,1775212845029,0.08255238,9.069994,3.842275,3
android.sensor.gyroscope,1468037172918645,1468037180054459,1775212845039,-0.065667965,-0.01924224,0.0036651888,3
android.sensor.accelerometer,1468037190630416,1468037199962168,1775212845058,0.11844472,8.993423,4.0624146,3
android.sensor.gyroscope,1468037196663177,1468037202913470,1775212845061,-0.035124727,-0.0058032153,-0.0024434591,3
android.sensor.gyroscope,1468037215658750,1468037223073209,1775212845082,-0.008246674,0.0015271619,0.0024434591,3
android.sensor.accelerometer,1468037219123854,1468037227014928,1775212845086,0.07776674,8.979067,4.0528436,3
android.sensor.gyroscope,1468037239403281,1468037246147897,1775212845105,0.028405212,0.010079269,-0.0024434591,3
android.sensor.accelerometer,1468037247617291,1468037256870240,1775212845115,0.01794617,9.022138,3.9834516,3
android.sensor.gyroscope,1468037263147812,1468037269860345,1775212845128,0.013744458,-0.014355322,0.0073303776,3
android.sensor.accelerometer,1468037276110729,1468037283831230,1775212845142,0.08733802,9.0029955,3.7417765,3
android.sensor.gyroscope,1468037282143437,1468037290083886,1775212845149,-0.040011644,-0.0021380268,0.0061086477,3
android.sensor.gyroscope,1468037305887968,1468037312652636,1775212845171,-0.041233372,0.003970621,-0.012217295,3
android.sensor.accelerometer,1468037304604166,1468037312956022,1775212845171,0.14476576,9.053245,4.148556,3
android.sensor.gyroscope,1468037329632500,1468037336073053,1775212845195,0.016187917,-0.032681264,-0.0012217296,3
android.sensor.accelerometer,1468037333097604,1468037341189303,1775212845200,0.07776674,9.108279,3.9690945,3
android.sensor.gyroscope,1468037348628125,1468037357304147,1775212845216,0.029626941,0.00763581,0.014660755,3
android.sensor.accelerometer,1468037361591041,1468037369492480,1775212845228,0.13758731,9.086744,3.7393837,3
android.sensor.gyroscope,1468037372372656,1468037380191959,1775212845239,-0.02046397,0.03084867,0.019547673,3
android.sensor.accelerometer,1468037390084479,1468037397731022,1775212845256,0.23569304,8.976674,4.110271,3
android.sensor.gyroscope,1468037396117187,1468037402473886,1775212845261,-0.02046397,-0.02046397,-0.0097738365,3
android.sensor.gyroscope,1468037419861718,1468037426455657,1775212845285,-0.0070249448,-0.035124727,-0.0073303776,3
android.sensor.accelerometer,1468037418577916,1468037426640292,1775212845285,0.12801601,9.05803,3.8590248,3
android.sensor.gyroscope,1468037443606250,1468037450333938,1775212845309,-0.009468404,-0.0070249448,0.013439025,3
android.sensor.accelerometer,1468037447071354,1468037454968001,1775212845313,0.2739782,9.026923,3.9188452,3
android.sensor.gyroscope,1468037467350781,1468037473832792,1775212845332,0.00763581,-0.0070249448,-0.010995566,3
android.sensor.accelerometer,1468037475564791,1468037483457115,1775212845342,0.276371,9.000603,3.9786658,3
android.sensor.gyroscope,1468037491095312,1468037497840501,1775212845356,3.054324E-4,-0.054672398,-0.042760536,3
android.sensor.accelerometer,1468037504058229,1468037512204824,1775212845371,0.046660043,9.108279,3.6891344,3
android.sensor.gyroscope,1468037514839895,1468037521528626,1775212845380,-0.030237807,-0.022907428,-0.013439025,3
android.sensor.accelerometer,1468037532551718,1468037540605709,1775212845399,0.17826529,9.12503,3.8973098,3
android.sensor.gyroscope,1468037533835520,1468037543198365,1775212845402,-0.041233372,-0.0070249448,0.0048869182,3
android.sensor.gyroscope,1468037557580052,1468037564185344,1775212845423,-0.009468404,-0.014355322,-0.0073303776,3
android.sensor.accelerometer,1468037561045156,1468037568876074,1775212845427,0.38644084,8.928818,4.127021,3
android.sensor.gyroscope,1468037581324583,1468037587928001,1775212845446,-0.009468404,-0.083993904,-0.0537561,3
android.sensor.accelerometer,1468037589538593,1468037597558730,1775212845456,0.2883351,8.959925,3.7322052,3
android.sensor.gyroscope,1468037605069114,1468037611872740,1775212845470,-0.036346454,-0.057115857,-0.05864302,3
android.sensor.accelerometer,1468037618032031,1468037626578469,1775212845485,0.19262223,9.201599,3.9403806,3
android.sensor.gyroscope,1468037628813645,1468037635716751,1775212845494,-0.040011644,-0.058337588,-0.02443459,3
android.sensor.accelerometer,1468037637027656,1468037647741490,1775212845506,0.33140594,9.065208,4.009773,3
android.sensor.gyroscope,1468037652558177,1468037660629355,1775212845519,0.003970621,-0.040011644,-0.039095346,3
android.sensor.accelerometer,1468037665521093,1468037673566907,1775212845532,0.35294133,8.933603,3.8590248,3
android.sensor.gyroscope,1468037676302708,1468037683006803,1775212845542,-0.015577052,-0.060781047,-0.07208204,3
android.sensor.accelerometer,1468037694014531,1468037701814980,1775212845560,0.23569304,9.096315,3.949952,3
android.sensor.gyroscope,1468037700047239,1468037706376438,1775212845565,-0.04367683,-0.0876591,-0.09040799,3
android.sensor.accelerometer,1468037722507968,1468037730555709,1775212845589,0.13280165,9.230313,4.0145583,3
android.sensor.gyroscope,1468037723791770,1468037730663626,1775212845589,-0.014355322,-0.065667965,-0.040317077,3
android.sensor.gyroscope,1468037747536354,1468037754093209,1775212845613,0.023518294,-0.07910699,-0.020769402,3
android.sensor.accelerometer,1468037751001458,1468037760248626,1775212845619,0.3505485,9.038888,4.0384865,3
android.sensor.gyroscope,1468037771280885,1468037777937115,1775212845636,0.022296565,-0.14385866,-0.05986475,3
android.sensor.accelerometer,1468037779494895,1468037787697688,1775212845646,0.4869394,9.072387,3.4474592,3
android.sensor.gyroscope,1468037795025416,1468037801557740,1775212845660,-0.04734202,-0.07299834,-0.07696896,3
android.sensor.accelerometer,1468037807988333,1468037815962219,1775212845674,0.29790643,9.129815,3.7250266,3
android.sensor.gyroscope,1468037818769947,1468037825786230,1775212845684,-0.07422007,-0.041233372,-0.056199558,3
android.sensor.accelerometer,1468037836481770,1468037844530553,1775212845703,0.39601216,8.892925,4.2514477,3
android.sensor.gyroscope,1468037842514479,1468037849505344,1775212845708,0.046731155,-0.05589413,-0.07208204,3
android.sensor.gyroscope,1468037866259062,1468037872771126,1775212845731,0.016187917,-0.123089254,-0.091629714,3
android.sensor.accelerometer,1468037864975260,1468037872934563,1775212845731,0.317049,8.959925,3.6843486,3
android.sensor.gyroscope,1468037890003593,1468037896627532,1775212845755,-0.10476331,-0.12797616,-0.10262528,3
android.sensor.accelerometer,1468037893468697,1468037901420501,1775212845760,0.4438686,8.969496,4.08395,3
android.sensor.gyroscope,1468037913748125,1468037920609771,1775212845779,-0.010690134,-0.0876591,-0.12583815,3
android.sensor.accelerometer,1468037921962135,1468037930234980,1775212845789,0.19262223,9.0747795,4.1629133,3
android.sensor.gyroscope,1468037937492656,1468037944046438,1775212845803,0.0027488915,-0.07666353,-0.07941242,3
android.sensor.accelerometer,1468037950455572,1468037958712428,1775212845817,0.06819545,9.134601,3.6747773,3
android.sensor.gyroscope,1468037961237187,1468037968549355,1775212845827,-0.07910699,-0.04367683,-0.035430156,3
android.sensor.accelerometer,1468037978949062,1468037986942063,1775212845845,0.47258246,9.0029955,4.4691944,3
android.sensor.gyroscope,1468037984981770,1468037991896438,1775212845850,0.0051923506,-0.08888082,-0.074525505,3
android.sensor.gyroscope,1468038008726302,1468038015567636,1775212845874,0.06017018,-0.1414152,-0.13316852,3
android.sensor.accelerometer,1468038007442500,1468038015671490,1775212845874,0.3912265,9.180064,3.8925242,3
android.sensor.gyroscope,1468038027721927,1468038035702532,1775212845894,-0.042455103,-0.124310985,-0.092851445,3
android.sensor.accelerometer,1468038026438125,1468038035785761,1775212845894,0.21894327,9.194421,3.5838501,3
android.sensor.gyroscope,1468038051466510,1468038058369407,1775212845917,-0.033902995,-0.06811142,-0.062308207,3
android.sensor.accelerometer,1468038054931614,1468038062793365,1775212845921,0.357727,8.988638,4.182056,3
android.sensor.gyroscope,1468038075211041,1468038082028782,1775212845941,0.044287696,-0.062002774,-0.07086031,3
android.sensor.accelerometer,1468038083425052,1468038091627636,1775212845950,0.30029923,9.005388,3.626921,3
android.sensor.gyroscope,1468038098955572,1468038105526751,1775212845964,-0.07055488,-0.12186752,-0.074525505,3
android.sensor.accelerometer,1468038111918489,1468038119990188,1775212845978,0.6520442,8.85464,3.9260237,3
android.sensor.gyroscope,1468038122700104,1468038131257167,1775212845990,-0.04734202,-0.11331542,-0.15638138,3
android.sensor.accelerometer,1468038130914166,1468038140392948,1775212845999,0.5132605,8.859426,4.215555,3
android.sensor.gyroscope,1468038146444687,1468038152879875,1775212846011,0.03940078,-0.15851942,-0.20647229,3
android.sensor.accelerometer,1468038159407604,1468038168147896,1775212846027,-0.12562318,9.206385,3.2416766,3
android.sensor.gyroscope,1468038170189218,1468038176579823,1775212846035,-0.08888082,-0.118202336,-0.12339468,3
android.sensor.accelerometer,1468038187901041,1468038195558053,1775212846054,0.14955142,9.196814,3.8877387,3
android.sensor.gyroscope,1468038193933750,1468038200523105,1775212846059,-0.07422007,0.014966187,-0.07086031,3
android.sensor.gyroscope,1468038217678333,1468038224375188,1775212846083,0.041844238,-0.065667965,-0.09040799,3
android.sensor.accelerometer,1468038216394531,1468038226083625,1775212846085,0.22372891,9.120243,4.1724844,3
android.sensor.gyroscope,1468038241422864,1468038248645553,1775212846107,-0.085215636,-0.1707367,-0.100181825,3
android.sensor.accelerometer,1468038244887968,1468038252895396,1775212846111,0.16630118,9.103494,3.5120654,3
android.sensor.gyroscope,1468038265167395,1468038271924719,1775212846130,-0.14752385,-0.10109812,-0.08796453,3
android.sensor.accelerometer,1468038273381458,1468038281169042,1775212846140,0.13758731,8.878569,4.3471603,3
android.sensor.gyroscope,1468038288911979,1468038295597532,1775212846154,-0.033902995,-0.062002774,-0.068416856,3
android.sensor.accelerometer,1468038301874895,1468038309937792,1775212846168,-0.2835495,9.038888,4.107878,3
android.sensor.gyroscope,1468038312656510,1468038320413886,1775212846179,-0.030237807,-0.04734202,0.03054324,3
android.sensor.accelerometer,1468038330368385,1468038338286490,1775212846197,-0.21415763,8.991031,4.093521,3
android.sensor.gyroscope,1468038336401093,1468038344574146,1775212846203,-0.011911863,0.15790854,0.14172062,3
android.sensor.gyroscope,1468038360145625,1468038366520396,1775212846225,0.03329213,0.008857539,0.12828161,3
android.sensor.accelerometer,1468038358861822,1468038366625448,1775212846225,0.26679972,8.763713,4.404588,3
android.sensor.gyroscope,1468038383890156,1468038390980032,1775212846249,-0.04734202,-0.0754418,0.021991132,3
android.sensor.accelerometer,1468038387355260,1468038395455344,1775212846254,0.39840496,8.720642,4.000201,3
android.sensor.gyroscope,1468038407634739,1468038414292375,1775212846273,-0.040011644,0.012522728,0.0097738365,3
android.sensor.accelerometer,1468038415848750,1468038424033261,1775212846283,0.17826529,9.038888,4.4021955,3
android.sensor.gyroscope,1468038431379270,1468038437985917,1775212846297,0.047952887,0.13225223,0.09529491,3
android.sensor.accelerometer,1468038444342239,1468038452359094,1775212846311,0.2117648,9.019745,4.086343,3
android.sensor.gyroscope,1468038455123854,1468038461550709,1775212846320,0.044287696,0.21777329,0.15271619,3
android.sensor.accelerometer,1468038472835677,1468038480770709,1775212846339,0.58504516,8.797213,4.371089,3
android.sensor.gyroscope,1468038478868385,1468038485984719,1775212846345,0.08460477,0.26908594,0.10384701,3
android.sensor.gyroscope,1468038502612968,1468038509026230,1775212846368,0.13591741,0.1725693,0.02932151,3
android.sensor.accelerometer,1468038501329166,1468038509163521,1775212846368,0.43908295,9.093923,4.3854456,3
android.sensor.gyroscope,1468038526357500,1468038532845500,1775212846391,-0.024129158,-0.0033597562,0.050090913,3
android.sensor.accelerometer,1468038529822604,1468038538024355,1775212846397,0.34337005,9.127422,3.5814574,3
android.sensor.gyroscope,1468038550102083,1468038556623677,1775212846415,-0.15241076,-0.004581486,0.028099779,3
android.sensor.accelerometer,1468038558316093,1468038566195604,1775212846425,0.49651068,9.02453,4.258626,3
android.sensor.gyroscope,1468038573846614,1468038580231542,1775212846439,0.0051923506,0.09682207,0.0012217296,3
android.sensor.accelerometer,1468038586809531,1468038594974407,1775212846454,0.16390835,9.065208,4.275376,3
android.sensor.gyroscope,1468038597591197,1468038604171073,1775212846463,0.09560034,0.11026109,0.023212861,3
android.sensor.accelerometer,1468038605805208,1468038615225865,1775212846474,0.13040884,9.005388,3.8183467,3
android.sensor.gyroscope,1468038621335729,1468038628238521,1775212846487,-0.008246674,0.07116575,0.035430156,3
android.sensor.accelerometer,1468038634298645,1468038642017896,1775212846501,0.20697916,8.7780695,3.5694933,3
android.sensor.gyroscope,1468038645080312,1468038652222063,1775212846511,-0.1084285,0.11514801,-0.0097738365,3
android.sensor.accelerometer,1468038662792135,1468038671451594,1775212846530,-0.09212367,8.88814,4.232305,3
android.sensor.gyroscope,1468038668824843,1468038675477584,1775212846534,-0.05589413,0.1395826,-0.008552107,3
android.sensor.gyroscope,1468038692569427,1468038701240032,1775212846560,0.047952887,0.12125666,0.03176497,3
android.sensor.accelerometer,1468038691285625,1468038701377219,1775212846560,-0.37208393,9.086744,3.964309,3
android.sensor.gyroscope,1468038716313958,1468038723247688,1775212846582,-0.07666353,0.17989968,0.10140356,3
android.sensor.accelerometer,1468038719779062,1468038727940240,1775212846586,-0.43908295,8.99821,3.437888,3
android.sensor.gyroscope,1468038740058541,1468038747204771,1775212846606,-0.15363249,0.27397284,0.17104214,3
android.sensor.accelerometer,1468038748272552,1468038756370084,1775212846615,-0.2117648,8.696713,4.4835515,3
android.sensor.gyroscope,1468038763803072,1468038770451282,1775212846629,-0.0058032153,0.2751946,0.13683371,3
android.sensor.accelerometer,1468038776766041,1468038784805761,1775212846643,-0.10887343,8.926425,4.3734818,3
android.sensor.gyroscope,1468038787547656,1468038794510656,1775212846653,0.016187917,0.23976442,0.14905101,3
android.sensor.gyroscope,1468038806543281,1468038814748365,1775212846673,-0.011911863,0.27275112,0.16737695,3
android.sensor.accelerometer,1468038805259479,1468038814880865,1775212846673,0.0849452,8.909675,4.3040895,3
android.sensor.gyroscope,1468038830287864,1468038836911698,1775212846695,-0.010690134,0.17012584,0.13194679,3
android.sensor.accelerometer,1468038833752968,1468038841595709,1775212846700,0.41994038,8.4909315,4.77069,3
android.sensor.gyroscope,1468038854032447,1468038860659771,1775212846719,0.010079269,0.013744458,-0.0036651888,3
android.sensor.accelerometer,1468038862246458,1468038870812063,1775212846729,0.38404804,8.596215,4.330411,3
android.sensor.gyroscope,1468038877776979,1468038884093104,1775212846743,-0.010690134,-0.027794348,-0.07819069,3
android.sensor.accelerometer,1468038890739895,1468038900804354,1775212846759,0.13040884,8.864211,4.150949,3
android.sensor.gyroscope,1468038901521562,1468038908289354,1775212846767,3.054324E-4,-0.016798781,-0.06963859,3
android.sensor.accelerometer,1468038919233385,1468038927517844,1775212846786,0.051445685,8.835498,4.1150565,3
android.sensor.gyroscope,1468038925266093,1468038932183000,1775212846791,0.038179047,0.032070402,-0.037873615,3
android.sensor.gyroscope,1468038949010677,1468038955636854,1775212846814,0.03573559,0.068722285,-0.019547673,3
android.sensor.accelerometer,1468038947726875,1468038955734771,1775212846814,0.061016977,8.88814,4.060022,3
android.sensor.gyroscope,1468038972755260,1468038979887219,1775212846838,0.03940078,0.03573559,-0.040317077,3
android.sensor.accelerometer,1468038976220364,1468038984991646,1775212846844,0.14476576,8.845069,4.19402,3
android.sensor.gyroscope,1468038996499791,1468039003336958,1775212846862,-0.031459536,-0.085215636,-0.091629714,3
android.sensor.accelerometer,1468039004713854,1468039013016698,1775212846872,-0.18544376,9.077172,3.8590248,3
android.sensor.gyroscope,1468039020244375,1468039027067167,1775212846886,-0.11942407,-0.13164136,-0.05986475,3
android.sensor.accelerometer,1468039033207291,1468039042366281,1775212846901,-0.43429732,9.285348,3.9284165,3
android.sensor.gyroscope,1468039043988958,1468039050656073,1775212846909,-0.0876591,-9.162972E-4,0.02687805,3
android.sensor.accelerometer,1468039061700781,1468039069979458,1775212846929,-0.25722843,8.916854,4.265805,3
android.sensor.gyroscope,1468039067733489,1468039074577636,1775212846933,0.021074835,0.17501275,0.047647454,3
android.sensor.gyroscope,1468039091478072,1468039097806646,1775212846956,0.025961753,0.03451386,0.062308207,3
android.sensor.accelerometer,1468039090194270,1468039098005396,1775212846957,-1.2000005,9.163314,4.3998027,3
android.sensor.gyroscope,1468039115222656,1468039121569094,1775212846980,-0.060781047,0.07116575,0.24312419,3
android.sensor.accelerometer,1468039118687760,1468039127482688,1775212846986,-0.910469,9.361918,3.9930227,3
android.sensor.gyroscope,1468039138967239,1468039145771333,1775212847004,0.003970621,0.3423897,0.30665413,3
android.sensor.accelerometer,1468039147181250,1468039155618052,1775212847014,-0.58265233,9.177671,4.9932227,3
android.sensor.gyroscope,1468039162711770,1468039170552688,1775212847029,0.10415245,0.20311254,0.27000225,3
android.sensor.accelerometer,1468039175674739,1468039184202688,1775212847043,0.0011964113,8.773284,4.6558347,3
android.sensor.gyroscope,1468039186456354,1468039193861490,1775212847052,0.15302163,0.083383046,0.11728604,3
android.sensor.accelerometer,1468039204168229,1468039212746958,1775212847071,-0.17347965,8.849854,3.8614175,3
android.sensor.gyroscope,1468039210200937,1468039216852531,1775212847075,0.06994402,0.06017018,0.015882485,3
android.sensor.gyroscope,1468039233945468,1468039240314979,1775212847099,-0.091324285,0.03573559,0.035430156,3
android.sensor.accelerometer,1468039232661666,1468039240526125,1775212847099,-0.573081,9.072387,3.80399,3
android.sensor.gyroscope,1468039252941145,1468039260762792,1775212847119,-0.0962112,0.10537417,0.11117739,3
android.sensor.accelerometer,1468039251657343,1468039260885396,1775212847119,-0.38883367,9.050852,4.1294136,3
android.sensor.gyroscope,1468039276685729,1468039283268208,1775212847142,0.12125666,0.2849684,0.10995566,3
android.sensor.accelerometer,1468039280150833,1468039288489094,1775212847147,0.022731815,8.72782,4.512265,3
android.sensor.gyroscope,1468039300430312,1468039307912479,1775212847166,0.21044292,0.22143848,0.09407318,3
android.sensor.accelerometer,1468039308644322,1468039317529615,1775212847176,-0.013160525,8.933603,3.6317065,3
android.sensor.gyroscope,1468039324174843,1468039331105500,1775212847190,0.03940078,0.06017018,0.05864302,3
android.sensor.accelerometer,1468039337137812,1468039345549198,1775212847204,0.6472585,8.612965,3.7393837,3
android.sensor.gyroscope,1468039347919427,1468039355761698,1775212847214,-0.1414152,-0.17806709,-0.13316852,3
android.sensor.accelerometer,1468039365631302,1468039373693469,1775212847232,0.31226337,8.85464,3.9284165,3
android.sensor.gyroscope,1468039371664010,1468039378674615,1775212847237,-0.12675445,-0.182954,-0.23823726,3
android.sensor.gyroscope,1468039395408593,1468039402126281,1775212847261,-0.02046397,-0.06444623,-0.16371176,3
android.sensor.accelerometer,1468039394124791,1468039402232167,1775212847261,-0.24765715,9.249456,3.6197424,3
android.sensor.gyroscope,1468039419153177,1468039425839198,1775212847284,-0.10354158,0.047952887,-0.04886918,3
android.sensor.accelerometer,1468039422618281,1468039430759458,1775212847289,-0.2213361,9.180064,3.437888,3
android.sensor.gyroscope,1468039442897760,1468039450210552,1775212847309,-0.12553272,0.15668681,-0.02687805,3
android.sensor.accelerometer,1468039451111770,1468039460689510,1775212847319,0.08015956,8.620144,4.6582274,3
android.sensor.gyroscope,1468039466642291,1468039473267740,1775212847332,0.038179047,0.050396346,-0.1404989,3
android.sensor.accelerometer,1468039479605260,1468039487413573,1775212847346,-0.22851457,8.912068,4.4021955,3
android.sensor.gyroscope,1468039485637968,1468039493388260,1775212847352,0.1273653,-0.011911863,-0.14782928,3
android.sensor.accelerometer,1468039508098750,1468039516405292,1775212847375,-0.6113662,9.211171,3.4259238,3
android.sensor.gyroscope,1468039509382552,1468039516535448,1775212847375,0.024740024,0.025961753,-0.05986475,3
android.sensor.gyroscope,1468039533127135,1468039541001854,1775212847400,-0.10354158,0.100487255,0.020769402,3
android.sensor.accelerometer,1468039536592239,1468039544231646,1775212847403,-0.424726,8.988638,4.134199,3
android.sensor.gyroscope,1468039556871718,1468039563607844,1775212847422,-0.021685699,0.13225223,0.043982264,3
android.sensor.accelerometer,1468039565085729,1468039572900812,1775212847431,-0.25244278,8.811569,4.433302,3
android.sensor.gyroscope,1468039580616302,1468039587042792,1775212847446,0.040622506,0.068722285,0.015882485,3
android.sensor.accelerometer,1468039593579218,1468039601762479,1775212847460,-0.13758731,8.782856,4.3088756,3
android.sensor.gyroscope,1468039604360833,1468039610795865,1775212847469,0.043065965,0.018631376,-0.017104214,3
android.sensor.accelerometer,1468039622072708,1468039632342948,1775212847491,-0.424726,9.048459,3.9020956,3
android.sensor.gyroscope,1468039628105416,1468039634787010,1775212847493,-0.026572619,0.06017018,0.0073303776,3
android.sensor.gyroscope,1468039651850000,1468039659997323,1775212847519,-0.12553272,-0.016798781,0.08918626,3
android.sensor.accelerometer,1468039650566197,1468039660144510,1775212847519,-0.613759,8.988638,4.47398,3
android.sensor.gyroscope,1468039675594583,1468039682308521,1775212847541,-0.010690134,0.019853106,0.05864302,3
android.sensor.accelerometer,1468039679059739,1468039687252687,1775212847546,-0.37686956,8.770891,4.8568316,3
android.sensor.gyroscope,1468039699339166,1468039705997896,1775212847565,0.094378605,0.068722285,0.05131264,3
android.sensor.accelerometer,1468039707553229,1468039715901177,1775212847574,-0.45583272,8.773284,4.6414776,3
android.sensor.gyroscope,1468039723083750,1468039730147427,1775212847589,0.08949169,0.003970621,0.039095346,3
android.sensor.accelerometer,1468039736046718,1468039744181854,1775212847603,-0.357727,8.85464,4.0121655,3
android.sensor.gyroscope,1468039746828333,1468039754205135,1775212847613,0.00763581,-0.01924224,0.034208428,3
android.sensor.accelerometer,1468039764540208,1468039772262792,1775212847631,-0.2620141,8.823533,4.150949,3
android.sensor.gyroscope,1468039770572916,1468039777094250,1775212847636,0.0015271619,-0.011911863,0.0,3
android.sensor.gyroscope,1468039794317500,1468039800963364,1775212847659,0.049174614,-0.02535089,-0.013439025,3
android.sensor.accelerometer,1468039793033697,1468039801076594,1775212847660,-0.38644084,9.010174,4.000201,3
android.sensor.gyroscope,1468039818062083,1468039824957844,1775212847683,0.018631376,-0.0021380268,-0.010995566,3
android.sensor.accelerometer,1468039821527187,1468039829831646,1775212847688,-0.17587246,8.974281,3.8231323,3
android.sensor.gyroscope,1468039841806666,1468039850180344,1775212847709,-0.031459536,-0.07910699,-0.02932151,3
android.sensor.accelerometer,1468039840522864,1468039850365812,1775212847709,0.010767702,8.919247,4.031308,3
android.sensor.gyroscope,1468039865551250,1468039872256021,1775212847731,-0.01924224,-0.109650224,-0.11728604,3
android.sensor.accelerometer,1468039869016354,1468039876860031,1775212847735,-0.049052864,8.902496,4.1724844,3
android.sensor.gyroscope,1468039889295833,1468039896136489,1775212847755,0.055283263,-0.09010255,-0.1404989,3
android.sensor.accelerometer,1468039897509895,1468039905916437,1775212847764,-0.40797627,8.98146,3.8374894,3
android.sensor.gyroscope,1468039913040416,1468039920539458,1775212847779,-0.037568185,-0.14630212,-0.12583815,3
android.sensor.accelerometer,1468039926003385,1468039934132739,1775212847793,-0.36251262,8.943174,3.6723845,3
android.sensor.gyroscope,1468039936785000,1468039943146125,1775212847802,-0.14385866,-0.18539746,-0.1197295,3
android.sensor.accelerometer,1468039954496875,1468039962887323,1775212847821,-0.18305093,8.813962,4.2107697,3
android.sensor.gyroscope,1468039960529583,1468039967311489,1775212847826,-0.07299834,-0.16707152,-0.15149446,3
android.sensor.gyroscope,1468039984274218,1468039990843521,1775212847849,-0.008246674,-0.29168794,-0.16737695,3
android.sensor.accelerometer,1468039982990416,1468039991003104,1775212847850,-0.2644069,8.909675,4.2681975,3
android.sensor.gyroscope,1468040008018802,1468040014578000,1775212847873,-0.042455103,-0.2696968,-0.14660755,3
android.sensor.accelerometer,1468040011483906,1468040020431594,1775212847879,-0.20697916,8.847462,3.9954157,3
android.sensor.gyroscope,1468040031763385,1468040038454927,1775212847897,-0.02535089,-0.14263692,-0.09773836,3
android.sensor.accelerometer,1468040039977395,1468040047722166,1775212847906,-0.38165522,8.926425,4.0528436,3
android.sensor.gyroscope,1468040055507968,1468040062075500,1775212847921,-0.04612029,-0.16951497,-0.06963859,3
android.sensor.accelerometer,1468040068470885,1468040077130239,1775212847936,-0.06819545,8.986245,4.38066,3
android.sensor.gyroscope,1468040079252552,1468040086178000,1775212847945,-0.01924224,-0.2367101,-0.074525505,3
android.sensor.accelerometer,1468040087466562,1468040097172948,1775212847956,-0.0011964113,8.98146,4.134199,3
android.sensor.gyroscope,1468040102997135,1468040109637166,1775212847968,-0.057115857,-0.20005822,-0.06597339,3
android.sensor.accelerometer,1468040115960104,1468040124433729,1775212847983,0.05383851,8.857033,4.395017,3
android.sensor.gyroscope,1468040126741718,1468040133553312,1775212847992,-0.041233372,-0.18784092,-0.098960094,3
android.sensor.accelerometer,1468040144453593,1468040152932531,1775212848011,-0.2644069,9.337991,4.069593,3
android.sensor.gyroscope,1468040150486302,1468040156992531,1775212848016,-0.011911863,-0.18173227,-0.06597339,3
android.sensor.accelerometer,1468040172947083,1468040181352531,1775212848040,-0.26919255,9.251849,3.6819558,3
android.sensor.gyroscope,1468040174230885,1468040181705031,1775212848040,-0.04734202,-0.08032872,0.07086031,3
android.sensor.gyroscope,1468040197975520,1468040204435552,1775212848063,-0.0021380268,-0.016798781,0.067195125,3
android.sensor.accelerometer,1468040201440625,1468040209516073,1775212848068,-0.0059820567,8.734999,4.3208394,3
android.sensor.gyroscope,1468040221720104,1468040228774927,1775212848087,-0.010690134,-0.124310985,0.047647454,3
android.sensor.accelerometer,1468040229934114,1468040238119458,1775212848097,0.14476576,8.912068,3.775276,3
android.sensor.gyroscope,1468040245464687,1468040252356125,1775212848111,-0.058337588,-0.038789913,0.062308207,3
android.sensor.accelerometer,1468040258427656,1468040266748781,1775212848125,0.4127619,8.758927,3.9619162,3
android.sensor.gyroscope,1468040269209270,1468040275941958,1775212848134,-0.066889696,-0.013133593,0.03176497,3
android.sensor.accelerometer,1468040286921145,1468040295238625,1775212848154,0.36729828,8.811569,3.9595232,3
android.sensor.gyroscope,1468040292953854,1468040300732739,1775212848159,-0.15363249,-0.07055488,0.05131264,3
android.sensor.gyroscope,1468040316698489,1468040323756906,1775212848182,-0.09987639,0.06627883,0.0537561,3
android.sensor.accelerometer,1468040315414687,1468040323872323,1775212848182,0.50129634,8.43111,4.4835515,3
android.sensor.gyroscope,1468040340443072,1468040347357948,1775212848206,0.00763581,-0.02535089,-0.014660755,3
android.sensor.accelerometer,1468040343908177,1468040352201645,1775212848211,0.44865423,8.562716,4.579264,3
android.sensor.gyroscope,1468040364187656,1468040371318833,1775212848230,0.038179047,-0.14752385,-0.039095346,3
android.sensor.accelerometer,1468040372401718,1468040383330968,1775212848242,0.32422748,8.543573,4.325625,3
android.sensor.gyroscope,1468040387932239,1468040394711906,1775212848253,0.06017018,-0.20983206,-0.074525505,3
android.sensor.accelerometer,1468040400895208,1468040408898677,1775212848267,0.40558344,8.773284,3.9571304,3
android.sensor.gyroscope,1468040411676875,1468040417997791,1775212848277,0.03573559,-0.124310985,-0.118507765,3
android.sensor.accelerometer,1468040429388750,1468040437492062,1775212848296,-0.16630118,9.0341015,4.1988053,3
android.sensor.gyroscope,1468040435421458,1468040441760031,1775212848300,-0.04978548,-0.118202336,-0.09407318,3
android.sensor.accelerometer,1468040457882239,1468040466175916,1775212848325,-0.33379877,9.11785,4.323232,3
android.sensor.gyroscope,1468040459166041,1468040466302166,1775212848325,0.014966187,-0.14874557,-0.036651887,3
android.sensor.gyroscope,1468040482910625,1468040489549198,1775212848348,-0.0033597562,-0.109650224,0.09040799,3
android.sensor.accelerometer,1468040486375781,1468040494916906,1775212848353,-0.42951167,9.352347,3.5814574,3
android.sensor.gyroscope,1468040506655260,1468040513657687,1775212848372,-0.04612029,0.08093958,0.23090689,3
android.sensor.accelerometer,1468040514869270,1468040525859093,1775212848384,0.1902294,8.87139,4.323232,3
android.sensor.gyroscope,1468040530399843,1468040537201020,1775212848396,0.09682207,0.205556,0.22235478,3
android.sensor.accelerometer,1468040543362812,1468040551721437,1775212848410,0.1591227,9.297313,4.36391,3
android.sensor.gyroscope,1468040554144427,1468040561445968,1775212848420,-0.0058032153,0.094378605,0.22357652,3
android.sensor.accelerometer,1468040571856302,1468040580559302,1775212848439,0.5706882,9.163314,4.2945185,3
android.sensor.gyroscope,1468040577889062,1468040584498520,1775212848443,-0.228158,0.06017018,0.17104214,3
android.sensor.accelerometer,1468040590852031,1468040600709302,1775212848459,0.5180461,9.0747795,5.1439705,3
android.sensor.gyroscope,1468040601633645,1468040608210708,1775212848467,-0.17928882,0.022296565,0.13561198,3
android.sensor.gyroscope,1468040620629322,1468040628638833,1775212848487,0.054061532,0.09682207,0.08918626,3
android.sensor.accelerometer,1468040619345520,1468040628728781,1775212848487,0.48933223,8.878569,5.5627146,3
android.sensor.gyroscope,1468040644373958,1468040651182062,1775212848510,0.21410811,0.12492185,0.091629714,3
android.sensor.accelerometer,1468040647839062,1468040656183781,1775212848515,-0.48454657,9.096315,3.8877387,3
android.sensor.gyroscope,1468040668118541,1468040675174302,1775212848534,0.029626941,0.28741187,0.17226386,3
android.sensor.accelerometer,1468040676332552,1468040684645812,1775212848543,-0.41994038,9.292527,3.19382,3
android.sensor.gyroscope,1468040691863125,1468040699907635,1775212848558,-0.24159703,0.31917685,0.194255,3
android.sensor.accelerometer,1468040704826093,1468040712781229,1775212848571,0.46779683,8.811569,4.6342993,3
android.sensor.gyroscope,1468040715607760,1468040722171229,1775212848581,-0.0876591,0.37904158,0.10262528,3
android.sensor.accelerometer,1468040733319635,1468040741178156,1775212848600,0.08255238,8.617751,4.7228336,3
android.sensor.gyroscope,1468040739352343,1468040745692114,1775212848604,0.19089524,0.3130682,-0.012217295,3
android.sensor.gyroscope,1468040763096927,1468040769761749,1775212848628,0.1065959,0.3460549,-0.0097738365,3
android.sensor.accelerometer,1468040761813125,1468040769983468,1775212848628,-0.40797627,8.945567,2.8253253,3
android.sensor.gyroscope,1468040786841562,1468040793811802,1775212848652,-0.20127994,0.3668243,0.050090913,3
android.sensor.accelerometer,1468040790306666,1468040798862947,1775212848657,-0.04426722,8.842676,3.923631,3
android.sensor.gyroscope,1468040810586145,1468040817257166,1775212848676,-0.15851942,0.45967576,0.021991132,3
android.sensor.accelerometer,1468040818800208,1468040827863156,1775212848686,0.041874398,8.96471,5.5316076,3
android.sensor.gyroscope,1468040834330781,1468040840664770,1775212848699,0.0051923506,0.3753764,0.0073303776,3
android.sensor.accelerometer,1468040847293750,1468040855883416,1775212848714,-0.46061835,8.720642,4.950152,3
android.sensor.gyroscope,1468040858075364,1468040864885083,1775212848723,0.00763581,0.24098615,0.021991132,3
android.sensor.gyroscope,1468040877071041,1468040884916020,1775212848743,-0.022907428,0.26175556,0.046425723,3
android.sensor.accelerometer,1468040875787239,1468040885061281,1775212848744,-0.58265233,8.660822,4.301697,3
android.sensor.gyroscope,1468040900815677,1468040907161333,1775212848766,-0.040011644,0.33017242,0.07574723,3
android.sensor.accelerometer,1468040904280781,1468040912333104,1775212848771,-0.41754755,8.876176,4.165306,3
android.sensor.gyroscope,1468040924560260,1468040931429822,1775212848790,-0.066889696,0.35216355,0.068416856,3
android.sensor.accelerometer,1468040932774322,1468040940582687,1775212848799,-0.25004998,8.713464,4.246662,3
android.sensor.gyroscope,1468040948304895,1468040954747322,1775212848813,-0.19028437,0.2593121,-0.013439025,3
android.sensor.accelerometer,1468040951770000,1468040961010968,1775212848820,-0.27876383,8.708678,4.5744786,3
android.sensor.gyroscope,1468040972049479,1468040980160395,1775212848839,-0.2037234,0.23121232,-0.05131264,3
android.sensor.accelerometer,1468040980263541,1468040988670604,1775212848847,-0.44147578,8.809176,4.8568316,3
android.sensor.gyroscope,1468040995794114,1468041002270864,1775212848861,-0.09376775,0.32406378,0.02932151,3
android.sensor.accelerometer,1468041008757083,1468041017011958,1775212848876,-0.50129634,8.529217,5.055436,3
android.sensor.gyroscope,1468041019538697,1468041026057739,1775212848885,0.03084867,0.32039857,0.10506874,3
android.sensor.accelerometer,1468041037250625,1468041045545708,1775212848904,-0.19980069,8.352147,4.596014,3
android.sensor.gyroscope,1468041043283333,1468041050434874,1775212848909,0.07238748,0.20433427,0.118507765,3
android.sensor.gyroscope,1468041067027968,1468041073718156,1775212848932,-0.042455103,0.2764163,0.12217296,3
android.sensor.accelerometer,1468041065744166,1468041073970604,1775212848932,0.357727,8.672786,4.1174498,3
android.sensor.gyroscope,1468041090772552,1468041097388260,1775212848956,-0.118202336,0.24465135,0.05986475,3
android.sensor.accelerometer,1468041094237708,1468041102430291,1775212848961,0.20458634,8.435896,5.1942196,3
android.sensor.gyroscope,1468041114517187,1468041120880551,1775212848979,-0.0754418,0.13591741,0.04886918,3
android.sensor.accelerometer,1468041122731197,1468041130986124,1775212848990,0.0059820567,8.620144,5.2660046,3
android.sensor.gyroscope,1468041138261770,1468041144548156,1775212849003,0.05894845,0.15790854,0.07574723,3
android.sensor.accelerometer,1468041151224739,1468041160746541,1775212849019,-0.01794617,8.514859,5.0769715,3
android.sensor.gyroscope,1468041162006406,1468041168897114,1775212849027,0.17012584,0.17501275,0.091629714,3
android.sensor.accelerometer,1468041179718281,1468041187834978,1775212849046,-0.08733802,8.758927,4.17727,3
android.sensor.gyroscope,1468041185751041,1468041192278572,1775212849051,0.12858704,0.23365578,0.16004658,3
android.sensor.accelerometer,1468041208211822,1468041216206228,1775212849075,0.19501504,8.407183,4.610371,3
android.sensor.gyroscope,1468041209495625,1468041216346385,1775212849075,0.09071342,0.3668243,0.16249003,3
android.sensor.gyroscope,1468041233240260,1468041240426958,1775212849099,0.043065965,0.17745622,0.05864302,3
android.sensor.accelerometer,1468041236705364,1468041245534718,1775212849104,0.36251262,8.373683,4.761119,3
android.sensor.gyroscope,1468041256984895,1468041263432166,1775212849122,-0.011911863,0.10537417,-0.0097738365,3
android.sensor.accelerometer,1468041265198906,1468041273333208,1775212849132,-0.20219351,8.830712,4.4596233,3
android.sensor.gyroscope,1468041275980572,1468041283576541,1775212849142,-0.097432934,0.07116575,0.020769402,3
android.sensor.accelerometer,1468041293692447,1468041301605291,1775212849160,-0.30269206,8.919247,4.612764,3
android.sensor.gyroscope,1468041299725208,1468041306697635,1775212849165,-0.07910699,0.23609924,0.08429934,3
android.sensor.gyroscope,1468041323469791,1468041330259197,1775212849189,0.057726722,0.36438084,0.20891576,3
android.sensor.accelerometer,1468041322185989,1468041330364510,1775212849189,-0.3912265,9.09153,4.627121,3
android.sensor.gyroscope,1468041347214427,1468041355818364,1775212849214,-0.053450666,0.39492407,0.27977607,3
android.sensor.accelerometer,1468041350679531,1468041361595760,1775212849220,0.2117648,9.055637,4.3519464,3
android.sensor.gyroscope,1468041370959062,1468041377586749,1775212849236,-0.21105379,0.2629773,0.18814635,3
android.sensor.accelerometer,1468041379173072,1468041387404770,1775212849246,0.52522457,9.11785,5.285147,3
android.sensor.gyroscope,1468041394703645,1468041401068364,1775212849260,-0.16462806,0.1847866,0.118507765,3
android.sensor.accelerometer,1468041407666666,1468041415913208,1775212849274,-0.14237295,9.29492,5.065007,3
android.sensor.gyroscope,1468041413699375,1468041421688885,1775212849280,-0.15729769,0.16890411,0.17837252,3
android.sensor.gyroscope,1468041437444010,1468041444328364,1775212849303,-0.116980605,0.2556469,0.24923283,3
android.sensor.accelerometer,1468041436160208,1468041444467114,1775212849303,-0.2428715,8.682357,5.041079,3
android.sensor.gyroscope,1468041461188593,1468041467846853,1775212849326,0.0015271619,0.26542073,0.20036365,3
android.sensor.accelerometer,1468041464653750,1468041472846124,1775212849331,-0.14955142,8.309076,5.38086,3
android.sensor.gyroscope,1468041484933229,1468041491381333,1775212849350,0.057726722,0.21166465,0.10873393,3
android.sensor.accelerometer,1468041493147291,1468041501042270,1775212849360,-0.5371887,8.459825,4.421338,3
android.sensor.gyroscope,1468041508677864,1468041515270083,1775212849374,-0.035124727,0.17623448,0.1075122,3
android.sensor.accelerometer,1468041521640833,1468041530151333,1775212849389,-0.70229346,8.677571,4.4404807,3
android.sensor.gyroscope,1468041532422500,1468041540267635,1775212849399,0.03695732,0.27763805,0.16859868,3
android.sensor.accelerometer,1468041550134375,1468041557974458,1775212849416,-0.8817552,8.868998,4.107878,3
android.sensor.gyroscope,1468041556167135,1468041562913937,1775212849421,0.083383046,0.36560258,0.27488914,3
android.sensor.accelerometer,1468041578627916,1468041589384353,1775212849448,-0.5395815,8.687142,4.2131624,3
android.sensor.gyroscope,1468041579911718,1468041589508885,1775212849448,-0.027794348,0.3338376,0.3090976,3
android.sensor.gyroscope,1468041603656354,1468041610359666,1775212849469,-0.011911863,0.23976442,0.24190246,3
android.sensor.accelerometer,1468041607121510,1468041615553728,1775212849474,-0.13758731,8.478967,4.342375,3
android.sensor.gyroscope,1468041627400989,1468041634598103,1775212849493,0.010079269,0.23976442,0.19792019,3
android.sensor.accelerometer,1468041635615052,1468041643353832,1775212849502,-0.29790643,8.804391,4.1198425,3
android.sensor.gyroscope,1468041651145625,1468041657717999,1775212849516,-0.041233372,0.23121232,0.21991132,3
android.sensor.accelerometer,1468041664108593,1468041672309353,1775212849531,-0.30029923,8.52443,4.3519464,3
android.sensor.gyroscope,1468041674890260,1468041681217478,1775212849540,-0.05222894,0.22021675,0.17715079,3
android.sensor.accelerometer,1468041692602135,1468041700705187,1775212849559,-0.4869394,8.411968,4.423731,3
android.sensor.gyroscope,1468041698634895,1468041705033260,1775212849564,-0.057115857,0.18112141,0.10995566,3
android.sensor.gyroscope,1468041722379531,1468041729514874,1775212849588,-0.0632245,0.16890411,0.08918626,3
android.sensor.accelerometer,1468041721095729,1468041729646020,1775212849588,-0.61854464,8.555537,4.3734818,3
android.sensor.gyroscope,1468041746124114,1468041753002166,1775212849612,0.016187917,0.19944735,0.11606431,3
android.sensor.accelerometer,1468041749589270,1468041757646541,1775212849616,-0.6113662,9.007781,4.17727,3
android.sensor.gyroscope,1468041769868750,1468041777339614,1775212849636,-0.06933315,0.1933387,0.13439025,3
android.sensor.accelerometer,1468041778082812,1468041786491437,1775212849645,-0.31226337,8.711071,3.9882371,3
android.sensor.gyroscope,1468041793613385,1468041800559249,1775212849659,-0.20127994,0.13469568,0.04886918,3
android.sensor.accelerometer,1468041806576354,1468041814823468,1775212849673,-0.10887343,8.438289,4.4596233,3
android.sensor.gyroscope,1468041812609114,1468041820797270,1775212849679,-0.19028437,0.12980877,-0.040317077,3
android.sensor.accelerometer,1468041835069947,1468041843190291,1775212849702,-0.43669012,8.679964,4.7922254,3
android.sensor.gyroscope,1468041836353750,1468041843356541,1775212849702,-0.01802051,0.0858265,-0.1075122,3
android.sensor.gyroscope,1468041860098385,1468041866748728,1775212849725,0.023518294,0.06139191,-0.04886918,3
android.sensor.accelerometer,1468041863563489,1468041871912166,1775212849730,-0.84825563,9.311669,3.6293137,3
android.sensor.gyroscope,1468041883843020,1468041890608728,1775212849749,-0.09498947,0.18723005,0.050090913,3
android.sensor.accelerometer,1468041892057083,1468041900499353,1775212849759,-0.36729828,9.201599,3.9571304,3
android.sensor.gyroscope,1468041907587656,1468041914142687,1775212849773,-0.07910699,0.26664248,0.0537561,3
android.sensor.accelerometer,1468041920550625,1468041929330134,1775212849788,-0.44865423,8.775677,4.6055856,3
android.sensor.gyroscope,1468041931332291,1468041937812322,1775212849796,-0.014355322,0.17501275,-0.010995566,3
android.sensor.accelerometer,1468041949044166,1468041957415343,1775212849816,-0.6855437,8.79482,4.4859443,3
android.sensor.gyroscope,1468041955076927,1468041962661489,1775212849821,0.010079269,0.08093958,-0.05986475,3
android.sensor.accelerometer,1468041977537760,1468041985935447,1775212849844,-0.7070791,8.909675,4.234698,3
android.sensor.gyroscope,1468041978821562,1468041986060603,1775212849845,0.046731155,0.08460477,-0.037873615,3
android.sensor.gyroscope,1468042002566197,1468042009162530,1775212849868,0.05894845,0.17501275,0.040317077,3
android.sensor.accelerometer,1468042006031302,1468042015056437,1775212849874,-0.7788638,9.0029955,3.9595232,3
android.sensor.gyroscope,1468042026310833,1468042033375239,1775212849892,0.051618073,0.29352054,0.11484258,3
android.sensor.accelerometer,1468042034524895,1468042042965812,1775212849901,-0.6664011,8.653643,4.28734,3
android.sensor.gyroscope,1468042045306562,1468042053602895,1775212849912,0.05894845,0.24831653,0.08918626,3
android.sensor.accelerometer,1468042063018437,1468042071544197,1775212849930,-0.36490545,8.79482,4.4668016,3
android.sensor.gyroscope,1468042069051197,1468042075970134,1775212849934,0.029626941,0.027183482,0.0012217296,3
android.sensor.gyroscope,1468042092795833,1468042100710864,1775212849959,-0.044898562,-0.08155045,-0.06597339,3
android.sensor.accelerometer,1468042091512031,1468042100822061,1775212849959,-0.42951167,8.840283,3.9714873,3
android.sensor.gyroscope,1468042116540468,1468042123132530,1775212849982,-0.06444623,-0.058337588,-0.06597339,3
android.sensor.accelerometer,1468042120005572,1468042128472061,1775212849987,-0.4534399,8.94796,4.019344,3
android.sensor.gyroscope,1468042140285104,1468042146882322,1775212850005,-0.035124727,0.055283263,-0.028099779,3
android.sensor.accelerometer,1468042148499166,1468042156687114,1775212850015,-0.53240305,8.880961,3.9164524,3
android.sensor.gyroscope,1468042164029739,1468042170294926,1775212850029,-0.07055488,0.100487255,0.015882485,3
android.sensor.accelerometer,1468042176992708,1468042184990707,1775212850044,-0.45583272,8.505288,4.9429736,3
android.sensor.gyroscope,1468042187774375,1468042194847114,1775212850053,0.016187917,-0.054672398,-0.036651887,3
android.sensor.accelerometer,1468042205486302,1468042213644770,1775212850072,-0.6089734,8.935996,3.894917,3
android.sensor.gyroscope,1468042211519010,1468042219540707,1775212850078,0.024740024,-0.031459536,-0.0012217296,3
android.sensor.accelerometer,1468042233979843,1468042241895551,1775212850100,-0.4031906,9.113065,3.8901315,3
android.sensor.gyroscope,1468042235263645,1468042242011957,1775212850101,-0.0876591,0.09926552,0.07941242,3
android.sensor.gyroscope,1468042259008333,1468042265873155,1775212850124,-0.044898562,0.19089524,0.11728604,3
android.sensor.accelerometer,1468042262473437,1468042271377895,1775212850130,-0.33140594,8.976674,4.3734818,3
android.sensor.gyroscope,1468042282752968,1468042289429457,1775212850148,-0.014355322,0.1847866,0.12583815,3
android.sensor.accelerometer,1468042290967031,1468042300682686,1775212850159,-0.37208393,8.445468,4.5170507,3
android.sensor.gyroscope,1468042306497604,1468042313184041,1775212850172,-0.030237807,0.023518294,0.0073303776,3
android.sensor.accelerometer,1468042319460572,1468042327725968,1775212850186,-0.276371,8.883354,4.2801614,3
android.sensor.gyroscope,1468042330242239,1468042337072999,1775212850196,-0.07422007,-0.044898562,-0.013439025,3
android.sensor.accelerometer,1468042347954166,1468042356056020,1775212850215,-0.19262223,8.691928,4.5912285,3
android.sensor.gyroscope,1468042353986875,1468042360452634,1775212850219,-0.10598504,-0.06444623,-0.0097738365,3
android.sensor.gyroscope,1468042377731562,1468042384388832,1775212850243,-0.027794348,-0.0754418,-0.0061086477,3
android.sensor.accelerometer,1468042376447760,1468042384562634,1775212850243,-0.18305093,8.555537,4.572086,3
android.sensor.gyroscope,1468042401476197,1468042408372270,1775212850267,0.0027488915,-0.037568185,0.0097738365,3
android.sensor.accelerometer,1468042404941302,1468042412817322,1775212850271,0.12562318,8.469396,4.799404,3
android.sensor.gyroscope,1468042425220833,1468042431949353,1775212850290,0.07971785,-0.032681264,-0.020769402,3
android.sensor.accelerometer,1468042433434895,1468042441510030,1775212850300,0.0011964113,8.732606,4.47398,3
android.sensor.gyroscope,1468042448965468,1468042457424353,1775212850316,-0.040011644,-0.15729769,-0.02932151,3
android.sensor.accelerometer,1468042461928489,1468042470195134,1775212850329,0.14476576,8.696713,4.7563334,3
android.sensor.gyroscope,1468042472710156,1468042480301072,1775212850339,-0.04734202,-0.22082762,-0.08796453,3
android.sensor.accelerometer,1468042490422083,1468042498764561,1775212850357,0.26919255,8.682357,4.9549375,3
android.sensor.gyroscope,1468042496454791,1468042502941540,1775212850361,0.13591741,-0.17195843,-0.18081598,3
android.sensor.gyroscope,1468042520199427,1468042527405759,1775212850386,0.12858704,-0.15851942,-0.17959425,3
android.sensor.accelerometer,1468042518915625,1468042527553155,1775212850386,-0.20937198,9.089137,4.1557345,3
android.sensor.gyroscope,1468042543944114,1468042550608311,1775212850409,0.0015271619,-0.17195843,-0.14782928,3
android.sensor.accelerometer,1468042547409218,1468042555424457,1775212850414,-0.2835495,9.055637,4.3591247,3
android.sensor.gyroscope,1468042567688750,1468042574492686,1775212850433,-0.010690134,-0.23915356,-0.16004658,3
android.sensor.accelerometer,1468042575902812,1468042586535707,1775212850445,0.046660043,8.763713,4.761119,3
android.sensor.gyroscope,1468042591433385,1468042597981540,1775212850456,-0.021685699,-0.36132652,-0.22968516,3
android.sensor.accelerometer,1468042604396406,1468042612737895,1775212850471,-0.07537391,9.203992,4.6295137,3
android.sensor.gyroscope,1468042615178072,1468042621745811,1775212850480,-0.036346454,-0.3601048,-0.18081598,3
android.sensor.accelerometer,1468042632889947,1468042640525759,1775212850499,-0.25722843,9.369097,4.4285164,3
android.sensor.gyroscope,1468042638922708,1468042645456905,1775212850504,0.040622506,-0.12797616,-0.02687805,3
android.sensor.accelerometer,1468042651885677,1468042662324978,1775212850521,-0.30508488,8.873783,4.430909,3
android.sensor.gyroscope,1468042662667343,1468042669579405,1775212850528,-0.026572619,-0.059559315,0.019547673,3
android.sensor.accelerometer,1468042680379270,1468042688803363,1775212850547,-0.28594232,8.2348995,4.842475,3
android.sensor.gyroscope,1468042686412031,1468042692853728,1775212850551,-0.059559315,-0.14019346,-0.073303774,3
android.sensor.gyroscope,1468042710156666,1468042716941332,1775212850575,0.0015271619,-0.19272783,-0.12095123,3
android.sensor.accelerometer,1468042708872864,1468042717078936,1775212850576,-0.6879365,8.565108,4.619942,3
android.sensor.gyroscope,1468042733901354,1468042740157947,1775212850599,-0.0021380268,-0.062002774,-0.036651887,3
android.sensor.accelerometer,1468042737366458,1468042745150967,1775212850604,-0.78843504,9.012567,4.6486564,3
android.sensor.gyroscope,1468042752897083,1468042760868676,1775212850620,0.028405212,-0.004581486,0.03176497,3
android.sensor.accelerometer,1468042765860052,1468042774088520,1775212850633,-0.3385844,8.9312105,4.718048,3
android.sensor.gyroscope,1468042776641718,1468042783251020,1775212850642,0.068722285,0.088269964,0.041538805,3
android.sensor.accelerometer,1468042794353645,1468042802358051,1775212850661,-0.28594232,8.483752,5.014758,3
android.sensor.gyroscope,1468042800386406,1468042806762270,1775212850665,0.068722285,0.018631376,-0.05253437,3
android.sensor.gyroscope,1468042824131041,1468042831279040,1775212850690,0.09682207,-0.13652828,-0.13805544,3
android.sensor.accelerometer,1468042822847239,1468042831587999,1775212850690,-0.50368917,8.519645,5.273183,3
android.sensor.gyroscope,1468042847875677,1468042854293572,1775212850713,0.10293072,-0.14385866,-0.05864302,3
android.sensor.accelerometer,1468042851340833,1468042860461384,1775212850719,-1.274178,8.983852,4.313661,3
android.sensor.gyroscope,1468042871620364,1468042878604353,1775212850737,0.0772744,-0.033902995,0.1197295,3
android.sensor.accelerometer,1468042879834427,1468042888480342,1775212850747,-0.40797627,8.632108,4.6438704,3
android.sensor.gyroscope,1468042895365052,1468042901747842,1775212850760,0.18723005,0.03940078,0.10873393,3
android.sensor.accelerometer,1468042908328020,1468042916344353,1775212850775,0.31226337,8.289934,4.7922254,3
android.sensor.gyroscope,1468042919109687,1468042926264040,1775212850785,0.205556,-0.08643737,-0.020769402,3
android.sensor.accelerometer,1468042936821614,1468042945202686,1775212850804,-0.11365908,8.433503,3.8350966,3
android.sensor.gyroscope,1468042942854375,1468042950686488,1775212850809,0.06750056,-0.16096286,-0.086742796,3
android.sensor.gyroscope,1468042966599010,1468042973267738,1775212850832,-0.07177661,-0.098654665,-0.06475167,3
android.sensor.accelerometer,1468042965315208,1468042973401019,1775212850832,-0.3505485,8.514859,4.107878,3
android.sensor.gyroscope,1468042990343697,1468042997660394,1775212850856,-0.059559315,-0.051007207,-0.02932151,3
android.sensor.accelerometer,1468042993808802,1468043001933259,1775212850860,-0.07058827,8.467003,4.718048,3
android.sensor.gyroscope,1468043014088333,1468043020757894,1775212850879,-0.004581486,-0.05222894,-0.07086031,3
android.sensor.accelerometer,1468043022302395,1468043031648832,1775212850890,0.032303106,8.268398,4.9525447,3
android.sensor.gyroscope,1468043037833020,1468043044581749,1775212850903,0.008857539,-0.13775001,-0.12217296,3
android.sensor.accelerometer,1468043050795989,1468043061011072,1775212850920,-0.30269206,8.682357,4.5338006,3
android.sensor.gyroscope,1468043056828750,1468043065265342,1775212850924,-0.021685699,-0.110871956,-0.08796453,3
android.sensor.gyroscope,1468043080573437,1468043088737790,1775212850947,-0.07055488,-0.060781047,-0.050090913,3
android.sensor.accelerometer,1468043079289635,1468043088835863,1775212850947,-0.20937198,8.646464,4.8209395,3
android.sensor.gyroscope,1468043104318072,1468043110847634,1775212850969,-0.07788526,-0.09010255,-0.07574723,3
android.sensor.accelerometer,1468043107783229,1468043116447947,1775212850975,-0.26919255,8.718249,4.8233323,3
android.sensor.gyroscope,1468043128062760,1468043135005967,1775212850994,-0.05222894,-0.10354158,-0.08429934,3
android.sensor.accelerometer,1468043136276822,1468043144142999,1775212851003,-0.20219351,8.799605,5.0099726,3
android.sensor.gyroscope,1468043151807447,1468043159589301,1775212851018,0.07116575,-0.022907428,-0.10873393,3
android.sensor.accelerometer,1468043164770416,1468043172565603,1775212851031,-0.59700924,8.825927,4.4165525,3
android.sensor.gyroscope,1468043175552083,1468043182098676,1775212851041,0.003970621,-0.01802051,-0.07696896,3
android.sensor.accelerometer,1468043193264010,1468043201434978,1775212851060,-0.43908295,8.679964,4.4524446,3
android.sensor.gyroscope,1468043199296770,1468043205928676,1775212851064,-0.116980605,-0.06933315,-0.050090913,3
android.sensor.accelerometer,1468043212259739,1468043221500655,1775212851080,0.010767702,8.553144,4.663013,3
android.sensor.gyroscope,1468043223041406,1468043230108311,1775212851089,-0.030237807,-0.015577052,-0.11362085,3
android.sensor.accelerometer,1468043240753385,1468043249373988,1775212851108,-0.20219351,8.711071,4.6845484,3
android.sensor.gyroscope,1468043246786093,1468043253616853,1775212851112,0.07971785,0.003970621,-0.12828161,3
android.sensor.gyroscope,1468043270530781,1468043277296905,1775212851136,-0.04367683,-0.037568185,-0.017104214,3
android.sensor.accelerometer,1468043269246979,1468043277388259,1775212851136,-0.6759724,8.830712,3.7393837,3
android.sensor.gyroscope,1468043294275468,1468043300524978,1775212851159,-0.19028437,0.013744458,0.067195125,3
android.sensor.accelerometer,1468043297740572,1468043305817999,1775212851164,-0.022731815,8.663215,4.6031923,3
android.sensor.gyroscope,1468043313271197,1468043321555290,1775212851180,-0.16829325,0.014966187,0.05253437,3
android.sensor.accelerometer,1468043326234218,1468043334539144,1775212851193,0.23808585,8.428718,4.950152,3
android.sensor.gyroscope,1468043337015885,1468043343899144,1775212851202,-0.0754418,0.043065965,-0.008552107,3
android.sensor.accelerometer,1468043354727812,1468043363096696,1775212851222,-0.3361916,8.55793,4.71087,3
android.sensor.gyroscope,1468043360760520,1468043367742634,1775212851226,-0.026572619,-0.0058032153,-0.0073303776,3
android.sensor.gyroscope,1468043384505208,1468043391753988,1775212851250,-0.14630212,0.10415245,0.16004658,3
android.sensor.accelerometer,1468043383221406,1468043391911019,1775212851250,-0.8147561,8.718249,3.8853457,3
android.sensor.gyroscope,1468043408249895,1468043414618519,1775212851273,-0.19028437,0.23854269,0.2687805,3
android.sensor.accelerometer,1468043411715052,1468043420510603,1775212851279,-0.12801601,8.46461,5.031508,3
android.sensor.gyroscope,1468043431994583,1468043439896644,1775212851298,-0.14630212,0.160352,0.21013749,3
android.sensor.accelerometer,1468043440208645,1468043448714301,1775212851307,0.04426722,8.569894,4.7419763,3
android.sensor.gyroscope,1468043455739270,1468043463103780,1775212851322,-0.11331542,0.2556469,0.24312419,3
android.sensor.accelerometer,1468043468702239,1468043476833155,1775212851335,-0.20697916,8.179864,4.859225,3
android.sensor.gyroscope,1468043479483958,1468043486117009,1775212851345,-0.21105379,0.17989968,0.23701553,3
android.sensor.accelerometer,1468043487698020,1468043496850551,1775212851355,-0.21894327,8.361719,4.598407,3
android.sensor.gyroscope,1468043503228593,1468043509887373,1775212851368,-0.32833982,0.29840744,0.29810202,3
android.sensor.accelerometer,1468043516191614,1468043524191801,1775212851383,-0.6687939,8.577073,5.057829,3
android.sensor.gyroscope,1468043526973281,1468043533722478,1775212851392,-0.42729992,0.48777553,0.4996874,3
android.sensor.accelerometer,1468043544685260,1468043552981071,1775212851412,0.24526432,8.37129,6.3140607,3
android.sensor.gyroscope,1468043550717968,1468043557763988,1775212851416,-0.14263692,0.41935867,0.5229002,3
android.sensor.gyroscope,1468043574462656,1468043580777061,1775212851439,0.032070402,0.4242456,0.44959646,3
android.sensor.accelerometer,1468043573178854,1468043580928051,1775212851439,0.40558344,8.830712,5.4550376,3
android.sensor.gyroscope,1468043598207343,1468043604804717,1775212851463,0.013744458,0.41080657,0.3347539,3
android.sensor.accelerometer,1468043601672500,1468043609693363,1775212851468,0.78364944,8.696713,5.299504,3
android.sensor.gyroscope,1468043621952031,1468043629085759,1775212851488,-0.0033597562,0.35705048,0.18936808,3
android.sensor.accelerometer,1468043630166093,1468043638493050,1775212851497,0.07058827,8.553144,4.67737,3
android.sensor.gyroscope,1468043645696718,1468043652746592,1775212851511,-0.23182319,0.26175556,0.09651663,3
android.sensor.accelerometer,1468043658659739,1468043666951905,1775212851525,-0.058624156,8.68475,5.28754,3
android.sensor.gyroscope,1468043669441406,1468043676213103,1775212851535,-0.28069237,0.11148282,-0.008552107,3
android.sensor.accelerometer,1468043687153333,1468043695906540,1775212851554,-0.30269206,8.675179,5.569893,3
android.sensor.gyroscope,1468043693186093,1468043701058311,1775212851560,-0.123089254,0.045509428,-0.1075122,3
android.sensor.gyroscope,1468043716930781,1468043723546957,1775212851582,-0.18906265,0.21777329,0.11117739,3
android.sensor.accelerometer,1468043715646979,1468043724151905,1775212851583,-1.2574283,9.041281,4.404588,3
android.sensor.gyroscope,1468043740675468,1468043747278884,1775212851606,-0.3271181,0.2886336,0.27244568,3
android.sensor.accelerometer,1468043744140572,1468043752153207,1775212851611,-0.62811595,8.029117,5.8833528,3
android.sensor.gyroscope,1468043764420156,1468043771185655,1775212851630,-0.15851942,0.1065959,0.16859868,3
android.sensor.accelerometer,1468043772634218,1468043780482686,1775212851639,-0.4319045,8.151151,5.6967125,3
android.sensor.gyroscope,1468043788164843,1468043794984978,1775212851654,0.06139191,0.14691298,0.21135922,3
android.sensor.accelerometer,1468043801127812,1468043809239925,1775212851668,-0.6113662,8.385647,4.7659044,3
android.sensor.gyroscope,1468043811909531,1468043820387530,1775212851679,-0.022907428,0.13836087,0.27977607,3
android.sensor.accelerometer,1468043829621458,1468043838153467,1775212851697,-0.5132605,8.507681,4.686941,3
android.sensor.gyroscope,1468043835654218,1468043842082998,1775212851701,-0.0876591,0.36315912,0.42271844,3
android.sensor.gyroscope,1468043859398906,1468043866650498,1775212851725,-0.02535089,0.3423897,0.39950556,3
android.sensor.accelerometer,1468043858115104,1468043866781957,1775212851725,-0.1902294,7.856833,5.4095736,3
android.sensor.gyroscope,1468043883143593,1468043889871540,1775212851748,-0.06444623,0.09315688,0.30787584,3
android.sensor.accelerometer,1468043886608750,1468043894952373,1775212851753,-0.06819545,7.966903,4.9956155,3
android.sensor.gyroscope,1468043906888281,1468043913798727,1775212851772,-0.08643737,0.17867795,0.29810202,3
android.sensor.accelerometer,1468043915102343,1468043923807269,1775212851782,0.11365908,7.9860454,5.1343994,3
android.sensor.gyroscope,1468043930632968,1468043937199665,1775212851796,-0.1621846,0.11514801,0.25900668,3
android.sensor.accelerometer,1468043943595989,1468043951786696,1775212851810,-0.52522457,8.1344,4.8305106,3
android.sensor.gyroscope,1468043954377656,1468043960894509,1775212851819,-0.2122755,0.100487255,0.33353218,3
android.sensor.gyroscope,1468043973373437,1468043980918675,1775212851839,-0.2623664,0.20311254,0.40194902,3
android.sensor.accelerometer,1468043972089635,1468043981072373,1775212851840,-0.27876383,8.009974,5.1846485,3
android.sensor.gyroscope,1468043997118125,1468044004239509,1775212851863,-0.17195843,0.021074835,0.194255,3
android.sensor.accelerometer,1468044000583229,1468044009147842,1775212851868,0.47976094,7.820941,5.95753,3
android.sensor.gyroscope,1468044020862812,1468044027436123,1775212851886,-0.06811142,0.027183482,0.13194679,3
android.sensor.accelerometer,1468044029076875,1468044037226748,1775212851896,-0.09451649,8.285149,4.6295137,3
android.sensor.gyroscope,1468044039858593,1468044048435290,1775212851907,-0.13041963,0.16890411,0.19181155,3
android.sensor.accelerometer,1468044057570520,1468044065607269,1775212851924,-0.15672988,8.323434,4.6725845,3
android.sensor.gyroscope,1468044063603281,1468044070171644,1775212851929,-0.38698283,0.24098615,0.31398448,3
android.sensor.gyroscope,1468044087347968,1468044094531436,1775212851953,-0.2403753,0.13591741,0.14294235,3
android.sensor.accelerometer,1468044086064166,1468044094669977,1775212851953,0.75972116,7.411768,7.0965137,3
android.sensor.gyroscope,1468044111092656,1468044124520550,1775212851984,0.20433427,-0.026572619,-0.05742129,3
android.sensor.accelerometer,1468044114557812,1468044125877165,1775212851984,0.34337005,7.90469,6.0580287,3
android.sensor.gyroscope,1468044139586302,1468044146048727,1775212852005,0.1310305,0.06139191,-0.008552107,3
android.sensor.accelerometer,1468044143051406,1468044151183779,1775212852010,-0.23569304,8.440681,3.799204,3
android.sensor.gyroscope,1468044163330989,1468044170000342,1775212852029,-0.23793183,0.1725693,0.08918626,3
android.sensor.accelerometer,1468044171545052,1468044179985863,1775212852038,0.3361916,7.954939,5.4095736,3
android.sensor.gyroscope,1468044187075677,1468044193612009,1775212852052,-0.22693627,0.13225223,0.0036651888,3
android.sensor.accelerometer,1468044190540833,1468044200296644,1775212852059,0.573081,7.969296,6.2925253,3
android.sensor.gyroscope,1468044210820416,1468044217370654,1775212852076,0.038179047,0.062613636,-0.11606431,3
android.sensor.accelerometer,1468044219034479,1468044226946748,1775212852085,-0.029910283,8.206185,5.58425,3
android.sensor.gyroscope,1468044234565104,1468044241046904,1775212852100,-0.05222894,-0.022907428,-0.073303774,3
android.sensor.accelerometer,1468044247528125,1468044255628727,1775212852114,-0.18065812,8.321041,4.639085,3
android.sensor.gyroscope,1468044253560885,1468044262624144,1775212852121,-0.18661919,0.094378605,0.045203995,3
android.sensor.gyroscope,1468044277305572,1468044284002165,1775212852143,-0.2159407,0.33017242,0.16493349,3
android.sensor.accelerometer,1468044276021770,1468044284092842,1775212852143,0.15672988,7.966903,5.608178,3
android.sensor.gyroscope,1468044301050260,1468044307614613,1775212852166,-0.124310985,0.20922118,0.02443459,3
android.sensor.accelerometer,1468044304515416,1468044312479821,1775212852171,0.32662028,8.04108,6.4384875,3
android.sensor.gyroscope,1468044324795000,1468044331527894,1775212852190,0.038179047,0.14080434,-0.050090913,3
android.sensor.accelerometer,1468044333009062,1468044341015134,1775212852200,-0.14955142,8.421539,5.1822557,3
android.sensor.gyroscope,1468044343790729,1468044351653102,1775212852210,0.051618073,0.29962918,0.018325943,3
android.sensor.accelerometer,1468044361502708,1468044369850134,1775212852228,0.046660043,8.04108,5.675177,3
android.sensor.gyroscope,1468044367535468,1468044374116904,1775212852233,-0.11209369,0.19700389,0.0061086477,3
android.sensor.accelerometer,1468044389996354,1468044398482998,1775212852257,-0.2883351,8.160722,5.715855,3
android.sensor.gyroscope,1468044391280156,1468044398626071,1775212852257,0.0015271619,0.29962918,0.0024434591,3
android.sensor.gyroscope,1468044415024843,1468044421910238,1775212852280,-0.030237807,0.32039857,0.07819069,3
android.sensor.accelerometer,1468044418490000,1468044426976279,1775212852285,-0.42951167,8.2348995,5.849853,3
android.sensor.gyroscope,1468044438769583,1468044445943206,1775212852304,-0.08155045,0.19456044,0.068416856,3
android.sensor.accelerometer,1468044446983645,1468044455231696,1775212852314,-0.07537391,8.182257,6.1034923,3
android.sensor.gyroscope,1468044462514270,1468044469317269,1775212852328,0.0650571,0.27275112,0.106290475,3
android.sensor.accelerometer,1468044475477291,1468044483719665,1775212852342,-0.21655045,8.237292,6.0364933,3
android.sensor.gyroscope,1468044486259010,1468044495446592,1775212852354,0.15790854,0.30573782,0.14294235,3
android.sensor.accelerometer,1468044503970937,1468044512945967,1775212852371,0.14955142,7.8783684,6.598807,3
android.sensor.gyroscope,1468044510003697,1468044516682894,1775212852375,0.14935644,-0.053450666,-0.02565632,3
android.sensor.gyroscope,1468044533748385,1468044540351227,1775212852399,0.31062475,0.008857539,-0.067195125,3
android.sensor.accelerometer,1468044532464583,1468044540464404,1775212852399,0.02751746,8.304291,5.541179,3
android.sensor.gyroscope,1468044557493125,1468044564776019,1775212852423,0.31184646,0.12125666,0.010995566,3
android.sensor.accelerometer,1468044560958281,1468044569022165,1775212852428,-0.24047868,8.835498,4.579264,3
android.sensor.gyroscope,1468044581237812,1468044588020186,1775212852447,0.11270455,0.12247839,0.07696896,3
android.sensor.accelerometer,1468044589451927,1468044599325133,1775212852458,0.23330021,8.553144,5.569893,3
android.sensor.gyroscope,1468044604982552,1468044611781956,1775212852470,0.15668681,-0.08032872,-0.042760536,3
android.sensor.accelerometer,1468044617945572,1468044625914717,1775212852484,0.6879365,8.076973,5.5579286,3
android.sensor.gyroscope,1468044628727239,1468044635576748,1775212852494,0.17623448,-0.23793183,-0.25411975,3
android.sensor.accelerometer,1468044636941354,1468044647832686,1775212852506,-0.096909314,8.543573,4.36391,3
android.sensor.gyroscope,1468044652471979,1468044660106748,1775212852519,-0.059559315,-0.18539746,-0.18570289,3
android.sensor.accelerometer,1468044665435000,1468044673463779,1775212852532,-0.51565325,8.768498,4.8496532,3
android.sensor.gyroscope,1468044676216718,1468044682624508,1775212852541,-0.1499673,-0.083993904,-0.015882485,3
android.sensor.gyroscope,1468044695212447,1468044703044248,1775212852562,-0.04856375,-0.032681264,0.034208428,3
android.sensor.accelerometer,1468044693928645,1468044703365654,1775212852562,-0.15194423,8.254042,5.77089,3
android.sensor.gyroscope,1468044718957187,1468044725788623,1775212852584,0.09682207,-0.1915061,-0.05986475,3
android.sensor.accelerometer,1468044722422343,1468044730967165,1775212852590,0.31226337,8.055437,5.6799626,3
android.sensor.gyroscope,1468044742701875,1468044751782738,1775212852610,0.13836087,-0.19028437,-0.11362085,3
android.sensor.accelerometer,1468044741418072,1468044751875238,1775212852610,0.18544376,8.304291,4.706084,3
android.sensor.gyroscope,1468044766446614,1468044773187477,1775212852632,-0.066889696,-0.092546016,-0.09407318,3
android.sensor.accelerometer,1468044769911770,1468044778069456,1775212852637,0.0011964113,8.505288,4.586443,3
android.sensor.gyroscope,1468044790191354,1468044796648154,1775212852655,-0.1291979,0.00641408,-0.012217295,3
android.sensor.accelerometer,1468044798405416,1468044806427060,1775212852665,-0.049052864,8.220542,5.352146,3
android.sensor.gyroscope,1468044813936041,1468044820882113,1775212852679,-0.091324285,-0.0754418,-0.023212861,3
android.sensor.accelerometer,1468044826899114,1468044836341852,1775212852695,0.111266255,8.048259,5.89771,3
android.sensor.gyroscope,1468044837680781,1468044844394040,1775212852703,0.051618073,-0.19028437,-0.08918626,3
android.sensor.accelerometer,1468044855392760,1468044864040654,1775212852723,-0.022731815,8.565108,4.9812584,3
android.sensor.gyroscope,1468044861425520,1468044868216383,1775212852727,0.13591741,-0.07422007,-0.05253437,3
android.sensor.gyroscope,1468044885170208,1468044891701956,1775212852750,-0.0033597562,0.16768238,0.12828161,3
android.sensor.accelerometer,1468044883886406,1468044891879873,1775212852750,-0.010767702,8.43111,4.6414776,3
android.sensor.gyroscope,1468044908914947,1468044915216331,1775212852774,-0.16096286,0.20311254,0.16615522,3
android.sensor.accelerometer,1468044912380104,1468044920749769,1775212852779,0.43429732,7.8017983,5.608178,3
android.sensor.gyroscope,1468044932659687,1468044940431175,1775212852799,-0.1707367,0.032070402,0.0048869182,3
android.sensor.accelerometer,1468044940873750,1468044948823779,1775212852807,0.85064846,7.4356966,6.476773,3
android.sensor.gyroscope,1468044956404375,1468044963247112,1775212852822,0.12614357,0.024740024,-0.24190246,3
android.sensor.accelerometer,1468044969367447,1468044977390446,1775212852836,-0.07776674,8.103293,5.3425746,3
android.sensor.gyroscope,1468044980149114,1468044987288519,1775212852846,0.016187917,0.03940078,-0.2480111,3
android.sensor.accelerometer,1468044988363229,1468044998480342,1775212852857,-0.317049,8.079366,5.4023952,3
android.sensor.gyroscope,1468045003893854,1468045010237633,1775212852869,-0.17318016,-0.024129158,-0.2272417,3
android.sensor.accelerometer,1468045016856875,1468045025070810,1775212852884,-0.096909314,8.033902,6.285347,3
android.sensor.gyroscope,1468045027638593,1468045034657685,1775212852893,0.022296565,0.029626941,-0.20036365,3
android.sensor.accelerometer,1468045045350572,1468045053679925,1775212852912,-0.5395815,8.344969,6.25424,3
android.sensor.gyroscope,1468045051383281,1468045057956071,1775212852916,0.21288638,-0.085215636,-0.14660755,3
android.sensor.gyroscope,1468045075128020,1468045081858987,1775212852940,0.19089524,-0.18051054,-0.14172062,3
android.sensor.accelerometer,1468045073844218,1468045081986331,1775212852940,-0.39361933,8.1942215,5.419145,3
android.sensor.gyroscope,1468045098872760,1468045105439248,1775212852964,0.14569125,-0.040011644,-0.07086031,3
android.sensor.accelerometer,1468045102337916,1468045110202165,1775212852969,-0.84825563,8.443074,4.77069,3
android.sensor.gyroscope,1468045113119583,1468045128255498,1775212852987,0.109039366,0.13836087,0.08185588,3
android.sensor.accelerometer,1468045130831562,1468045140180237,1775212852999,-0.5395815,8.35454,5.608178,3
android.sensor.gyroscope,1468045141613281,1468045149673310,1775212853008,0.052839804,0.05894845,0.14660755,3
android.sensor.accelerometer,1468045159325260,1468045168259300,1775212853027,-0.106480606,8.35454,5.4981084,3
android.sensor.gyroscope,1468045165358020,1468045171929144,1775212853030,0.0772744,0.03084867,0.08185588,3
android.sensor.gyroscope,1468045189102760,1468045195737946,1775212853054,-0.04734202,0.082161315,0.098960094,3
android.sensor.accelerometer,1468045187818958,1468045196049196,1775212853055,-0.4438686,8.392825,4.9381876,3
android.sensor.gyroscope,1468045212847447,1468045220189039,1775212853079,-0.28802276,0.17501275,0.18325943,3
android.sensor.accelerometer,1468045216312604,1468045224412217,1775212853083,-0.47258246,7.8520474,5.4406805,3
android.sensor.gyroscope,1468045236592187,1468045243298467,1775212853102,-0.3735438,0.045509428,0.11728604,3
android.sensor.accelerometer,1468045244806302,1468045252834821,1775212853111,0.23330021,7.6366935,6.256633,3
android.sensor.gyroscope,1468045260336927,1468045267631748,1775212853126,-0.15363249,0.0736092,0.0048869182,3
android.sensor.accelerometer,1468045273300000,1468045281171175,1775212853140,0.058624156,7.7012997,5.8067822,3
android.sensor.gyroscope,1468045284081666,1468045290874612,1775212853149,-0.035124727,0.023518294,-0.13316852,3
android.sensor.accelerometer,1468045301793645,1468045310163883,1775212853169,-0.6376872,8.2253275,4.801797,3
android.sensor.gyroscope,1468045307826406,1468045314261227,1775212853173,-0.26480988,-0.030237807,-0.15638138,3
android.sensor.gyroscope,1468045331571145,1468045338169352,1775212853197,-0.47372565,0.027183482,-0.020769402,3
android.sensor.accelerometer,1468045330287343,1468045338286748,1775212853197,-0.6472585,8.213364,5.608178,3
android.sensor.gyroscope,1468045355315885,1468045361890289,1775212853220,-0.41752607,0.013744458,0.035430156,3
android.sensor.accelerometer,1468045358781041,1468045366815706,1775212853225,-0.34576288,7.763513,7.091728,3
android.sensor.gyroscope,1468045379060625,1468045385957633,1775212853244,0.027183482,0.010079269,0.06352994,3
android.sensor.accelerometer,1468045387274739,1468045396525446,1775212853255,-0.25004998,7.6127653,6.7854466,3
android.sensor.gyroscope,1468045402805364,1468045409358258,1775212853268,0.34727663,0.10537417,0.12339468,3
android.sensor.accelerometer,1468045415768385,1468045423680654,1775212853282,-0.61854464,8.050652,4.7395835,3
android.sensor.gyroscope,1468045426550104,1468045433285185,1775212853292,0.10293072,0.14446951,0.23457208,3
android.sensor.gyroscope,1468045445545885,1468045453734873,1775212853312,-0.1707367,0.11759147,0.23457208,3
android.sensor.accelerometer,1468045444262083,1468045453864925,1775212853312,0.0059820567,7.6606216,5.163113,3
android.sensor.gyroscope,1468045469290625,1468045476135029,1775212853335,-0.20494513,0.0650571,0.1197295,3
android.sensor.accelerometer,1468045472755781,1468045480447477,1775212853339,0.5563313,7.2969127,6.227919,3
android.sensor.gyroscope,1468045493035364,1468045500848206,1775212853359,0.00763581,0.107817635,0.07696896,3
android.sensor.accelerometer,1468045491751562,1468045500958154,1775212853359,0.16151553,7.5457664,6.1441703,3
android.sensor.gyroscope,1468045516780104,1468045523275966,1775212853382,0.043065965,0.09315688,0.11606431,3
android.sensor.accelerometer,1468045520245260,1468045528576904,1775212853387,-0.25962126,7.844869,5.3066826,3
android.sensor.gyroscope,1468045540524843,1468045547338206,1775212853406,0.083383046,0.32039857,0.28710645,3
android.sensor.accelerometer,1468045548738958,1468045556842893,1775212853415,-0.17826529,7.87119,5.555536,3
android.sensor.gyroscope,1468045564269635,1468045570749821,1775212853429,-0.01802051,0.16890411,0.2687805,3
android.sensor.accelerometer,1468045577232656,1468045585344925,1775212853444,0.6376872,7.706085,5.766104,3
android.sensor.gyroscope,1468045588014375,1468045594549612,1775212853453,-0.013133593,0.100487255,0.21135922,3
android.sensor.accelerometer,1468045605726354,1468045613598727,1775212853472,0.8865408,7.253842,5.2516475,3
android.sensor.gyroscope,1468045611759114,1468045618279039,1775212853477,-0.036346454,0.23121232,0.20891576,3
android.sensor.gyroscope,1468045635503854,1468045644569039,1775212853503,-0.15729769,0.37048948,0.17104214,3
android.sensor.accelerometer,1468045634220052,1468045644696071,1775212853503,0.8602197,6.971489,5.8283176,3
android.sensor.gyroscope,1468045659248593,1468045665716643,1775212853524,-0.0876591,0.26542073,0.05986475,3
android.sensor.accelerometer,1468045662713750,1468045671987373,1775212853531,0.75493556,7.2442703,6.730412,3
android.sensor.gyroscope,1468045682993333,1468045689905966,1775212853548,0.18600832,0.33505934,0.09529491,3
android.sensor.accelerometer,1468045691207447,1468045701343518,1775212853560,0.31226337,7.765906,5.914459,3
android.sensor.gyroscope,1468045706738072,1468045713258414,1775212853572,0.27397284,0.41080657,0.20647229,3
android.sensor.accelerometer,1468045719701145,1468045727569352,1775212853586,0.25244278,7.952546,4.6295137,3
android.sensor.gyroscope,1468045730482864,1468045737660498,1775212853596,0.21532984,0.6856957,0.32986698,3
android.sensor.gyroscope,1468045749478645,1468045757698987,1775212853616,3.054324E-4,0.7724385,0.2516763,3
android.sensor.accelerometer,1468045748194843,1468045757951071,1775212853616,0.7788638,7.0815587,5.328218,3
android.sensor.gyroscope,1468045773223385,1468045780182633,1775212853639,-0.123089254,0.49266243,-0.12828161,3
android.sensor.accelerometer,1468045776688541,1468045785058987,1775212853644,0.6376872,7.7180495,6.88116,3
android.sensor.gyroscope,1468045792219218,1468045801030706,1775212853660,0.0736092,0.29474226,-0.32009315,3
android.sensor.accelerometer,1468045805182239,1468045813719248,1775212853672,-0.8865408,9.223135,5.8689957,3
android.sensor.gyroscope,1468045815963958,1468045823024508,1775212853682,0.27030766,0.33750278,-0.13683371,3
android.sensor.accelerometer,1468045833675937,1468045841577425,1775212853700,-1.4344971,9.424132,5.2899327,3
android.sensor.gyroscope,1468045839708697,1468045846378987,1775212853705,0.2715294,0.37171122,0.062308207,3
android.sensor.gyroscope,1468045863453437,1468045870228258,1775212853729,0.25442517,0.33750278,0.2809978,3
android.sensor.accelerometer,1468045862169635,1468045870385289,1775212853729,-1.8340986,9.629914,4.825725,3
android.sensor.gyroscope,1468045887198229,1468045893618518,1775212853752,0.014966187,0.22510368,0.4752528,3
android.sensor.accelerometer,1468045890663385,1468045900137581,1775212853759,-0.63529444,8.837891,5.1583276,3
android.sensor.gyroscope,1468045910942968,1468045917976904,1775212853776,-0.14385866,0.16279547,0.4960222,3
android.sensor.accelerometer,1468045919157083,1468045927143206,1775212853786,0.5706882,8.2348995,5.7469616,3
android.sensor.gyroscope,1468045934687708,1468045941175185,1775212853800,-0.066889696,0.21655156,0.47647452,3
android.sensor.accelerometer,1468045947650781,1468045955988258,1775212853815,-0.039481573,8.933603,6.2063837,3
android.sensor.gyroscope,1468045958432500,1468045965617373,1775212853824,0.08093958,0.074830934,0.53023064,3
android.sensor.accelerometer,1468045976144479,1468045983991383,1775212853842,-0.06580263,9.012567,5.3186464,3
android.sensor.gyroscope,1468045982177239,1468045988945550,1775212853847,0.052839804,0.09315688,0.67683816,3
android.sensor.accelerometer,1468046004638229,1468046012654195,1775212853871,1.6905292,8.373683,5.8283176,3
android.sensor.gyroscope,1468046005922031,1468046012748883,1775212853871,-0.016798781,0.14569125,0.56810427,3
android.sensor.gyroscope,1468046029666770,1468046036306539,1775212853895,0.1933387,0.51343185,0.43127054,3
android.sensor.accelerometer,1468046033131927,1468046041082685,1775212853900,1.7527425,8.629715,5.8211393,3
android.sensor.gyroscope,1468046048662604,1468046058077945,1775212853917,0.21288638,0.5610793,0.239459,3
android.sensor.accelerometer,1468046061625625,1468046069871070,1775212853928,0.2548356,8.703893,4.859225,3
android.sensor.gyroscope,1468046072407343,1468046080261175,1775212853939,-0.0632245,0.4987711,0.08552107,3
android.sensor.accelerometer,1468046080621458,1468046091824508,1775212853950,-0.3792624,8.725428,5.3330035,3
android.sensor.gyroscope,1468046096152083,1468046102949404,1775212853961,-0.16340633,0.42913252,0.13316852,3
android.sensor.accelerometer,1468046109115156,1468046116845810,1775212853975,0.2739782,8.364112,6.024529,3
android.sensor.gyroscope,1468046119896875,1468046126392841,1775212853985,-0.18906265,0.43401942,0.15027274,3
android.sensor.accelerometer,1468046137608854,1468046146545706,1775212854005,0.30508488,8.581859,6.2063837,3
android.sensor.gyroscope,1468046138892656,1468046146665185,1775212854005,-0.118202336,0.4486802,0.124616414,3
android.sensor.gyroscope,1468046162637447,1468046169347529,1775212854028,0.050396346,0.54519683,0.21258095,3
android.sensor.accelerometer,1468046166102604,1468046174661904,1775212854033,-0.276371,8.749356,5.3090754,3
android.sensor.gyroscope,1468046186382187,1468046192780862,1775212854051,-0.08643737,0.47311476,0.2357938,3
android.sensor.accelerometer,1468046185098385,1468046194692425,1775212854053,-0.36490545,8.562716,5.122435,3
android.sensor.gyroscope,1468046210126979,1468046216571591,1775212854075,-0.21105379,0.37048948,0.23212862,3
android.sensor.accelerometer,1468046213592135,1468046221448154,1775212854080,-0.13280165,8.309076,5.6560345,3
android.sensor.gyroscope,1468046229122760,1468046238089560,1775212854097,-0.2159407,0.33994624,0.20280711,3
android.sensor.accelerometer,1468046242085833,1468046250031070,1775212854109,0.022731815,8.019546,5.2492547,3
android.sensor.gyroscope,1468046252867552,1468046260140862,1775212854119,-0.24281874,0.34849834,0.12095123,3
android.sensor.gyroscope,1468046271863385,1468046280492477,1775212854139,-0.3100139,0.36193737,0.13316852,3
android.sensor.accelerometer,1468046270579583,1468046280578518,1775212854139,-0.8865408,8.055437,5.4406805,3
android.sensor.gyroscope,1468046295608125,1468046302145966,1775212854161,-0.1414152,0.39003715,0.24068072,3
android.sensor.accelerometer,1468046299073281,1468046307350497,1775212854166,-0.69272214,7.605587,6.7256265,3
android.sensor.gyroscope,1468046319352916,1468046325771070,1775212854184,0.094378605,0.32039857,0.2357938,3
android.sensor.accelerometer,1468046327567031,1468046335768935,1775212854194,-1.1186446,7.8903327,5.9551373,3
android.sensor.gyroscope,1468046343097656,1468046349647424,1775212854208,0.09926552,0.26419902,0.3836231,3
android.sensor.accelerometer,1468046356060729,1468046364260862,1775212854223,-0.9487542,8.402397,4.825725,3
android.sensor.gyroscope,1468046366842447,1468046373304664,1775212854232,-0.0876591,0.40347618,0.582765,3
android.sensor.accelerometer,1468046384554479,1468046393225497,1775212854252,0.058624156,7.8903327,5.998208,3
android.sensor.gyroscope,1468046390587187,1468046397180445,1775212854256,-0.17928882,0.4071414,0.54733485,3
android.sensor.gyroscope,1468046414331979,1468046421065497,1775212854280,-0.16951497,0.30329436,0.2932151,3
android.sensor.accelerometer,1468046413048177,1468046421264664,1775212854280,0.52522457,7.519445,6.3068824,3
android.sensor.gyroscope,1468046438076770,1468046444803101,1775212854303,-0.29779658,0.22143848,0.07086031,3
android.sensor.accelerometer,1468046441541927,1468046449724039,1775212854308,-0.24047868,7.6199436,5.6727843,3
android.sensor.gyroscope,1468046461821510,1468046468645549,1775212854327,-0.4187478,0.20922118,0.008552107,3
android.sensor.accelerometer,1468046470035625,1468046478324560,1775212854337,-0.9942178,7.6366935,6.242276,3
android.sensor.gyroscope,1468046480817343,1468046489922164,1775212854348,-0.37232208,0.14813471,0.050090913,3
android.sensor.accelerometer,1468046498529375,1468046506711956,1775212854365,-1.0444671,7.4739814,6.268597,3
android.sensor.gyroscope,1468046504562135,1468046511211122,1775212854370,-0.23182319,0.09682207,0.13683371,3
android.sensor.gyroscope,1468046528306927,1468046535553622,1775212854394,-0.116980605,0.16523892,0.21746786,3
android.sensor.accelerometer,1468046527023125,1468046535681851,1775212854394,-0.7190432,7.2466636,6.105885,3
android.sensor.gyroscope,1468046552051666,1468046560002529,1775212854419,-0.015577052,0.11514801,0.18692462,3
android.sensor.accelerometer,1468046555516822,1468046565225445,1775212854424,-0.49172506,7.079166,6.072386,3
android.sensor.gyroscope,1468046575796458,1468046583071487,1775212854442,0.07238748,0.0980438,0.12950334,3
android.sensor.accelerometer,1468046584010572,1468046592088883,1775212854451,-0.65682983,7.8520474,5.0219364,3
android.sensor.gyroscope,1468046599541250,1468046606520237,1775212854465,-0.041233372,0.05650499,0.08796453,3
android.sensor.accelerometer,1468046612504322,1468046620771956,1775212854479,-0.41515473,8.43111,4.8999023,3
android.sensor.gyroscope,1468046623286041,1468046630015133,1775212854489,-0.08888082,0.17745622,0.13805544,3
android.sensor.accelerometer,1468046640998020,1468046649061278,1775212854508,0.2835495,8.246863,5.9001026,3
android.sensor.gyroscope,1468046647030781,1468046653927945,1775212854512,0.06750056,0.19944735,0.068416856,3
android.sensor.gyroscope,1468046670775572,1468046677747528,1775212854536,0.07971785,0.17134757,-0.010995566,3
android.sensor.accelerometer,1468046669491770,1468046677918362,1775212854536,0.25962126,8.10808,5.1607203,3
android.sensor.gyroscope,1468046694520364,1468046701062789,1775212854560,-0.085215636,0.10415245,-0.12705988,3
android.sensor.accelerometer,1468046697985520,1468046706154143,1775212854565,0.013160525,7.921439,5.313861,3
android.sensor.gyroscope,1468046718265156,1468046725166695,1775212854584,-0.13897173,0.021074835,-0.15027274,3
android.sensor.accelerometer,1468046726479270,1468046734631383,1775212854593,-0.5802595,7.9501534,5.756533,3
android.sensor.gyroscope,1468046742009947,1468046748617112,1775212854607,-0.030237807,0.00641408,-0.050090913,3
android.sensor.accelerometer,1468046754973020,1468046762908206,1775212854621,-0.357727,7.4979095,5.6440706,3
android.sensor.gyroscope,1468046765754687,1468046772598101,1775212854631,-0.0070249448,-0.11453715,-0.03054324,3
android.sensor.accelerometer,1468046783466718,1468046791754976,1775212854650,0.05623133,7.57448,5.072186,3
android.sensor.gyroscope,1468046789499479,1468046795885028,1775212854654,0.03940078,-9.162972E-4,0.06475167,3
android.sensor.gyroscope,1468046813244270,1468046819955237,1775212854678,0.14569125,0.03451386,0.12705988,3
android.sensor.accelerometer,1468046811960468,1468046820292528,1775212854679,0.046660043,7.373483,5.890531,3
android.sensor.gyroscope,1468046832240104,1468046840256539,1775212854699,0.2678642,0.00763581,0.086742796,3
android.sensor.accelerometer,1468046830956302,1468046840548831,1775212854699,-0.13280165,7.3663044,5.175077,3
android.sensor.gyroscope,1468046855984895,1468046862627008,1775212854721,0.1395826,-0.022907428,0.07574723,3
android.sensor.accelerometer,1468046859450052,1468046867909768,1775212854726,-0.7956135,7.665407,4.17727,3
android.sensor.gyroscope,1468046879729687,1468046886357112,1775212854745,-0.06811142,-0.013133593,0.14538582,3
android.sensor.accelerometer,1468046887943802,1468046895857476,1775212854754,-0.18305093,7.4476604,4.77069,3
android.sensor.gyroscope,1468046903474479,1468046909823310,1775212854768,-0.22571453,0.012522728,0.11362085,3
android.sensor.accelerometer,1468046916437552,1468046924640966,1775212854783,0.90089774,7.213164,6.7088766,3
android.sensor.gyroscope,1468046927219270,1468046933929872,1775212854792,-0.116980605,-0.10354158,-0.080634154,3
android.sensor.accelerometer,1468046944931302,1468046953506330,1775212854812,0.4941179,8.009974,5.981458,3
android.sensor.gyroscope,1468046950964062,1468046957853049,1775212854816,-0.09498947,-0.085215636,-0.19914192,3
android.sensor.gyroscope,1468046974708854,1468046981056747,1775212854840,-0.26358816,0.06383537,-0.09407318,3
android.sensor.accelerometer,1468046973425052,1468046981180758,1775212854840,-0.75493556,8.208578,6.1513486,3
android.sensor.gyroscope,1468046998453645,1468047005247737,1775212854864,-0.35033095,-0.01802051,-0.06108648,3
android.sensor.accelerometer,1468047001918802,1468047010072320,1775212854869,-0.66161543,7.85444,7.393224,3
android.sensor.gyroscope,1468047022198437,1468047028986070,1775212854887,0.06627883,0.038179047,-0.050090913,3
android.sensor.accelerometer,1468047030412552,1468047038595601,1775212854897,-1.2239288,8.325827,6.5868425,3
android.sensor.gyroscope,1468047045943229,1468047052544768,1775212854911,0.4169152,0.07971785,0.06108648,3
android.sensor.accelerometer,1468047058906302,1468047066845028,1775212854925,-1.1712867,8.672786,4.7491546,3
android.sensor.gyroscope,1468047069688020,1468047076590705,1775212854935,0.36804602,0.18356487,0.20402883,3
android.sensor.accelerometer,1468047087400052,1468047095353518,1775212854954,-0.64247286,8.467003,4.478766,3
android.sensor.gyroscope,1468047093432812,1468047100290132,1775212854959,-0.060781047,0.16890411,0.24312419,3
android.sensor.gyroscope,1468047117177604,1468047124953362,1775212854983,-0.2904662,0.18845178,0.25900668,3
android.sensor.accelerometer,1468047115893802,1468047125213622,1775212854984,0.049052864,8.033902,5.7780685,3
android.sensor.gyroscope,1468047140922395,1468047147450237,1775212855006,-0.2073886,0.15424335,0.18814635,3
android.sensor.accelerometer,1468047144387552,1468047152793257,1775212855011,0.4534399,8.000402,6.8285174,3
android.sensor.gyroscope,1468047164666956,1468047170955810,1775212855029,0.008857539,0.120034926,0.100181825,3
android.sensor.accelerometer,1468047172881071,1468047180815132,1775212855039,0.35533416,8.617751,5.849853,3
android.sensor.gyroscope,1468047188412216,1468047194842424,1775212855053,-0.014355322,0.23976442,0.18570289,3
android.sensor.accelerometer,1468047191877372,1468047201431382,1775212855060,-0.08015956,8.687142,5.47418,3
android.sensor.gyroscope,1468047212157007,1468047220036330,1775212855079,-0.318566,0.16279547,0.20769402,3
android.sensor.accelerometer,1468047220371122,1468047228552476,1775212855087,0.53240305,8.239685,6.6275206,3
android.sensor.gyroscope,1468047235901799,1468047242644716,1775212855101,-0.33811367,-0.02046397,0.05986475,3
android.sensor.accelerometer,1468047248864872,1468047258172216,1775212855117,0.54436713,8.136793,7.2735825,3
android.sensor.gyroscope,1468047259646591,1468047266498310,1775212855125,-0.011911863,-0.035124727,0.014660755,3
android.sensor.accelerometer,1468047277358622,1468047285255185,1775212855144,-0.54436713,8.4909315,6.026922,3
android.sensor.gyroscope,1468047283391382,1468047290205810,1775212855149,0.11759147,0.12247839,0.27977607,3
android.sensor.accelerometer,1468047305852424,1468047314105132,1775212855173,-0.041874398,7.60798,6.026922,3
android.sensor.gyroscope,1468047307136226,1468047314254091,1775212855173,-0.06444623,0.205556,0.41905323,3
android.sensor.gyroscope,1468047330881018,1468047339791226,1775212855198,-0.0632245,0.16279547,0.24678937,3
android.sensor.accelerometer,1468047334346174,1468047344043987,1775212855203,0.3696911,6.8518476,6.6131635,3
android.sensor.gyroscope,1468047354625810,1468047361363153,1775212855220,-0.029016078,0.15546508,0.08307761,3
android.sensor.accelerometer,1468047362839924,1468047372822112,1775212855231,-0.39840496,6.725028,6.136992,3
android.sensor.gyroscope,1468047378370601,1468047385026747,1775212855244,-0.07910699,0.14446951,0.0024434591,3
android.sensor.accelerometer,1468047391333674,1468047400748153,1775212855259,-0.50129634,6.7130637,6.419345,3
android.sensor.gyroscope,1468047397366435,1468047409203778,1775212855268,-0.097432934,0.1517999,-0.02687805,3
android.sensor.accelerometer,1468047419827476,1468047428095653,1775212855287,-0.96789676,7.1413794,6.4360948,3
android.sensor.gyroscope,1468047425860237,1468047432476487,1775212855291,0.044287696,0.309403,0.09529491,3
android.sensor.gyroscope,1468047449605028,1468047456528362,1775212855315,0.11514801,0.20433427,0.10384701,3
android.sensor.accelerometer,1468047448321226,1468047456628101,1775212855315,-0.95353985,7.3663044,6.3044896,3
android.sensor.gyroscope,1468047473349820,1468047480028101,1775212855339,0.03451386,0.12980877,0.039095346,3
android.sensor.accelerometer,1468047476815028,1468047484824872,1775212855343,-0.70947194,7.2490563,5.9001026,3
android.sensor.gyroscope,1468047492345705,1468047500486174,1775212855359,-0.01802051,0.17501275,0.032986697,3
android.sensor.accelerometer,1468047505308778,1468047513746122,1775212855372,-0.613759,7.3782687,5.742176,3
android.sensor.gyroscope,1468047516090497,1468047523012528,1775212855382,-0.1621846,0.19089524,0.0024434591,3
android.sensor.accelerometer,1468047533802528,1468047542041070,1775212855401,-0.86979103,8.04108,5.58425,3
android.sensor.gyroscope,1468047539835341,1468047546807632,1775212855405,-0.25625777,0.2629773,0.09040799,3
android.sensor.gyroscope,1468047563580132,1468047570330705,1775212855429,-0.23915356,0.27030766,0.15882485,3
android.sensor.accelerometer,1468047562296330,1468047570421018,1775212855429,-0.47018966,8.024331,6.558129,3
android.sensor.gyroscope,1468047587324924,1468047594272736,1775212855453,-0.059559315,0.29107708,0.100181825,3
android.sensor.accelerometer,1468047590790080,1468047600584039,1775212855459,-0.37208393,8.129615,6.6514487,3
android.sensor.gyroscope,1468047611069768,1468047617929091,1775212855476,0.05650499,0.36438084,0.15393792,3
android.sensor.accelerometer,1468047619283882,1468047627618101,1775212855486,-0.49651068,8.146365,6.3595243,3
android.sensor.gyroscope,1468047634814560,1468047641764664,1775212855500,0.022296565,0.3497201,0.17592905,3
android.sensor.accelerometer,1468047647777632,1468047656069924,1775212855515,-0.14476576,7.885547,6.5772715,3
android.sensor.gyroscope,1468047658559403,1468047665209143,1775212855524,0.010079269,0.32039857,0.10140356,3
android.sensor.accelerometer,1468047676271435,1468047684492424,1775212855543,-0.6089734,7.978867,6.3236322,3
android.sensor.gyroscope,1468047682304195,1468047689152268,1775212855548,-0.022907428,0.3081813,0.08796453,3
android.sensor.gyroscope,1468047706048987,1468047712684299,1775212855571,0.011300999,0.3509418,0.27244568,3
android.sensor.accelerometer,1468047704765185,1468047712777320,1775212855571,-1.1377872,8.383254,6.460023,3
android.sensor.gyroscope,1468047729793830,1468047736750809,1775212855595,0.10415245,0.32162032,0.44715303,3
android.sensor.accelerometer,1468047733258987,1468047741442268,1775212855600,-0.2428715,7.6390862,6.687341,3
android.sensor.accelerometer,1468047752254872,1468047761562111,1775212855620,0.13758731,7.428518,6.419345,3
android.sensor.gyroscope,1468047753538674,1468047761659091,1775212855620,0.21166465,0.3008509,0.4092794,3
android.sensor.gyroscope,1468047777283466,1468047783739038,1775212855642,0.16157374,0.27275112,0.36529714,3
android.sensor.accelerometer,1468047780748622,1468047788903674,1775212855647,0.2548356,7.5960155,5.8354964,3
android.sensor.gyroscope,1468047801028310,1468047807569976,1775212855666,0.082161315,0.25686863,0.37140578,3
android.sensor.accelerometer,1468047809242424,1468047816937320,1775212855675,0.42951167,7.643872,6.038886,3
android.sensor.gyroscope,1468047824773101,1468047831332632,1775212855690,0.11148282,0.22876886,0.3921752,3
android.sensor.accelerometer,1468047828238257,1468047837394924,1775212855696,0.46301118,7.524231,6.1250277,3
android.sensor.gyroscope,1468047848517945,1468047855548153,1775212855714,0.18234314,0.25442517,0.43493572,3
android.sensor.accelerometer,1468047856732060,1468047864810809,1775212855723,0.4869394,7.682157,5.8354964,3
android.sensor.gyroscope,1468047872262737,1468047880044768,1775212855739,0.1847866,0.3081813,0.48258317,3
android.sensor.accelerometer,1468047885225862,1468047893620913,1775212855752,1.1712867,7.442875,5.749355,3
android.sensor.gyroscope,1468047896007580,1468047902904143,1775212855761,0.11636974,0.3497201,0.36651886,3
android.sensor.accelerometer,1468047913719664,1468047921804195,1775212855780,0.99900347,7.68455,5.921638,3
android.sensor.gyroscope,1468047919752424,1468047926685341,1775212855785,0.16646065,0.36560258,0.22479823,3
android.sensor.accelerometer,1468047942213414,1468047950327007,1775212855809,0.16151553,8.196614,5.9120665,3
android.sensor.gyroscope,1468047943497216,1468047950459716,1775212855809,0.205556,0.3594939,0.24190246,3
android.sensor.gyroscope,1468047967242060,1468047975210236,1775212855834,0.23609924,0.35705048,0.3347539,3
android.sensor.accelerometer,1468047970707216,1468047979829351,1775212855838,-0.04426722,8.46461,5.5986066,3
android.sensor.gyroscope,1468047990986903,1468047997772580,1775212855856,0.20066908,0.32895067,0.45937032,3
android.sensor.accelerometer,1468047999201018,1468048007025236,1775212855866,-0.05623133,8.730213,5.368896,3
android.sensor.gyroscope,1468048014731695,1468048021197424,1775212855880,0.21288638,0.3741547,0.641408,3
android.sensor.accelerometer,1468048027694820,1468048035923882,1775212855894,0.15672988,8.902496,5.407181,3
android.sensor.gyroscope,1468048038476539,1468048045189299,1775212855904,0.22632541,0.3582722,0.78801554,3
android.sensor.accelerometer,1468048056188622,1468048064426903,1775212855923,0.59700924,8.857033,5.1846485,3
android.sensor.gyroscope,1468048062221382,1468048069010653,1775212855928,0.18234314,0.4205804,0.8784236,3
android.sensor.gyroscope,1468048085966174,1468048093200497,1775212855952,0.011300999,0.3839285,0.74281156,3
android.sensor.accelerometer,1468048084682372,1468048093319403,1775212855952,1.0660025,7.806584,5.476573,3
android.sensor.gyroscope,1468048109711018,1468048118160340,1775212855977,-0.116980605,0.2751946,0.4874701,3
android.sensor.accelerometer,1468048113176174,1468048121056018,1775212855980,0.5300102,7.5792656,5.8618174,3
android.sensor.gyroscope,1468048133455862,1468048140277476,1775212855999,-0.07666353,0.27275112,0.45937032,3
android.sensor.accelerometer,1468048141669976,1468048150922893,1775212856009,-0.36490545,7.8903327,5.476573,3
android.sensor.gyroscope,1468048152451747,1468048160698153,1775212856019,-0.083993904,0.29107708,0.5619956,3
android.sensor.accelerometer,1468048170163778,1468048178438205,1775212856037,0.12562318,7.6917286,5.30429,3
android.sensor.gyroscope,1468048176196539,1468048182807736,1775212856041,-0.12186752,0.4413498,0.7037162,3
android.sensor.gyroscope,1468048199941382,1468048206364299,1775212856065,-0.022907428,0.48899725,0.6511819,3
android.sensor.accelerometer,1468048198657580,1468048206497163,1775212856065,0.8554341,7.476374,6.1513486,3
android.sensor.gyroscope,1468048223686226,1468048231362945,1775212856090,0.09315688,0.5818487,0.49235702,3
android.sensor.accelerometer,1468048227151382,1468048235395080,1775212856094,0.9870393,7.6941214,5.6033926,3
android.sensor.gyroscope,1468048247431070,1468048254332163,1775212856113,0.0015271619,0.60017467,0.28344125,3
android.sensor.accelerometer,1468048255645185,1468048263255340,1775212856122,0.44147578,7.90469,5.026722,3
android.sensor.gyroscope,1468048271175914,1468048277543049,1775212856136,-0.1621846,0.5977312,0.15760311,3
android.sensor.accelerometer,1468048284138987,1468048292387788,1775212856151,-0.2428715,7.8687973,5.1535416,3
android.sensor.gyroscope,1468048294920757,1468048301470236,1775212856160,-0.30390522,0.5684097,0.11484258,3
android.sensor.accelerometer,1468048312632789,1468048320234715,1775212856179,-0.64008003,7.90469,6.055636,3
android.sensor.gyroscope,1468048318665549,1468048325563257,1775212856184,-0.24770567,0.52931434,0.16737695,3
android.sensor.accelerometer,1468048331628674,1468048340391330,1775212856199,-0.82911307,8.117651,6.5365934,3
android.sensor.gyroscope,1468048342410393,1468048349019090,1775212856208,-0.051007207,0.5085449,0.30054548,3
android.sensor.accelerometer,1468048360122476,1468048368278622,1775212856227,-0.5084748,7.9357963,6.1968126,3
android.sensor.gyroscope,1468048366155237,1468048372610653,1775212856231,0.017409647,0.4242456,0.31520623,3
android.sensor.accelerometer,1468048388616278,1468048396734455,1775212856255,-0.3912265,7.8831544,5.5866427,3
android.sensor.gyroscope,1468048389900080,1468048396878413,1775212856255,-0.016798781,0.41813695,0.3176497,3
android.sensor.gyroscope,1468048413644924,1468048420072736,1775212856279,-0.08032872,0.36926776,0.27977607,3
android.sensor.accelerometer,1468048417110080,1468048425405236,1775212856284,0.2955136,7.519445,6.005387,3
android.sensor.gyroscope,1468048432640810,1468048440143101,1775212856299,-0.029016078,0.3753764,0.21868959,3
android.sensor.accelerometer,1468048445603935,1468048453803934,1775212856312,0.6999006,7.4548388,6.25424,3
android.sensor.gyroscope,1468048456385653,1468048462973361,1775212856321,0.076052666,0.41325003,0.10384701,3
android.sensor.accelerometer,1468048474097737,1468048481696903,1775212856340,0.2644069,7.655836,5.904888,3
android.sensor.gyroscope,1468048480130497,1468048486594142,1775212856345,0.0736092,0.38637197,0.05497783,3
android.sensor.accelerometer,1468048493093622,1468048501714455,1775212856360,0.12083755,7.5553374,5.5746784,3
android.sensor.gyroscope,1468048503875341,1468048510671434,1775212856369,-0.110871956,0.2922988,-0.014660755,3
android.sensor.accelerometer,1468048521587424,1468048529569247,1775212856388,-0.48933223,7.696514,5.6033926,3
android.sensor.gyroscope,1468048527620185,1468048534560080,1775212856393,-0.21716243,0.27885976,0.010995566,3
android.sensor.gyroscope,1468048551365028,1468048558213205,1775212856417,-0.23182319,0.2849684,0.11728604,3
android.sensor.accelerometer,1468048550081226,1468048558400965,1775212856417,-0.44147578,7.55773,6.0460644,3
android.sensor.gyroscope,1468048575109872,1468048581543049,1775212856440,-0.123089254,0.22021675,0.062308207,3
android.sensor.accelerometer,1468048578575080,1468048586524976,1775212856445,0.3792624,7.055238,6.4791656,3
android.sensor.gyroscope,1468048598854716,1468048605628413,1775212856464,-0.05589413,0.2629773,-0.050090913,3
android.sensor.accelerometer,1468048607068882,1468048615618830,1775212856474,0.16630118,6.9523463,5.445466,3
android.sensor.gyroscope,1468048622599612,1468048629750444,1775212856488,-0.34666577,0.18356487,-0.18325943,3
android.sensor.accelerometer,1468048635562685,1468048643898309,1775212856502,-0.24765715,7.1748786,6.120242,3
android.sensor.gyroscope,1468048646344455,1468048653644663,1775212856512,-0.35521787,0.24220788,-0.20891576,3
android.sensor.accelerometer,1468048654558570,1468048666941226,1775212856525,-0.47736812,7.2562346,7.0175505,3
android.sensor.gyroscope,1468048670089299,1468048676628778,1775212856535,-0.06444623,0.25198174,-0.16249003,3
android.sensor.accelerometer,1468048683052372,1468048691781121,1775212856550,-1.099502,7.7012997,7.0582285,3
android.sensor.gyroscope,1468048693834143,1468048702070236,1775212856561,0.21655156,0.23243405,0.0097738365,3
android.sensor.accelerometer,1468048711546226,1468048720586538,1775212856579,-0.77647096,8.007581,6.175277,3
android.sensor.gyroscope,1468048717578987,1468048724144142,1775212856583,0.1847866,0.12980877,0.124616414,3
android.sensor.gyroscope,1468048741323830,1468048748461799,1775212856607,0.07238748,0.14935644,0.19058982,3
android.sensor.accelerometer,1468048740040028,1468048748639038,1775212856607,-0.17108682,8.127222,5.8354964,3
android.sensor.gyroscope,1468048765068726,1468048771878101,1775212856630,-0.031459536,0.00763581,0.06352994,3
android.sensor.accelerometer,1468048768533882,1468048776443986,1775212856635,0.4319045,7.7300134,6.5485573,3
android.sensor.gyroscope,1468048788813570,1468048795259246,1775212856654,-0.08277218,-0.05222894,-0.0073303776,3
android.sensor.accelerometer,1468048797027685,1468048804921746,1775212856663,0.04426722,7.8424764,6.0867424,3
android.sensor.gyroscope,1468048812558414,1468048820173517,1775212856679,-0.14752385,0.011300999,0.09407318,3
android.sensor.accelerometer,1468048816023570,1468048825319559,1775212856684,0.23569304,7.847262,6.3164535,3
android.sensor.gyroscope,1468048836303257,1468048843707996,1775212856702,-0.10354158,0.044287696,0.16982041,3
android.sensor.accelerometer,1468048844517424,1468048852628621,1775212856711,0.73579293,7.780263,6.5294147,3
android.sensor.gyroscope,1468048860048153,1468048867032632,1775212856726,-0.110871956,0.010079269,0.13683371,3
android.sensor.accelerometer,1468048873011226,1468048882122788,1775212856741,0.7812566,7.797013,6.1680984,3
android.sensor.gyroscope,1468048883792997,1468048890786694,1775212856749,-0.1707367,0.0772744,0.112399116,3
android.sensor.accelerometer,1468048892007112,1468048903335757,1775212856762,0.94636136,7.442875,6.8979096,3
android.sensor.gyroscope,1468048907537841,1468048914661121,1775212856773,-0.18906265,-0.033902995,-0.02932151,3
android.sensor.accelerometer,1468048920500966,1468048928433413,1775212856787,0.51086766,7.945368,6.7854466,3
android.sensor.gyroscope,1468048931282737,1468048938093153,1775212856797,-0.07788526,-0.004581486,0.014660755,3
android.sensor.accelerometer,1468048939496851,1468048948937267,1775212856807,0.01794617,8.076973,6.6394844,3
android.sensor.gyroscope,1468048955027580,1468048961836590,1775212856820,-0.18906265,-0.097432934,0.12339468,3
android.sensor.accelerometer,1468048967990705,1468048977103101,1775212856836,-0.111266255,8.007581,6.739983,3
android.sensor.gyroscope,1468048974023466,1468048982112632,1775212856841,-0.18051054,-0.11209369,0.23823726,3
android.sensor.gyroscope,1468048997768310,1468049004372788,1775212856863,-0.24159703,-0.031459536,0.35796675,3
android.sensor.accelerometer,1468048996484507,1468049004436434,1775212856863,0.18544376,7.713264,6.443273,3
android.sensor.gyroscope,1468049021513205,1468049028175392,1775212856887,-0.286801,0.008857539,0.33597562,3
android.sensor.accelerometer,1468049024978362,1468049033586069,1775212856892,0.8458628,6.9212394,6.8165536,3
android.sensor.gyroscope,1468049040509091,1468049048340809,1775212856907,-0.22693627,0.019853106,0.18325943,3
android.sensor.accelerometer,1468049053472216,1468049061252267,1775212856920,0.42951167,6.954739,6.5294147,3
android.sensor.gyroscope,1468049064253935,1468049070786069,1775212856929,-0.092546016,0.15424335,0.09040799,3
android.sensor.accelerometer,1468049081966018,1468049090202736,1775212856949,-0.43669012,7.483553,6.7998037,3
android.sensor.gyroscope,1468049087998778,1468049094536069,1775212856953,-0.0876591,0.11514801,0.12705988,3
android.sensor.gyroscope,1468049111743674,1468049118689038,1775212856977,-0.015577052,0.06139191,0.27244568,3
android.sensor.accelerometer,1468049110459872,1468049118806017,1775212856977,-0.34097722,8.139186,6.541379,3
android.sensor.gyroscope,1468049135488570,1468049142057632,1775212857001,0.024740024,0.1065959,0.42027497,3
android.sensor.accelerometer,1468049138953726,1468049147114975,1775212857006,0.62811595,7.9022965,6.723233,3
android.sensor.gyroscope,1468049159233414,1468049165641642,1775212857024,0.088269964,0.15790854,0.42760533,3
android.sensor.accelerometer,1468049167447580,1468049175298309,1775212857034,1.2550355,7.0863442,6.905088,3
android.sensor.gyroscope,1468049182978257,1468049189550028,1775212857048,0.15057817,0.22754712,0.2932151,3
android.sensor.accelerometer,1468049195941382,1468049204146017,1775212857063,0.6855437,6.4402823,6.0987067,3
android.sensor.gyroscope,1468049206723153,1468049213369350,1775212857072,0.003970621,0.20677772,0.017104214,3
android.sensor.accelerometer,1468049224435237,1468049232676798,1775212857091,-0.5706882,6.7011,5.4167523,3
android.sensor.gyroscope,1468049230467997,1468049237307892,1775212857096,-0.20983206,0.21410811,-0.09040799,3
android.sensor.gyroscope,1468049254212893,1468049260783100,1775212857119,-0.19272783,0.23732096,-0.06108648,3
android.sensor.accelerometer,1468049252929091,1468049260909298,1775212857119,-0.60658056,7.263413,6.361917,3
android.sensor.gyroscope,1468049277957789,1468049284579611,1775212857143,-0.051007207,0.2837467,0.12339468,3
android.sensor.accelerometer,1468049281422945,1468049289248673,1775212857148,-0.65922266,7.440482,6.732805,3
android.sensor.gyroscope,1468049301702632,1468049308663361,1775212857167,0.1395826,0.3753764,0.25778493,3
android.sensor.accelerometer,1468049309916799,1468049318280652,1775212857177,0.29790643,6.957132,7.118049,3
android.sensor.gyroscope,1468049325447528,1468049331978257,1775212857190,0.29107708,0.3827068,0.13683371,3
android.sensor.accelerometer,1468049338410653,1468049346569923,1775212857205,0.32183465,7.179664,5.857032,3
android.sensor.gyroscope,1468049344443414,1468049352003986,1775212857211,0.23732096,0.3753764,-0.014660755,3
android.sensor.gyroscope,1468049368188310,1468049375031955,1775212857234,0.11026109,0.4621192,-0.091629714,3
android.sensor.accelerometer,1468049366904507,1468049375718569,1775212857234,0.104087785,7.8233337,6.0604215,3
android.sensor.gyroscope,1468049391933153,1468049399800496,1775212857258,0.1933387,0.490219,-0.042760536,3
android.sensor.accelerometer,1468049395398362,1468049403870652,1775212857262,-0.6041877,8.230113,6.3475604,3
android.sensor.gyroscope,1468049415678049,1468049422350496,1775212857281,0.18356487,0.4865538,0.091629714,3
android.sensor.accelerometer,1468049423892216,1468049432074871,1775212857291,-0.94636136,7.940582,5.624928,3
android.sensor.gyroscope,1468049439422945,1468049446035288,1775212857305,-0.011911863,0.44257152,0.15760311,3
android.sensor.accelerometer,1468049452386070,1468049460361798,1775212857319,-0.48933223,7.5936227,5.890531,3
android.sensor.gyroscope,1468049458418830,1468049466240027,1775212857325,-0.14019346,0.43890634,0.18692462,3
android.sensor.accelerometer,1468049480879924,1468049489155132,1775212857348,-0.03708875,7.3136625,7.2209406,3
android.sensor.gyroscope,1468049482163726,1468049489238934,1775212857348,-0.091324285,0.4535671,0.20647229,3
android.sensor.gyroscope,1468049505908570,1468049512647892,1775212857371,0.09193515,0.42180213,0.26511532,3
android.sensor.accelerometer,1468049509373778,1468049517655444,1775212857376,-0.65922266,7.643872,6.5700927,3
android.sensor.gyroscope,1468049529653466,1468049536168361,1775212857395,0.12492185,0.4169152,0.41416633,3
android.sensor.accelerometer,1468049537867632,1468049546013309,1775212857405,-0.3481557,7.536195,6.4911294,3
android.sensor.gyroscope,1468049548649403,1468049558927788,1775212857417,0.18356487,0.4156935,0.45937032,3
android.sensor.accelerometer,1468049556863518,1468049566268309,1775212857425,0.26679972,7.079166,6.3954167,3
android.sensor.gyroscope,1468049572394247,1468049580964298,1775212857439,0.23243405,0.43157595,0.39095345,3
android.sensor.accelerometer,1468049585357372,1468049593908413,1775212857452,0.39601216,7.0002027,5.529215,3
android.sensor.gyroscope,1468049596139143,1468049603286954,1775212857462,0.016187917,0.46944958,0.36896232,3
android.sensor.accelerometer,1468049613851226,1468049622155184,1775212857481,0.6161518,6.7848487,6.7256265,3
android.sensor.gyroscope,1468049619884039,1468049626944871,1775212857485,-0.13530655,0.45967576,0.37018406,3
android.sensor.gyroscope,1468049643628935,1468049650409246,1775212857509,0.12125666,0.33872452,0.32131487,3
android.sensor.accelerometer,1468049642345132,1468049650539454,1775212857509,0.38644084,6.928418,7.687541,3
android.sensor.gyroscope,1468049667373830,1468049673867111,1775212857532,0.2678642,0.2751946,0.3176497,3
android.sensor.accelerometer,1468049670838987,1468049680041954,1775212857539,-0.12083755,7.213164,6.4002023,3
android.sensor.gyroscope,1468049691118674,1468049697557059,1775212857556,0.1188132,0.3460549,0.36651886,3
android.sensor.accelerometer,1468049699332841,1468049707797944,1775212857566,0.7286145,7.105487,5.67757,3
android.sensor.gyroscope,1468049714863570,1468049721689194,1775212857580,-0.20616686,0.40347618,0.28221953,3
android.sensor.accelerometer,1468049727826695,1468049736215548,1775212857595,0.6855437,7.131808,7.563114,3
android.sensor.gyroscope,1468049738608466,1468049745931694,1775212857604,-0.1084285,0.24587308,0.18203771,3
android.sensor.gyroscope,1468049757604403,1468049773885548,1775212857632,0.13225223,0.34727663,0.29688028,3
android.sensor.accelerometer,1468049756320601,1468049773967996,1775212857632,-0.27158538,7.550552,7.2448688,3
android.sensor.gyroscope,1468049790847216,1468049797448569,1775212857656,0.20677772,0.4254673,0.4092794,3
android.sensor.accelerometer,1468049794312424,1468049802461121,1775212857661,0.11844472,7.426125,6.8189464,3
android.sensor.gyroscope,1468049814592112,1468049821233309,1775212857680,0.05650499,0.22510368,0.23212862,3
android.sensor.accelerometer,1468049822806278,1468049830865809,1775212857689,-0.31465617,7.8687973,6.2398834,3
android.sensor.gyroscope,1468049838337007,1468049845076746,1775212857704,-0.0876591,0.03940078,0.19181155,3
android.sensor.accelerometer,1468049851300132,1468049860657788,1775212857719,-1.3818551,8.457432,5.2660046,3
android.sensor.gyroscope,1468049862081903,1468049870165444,1775212857729,-0.16340633,0.31551164,0.56443906,3
android.sensor.accelerometer,1468049879794039,1468049887644350,1775212857746,-0.18065812,7.409375,6.9673014,3
android.sensor.gyroscope,1468049885826799,1468049892402006,1775212857751,-0.041233372,0.2715294,0.5864302,3
android.sensor.gyroscope,1468049909571695,1468049916293621,1775212857775,0.09315688,0.341168,0.4581486,3
android.sensor.accelerometer,1468049908287893,1468049916525913,1775212857775,-0.24526432,7.5290165,5.7900324,3
android.sensor.gyroscope,1468049928567632,1468049937458673,1775212857796,0.024740024,0.45601055,0.4508182,3
android.sensor.accelerometer,1468049927283830,1468049937625548,1775212857796,-0.47258246,7.6271224,5.1607203,3
android.sensor.gyroscope,1468049952312528,1468049961440704,1775212857820,-0.11453715,0.31428993,0.34452772,3
android.sensor.accelerometer,1468049955777685,1468049964237423,1775212857823,-0.64008003,7.5792656,5.337789,3
android.sensor.gyroscope,1468049976057424,1468049982383673,1775212857841,-0.2538143,0.19822562,0.29077163,3
android.sensor.accelerometer,1468049984271591,1468049992835340,1775212857851,-0.66400826,7.682157,5.0339007,3
android.sensor.gyroscope,1468049999802320,1468050006492319,1775212857865,-0.42119128,0.4621192,0.37873617,3
android.sensor.accelerometer,1468050012765445,1468050021006902,1775212857880,-0.07298109,7.409375,7.2975106,3
android.sensor.gyroscope,1468050023547216,1468050031562944,1775212857890,-0.25503606,0.51221013,0.30665413,3
android.sensor.accelerometer,1468050041259351,1468050049694402,1775212857908,-0.3481557,7.8017983,7.443473,3
android.sensor.gyroscope,1468050047292112,1468050054066954,1775212857913,0.052839804,0.41325003,0.19792019,3
android.sensor.gyroscope,1468050071037007,1468050078018100,1775212857937,-0.0070249448,0.36071566,0.23701553,3
android.sensor.accelerometer,1468050069753205,1468050078119454,1775212857937,-1.032503,8.117651,5.4837513,3
android.sensor.gyroscope,1468050094781903,1468050101212475,1775212857960,-0.13530655,0.5366447,0.3933969,3
android.sensor.accelerometer,1468050098247112,1468050106430444,1775212857965,-0.32662028,7.8664045,5.7349977,3
android.sensor.gyroscope,1468050118526799,1468050125970704,1775212857984,-0.22327107,0.5048797,0.2809978,3
android.sensor.accelerometer,1468050126740966,1468050135210392,1775212857994,-0.09451649,7.7036924,5.959923,3
android.sensor.gyroscope,1468050142271747,1468050148970183,1775212858007,-0.26603162,0.42791077,0.18325943,3
android.sensor.accelerometer,1468050155234872,1468050163354402,1775212858022,-0.52522457,7.7611203,6.4935226,3
android.sensor.gyroscope,1468050166016643,1468050172872579,1775212858031,-0.036346454,0.4327977,0.22479823,3
android.sensor.accelerometer,1468050183728726,1468050192085340,1775212858051,-0.6257231,7.8831544,6.3858457,3
android.sensor.gyroscope,1468050189761539,1468050196029610,1775212858055,0.22510368,0.3827068,0.30298892,3
android.sensor.accelerometer,1468050212222632,1468050220383881,1775212858079,-0.18305093,7.9190464,5.3736815,3
android.sensor.gyroscope,1468050213506435,1468050220474558,1775212858079,0.16157374,0.36560258,0.34086254,3
android.sensor.gyroscope,1468050237251330,1468050243769350,1775212858102,0.040622506,0.4657844,0.2602284,3
android.sensor.accelerometer,1468050240716539,1468050248921642,1775212858107,0.7812566,7.6773715,6.1657057,3
android.sensor.gyroscope,1468050260996278,1468050267954610,1775212858126,0.11270455,0.30695954,-0.0048869182,3
android.sensor.accelerometer,1468050269210445,1468050277251954,1775212858136,0.20458634,8.151151,5.825925,3
android.sensor.gyroscope,1468050284741174,1468050291536277,1775212858150,0.11759147,0.21044292,-0.03054324,3
android.sensor.accelerometer,1468050297704299,1468050305775913,1775212858164,-0.66400826,8.577073,5.280361,3
android.sensor.gyroscope,1468050308486070,1468050315139715,1775212858174,0.03451386,0.23976442,0.194255,3
android.sensor.gyroscope,1468050327482007,1468050335395496,1775212858194,0.083383046,0.28130323,0.25411975,3
android.sensor.accelerometer,1468050326198205,1468050335527788,1775212858194,-0.13519448,8.098508,6.0580287,3
android.sensor.gyroscope,1468050351226903,1468050359414975,1775212858218,0.13469568,0.27397284,0.18081598,3
android.sensor.accelerometer,1468050354692112,1468050362982475,1775212858221,0.01794617,7.773084,6.0197434,3
android.sensor.gyroscope,1468050374971851,1468050381665392,1775212858240,0.11270455,0.082161315,0.08796453,3
android.sensor.accelerometer,1468050383186018,1468050391525652,1775212858250,-0.25722843,7.8352976,5.6799626,3
android.sensor.gyroscope,1468050398716747,1468050405649662,1775212858264,0.08704823,0.041844238,0.13927718,3
android.sensor.accelerometer,1468050411679872,1468050420485496,1775212858279,-0.20458634,8.014759,5.3593245,3
android.sensor.gyroscope,1468050422461643,1468050429178829,1775212858288,-0.08277218,0.16646065,0.2773326,3
android.sensor.accelerometer,1468050430675810,1468050440916642,1775212858299,0.08015956,7.5457664,6.4002023,3
android.sensor.gyroscope,1468050446206591,1468050453047006,1775212858312,-9.162972E-4,0.057726722,0.20891576,3
android.sensor.accelerometer,1468050459169716,1468050467508985,1775212858326,-0.07058827,7.4644103,6.469594,3
android.sensor.gyroscope,1468050469951487,1468050476574402,1775212858335,0.23609924,0.0650571,0.18692462,3
android.sensor.accelerometer,1468050487663622,1468050495793621,1775212858354,-0.45583272,7.713264,5.239683,3
android.sensor.gyroscope,1468050488947424,1468050497658412,1775212858356,0.21899502,0.16646065,0.27122396,3
android.sensor.gyroscope,1468050512692372,1468050520564610,1775212858379,-0.011911863,0.021074835,0.2357938,3
android.sensor.accelerometer,1468050516157528,1468050524789923,1775212858383,0.16630118,7.519445,6.024529,3
android.sensor.gyroscope,1468050536437268,1468050543154767,1775212858402,-0.022907428,0.040622506,0.23457208,3
android.sensor.accelerometer,1468050544651435,1468050552804923,1775212858411,0.17347965,7.698907,5.7110696,3
android.sensor.gyroscope,1468050560182216,1468050566705079,1775212858425,-0.009468404,0.19211698,0.28221953,3
android.sensor.accelerometer,1468050573145341,1468050580760652,1775212858439,0.317049,7.3112698,6.5294147,3
android.sensor.gyroscope,1468050583927112,1468050591117944,1775212858450,0.07116575,0.014966187,0.12217296,3
android.sensor.accelerometer,1468050601639247,1468050609625392,1775212858468,-0.23330021,8.139186,6.000601,3
android.sensor.gyroscope,1468050607672060,1468050614098673,1775212858473,0.17379104,0.019853106,0.17226386,3
android.sensor.gyroscope,1468050631416955,1468050638269610,1775212858497,-0.08277218,0.11270455,0.28832817,3
android.sensor.accelerometer,1468050630133153,1468050638407944,1775212858497,0.2620141,7.9334035,5.4430733,3
android.sensor.gyroscope,1468050655161851,1468050661618829,1775212858520,-0.3271181,-0.008246674,0.10995566,3
android.sensor.accelerometer,1468050658627060,1468050667125183,1775212858526,0.75493556,7.7419777,7.106085,3
android.sensor.gyroscope,1468050678906799,1468050685406642,1775212858544,-0.10720677,-0.18417573,-0.0097738365,3
android.sensor.accelerometer,1468050687120966,1468050695218308,1775212858554,-0.30029923,8.333005,6.972087,3
android.sensor.gyroscope,1468050702651747,1468050709240704,1775212858568,0.14813471,-0.09010255,0.194255,3
android.sensor.accelerometer,1468050715614872,1468050723694506,1775212858582,-0.39601216,8.440681,5.4957156,3
android.sensor.gyroscope,1468050726396643,1468050734177319,1775212858593,0.011300999,0.09315688,0.46181378,3
android.sensor.accelerometer,1468050744108778,1468050752268569,1775212858611,0.91525465,7.746763,6.0029936,3
android.sensor.gyroscope,1468050750141591,1468050756777319,1775212858615,-0.182954,0.17012584,0.4667007,3
android.sensor.accelerometer,1468050763104716,1468050772702579,1775212858631,1.247857,7.5816584,6.9912295,3
android.sensor.gyroscope,1468050773886539,1468050780584871,1775212858639,-0.13041963,0.021074835,0.2809978,3
android.sensor.accelerometer,1468050791598674,1468050800497371,1775212858659,0.4989035,7.9573317,6.5294147,3
android.sensor.gyroscope,1468050797631435,1468050804387891,1775212858663,0.014966187,0.13225223,0.3090976,3
android.sensor.accelerometer,1468050820092580,1468050828240860,1775212858687,0.29072794,7.68455,6.3427744,3
android.sensor.gyroscope,1468050821376382,1468050828370964,1775212858687,0.06383537,0.29840744,0.36407542,3
android.sensor.gyroscope,1468050845121278,1468050851804350,1775212858710,0.016187917,0.24831653,0.32498005,3
android.sensor.accelerometer,1468050848586487,1468050856583308,1775212858715,-0.20937198,7.7994056,6.038886,3
android.sensor.gyroscope,1468050868866226,1468050875484819,1775212858734,-0.04978548,0.23976442,0.37751442,3
android.sensor.accelerometer,1468050877080393,1468050884974089,1775212858743,0.01794617,7.830512,5.773283,3
android.sensor.gyroscope,1468050892611174,1468050902998204,1775212858762,-0.05222894,0.35338527,0.38973173,3
android.sensor.accelerometer,1468050905574351,1468050913884766,1775212858772,0.50368917,7.459625,6.6131635,3
android.sensor.gyroscope,1468050921105080,1468050927762214,1775212858786,-0.060781047,0.055283263,0.13316852,3
android.sensor.accelerometer,1468050934068257,1468050942414141,1775212858801,-0.33379877,8.139186,5.3162537,3
android.sensor.gyroscope,1468050944850028,1468050951527787,1775212858810,-0.12797616,0.25442517,0.30421066,3
android.sensor.accelerometer,1468050962562164,1468050971372371,1775212858830,-0.42711884,7.708478,6.146563,3
android.sensor.gyroscope,1468050968594976,1468050974995964,1775212858834,-0.22327107,0.24953826,0.4263836,3
android.sensor.gyroscope,1468050992339872,1468051000452319,1775212858859,-0.109650224,0.32406378,0.44348782,3
android.sensor.accelerometer,1468050991056070,1468051000543673,1775212858859,0.3290131,7.2586274,6.823732,3
android.sensor.gyroscope,1468051016084820,1468051023573308,1775212858882,0.029626941,0.39492407,0.35430157,3
android.sensor.accelerometer,1468051019550028,1468051027820183,1775212858886,0.75972116,6.863812,6.515058,3
android.sensor.gyroscope,1468051039829768,1468051046607891,1775212858905,3.054324E-4,0.29474226,0.18448116,3
android.sensor.accelerometer,1468051038545966,1468051048937423,1775212858907,0.4127619,7.103094,6.282954,3
android.sensor.gyroscope,1468051063574716,1468051070633568,1775212858929,-0.01924224,0.33994624,0.17837252,3
android.sensor.accelerometer,1468051067039924,1468051075167058,1775212858934,0.05383851,7.4309106,6.6107707,3
android.sensor.gyroscope,1468051087319664,1468051096416954,1775212858955,-0.022907428,0.23487751,0.13683371,3
android.sensor.accelerometer,1468051095533830,1468051104035912,1775212858963,0.06819545,7.2418776,6.7447686,3
android.sensor.gyroscope,1468051111064612,1468051117782058,1775212858976,-0.0058032153,0.17134757,0.08429934,3
android.sensor.accelerometer,1468051124027737,1468051133575443,1775212858992,-0.12801601,7.550552,6.105885,3
android.sensor.gyroscope,1468051134809507,1468051141370600,1775212859000,-0.037568185,0.25809038,0.17715079,3
android.sensor.accelerometer,1468051152521695,1468051160423985,1775212859019,0.6113662,7.143772,6.608378,3
android.sensor.gyroscope,1468051158554455,1468051165199298,1775212859024,0.0650571,0.2800815,0.11606431,3
android.sensor.gyroscope,1468051182299403,1468051188913464,1775212859047,0.003970621,0.19944735,0.02932151,3
android.sensor.accelerometer,1468051181015601,1468051188975496,1775212859047,0.18065812,7.129415,6.1944194,3
android.sensor.gyroscope,1468051206044351,1468051212662110,1775212859071,-0.14630212,0.15424335,0.040317077,3
android.sensor.accelerometer,1468051209509560,1468051217366433,1775212859076,-0.07537391,7.237092,6.469594,3
android.sensor.gyroscope,1468051229789299,1468051236793152,1775212859095,-0.08643737,0.18356487,0.07941242,3
android.sensor.accelerometer,1468051238003466,1468051246615287,1775212859105,0.38644084,7.0863442,7.0151577,3
android.sensor.gyroscope,1468051253534247,1468051260351016,1775212859119,0.083383046,0.17012584,0.06475167,3
android.sensor.accelerometer,1468051266497424,1468051274806016,1775212859133,0.64965135,7.186843,6.4911294,3
android.sensor.gyroscope,1468051272530237,1468051280629350,1775212859139,0.13591741,0.19089524,0.080634154,3
android.sensor.accelerometer,1468051294991382,1468051303616954,1775212859162,0.8578269,7.0193453,6.483951,3
android.sensor.gyroscope,1468051296275185,1468051303752631,1775212859162,0.016187917,0.13469568,-0.014660755,3
android.sensor.gyroscope,1468051320020132,1468051327219870,1775212859186,0.003970621,0.09193515,-0.10384701,3
android.sensor.accelerometer,1468051323485289,1468051331351589,1775212859190,-0.0059820567,7.222735,6.663413,3
android.sensor.gyroscope,1468051343765080,1468051350336016,1775212859209,-0.032681264,0.025961753,-0.05864302,3
android.sensor.accelerometer,1468051351979247,1468051360419350,1775212859219,0.2739782,6.859026,7.2448688,3
android.sensor.gyroscope,1468051367510028,1468051374511277,1775212859233,0.17134757,-0.14752385,-0.15027274,3
android.sensor.accelerometer,1468051370975185,1468051380593829,1775212859239,1.0037891,7.2490563,7.515258,3
android.sensor.gyroscope,1468051391254976,1468051398486693,1775212859257,0.44745845,0.1188132,-0.12828161,3
android.sensor.accelerometer,1468051399469143,1468051408325548,1775212859267,0.4127619,7.4715886,6.244669,3
android.sensor.gyroscope,1468051414999924,1468051421980443,1775212859280,0.39003715,0.23609924,-0.035430156,3
android.sensor.accelerometer,1468051427963101,1468051437672266,1775212859296,0.17108682,7.1270223,6.4911294,3
android.sensor.gyroscope,1468051438744872,1468051445766433,1775212859304,0.23854269,-0.02046397,-0.13561198,3
android.sensor.accelerometer,1468051456457007,1468051464800287,1775212859323,0.24047868,7.3974113,6.16092,3
android.sensor.gyroscope,1468051462489820,1468051472755079,1775212859331,0.1432478,-0.12675445,-0.20769402,3
android.sensor.gyroscope,1468051486234768,1468051493233464,1775212859352,0.040622506,-0.16340633,-0.24068072,3
android.sensor.accelerometer,1468051484950966,1468051493657995,1775212859352,0.30269206,7.605587,6.2518473,3
android.sensor.gyroscope,1468051509979716,1468051516757266,1775212859375,0.24709481,-0.110871956,-0.16493349,3
android.sensor.accelerometer,1468051513444924,1468051521324818,1775212859380,0.034695927,7.476374,7.75454,3
android.sensor.gyroscope,1468051533724664,1468051540502995,1775212859399,0.6185006,-0.07055488,-0.10384701,3
android.sensor.accelerometer,1468051541938882,1468051549970079,1775212859408,-0.24526432,7.7180495,5.768497,3
android.sensor.gyroscope,1468051557469664,1468051563906225,1775212859422,0.4327977,0.00763581,-0.035430156,3
android.sensor.accelerometer,1468051560934820,1468051570333360,1775212859429,-0.022731815,7.7204423,5.189434,3
android.sensor.gyroscope,1468051581214612,1468051587846277,1775212859446,0.08704823,-0.18173227,-0.15393792,3
android.sensor.accelerometer,1468051589428778,1468051597950287,1775212859456,0.08255238,7.6390862,6.3978095,3
android.sensor.gyroscope,1468051604959560,1468051611871172,1775212859470,0.10537417,-0.34177884,-0.2761109,3
android.sensor.accelerometer,1468051617922737,1468051627001277,1775212859486,-0.6305088,8.914461,5.136792,3
android.sensor.gyroscope,1468051628704507,1468051635508672,1775212859494,0.17989968,0.113926284,0.10384701,3
android.sensor.accelerometer,1468051646416695,1468051654733777,1775212859513,-0.015553347,8.237292,5.4646087,3
android.sensor.gyroscope,1468051652449507,1468051660243568,1775212859519,0.05894845,0.2715294,0.31154105,3
android.sensor.gyroscope,1468051676194455,1468051682804922,1775212859541,3.054324E-4,0.18234314,0.13683371,3
android.sensor.accelerometer,1468051674910653,1468051682902579,1775212859541,0.84825563,7.8783684,5.945566,3
android.sensor.gyroscope,1468051699939403,1468051706832370,1775212859565,-0.098654665,-0.058337588,-0.08918626,3
android.sensor.accelerometer,1468051703404612,1468051711796381,1775212859570,0.3385844,8.024331,5.691927,3
android.sensor.gyroscope,1468051723684403,1468051730497527,1775212859589,-0.26480988,-0.036346454,-0.05253437,3
android.sensor.accelerometer,1468051731898570,1468051740850599,1775212859599,-0.66400826,8.289934,5.744569,3
android.sensor.gyroscope,1468051747429351,1468051754249558,1775212859613,-0.22204934,0.03451386,0.14172062,3
android.sensor.accelerometer,1468051750894560,1468051762208881,1775212859621,-0.25722843,7.7826557,6.8428745,3
android.sensor.gyroscope,1468051771174299,1468051777906068,1775212859636,0.11636974,0.06750056,0.11362085,3
android.sensor.accelerometer,1468051779388518,1468051787326329,1775212859646,-0.26919255,7.706085,6.022136,3
android.sensor.gyroscope,1468051794919299,1468051801415027,1775212859660,0.101708986,0.040622506,0.091629714,3
android.sensor.accelerometer,1468051807882476,1468051816176381,1775212859675,-0.104087785,7.584051,6.0771713,3
android.sensor.gyroscope,1468051818664247,1468051825154558,1775212859684,0.10537417,-0.085215636,0.041538805,3
android.sensor.gyroscope,1468051837660237,1468051846573724,1775212859705,0.23609924,-0.1915061,0.04886918,3
android.sensor.accelerometer,1468051836376435,1468051846660027,1775212859705,-0.18305093,7.8496547,6.2997036,3
android.sensor.gyroscope,1468051861405185,1468051867945652,1775212859726,0.41935867,3.054324E-4,0.12583815,3
android.sensor.accelerometer,1468051864870393,1468051872859766,1775212859731,0.41515473,7.813762,5.469394,3
android.sensor.gyroscope,1468051885150185,1468051891823881,1775212859750,0.25686863,-0.07910699,-0.074525505,3
android.sensor.accelerometer,1468051893364351,1468051901376849,1775212859760,0.58983076,7.880761,4.964509,3
android.sensor.gyroscope,1468051908895132,1468051915546172,1775212859774,0.003970621,-0.14508039,-0.19669846,3
android.sensor.accelerometer,1468051921858310,1468051929870860,1775212859788,-0.17826529,8.148758,5.811568,3
android.sensor.gyroscope,1468051932640080,1468051940526745,1775212859799,-0.016798781,-0.20861033,-0.14538582,3
android.sensor.accelerometer,1468051950352268,1468051960302579,1775212859819,-0.14955142,8.191829,5.378467,3
android.sensor.gyroscope,1468051956385080,1468051964924141,1775212859823,0.1933387,0.032070402,-0.12583815,3
android.sensor.gyroscope,1468051980130028,1468051987279766,1775212859846,0.06627883,0.09193515,-0.056199558,3
android.sensor.accelerometer,1468051978846226,1468051987400756,1775212859846,-0.34097722,8.139186,5.1535416,3
android.sensor.gyroscope,1468052003875028,1468052010279193,1775212859869,-0.0632245,-0.054672398,-0.100181825,3
android.sensor.accelerometer,1468052007340237,1468052015190391,1775212859874,-0.2883351,8.246863,5.689534,3
android.sensor.gyroscope,1468052027619976,1468052034625964,1775212859893,-0.011911863,-0.116980605,-0.08552107,3
android.sensor.accelerometer,1468052035834195,1468052043786641,1775212859902,-0.2835495,8.0817585,5.6703916,3
android.sensor.gyroscope,1468052051364976,1468052057842058,1775212859916,0.003970621,-0.0754418,-0.074525505,3
android.sensor.accelerometer,1468052064328153,1468052072849089,1775212859931,-0.44147578,8.361719,5.0386863,3
android.sensor.gyroscope,1468052075109976,1468052081608620,1775212859940,-0.09987639,0.082161315,0.040317077,3
android.sensor.accelerometer,1468052092822112,1468052101525704,1775212859960,-0.049052864,8.139186,6.3547387,3
android.sensor.gyroscope,1468052098854924,1468052105493724,1775212859964,-0.027794348,-0.015577052,0.019547673,3
android.sensor.gyroscope,1468052122599924,1468052129725651,1775212859988,0.14202607,-0.066889696,-0.043982264,3
android.sensor.accelerometer,1468052121316122,1468052129936485,1775212859988,-0.05383851,8.069795,5.797211,3
android.sensor.gyroscope,1468052146344872,1468052153470131,1775212860012,0.05894845,-0.04612029,-0.010995566,3
android.sensor.accelerometer,1468052149810080,1468052157650547,1775212860016,-0.2835495,7.9501534,5.421538,3
android.sensor.gyroscope,1468052170089872,1468052176968933,1775212860035,-0.033902995,-0.18906265,-0.041538805,3
android.sensor.accelerometer,1468052178304091,1468052186625495,1775212860045,0.020338992,8.105687,6.024529,3
android.sensor.gyroscope,1468052193834872,1468052200123881,1775212860059,0.1188132,-0.08888082,-0.02932151,3
android.sensor.accelerometer,1468052206798049,1468052214935495,1775212860073,-0.061016977,8.196614,5.2827544,3
android.sensor.gyroscope,1468052217579820,1468052224427318,1775212860083,0.05650499,-0.01924224,-0.0061086477,3
android.sensor.accelerometer,1468052235292007,1468052244005391,1775212860103,-0.07776674,8.127222,5.7613187,3
android.sensor.gyroscope,1468052241324820,1468052248040183,1775212860107,0.024740024,-0.06811142,-0.013439025,3
android.sensor.accelerometer,1468052263786018,1468052272381224,1775212860131,0.11365908,8.203793,5.388038,3
android.sensor.gyroscope,1468052265069820,1468052272637214,1775212860131,0.0980438,-0.09376775,0.015882485,3
android.sensor.gyroscope,1468052288814768,1468052295697683,1775212860154,0.044287696,-0.014355322,-0.0097738365,3
android.sensor.accelerometer,1468052292279976,1468052300559870,1775212860159,0.25004998,8.270791,5.096114,3
android.sensor.gyroscope,1468052312559768,1468052320192318,1775212860179,-0.058337588,0.012522728,-0.0036651888,3
android.sensor.accelerometer,1468052320773987,1468052328946016,1775212860187,0.23808585,8.079366,5.4095736,3
android.sensor.gyroscope,1468052336304768,1468052343070547,1775212860202,-0.0632245,-0.013133593,-0.032986697,3
android.sensor.accelerometer,1468052349267945,1468052357792318,1775212860216,0.07058827,7.962117,5.947959,3
android.sensor.gyroscope,1468052360049768,1468052366914974,1775212860225,0.07116575,-0.024129158,-0.032986697,3
android.sensor.accelerometer,1468052377761955,1468052385969245,1775212860244,-0.4534399,8.155936,5.2923255,3
android.sensor.gyroscope,1468052383794768,1468052390721224,1775212860249,0.08460477,-0.011911863,0.07819069,3
android.sensor.accelerometer,1468052396757945,1468052407080808,1775212860266,0.101694964,8.170293,5.148756,3
android.sensor.gyroscope,1468052407539716,1468052414547005,1775212860273,0.017409647,0.025961753,0.12217296,3
android.sensor.accelerometer,1468052425251903,1468052433363151,1775212860292,0.8315059,7.9429746,5.744569,3
android.sensor.gyroscope,1468052431284716,1468052438124193,1775212860297,0.06750056,0.049174614,0.0073303776,3
android.sensor.gyroscope,1468052455029716,1468052461771849,1775212860320,0.052839804,3.054324E-4,-0.07208204,3
android.sensor.accelerometer,1468052453745914,1468052461882891,1775212860320,-0.07058827,8.115258,5.4023952,3
android.sensor.gyroscope,1468052478774716,1468052485789401,1775212860344,-0.09987639,-0.05222894,0.02443459,3
android.sensor.accelerometer,1468052482239924,1468052490317370,1775212860349,-0.30269206,8.203793,5.3090754,3
android.sensor.gyroscope,1468052502519716,1468052509066953,1775212860368,-0.0876591,0.06017018,0.12828161,3
android.sensor.accelerometer,1468052510733882,1468052519819453,1775212860378,0.13519448,8.110473,6.0197434,3
android.sensor.gyroscope,1468052526264716,1468052532864089,1775212860391,0.052839804,0.0772744,0.14538582,3
android.sensor.accelerometer,1468052539227893,1468052547192943,1775212860406,0.8243274,7.8400836,5.816354,3
android.sensor.gyroscope,1468052550009716,1468052559309245,1775212860418,0.19089524,0.12858704,0.0061086477,3
android.sensor.accelerometer,1468052567721903,1468052575674453,1775212860434,0.07776674,8.067402,5.014758,3
android.sensor.gyroscope,1468052573754716,1468052580462839,1775212860439,0.023518294,-9.162972E-4,-0.03176497,3
android.sensor.gyroscope,1468052597499716,1468052603811380,1775212860462,-0.07177661,0.003970621,-0.045203995,3
android.sensor.accelerometer,1468052596215914,1468052603948828,1775212860462,0.424726,8.079366,5.323432,3
android.sensor.gyroscope,1468052621244664,1468052628033464,1775212860487,-0.065667965,0.013744458,-0.028099779,3
android.sensor.accelerometer,1468052624709872,1468052632989401,1775212860491,0.22612174,8.155936,5.4789658,3
android.sensor.gyroscope,1468052644989664,1468052652029453,1775212860511,-0.036346454,0.06627883,-0.012217295,3
android.sensor.accelerometer,1468052653203882,1468052661505339,1775212860520,0.24047868,8.060223,5.701498,3
android.sensor.gyroscope,1468052668734716,1468052677185235,1775212860536,-0.015577052,0.03451386,-0.07941242,3
android.sensor.accelerometer,1468052681697893,1468052689762943,1775212860548,0.25004998,7.880761,5.9551373,3
android.sensor.gyroscope,1468052692479664,1468052700683568,1775212860559,-0.05589413,-0.085215636,-0.17959425,3
android.sensor.accelerometer,1468052710191903,1468052718448464,1775212860577,-0.38644084,8.129615,5.890531,3
android.sensor.gyroscope,1468052716224664,1468052722670651,1775212860581,-0.059559315,-0.118202336,-0.15638138,3
android.sensor.gyroscope,1468052739969716,1468052746774974,1775212860605,-0.033902995,-0.060781047,-0.07208204,3
android.sensor.accelerometer,1468052738685914,1468052747037891,1775212860606,-0.17347965,8.029117,5.8881383,3
android.sensor.gyroscope,1468052763714716,1468052770660703,1775212860629,0.0772744,-0.011911863,-0.05864302,3
android.sensor.accelerometer,1468052767179872,1468052775961120,1775212860634,0.111266255,8.005188,5.811568,3
android.sensor.gyroscope,1468052787459716,1468052797310651,1775212860656,0.068722285,-0.059559315,-0.08552107,3
android.sensor.accelerometer,1468052786175914,1468052797446120,1775212860656,0.41994038,7.765906,5.8594246,3
android.sensor.gyroscope,1468052811204716,1468052817617630,1775212860676,0.068722285,-0.14874557,-0.21013749,3
android.sensor.accelerometer,1468052814669924,1468052822400130,1775212860681,0.11365908,7.899904,5.627321,3
android.sensor.gyroscope,1468052834949716,1468052841580859,1775212860700,0.008857539,-0.15241076,-0.17715079,3
android.sensor.accelerometer,1468052843163935,1468052851173568,1775212860710,-0.25722843,8.143971,5.541179,3
android.sensor.gyroscope,1468052858694716,1468052865542422,1775212860724,0.012522728,-0.14874557,-0.10995566,3
android.sensor.accelerometer,1468052871657893,1468052880773464,1775212860739,0.39601216,7.9477606,6.0173507,3
android.sensor.gyroscope,1468052882439716,1468052889144714,1775212860748,0.14202607,-0.1414152,-0.14416409,3
android.sensor.accelerometer,1468052900151955,1468052908457266,1775212860767,0.09212367,8.043473,5.36411,3
android.sensor.gyroscope,1468052906184716,1468052912807109,1775212860771,0.13713914,-0.21349724,-0.17715079,3
android.sensor.gyroscope,1468052929929768,1468052936264089,1775212860795,0.013744458,-0.14508039,-0.086742796,3
android.sensor.accelerometer,1468052928645966,1468052936381120,1775212860795,-0.13758731,8.316256,5.0889354,3
android.sensor.gyroscope,1468052953674768,1468052960169870,1775212860819,0.017409647,-0.14263692,-0.06475167,3
android.sensor.accelerometer,1468052957139976,1468052965744974,1775212860824,0.32183465,8.237292,5.8019967,3
android.sensor.gyroscope,1468052977419768,1468052983890443,1775212860842,0.1432478,-0.124310985,-0.07819069,3
android.sensor.accelerometer,1468052985633987,1468052993894818,1775212860852,0.21894327,8.199007,5.285147,3
android.sensor.gyroscope,1468053001164768,1468053007941484,1775212860866,0.07116575,-0.14874557,-0.106290475,3
android.sensor.accelerometer,1468053014127997,1468053022362161,1775212860881,-0.015553347,8.426325,4.883153,3
android.sensor.gyroscope,1468053024909768,1468053032041432,1775212860891,-0.08643737,-0.14752385,-0.07696896,3
android.sensor.accelerometer,1468053042622007,1468053051076120,1775212860910,0.07298109,8.313862,5.476573,3
android.sensor.gyroscope,1468053048654820,1468053055175599,1775212860914,-0.09376775,-0.123089254,-0.02443459,3
android.sensor.gyroscope,1468053072399820,1468053080228255,1775212860939,0.09315688,-0.08155045,-0.046425723,3
android.sensor.accelerometer,1468053071116018,1468053080307630,1775212860939,0.2117648,8.2660055,5.4813585,3
android.sensor.gyroscope,1468053096144820,1468053102754766,1775212860961,0.083383046,-0.04367683,0.020769402,3
android.sensor.accelerometer,1468053099610028,1468053107817578,1775212860966,0.15194423,8.311469,4.8855457,3
android.sensor.gyroscope,1468053119889872,1468053127188776,1775212860986,-0.009468404,-0.041233372,-0.017104214,3
android.sensor.accelerometer,1468053128104039,1468053136258307,1775212860995,0.6041877,8.254042,5.280361,3
android.sensor.gyroscope,1468053143634872,1468053151112370,1775212861010,0.023518294,-0.0754418,-0.080634154,3
android.sensor.accelerometer,1468053156598101,1468053165008255,1775212861024,0.17108682,8.311469,4.8855457,3
android.sensor.gyroscope,1468053167379872,1468053174220078,1775212861033,-0.02046397,-0.06444623,-0.073303774,3
android.sensor.accelerometer,1468053185092112,1468053193358099,1775212861052,0.3481557,8.189436,5.38086,3
android.sensor.gyroscope,1468053191124924,1468053197831328,1775212861056,-0.009468404,-0.031459536,-0.12583815,3
android.sensor.gyroscope,1468053214869924,1468053222086797,1775212861081,0.03451386,-0.021685699,-0.12583815,3
android.sensor.accelerometer,1468053213586122,1468053222276432,1775212861081,-0.36729828,8.510074,5.213362,3
android.sensor.gyroscope,1468053238614976,1468053245805443,1775212861104,-0.02535089,-0.044898562,-0.043982264,3
android.sensor.accelerometer,1468053242080185,1468053250515859,1775212861109,-0.34337005,8.43111,5.388038,3
android.sensor.gyroscope,1468053262359976,1468053269373463,1775212861128,0.025961753,-0.033902995,-0.013439025,3
android.sensor.accelerometer,1468053270574195,1468053280468620,1775212861139,0.09930214,8.1942215,5.718248,3
android.sensor.gyroscope,1468053286105028,1468053292712526,1775212861151,0.12858704,-0.021685699,-0.047647454,3
android.sensor.accelerometer,1468053299068205,1468053306992995,1775212861165,-0.3792624,8.316256,5.043472,3
android.sensor.gyroscope,1468053309850028,1468053316593411,1775212861175,0.044287696,-0.0021380268,-0.0036651888,3
android.sensor.accelerometer,1468053327562268,1468053335210547,1775212861194,-0.08973085,8.163115,5.543572,3
android.sensor.gyroscope,1468053333595028,1468053340286172,1775212861199,0.017409647,-0.08277218,-0.04886918,3
android.sensor.gyroscope,1468053352591070,1468053360329505,1775212861219,0.054061532,-0.06444623,-0.05742129,3
android.sensor.accelerometer,1468053356056278,1468053366752786,1775212861225,-0.09930214,8.139186,5.5483575,3
android.sensor.gyroscope,1468053376336122,1468053383143203,1775212861242,0.1310305,-0.01802051,-0.02565632,3
android.sensor.accelerometer,1468053384550289,1468053392593724,1775212861251,-0.424726,8.352147,5.0339007,3
android.sensor.gyroscope,1468053400081122,1468053406863724,1775212861265,0.08460477,-0.022907428,0.043982264,3
android.sensor.accelerometer,1468053413044351,1468053421036693,1775212861280,0.357727,8.155936,5.244469,3
android.sensor.gyroscope,1468053423826174,1468053434142786,1775212861293,0.0980438,-0.032681264,-0.035430156,3
android.sensor.accelerometer,1468053441538362,1468053449765807,1775212861308,0.22612174,8.163115,4.9310093,3
android.sensor.gyroscope,1468053447571174,1468053454222943,1775212861313,0.027183482,-0.030237807,-0.09040799,3
android.sensor.gyroscope,1468053471316226,1468053477790911,1775212861336,-0.029016078,-0.013133593,-0.12339468,3
android.sensor.accelerometer,1468053470032424,1468053477871484,1775212861336,-0.25244278,8.292327,5.0626144,3
android.sensor.gyroscope,1468053495061226,1468053501470078,1775212861360,0.0027488915,0.03573559,-0.015882485,3
android.sensor.accelerometer,1468053498526435,1468053507531015,1775212861366,-0.23808585,8.249256,5.4143596,3
android.sensor.gyroscope,1468053518806278,1468053525677578,1775212861384,0.03451386,0.00763581,-0.02687805,3
android.sensor.accelerometer,1468053527020497,1468053535097682,1775212861394,0.025124637,8.218149,5.0889354,3
android.sensor.gyroscope,1468053542551330,1468053549461901,1775212861408,-0.031459536,0.043065965,-0.05497783,3
android.sensor.accelerometer,1468053555514507,1468053564079453,1775212861423,0.17826529,8.036295,5.601,3
android.sensor.gyroscope,1468053566296330,1468053573146224,1775212861432,-0.058337588,-0.033902995,-0.17348559,3
android.sensor.accelerometer,1468053584008570,1468053592329140,1775212861451,-0.59940207,8.270791,5.5316076,3
android.sensor.gyroscope,1468053590041382,1468053596957005,1775212861455,-0.038789913,-0.01924224,-0.16737695,3
android.sensor.gyroscope,1468053613786435,1468053620312474,1775212861479,-0.05589413,-0.057115857,-0.067195125,3
android.sensor.accelerometer,1468053612502632,1468053620425130,1775212861479,-0.48933223,8.191829,5.58425,3
android.sensor.gyroscope,1468053632782424,1468053640902838,1775212861499,0.003970621,-0.0754418,-0.06597339,3
android.sensor.accelerometer,1468053631498622,1468053641008463,1775212861500,-0.28115666,8.136793,5.8953166,3
android.sensor.gyroscope,1468053656527476,1468053663232682,1775212861522,0.055283263,0.0015271619,-0.039095346,3
android.sensor.accelerometer,1468053659992685,1468053668006380,1775212861527,-0.67118675,8.356933,5.2660046,3
android.sensor.gyroscope,1468053680272528,1468053686912786,1775212861545,-0.010690134,0.0015271619,-0.012217295,3
android.sensor.accelerometer,1468053688486747,1468053696727526,1775212861555,-0.30987054,8.218149,5.5675,3
android.sensor.gyroscope,1468053704017580,1468053710649609,1775212861569,0.022296565,-0.024129158,-0.0537561,3
android.sensor.accelerometer,1468053716980757,1468053725172370,1775212861584,-0.42951167,8.383254,5.368896,3
android.sensor.gyroscope,1468053727762580,1468053736279870,1775212861595,0.06139191,-0.010690134,-0.043982264,3
android.sensor.accelerometer,1468053745474820,1468053754057213,1775212861613,-0.36490545,8.258827,5.0865426,3
android.sensor.gyroscope,1468053751507632,1468053758005859,1775212861617,0.00641408,-0.0070249448,-0.050090913,3
android.sensor.gyroscope,1468053775252685,1468053781699557,1775212861640,-0.014355322,0.0015271619,-0.07819069,3
android.sensor.accelerometer,1468053773968882,1468053781781484,1775212861640,-0.2620141,8.163115,5.230112,3
android.sensor.gyroscope,1468053798997737,1468053805841484,1775212861664,-0.051007207,0.044287696,0.0012217296,3
android.sensor.accelerometer,1468053802462945,1468053810722578,1775212861669,-1.1042876,8.567501,4.9980083,3
android.sensor.gyroscope,1468053822742789,1468053829701901,1775212861688,-0.065667965,0.09315688,0.10384701,3
android.sensor.accelerometer,1468053830956955,1468053840378828,1775212861699,-0.039481573,8.258827,5.97428,3
android.sensor.gyroscope,1468053841738778,1468053849724297,1775212861708,0.0980438,0.11759147,0.046425723,3
android.sensor.accelerometer,1468053859451018,1468053867254453,1775212861726,-0.40558344,8.414361,5.148756,3
android.sensor.gyroscope,1468053865483830,1468053873177213,1775212861732,0.09315688,0.11514801,0.046425723,3
android.sensor.gyroscope,1468053889228882,1468053896285442,1775212861755,-0.10476331,0.09560034,0.07819069,3
android.sensor.accelerometer,1468053887945080,1468053896831432,1775212861755,-0.31226337,8.383254,4.962116,3
android.sensor.gyroscope,1468053912973935,1468053920080182,1775212861779,-0.09376775,0.068722285,0.012217295,3
android.sensor.accelerometer,1468053916439143,1468053924445547,1775212861783,-0.19740787,8.258827,5.964709,3
android.sensor.gyroscope,1468053936718987,1468053943392317,1775212861802,0.028405212,0.06994402,0.02932151,3
android.sensor.accelerometer,1468053944933205,1468053953085807,1775212861812,-1.1306087,8.703893,5.2923255,3
android.sensor.gyroscope,1468053960464039,1468053967137474,1775212861826,0.03451386,0.14202607,0.19303326,3
android.sensor.accelerometer,1468053973427268,1468053981011849,1775212861840,-0.5347959,8.395218,5.2683973,3
android.sensor.gyroscope,1468053984209091,1468053991007161,1775212861850,-0.010690134,0.14080434,0.20402883,3
android.sensor.accelerometer,1468054001921330,1468054010641328,1775212861869,-0.1471586,8.163115,5.4239306,3
android.sensor.gyroscope,1468054007954143,1468054014997630,1775212861874,0.032070402,0.109039366,0.112399116,3
android.sensor.accelerometer,1468054020917372,1468054030992109,1775212861890,-0.3912265,8.242078,5.2013984,3
android.sensor.gyroscope,1468054031699195,1468054039669036,1775212861898,0.025961753,0.100487255,0.13072506,3
android.sensor.accelerometer,1468054049411435,1468054057758776,1775212861916,-0.20697916,8.318648,4.947759,3
android.sensor.gyroscope,1468054055444247,1468054062384401,1775212861921,-0.016798781,0.16279547,0.19792019,3
android.sensor.gyroscope,1468054079189299,1468054085917838,1775212861944,-0.014355322,0.10415245,0.086742796,3
android.sensor.accelerometer,1468054077905497,1468054086095651,1775212861945,0.33379877,7.9166536,5.6416774,3
android.sensor.accelerometer,1468054096901539,1468054106223671,1775212861965,-0.317049,8.309076,5.395217,3
android.sensor.gyroscope,1468054098185341,1468054106316224,1775212861965,0.032070402,0.109039366,0.05497783,3
android.sensor.gyroscope,1468054121930393,1468054131301432,1775212861990,0.022296565,0.12492185,0.16004658,3
android.sensor.accelerometer,1468054125395601,1468054133623463,1775212861992,-0.12083755,8.318648,5.27079,3
android.sensor.gyroscope,1468054145675445,1468054152337057,1775212862011,0.038179047,0.11148282,0.12339468,3
android.sensor.accelerometer,1468054153889664,1468054161971953,1775212862020,0.50368917,8.019546,5.3736815,3
android.sensor.gyroscope,1468054169420497,1468054175974661,1775212862035,0.03695732,0.09071342,0.03176497,3
android.sensor.accelerometer,1468054182383726,1468054190283411,1775212862049,-0.2620141,8.246863,5.2181478,3
android.sensor.gyroscope,1468054193165549,1468054200968099,1775212862059,-0.029016078,0.062613636,0.06963859,3
android.sensor.accelerometer,1468054210877789,1468054220013828,1775212862079,-0.2620141,8.26122,5.2253265,3
android.sensor.gyroscope,1468054216910601,1468054223325494,1775212862082,-0.0754418,0.101708986,0.1404989,3
android.sensor.gyroscope,1468054235906695,1468054243938099,1775212862102,-0.08643737,0.08460477,0.10506874,3
android.sensor.accelerometer,1468054239371903,1468054247614713,1775212862106,-0.05623133,8.172686,5.419145,3
android.sensor.gyroscope,1468054259651747,1468054266354765,1775212862125,-0.116980605,0.05894845,0.11606431,3
android.sensor.accelerometer,1468054267865966,1468054276046380,1775212862135,-0.061016977,8.072187,5.5890355,3
android.sensor.gyroscope,1468054283396799,1468054290351796,1775212862149,-0.07666353,0.03695732,0.10995566,3
android.sensor.accelerometer,1468054296360028,1468054304758411,1775212862163,0.20937198,7.995617,5.732605,3
android.sensor.gyroscope,1468054307141851,1468054314208567,1775212862173,0.0051923506,0.021074835,0.0537561,3
android.sensor.accelerometer,1468054324854091,1468054333514401,1775212862192,-0.5419743,8.526823,4.88076,3
android.sensor.gyroscope,1468054330886903,1468054337594453,1775212862196,-0.04978548,0.07849612,0.13072506,3
android.sensor.gyroscope,1468054354632007,1468054361577005,1775212862220,-0.15485422,0.10293072,0.20158538,3
android.sensor.accelerometer,1468054353348205,1468054361697317,1775212862220,0.010767702,8.175078,5.4550376,3
android.sensor.gyroscope,1468054378377060,1468054385551432,1775212862244,-0.04856375,0.07238748,0.10873393,3
android.sensor.accelerometer,1468054381842268,1468054390077421,1775212862249,0.4127619,7.885547,5.773283,3
android.sensor.gyroscope,1468054402122112,1468054408855494,1775212862267,0.012522728,0.06017018,0.040317077,3
android.sensor.accelerometer,1468054410336330,1468054418409036,1775212862277,-0.07537391,8.210971,5.17747,3
android.sensor.gyroscope,1468054425867164,1468054433054244,1775212862292,-0.027794348,0.11148282,0.09040799,3
android.sensor.accelerometer,1468054438830393,1468054446978463,1775212862305,-0.039481573,8.196614,5.263612,3
android.sensor.gyroscope,1468054449612268,1468054456521953,1775212862315,-0.066889696,0.11759147,0.09040799,3
android.sensor.accelerometer,1468054467324507,1468054475354661,1775212862334,0.025124637,8.318648,5.2683973,3
android.sensor.gyroscope,1468054473357320,1468054480096796,1775212862339,-0.057115857,0.14813471,0.050090913,3
android.sensor.gyroscope,1468054492353362,1468054500551640,1775212862359,-0.124310985,0.15057817,0.086742796,3
android.sensor.accelerometer,1468054495818570,1468054503595286,1775212862362,0.22851457,8.199007,5.5220366,3
android.sensor.gyroscope,1468054516098466,1468054522718046,1775212862381,-0.08155045,0.15668681,0.07086031,3
android.sensor.accelerometer,1468054524312685,1468054532537890,1775212862391,0.2739782,8.263613,5.8857455,3
android.sensor.gyroscope,1468054539843518,1468054546648932,1775212862405,0.06017018,0.22143848,0.11728604,3
android.sensor.accelerometer,1468054552806747,1468054560935390,1775212862419,0.4749753,8.127222,5.5387864,3
android.sensor.gyroscope,1468054563588570,1468054570143307,1775212862429,0.0736092,0.22143848,0.10995566,3
android.sensor.accelerometer,1468054581300862,1468054589547525,1775212862448,0.6113662,8.050652,5.352146,3
android.sensor.gyroscope,1468054587333674,1468054594291484,1775212862453,-0.02535089,0.16768238,0.07086031,3
android.sensor.gyroscope,1468054611078726,1468054617917369,1775212862476,-0.054672398,0.10293072,0.05253437,3
android.sensor.accelerometer,1468054609794924,1468054618154036,1775212862477,0.5706882,8.163115,5.624928,3
android.sensor.gyroscope,1468054634823830,1468054641195286,1775212862500,0.0736092,0.1517999,0.100181825,3
android.sensor.accelerometer,1468054638289039,1468054646873046,1775212862505,0.6448657,8.242078,5.6153564,3
android.sensor.gyroscope,1468054658568882,1468054665934192,1775212862525,0.13347395,0.1847866,0.14538582,3
android.sensor.accelerometer,1468054666783101,1468054675489400,1775212862534,0.9056834,8.584251,5.191827,3
android.sensor.gyroscope,1468054682313987,1468054688772786,1775212862547,0.0736092,0.18356487,0.13561198,3
android.sensor.accelerometer,1468054695277216,1468054703364036,1775212862562,1.166501,8.330612,5.0339007,3
android.sensor.gyroscope,1468054701310028,1468054711211171,1775212862570,-0.04978548,0.13469568,0.045203995,3
android.sensor.gyroscope,1468054725055080,1468054732074452,1775212862591,-0.09376775,0.05894845,-0.040317077,3
android.sensor.accelerometer,1468054723771278,1468054732283775,1775212862591,0.4869394,8.457432,5.703891,3
android.sensor.gyroscope,1468054748800185,1468054755337421,1775212862614,0.051618073,0.08949169,0.08429934,3
android.sensor.accelerometer,1468054752265393,1468054760837838,1775212862619,-0.30987054,8.713464,5.543572,3
android.sensor.gyroscope,1468054772545237,1468054780504296,1775212862639,0.16157374,0.1517999,0.27977607,3
android.sensor.accelerometer,1468054780759507,1468054788531171,1775212862647,0.7573284,7.938189,5.3976097,3
android.sensor.gyroscope,1468054796290341,1468054802635598,1775212862661,0.205556,0.17379104,0.2614501,3
android.sensor.accelerometer,1468054809253570,1468054816963046,1775212862675,0.94636136,7.576873,4.8065825,3
android.sensor.gyroscope,1468054820035445,1468054827234765,1775212862686,0.13591741,0.14813471,0.18081598,3
android.sensor.accelerometer,1468054837747685,1468054846129869,1775212862705,0.52283174,7.6366935,4.71087,3
android.sensor.gyroscope,1468054843780497,1468054850338202,1775212862709,0.043065965,0.14569125,0.14172062,3
android.sensor.accelerometer,1468054856743726,1468054867470494,1775212862726,0.41754755,7.5553374,5.0602217,3
android.sensor.gyroscope,1468054867525601,1468054874361900,1775212862733,3.054324E-4,0.10293072,0.10262528,3
android.sensor.accelerometer,1468054885237841,1468054893325546,1775212862752,0.07058827,7.655836,5.4382877,3
android.sensor.gyroscope,1468054891270653,1468054897918150,1775212862756,0.07238748,0.023518294,0.14416409,3
android.sensor.gyroscope,1468054915015757,1468054921722525,1775212862780,0.16890411,0.088269964,0.2614501,3
android.sensor.accelerometer,1468054913731955,1468054921801640,1775212862780,0.32662028,8.0817585,4.7898326,3
android.sensor.gyroscope,1468054938760862,1468054945528150,1775212862804,0.14202607,0.22632541,0.25900668,3
android.sensor.accelerometer,1468054942226070,1468054950523254,1775212862809,1.0420742,8.474181,4.4931226,3
android.sensor.gyroscope,1468054962505914,1468054968997629,1775212862828,-0.027794348,0.17501275,0.11484258,3
android.sensor.accelerometer,1468054970720185,1468054979564765,1775212862838,1.2646067,8.249256,4.842475,3
android.sensor.gyroscope,1468054981502007,1468054989191432,1775212862848,-0.17318016,0.068722285,-0.039095346,3
android.sensor.accelerometer,1468054999214247,1468055008035702,1775212862867,0.23090738,8.596215,5.1008997,3
android.sensor.gyroscope,1468055005247112,1468055011985911,1775212862870,-0.19394957,0.11270455,0.0073303776,3
android.sensor.gyroscope,1468055028992164,1468055035722838,1775212862894,-0.059559315,0.17867795,0.12583815,3
android.sensor.accelerometer,1468055027708362,1468055035869921,1775212862894,0.45822555,8.400003,5.6464634,3
android.sensor.gyroscope,1468055052737268,1468055060245754,1775212862919,0.12247839,0.22021675,0.12095123,3
android.sensor.accelerometer,1468055056202476,1468055064446952,1775212862923,0.57547385,8.443074,5.261219,3
android.sensor.gyroscope,1468055076482372,1468055083302786,1775212862942,0.120034926,0.23365578,0.15760311,3
android.sensor.accelerometer,1468055084696591,1468055092997213,1775212862952,0.37686956,8.739784,4.572086,3
android.sensor.gyroscope,1468055100227476,1468055106647682,1775212862965,-0.05222894,0.22143848,0.19058982,3
android.sensor.accelerometer,1468055113190705,1468055121330650,1775212862980,1.032503,8.304291,5.529215,3
android.sensor.gyroscope,1468055123972528,1468055132092577,1775212862991,-0.029016078,0.15057817,0.07941242,3
android.sensor.accelerometer,1468055132186799,1468055142684869,1775212863001,0.5084748,8.672786,5.4957156,3
android.sensor.gyroscope,1468055147717632,1468055154566015,1775212863013,0.043065965,0.15057817,0.12828161,3
android.sensor.accelerometer,1468055160680914,1468055168793931,1775212863027,0.0849452,9.110672,4.651049,3
android.sensor.gyroscope,1468055171462737,1468055178242681,1775212863037,-0.06444623,0.24587308,0.29077163,3
android.sensor.accelerometer,1468055189175028,1468055199970650,1775212863059,0.8650054,8.445468,5.627321,3
android.sensor.gyroscope,1468055195207841,1468055201497942,1775212863060,-0.02535089,0.25809038,0.27000225,3
android.sensor.gyroscope,1468055218952945,1468055226522265,1775212863085,0.074830934,0.2556469,0.18570289,3
android.sensor.accelerometer,1468055217669143,1468055226732890,1775212863085,0.6831509,8.132008,5.553143,3
android.sensor.gyroscope,1468055242698049,1468055249662994,1775212863108,0.120034926,0.3045161,0.21135922,3
android.sensor.accelerometer,1468055246163257,1468055254264140,1775212863113,0.38644084,8.344969,5.098507,3
android.sensor.gyroscope,1468055266443153,1468055272990338,1775212863131,0.13836087,0.34849834,0.2150244,3
android.sensor.accelerometer,1468055265159351,1468055274575754,1775212863133,0.25962126,8.478967,5.388038,3
android.sensor.gyroscope,1468055290188257,1468055297086640,1775212863156,0.09560034,0.26542073,0.16859868,3
android.sensor.accelerometer,1468055293653466,1468055301729661,1775212863160,-0.28115666,8.52443,5.261219,3
android.sensor.gyroscope,1468055313933310,1468055320532942,1775212863179,0.016187917,0.20677772,0.22357652,3
android.sensor.accelerometer,1468055322147580,1468055330759244,1775212863189,0.2117648,8.093722,5.9694943,3
android.sensor.gyroscope,1468055337678414,1468055344282213,1775212863203,0.094378605,0.088269964,0.16859868,3
android.sensor.accelerometer,1468055350641695,1468055360626015,1775212863219,0.52283174,8.093722,6.005387,3
android.sensor.gyroscope,1468055356674507,1468055369761588,1775212863228,0.22999059,0.076052666,0.13927718,3
android.sensor.accelerometer,1468055379135810,1468055387520650,1775212863246,0.48933223,8.191829,5.6464634,3
android.sensor.gyroscope,1468055385168622,1468055391543775,1775212863250,0.1188132,-0.13286309,0.17226386,3
android.sensor.gyroscope,1468055408913726,1468055416096900,1775212863275,0.003970621,-0.22937973,-0.036651887,3
android.sensor.accelerometer,1468055407629924,1468055416208202,1775212863275,1.3579268,8.132008,4.9932227,3
android.sensor.gyroscope,1468055432658830,1468055440617733,1775212863299,-0.10109812,-0.015577052,-0.02687805,3
android.sensor.accelerometer,1468055436124091,1468055443967317,1775212863302,0.31226337,8.452646,6.256633,3
android.sensor.gyroscope,1468055456403935,1468055463223358,1775212863322,0.12247839,-0.15974113,0.08307761,3
android.sensor.accelerometer,1468055464618205,1468055473267733,1775212863332,0.62811595,8.806784,7.0558357,3
android.sensor.gyroscope,1468055480149039,1468055486896588,1775212863345,0.3668243,-0.22937973,0.16982041,3
android.sensor.accelerometer,1468055493112320,1468055501208463,1775212863360,1.099502,8.723035,4.7491546,3
android.sensor.gyroscope,1468055499145132,1468055508125442,1775212863367,0.21044292,-0.058337588,0.19792019,3
android.sensor.gyroscope,1468055522890237,1468055529682890,1775212863388,-0.23915356,-0.13164136,0.19792019,3
android.sensor.accelerometer,1468055521606435,1468055529876327,1775212863388,1.0516455,8.335398,5.857032,3
android.sensor.gyroscope,1468055546635393,1468055553356900,1775212863412,-0.10109812,-0.15118903,0.086742796,3
android.sensor.accelerometer,1468055550100601,1468055558416483,1775212863417,0.7932207,8.589037,6.6825557,3
android.sensor.gyroscope,1468055570380497,1468055577892369,1775212863436,0.10415245,-0.12675445,0.14660755,3
android.sensor.accelerometer,1468055569096695,1468055579994140,1775212863439,0.68075806,8.648857,6.093921,3
android.sensor.gyroscope,1468055594125601,1468055600759296,1775212863459,0.21899502,-0.0058032153,0.23335035,3
android.sensor.accelerometer,1468055597590810,1468055605511535,1775212863464,1.1928221,8.35454,5.452645,3
android.sensor.gyroscope,1468055617870705,1468055624898202,1775212863483,0.07849612,-0.23426664,0.05864302,3
android.sensor.accelerometer,1468055626084924,1468055634189348,1775212863493,2.1714866,7.6917286,5.459823,3
android.sensor.gyroscope,1468055641615810,1468055648325025,1775212863507,-0.01924224,-0.30512697,-0.20769402,3
android.sensor.accelerometer,1468055654579091,1468055662638098,1775212863521,0.7645068,8.297112,4.3088756,3
android.sensor.gyroscope,1468055665360914,1468055672145806,1775212863531,-0.0962112,-0.07666353,-0.12583815,3
android.sensor.accelerometer,1468055683073205,1468055691311171,1775212863550,0.3290131,8.646464,4.907081,3
android.sensor.gyroscope,1468055689106070,1468055695529713,1775212863554,-0.118202336,-0.06811142,0.018325943,3
android.sensor.gyroscope,1468055712851174,1468055720532213,1775212863579,0.011300999,-0.0754418,-0.067195125,3
android.sensor.accelerometer,1468055711567372,1468055720675702,1775212863579,1.2454642,8.132008,5.703891,3
android.sensor.gyroscope,1468055736596278,1468055743515650,1775212863602,-0.029016078,-0.25625777,-0.3506364,3
android.sensor.accelerometer,1468055740061487,1468055748443775,1775212863607,0.5300102,7.861619,4.622335,3
android.sensor.gyroscope,1468055760341382,1468055767662265,1775212863626,-0.15729769,-0.15974113,-0.34086254,3
android.sensor.accelerometer,1468055768555653,1468055776741483,1775212863635,-0.465404,8.088937,4.758726,3
android.sensor.gyroscope,1468055784086539,1468055790561379,1775212863649,0.00763581,0.0980438,-0.08796453,3
android.sensor.accelerometer,1468055797049768,1468055806437629,1775212863665,0.52283174,7.7611203,5.5052867,3
android.sensor.gyroscope,1468055807831643,1468055814420025,1775212863673,0.18356487,0.07116575,-0.028099779,3
android.sensor.accelerometer,1468055825543935,1468055833738775,1775212863692,1.1306087,7.4979095,4.9429736,3
android.sensor.gyroscope,1468055831576747,1468055838050858,1775212863697,0.22510368,-0.062002774,-0.16982041,3
android.sensor.gyroscope,1468055855321903,1468055861751900,1775212863720,0.082161315,-0.23060146,-0.29688028,3
android.sensor.accelerometer,1468055854038101,1468055861857317,1775212863720,0.08255238,8.110473,3.8877387,3
android.sensor.gyroscope,1468055879067007,1468055885714140,1775212863744,-0.07177661,0.11759147,-0.02565632,3
android.sensor.accelerometer,1468055882532216,1468055890310390,1775212863749,-0.034695927,8.390432,4.5481577,3
android.sensor.gyroscope,1468055902812112,1468055909868150,1775212863768,0.07238748,0.17379104,0.03176497,3
android.sensor.accelerometer,1468055911026382,1468055920260129,1775212863779,0.71425754,8.263613,5.4263234,3
android.sensor.gyroscope,1468055926557268,1468055933542473,1775212863792,0.28130323,0.14569125,-0.0024434591,3
android.sensor.accelerometer,1468055939520497,1468055947736431,1775212863806,0.18783657,8.545966,4.720441,3
android.sensor.gyroscope,1468055950302372,1468055956967525,1775212863815,0.28252497,0.025961753,0.015882485,3
android.sensor.accelerometer,1468055968014664,1468055976018462,1775212863835,0.19740787,8.940782,4.0672,3
android.sensor.gyroscope,1468055974047528,1468055980291275,1775212863839,0.31917685,0.13469568,0.1075122,3
android.sensor.gyroscope,1468055993043622,1468056000691900,1775212863859,0.16279547,0.23243405,0.17226386,3
android.sensor.accelerometer,1468055996508830,1468056004271119,1775212863863,0.56350976,8.876176,4.016951,3
android.sensor.gyroscope,1468056016788726,1468056023252733,1775212863882,-0.013133593,0.0772744,0.09040799,3
android.sensor.accelerometer,1468056025002997,1468056033422890,1775212863892,0.8219346,8.825927,4.8855457,3
android.sensor.gyroscope,1468056035784820,1468056043698931,1775212863902,0.0772744,0.06627883,0.04886918,3
android.sensor.accelerometer,1468056053497164,1468056063603358,1775212863922,-0.111266255,9.196814,3.9020956,3
android.sensor.gyroscope,1468056059529976,1468056066167004,1775212863925,0.03695732,0.18356487,0.17837252,3
android.sensor.gyroscope,1468056083275080,1468056090227785,1775212863949,-0.004581486,0.19456044,0.24678937,3
android.sensor.accelerometer,1468056081991278,1468056090319296,1775212863949,0.86979103,8.873783,4.6725845,3
android.sensor.gyroscope,1468056107020237,1468056113440285,1775212863972,0.09926552,0.26542073,0.22357652,3
android.sensor.accelerometer,1468056110485445,1468056118490285,1775212863977,1.2981063,8.742178,4.330411,3
android.sensor.gyroscope,1468056130765341,1468056139465233,1775212863998,-0.11209369,0.19578215,0.1197295,3
android.sensor.accelerometer,1468056129481539,1468056139592369,1775212863998,0.991825,8.8187475,4.1605206,3
android.sensor.gyroscope,1468056154510497,1468056161080181,1775212864020,-0.20250167,0.17012584,0.15638138,3
android.sensor.accelerometer,1468056157975705,1468056166290806,1775212864025,0.46301118,8.921639,4.933402,3
android.sensor.gyroscope,1468056178255653,1468056184868150,1775212864043,-0.024129158,0.26053384,0.2773326,3
android.sensor.accelerometer,1468056186469872,1468056194141067,1775212864053,0.5395815,8.825927,4.9405804,3
android.sensor.gyroscope,1468056202000757,1468056208709556,1775212864067,0.13469568,0.43890634,0.36529714,3
android.sensor.accelerometer,1468056214964039,1468056223001223,1775212864082,1.5014962,8.610572,4.450052,3
android.sensor.gyroscope,1468056225745914,1468056232466483,1775212864091,0.057726722,0.43646288,0.25045455,3
android.sensor.accelerometer,1468056243458205,1468056251986692,1775212864110,0.802792,8.835498,4.4691944,3
android.sensor.gyroscope,1468056249491018,1468056256079296,1775212864115,-0.009468404,0.34727663,0.18325943,3
android.sensor.gyroscope,1468056273236174,1468056280464504,1775212864139,-0.07422007,0.38026333,0.32864526,3
android.sensor.accelerometer,1468056271952372,1468056280593983,1775212864139,1.0468599,8.409575,4.301697,3
android.sensor.gyroscope,1468056292232268,1468056300783671,1775212864159,-0.11453715,0.33994624,0.21746786,3
android.sensor.accelerometer,1468056290948466,1468056300909608,1775212864159,1.9465612,7.8759756,4.395017,3
android.sensor.gyroscope,1468056315977424,1468056322227160,1775212864181,-0.20250167,0.3594939,0.13316852,3
android.sensor.accelerometer,1468056319442632,1468056327477629,1775212864186,0.991825,8.220542,4.9429736,3
android.sensor.gyroscope,1468056339722580,1468056346444608,1775212864205,-0.21349724,0.19089524,0.09407318,3
android.sensor.accelerometer,1468056347936799,1468056356027369,1775212864215,1.14018,7.672586,5.5244293,3
android.sensor.gyroscope,1468056363467685,1468056369866119,1775212864228,0.03084867,0.24342962,-0.050090913,3
android.sensor.accelerometer,1468056366932945,1468056376447733,1775212864235,0.36011982,7.954939,4.8496532,3
android.sensor.gyroscope,1468056387212841,1468056394184244,1775212864253,-0.0021380268,0.31917685,0.06475167,3
android.sensor.accelerometer,1468056395427112,1468056403427056,1775212864262,-0.8650054,9.026923,4.342375,3
android.sensor.gyroscope,1468056410957997,1468056417989764,1775212864277,-0.07422007,0.26542073,0.25534147,3
android.sensor.accelerometer,1468056423921278,1468056431863514,1775212864290,1.4536397,8.237292,5.0051866,3
android.sensor.gyroscope,1468056434703153,1468056441300129,1775212864300,0.057726722,0.26664248,0.010995566,3
android.sensor.accelerometer,1468056452415445,1468056460344712,1775212864319,0.51086766,8.335398,4.356732,3
android.sensor.gyroscope,1468056458448257,1468056465190494,1775212864324,-0.09376775,0.1725693,-0.15149446,3
android.sensor.accelerometer,1468056471411539,1468056480502056,1775212864339,-0.11365908,8.754142,4.2681975,3
android.sensor.gyroscope,1468056482193414,1468056489183046,1775212864348,-0.12797616,0.33628106,-0.03054324,3
android.sensor.accelerometer,1468056499905757,1468056508348254,1775212864367,0.31944183,8.639286,4.9980083,3
android.sensor.gyroscope,1468056505938570,1468056512522993,1775212864371,-0.01924224,0.43524116,0.043982264,3
android.sensor.gyroscope,1468056529683726,1468056536081691,1775212864395,0.10293072,0.2764163,-0.18570289,3
android.sensor.accelerometer,1468056528399924,1468056536566118,1775212864395,0.56590253,8.297112,5.4263234,3
android.sensor.gyroscope,1468056553428882,1468056560202681,1775212864419,0.08093958,0.21532984,-0.18448116,3
android.sensor.accelerometer,1468056556894091,1468056565279400,1775212864424,-0.654437,9.0341015,4.325625,3
android.sensor.gyroscope,1468056577174039,1468056583813983,1775212864442,-0.015577052,0.2751946,-0.02932151,3
android.sensor.accelerometer,1468056585388257,1468056593576014,1775212864452,0.23090738,8.847462,4.6342993,3
android.sensor.gyroscope,1468056600919143,1468056607268358,1775212864466,0.03573559,0.29718572,-0.05131264,3
android.sensor.accelerometer,1468056613882476,1468056621707993,1775212864480,-0.096909314,8.902496,5.0099726,3
android.sensor.gyroscope,1468056624664299,1468056632067212,1775212864491,0.094378605,0.15424335,-0.010995566,3
android.sensor.accelerometer,1468056632878570,1468056642667525,1775212864501,-0.3385844,9.206385,4.430909,3
android.sensor.gyroscope,1468056648409455,1468056655049139,1775212864514,0.040622506,0.15913028,0.12950334,3
android.sensor.accelerometer,1468056661372737,1468056669370598,1775212864528,0.6472585,9.036494,4.1700916,3
android.sensor.gyroscope,1468056672154612,1468056679846743,1775212864538,-0.06811142,0.23732096,0.09651663,3
android.sensor.accelerometer,1468056689866955,1468056698170650,1775212864557,0.42951167,8.849854,4.95733,3
android.sensor.gyroscope,1468056695899768,1468056702505910,1775212864561,0.0015271619,0.21410811,-0.0097738365,3
android.sensor.gyroscope,1468056719644924,1468056725943670,1775212864584,0.0650571,0.18845178,0.09529491,3
android.sensor.accelerometer,1468056718361122,1468056726493618,1775212864585,-0.31226337,8.971889,4.6582274,3
android.sensor.gyroscope,1468056743390080,1468056749990181,1775212864609,0.047952887,0.109039366,0.18081598,3
android.sensor.accelerometer,1468056746855289,1468056754818098,1775212864613,0.7860422,8.785249,4.371089,3
android.sensor.gyroscope,1468056762386226,1468056771004920,1775212864630,0.06139191,0.17379104,0.10140356,3
android.sensor.accelerometer,1468056775349507,1468056784647993,1775212864643,0.7190432,8.670393,4.4668016,3
android.sensor.gyroscope,1468056786131382,1468056792648931,1775212864651,-0.01924224,0.14935644,0.014660755,3
android.sensor.accelerometer,1468056803843674,1468056811962681,1775212864670,-0.3074777,9.007781,4.6414776,3
android.sensor.gyroscope,1468056809876539,1468056816604608,1775212864675,-0.098654665,0.09926552,0.14660755,3
android.sensor.gyroscope,1468056833621695,1468056840138514,1775212864699,-0.026572619,0.12247839,0.23335035,3
android.sensor.accelerometer,1468056832337893,1468056840350337,1775212864699,0.2117648,9.072387,4.9980083,3
android.sensor.gyroscope,1468056852617841,1468056860290025,1775212864719,0.1273653,0.16157374,0.22601996,3
android.sensor.accelerometer,1468056851334039,1468056860465389,1775212864719,0.5300102,9.0341015,5.203791,3
android.sensor.gyroscope,1468056876362997,1468056882705025,1775212864741,0.30207264,0.14569125,0.14905101,3
android.sensor.accelerometer,1468056879828205,1468056888111379,1775212864747,0.2883351,8.995817,4.4835515,3
android.sensor.gyroscope,1468056900108153,1468056908015181,1775212864767,0.21410811,0.17989968,0.13805544,3
android.sensor.accelerometer,1468056898824351,1468056908138306,1775212864767,-0.52522457,9.129815,3.610171,3
android.sensor.gyroscope,1468056923853310,1468056930426795,1775212864789,-0.011911863,0.32895067,0.2480111,3
android.sensor.accelerometer,1468056927318518,1468056936637212,1775212864795,-0.12801601,8.892925,3.650849,3
android.sensor.gyroscope,1468056947598466,1468056954351275,1775212864813,-0.22571453,0.26175556,0.16982041,3
android.sensor.accelerometer,1468056955812737,1468056964193306,1775212864823,0.8650054,8.483752,4.775476,3
android.sensor.gyroscope,1468056971343622,1468056977899139,1775212864836,-0.26480988,0.12125666,0.008552107,3
android.sensor.accelerometer,1468056984306903,1468056992815962,1775212864851,-0.66400826,8.782856,5.139185,3
android.sensor.gyroscope,1468056995088778,1468057001340702,1775212864860,-0.083993904,0.23487751,0.18570289,3
android.sensor.gyroscope,1468057014084924,1468057021380233,1775212864880,0.0736092,0.38759372,0.2761109,3
android.sensor.accelerometer,1468057012801122,1468057021492472,1775212864880,-0.28115666,8.35454,4.816154,3
android.sensor.gyroscope,1468057037830080,1468057045995858,1775212864905,0.019853106,0.4254673,0.252898,3
android.sensor.accelerometer,1468057041295341,1468057049445650,1775212864908,0.01794617,7.8592257,4.5003014,3
android.sensor.gyroscope,1468057061575237,1468057068780493,1775212864927,-0.2525926,0.28985533,0.14905101,3
android.sensor.accelerometer,1468057069789507,1468057078003150,1775212864937,-0.14476576,7.4141607,4.9046884,3
android.sensor.gyroscope,1468057085320445,1468057092167056,1775212864951,-0.4150826,0.13591741,-0.0048869182,3
android.sensor.accelerometer,1468057098283726,1468057106286952,1775212864965,-1.2526426,8.514859,5.1846485,3
android.sensor.gyroscope,1468057109065601,1468057115999347,1775212864975,-0.16096286,0.43401942,0.18692462,3
android.sensor.accelerometer,1468057126777945,1468057135138879,1775212864994,-0.24047868,8.321041,5.1846485,3
android.sensor.gyroscope,1468057132810757,1468057140370285,1775212864999,-0.044898562,0.49388418,0.21135922,3
android.sensor.gyroscope,1468057156555914,1468057163294868,1775212865022,-0.009468404,0.38881543,0.05131264,3
android.sensor.accelerometer,1468057155272112,1468057163472108,1775212865022,-0.3074777,8.10808,5.2085767,3
android.sensor.gyroscope,1468057180301122,1468057186807524,1775212865045,-0.15363249,0.31428993,0.028099779,3
android.sensor.accelerometer,1468057183766330,1468057191625702,1775212865050,-1.2239288,8.356933,4.545765,3
android.sensor.gyroscope,1468057204046278,1468057211039764,1775212865070,-0.1414152,0.40103272,0.10873393,3
android.sensor.accelerometer,1468057212260549,1468057220656327,1775212865079,-0.1591227,8.076973,5.47418,3
android.sensor.gyroscope,1468057227791435,1468057234647993,1775212865093,0.038179047,0.4327977,0.012217295,3
android.sensor.accelerometer,1468057240754768,1468057249231535,1775212865108,-0.506082,8.297112,5.139185,3
android.sensor.gyroscope,1468057251536643,1468057258325181,1775212865117,0.06627883,0.37904158,0.0097738365,3
android.sensor.accelerometer,1468057269248987,1468057278511587,1775212865137,-0.26919255,7.7994056,5.2085767,3
android.sensor.gyroscope,1468057275281799,1468057282653827,1775212865141,-0.035124727,0.1725693,-0.07819069,3
android.sensor.gyroscope,1468057299027007,1468057305870962,1775212865164,-0.011911863,0.11270455,-0.14660755,3
android.sensor.accelerometer,1468057297743205,1468057306027264,1775212865165,-0.50368917,7.9070826,5.634499,3
android.sensor.gyroscope,1468057322772164,1468057329673931,1775212865188,-0.0033597562,0.09682207,-0.11606431,3
android.sensor.accelerometer,1468057326237372,1468057334162837,1775212865193,-1.2215359,8.658429,5.9503517,3
android.sensor.gyroscope,1468057341768310,1468057349977420,1775212865209,0.049174614,0.14813471,-0.0537561,3
android.sensor.accelerometer,1468057354731591,1468057362713097,1775212865221,-0.84107715,8.26122,6.337989,3
android.sensor.gyroscope,1468057365513466,1468057372715337,1775212865231,0.12125666,0.028405212,-0.118507765,3
android.sensor.accelerometer,1468057383225810,1468057391311326,1775212865250,-1.0157533,8.141579,5.9383874,3
android.sensor.gyroscope,1468057389258674,1468057396911326,1775212865255,0.17012584,-0.10598504,-0.09407318,3
android.sensor.gyroscope,1468057413003830,1468057420609139,1775212865279,0.19822562,0.22143848,0.05986475,3
android.sensor.accelerometer,1468057411720028,1468057420969191,1775212865279,-0.56111693,8.782856,4.9525447,3
android.sensor.gyroscope,1468057436749039,1468057443228618,1775212865302,0.05894845,0.08460477,0.05253437,3
android.sensor.accelerometer,1468057440214247,1468057448561743,1775212865307,-0.032303106,8.502895,5.512465,3
android.sensor.gyroscope,1468057460494195,1468057467281535,1775212865326,0.046731155,0.017409647,-0.09040799,3
android.sensor.accelerometer,1468057468708466,1468057477626795,1775212865336,-0.6329016,8.455039,5.852246,3
android.sensor.gyroscope,1468057484239403,1468057490998514,1775212865349,0.10415245,0.0015271619,-0.06597339,3
android.sensor.accelerometer,1468057497202685,1468057505358045,1775212865364,-0.5300102,8.845069,5.0195436,3
android.sensor.gyroscope,1468057507984560,1468057514563201,1775212865373,0.043065965,0.06994402,0.086742796,3
android.sensor.accelerometer,1468057525696903,1468057533799712,1775212865392,0.40558344,8.598608,5.395217,3
android.sensor.gyroscope,1468057531729768,1468057538510701,1775212865397,-0.065667965,-0.04856375,0.0,3
android.sensor.accelerometer,1468057554191122,1468057562313254,1775212865421,-0.20937198,8.672786,5.5483575,3
android.sensor.gyroscope,1468057555474924,1468057562483358,1775212865421,-0.013133593,-0.09010255,-0.041538805,3
android.sensor.gyroscope,1468057579220132,1468057585897056,1775212865444,0.046731155,0.008857539,0.032986697,3
android.sensor.accelerometer,1468057582685341,1468057590647368,1775212865449,-0.3481557,8.892925,5.1607203,3
android.sensor.gyroscope,1468057602965341,1468057610121066,1775212865469,0.23365578,0.3265072,0.20891576,3
android.sensor.accelerometer,1468057611179612,1468057620593566,1775212865479,-0.4869394,8.806784,5.3018966,3
android.sensor.gyroscope,1468057626710497,1468057633871535,1775212865492,0.20189081,0.19211698,0.21991132,3
android.sensor.accelerometer,1468057639673830,1468057647966691,1775212865506,-0.3792624,8.811569,4.328018,3
android.sensor.gyroscope,1468057650455705,1468057657275128,1775212865516,0.014966187,0.19211698,0.2602284,3
android.sensor.accelerometer,1468057668168049,1468057676607628,1775212865535,0.4941179,8.636893,4.9525447,3
android.sensor.gyroscope,1468057674200914,1468057680605441,1775212865539,-0.06933315,0.18600832,0.26389357,3
android.sensor.gyroscope,1468057697946070,1468057704497056,1775212865563,0.15057817,0.3130682,0.17959425,3
android.sensor.accelerometer,1468057696662268,1468057704716014,1775212865563,0.14237295,8.742178,5.1990056,3
android.sensor.gyroscope,1468057721691278,1468057727941431,1775212865586,0.32406378,0.5232057,0.37140578,3
android.sensor.accelerometer,1468057725156487,1468057733964451,1775212865592,-0.5395815,8.924032,4.3088756,3
android.sensor.gyroscope,1468057745436487,1468057752518306,1775212865611,0.19089524,0.58062696,0.48869184,3
android.sensor.accelerometer,1468057753650757,1468057761542316,1775212865620,1.1928221,7.9070826,4.1030927,3
android.sensor.gyroscope,1468057764432632,1468057772890649,1775212865631,-0.15118903,0.29962918,0.21013749,3
android.sensor.accelerometer,1468057782144976,1468057790173722,1775212865649,0.7501499,8.222935,5.1583276,3
android.sensor.gyroscope,1468057788177841,1468057794697316,1775212865653,-0.2525926,0.19944735,-0.0036651888,3
android.sensor.gyroscope,1468057811922997,1468057819939972,1775212865678,0.00763581,0.32162032,0.14782928,3
android.sensor.accelerometer,1468057810639195,1468057820055962,1775212865679,-0.034695927,8.344969,5.577071,3
android.sensor.gyroscope,1468057835668205,1468057842728514,1775212865701,0.22510368,0.37171122,0.17226386,3
android.sensor.accelerometer,1468057839133466,1468057847318305,1775212865706,0.49651068,8.1344,5.1535416,3
android.sensor.gyroscope,1468057859413414,1468057866784816,1775212865725,0.08949169,0.21655156,0.039095346,3
android.sensor.accelerometer,1468057867627685,1468057876034243,1775212865735,0.14237295,8.4502535,4.49073,3
android.sensor.gyroscope,1468057883158622,1468057889883358,1775212865748,-0.11942407,0.14691298,0.0036651888,3
android.sensor.accelerometer,1468057896121903,1468057904714035,1775212865763,-0.25004998,8.40479,5.239683,3
android.sensor.gyroscope,1468057906903778,1468057914560128,1775212865773,-0.07055488,0.11636974,0.0048869182,3
android.sensor.accelerometer,1468057924616174,1468057932815649,1775212865791,-1.1114662,9.012567,5.2348976,3
android.sensor.gyroscope,1468057930648987,1468057937546378,1775212865796,0.15424335,0.19700389,0.21258095,3
android.sensor.gyroscope,1468057949645185,1468057957886795,1775212865816,0.23854269,0.24342962,0.3090976,3
android.sensor.accelerometer,1468057953110393,1468057961046743,1775212865820,0.12562318,8.553144,4.5936213,3
android.sensor.gyroscope,1468057968641330,1468057978027003,1775212865837,0.15424335,0.15790854,0.18448116,3
android.sensor.accelerometer,1468057972106539,1468057981347420,1775212865840,0.041874398,8.306684,4.179663,3
android.sensor.gyroscope,1468057992386539,1468058000387941,1775212865859,-0.124310985,0.06139191,0.06475167,3
android.sensor.accelerometer,1468058000600810,1468058008372160,1775212865867,-0.6257231,8.586644,4.2921257,3
android.sensor.gyroscope,1468058016131747,1468058022822107,1775212865881,-0.21105379,0.11148282,0.112399116,3
android.sensor.accelerometer,1468058029095028,1468058037000597,1775212865896,-0.64247286,8.340183,5.2348976,3
android.sensor.gyroscope,1468058039876955,1468058047223878,1775212865906,0.017409647,0.22632541,0.15393792,3
android.sensor.accelerometer,1468058057589299,1468058066108357,1775212865925,-0.9607183,8.517252,4.875974,3
android.sensor.gyroscope,1468058063622112,1468058070758253,1775212865929,0.14691298,0.24342962,0.29199335,3
android.sensor.gyroscope,1468058087367320,1468058093942212,1775212865952,0.094378605,0.076052666,0.0048869182,3
android.sensor.accelerometer,1468058086083518,1468058094047941,1775212865953,0.9415757,7.8113694,4.4404807,3
android.sensor.gyroscope,1468058111112528,1468058117834607,1775212865976,0.022296565,0.0772744,-0.15393792,3
android.sensor.accelerometer,1468058114577789,1468058122491430,1775212865981,-1.1066805,8.756535,4.2681975,3
android.sensor.gyroscope,1468058134857737,1468058141710024,1775212866000,0.00763581,0.17745622,0.043982264,3
android.sensor.accelerometer,1468058143072060,1468058151468826,1775212866010,-0.40079778,8.457432,4.727619,3
android.sensor.gyroscope,1468058158602945,1468058165546951,1775212866024,0.047952887,0.12247839,-0.0048869182,3
android.sensor.accelerometer,1468058171566278,1468058179911795,1775212866038,0.0011964113,8.249256,4.6007996,3
android.sensor.gyroscope,1468058182348205,1468058189012732,1775212866048,0.0858265,0.12492185,-0.12217296,3
android.sensor.accelerometer,1468058190562476,1468058200068201,1775212866059,-0.5946164,8.660822,4.464409,3
android.sensor.gyroscope,1468058206093362,1468058212873253,1775212866071,0.10293072,0.14446951,-0.07208204,3
android.sensor.accelerometer,1468058219056695,1468058226938930,1775212866085,-0.6041877,8.330612,4.2969112,3
android.sensor.gyroscope,1468058229838622,1468058237003982,1775212866096,0.0736092,0.19089524,-0.07208204,3
android.sensor.accelerometer,1468058247550966,1468058258185597,1775212866117,-0.80997044,8.730213,4.6582274,3
android.sensor.gyroscope,1468058248834768,1468058258307264,1775212866117,0.12980877,0.17501275,-0.018325943,3
android.sensor.gyroscope,1468058272579976,1468058280617784,1775212866139,0.07849612,0.12980877,0.0097738365,3
android.sensor.accelerometer,1468058276045237,1468058284289347,1775212866143,-0.24765715,8.82114,3.8590248,3
android.sensor.gyroscope,1468058296325185,1468058303310337,1775212866162,-0.10598504,0.09560034,-0.06352994,3
android.sensor.accelerometer,1468058304539455,1468058313285701,1775212866172,-0.06580263,8.352147,4.3328037,3
android.sensor.gyroscope,1468058320070393,1468058327565597,1775212866186,-0.11575887,0.1273653,-0.12705988,3
android.sensor.accelerometer,1468058333033726,1468058341014816,1775212866200,-1.3938192,8.962317,4.761119,3
android.sensor.gyroscope,1468058343815601,1468058351113357,1775212866210,-0.0070249448,0.23487751,0.06475167,3
android.sensor.accelerometer,1468058361527997,1468058369747941,1775212866228,-0.75493556,9.165708,4.5242295,3
android.sensor.gyroscope,1468058367560862,1468058374174191,1775212866233,0.06017018,0.24465135,0.239459,3
android.sensor.accelerometer,1468058390022268,1468058398230128,1775212866257,0.721436,8.100901,4.5912285,3
android.sensor.gyroscope,1468058391306070,1468058398338514,1775212866257,-0.07422007,0.10415245,0.015882485,3
android.sensor.gyroscope,1468058415051278,1468058421756534,1775212866280,-0.21716243,-0.05589413,-0.27366742,3
android.sensor.accelerometer,1468058418516539,1468058426726795,1775212866285,-0.8386843,8.545966,4.8472605,3
android.sensor.gyroscope,1468058438796487,1468058446661118,1775212866305,-0.13164136,0.011300999,-0.1075122,3
android.sensor.accelerometer,1468058437512685,1468058446785701,1775212866305,-1.3794622,8.763713,5.258826,3
android.sensor.gyroscope,1468058462541695,1468058469358878,1775212866328,0.055283263,-0.010690134,-0.05253437,3
android.sensor.accelerometer,1468058466006955,1468058474086326,1775212866333,-0.2548356,8.43111,5.30429,3
android.sensor.gyroscope,1468058486286955,1468058493004451,1775212866352,0.18234314,-0.010690134,-0.118507765,3
android.sensor.accelerometer,1468058494501226,1468058502526118,1775212866361,-0.64965135,8.560323,4.555336,3
android.sensor.gyroscope,1468058510032164,1468058516861691,1775212866375,0.18723005,0.052839804,-0.07208204,3
android.sensor.accelerometer,1468058522995497,1468058531066534,1775212866390,-0.71665037,8.55793,4.0624146,3
android.sensor.gyroscope,1468058533777372,1468058540997576,1775212866400,0.109039366,0.09682207,-0.039095346,3
android.sensor.accelerometer,1468058551489768,1468058560667055,1775212866419,-0.21415763,8.208578,4.6151567,3
android.sensor.gyroscope,1468058557522632,1468058564061274,1775212866423,0.09071342,0.011300999,-0.15271619,3
android.sensor.gyroscope,1468058581267841,1468058587876118,1775212866446,0.24220788,0.3924806,0.14172062,3
android.sensor.accelerometer,1468058579984039,1468058587947680,1775212866446,-1.8245273,9.290133,3.9451663,3
android.sensor.gyroscope,1468058605013049,1468058611742003,1775212866470,0.24465135,0.4156935,0.35430157,3
android.sensor.accelerometer,1468058608478310,1468058616988305,1775212866475,0.28594232,8.203793,3.827918,3
android.sensor.gyroscope,1468058628758310,1468058635795493,1775212866494,0.0736092,0.2751946,0.035430156,3
android.sensor.accelerometer,1468058636972580,1468058645254034,1775212866504,0.25004998,8.038688,4.323232,3
android.sensor.gyroscope,1468058652503518,1468058660303566,1775212866519,-0.057115857,0.068722285,-0.18570289,3
android.sensor.accelerometer,1468058665466851,1468058673727628,1775212866532,-0.7477571,8.7469635,4.4021955,3
android.sensor.gyroscope,1468058676248726,1468058683108357,1775212866542,0.00641408,0.120034926,-0.118507765,3
android.sensor.accelerometer,1468058693961122,1468058701922941,1775212866560,-0.6999006,8.835498,4.208377,3
android.sensor.gyroscope,1468058699993987,1468058706453097,1775212866565,0.1310305,0.21410811,-0.050090913,3
android.sensor.gyroscope,1468058723739195,1468058730352368,1775212866589,0.11759147,0.23243405,0.050090913,3
android.sensor.accelerometer,1468058722455393,1468058730474868,1775212866589,-0.5563313,8.38804,4.0648074,3
android.sensor.gyroscope,1468058747484455,1468058754474816,1775212866613,-0.011911863,0.113926284,-0.16249003,3
android.sensor.accelerometer,1468058750949664,1468058760577420,1775212866619,-0.39840496,8.392825,3.9212382,3
android.sensor.gyroscope,1468058771229664,1468058778797316,1775212866637,-0.097432934,0.12980877,-0.13439025,3
android.sensor.accelerometer,1468058779443935,1468058794478670,1775212866653,-0.802792,8.629715,3.9140596,3
android.sensor.gyroscope,1468058794974872,1468058801475180,1775212866660,-0.10720677,0.25442517,-0.032986697,3
android.sensor.accelerometer,1468058807938257,1468058815957680,1775212866674,-0.6975078,8.668,4.282554,3
android.sensor.gyroscope,1468058818720132,1468058825445388,1775212866684,0.0650571,0.42180213,0.100181825,3
android.sensor.accelerometer,1468058836432528,1468058844868357,1775212866703,-0.32183465,8.184649,4.3782673,3
android.sensor.gyroscope,1468058842465341,1468058849041482,1775212866708,0.11514801,0.2886336,0.012217295,3
android.sensor.gyroscope,1468058866210601,1468058873479399,1775212866732,0.00763581,0.1933387,-0.12339468,3
android.sensor.accelerometer,1468058864926799,1468058873576222,1775212866732,-0.573081,8.4813595,3.799204,3
android.sensor.gyroscope,1468058889955810,1468058897230545,1775212866756,-0.110871956,0.37171122,-0.086742796,3
android.sensor.accelerometer,1468058893421070,1468058901655024,1775212866760,-1.0516455,8.909675,3.9714873,3
android.sensor.gyroscope,1468058913701070,1468058920193461,1775212866779,-0.058337588,0.41813695,0.08552107,3
android.sensor.accelerometer,1468058921915393,1468058930016065,1775212866789,-0.7692925,8.816355,4.3734818,3
android.sensor.gyroscope,1468058932697268,1468058940801690,1775212866799,0.07971785,0.5048797,0.12217296,3
android.sensor.accelerometer,1468058950409664,1468058958456065,1775212866817,-0.65682983,8.624929,4.8640103,3
android.sensor.gyroscope,1468058956442528,1468058963386378,1775212866822,0.20066908,0.25686863,-0.028099779,3
android.sensor.accelerometer,1468058978903935,1468058986892107,1775212866845,-1.0612168,9.175279,4.0504503,3
android.sensor.gyroscope,1468058980187737,1468058987008826,1775212866846,0.20799945,0.21532984,-0.08918626,3
android.sensor.gyroscope,1468059003932997,1468059010846482,1775212866869,0.023518294,0.120034926,-0.091629714,3
android.sensor.accelerometer,1468059007398205,1468059016107472,1775212866875,-1.1641082,9.182457,3.7369907,3
android.sensor.gyroscope,1468059027678205,1468059034722940,1775212866893,-0.092546016,0.26053384,0.014660755,3
android.sensor.accelerometer,1468059035892528,1468059044581638,1775212866903,-1.3507484,9.247063,3.7633119,3
android.sensor.gyroscope,1468059051423466,1468059058132003,1775212866917,-0.12553272,0.33872452,0.08185588,3
android.sensor.accelerometer,1468059064386799,1468059072292576,1775212866931,-1.0875379,8.567501,4.447659,3
android.sensor.gyroscope,1468059075168726,1468059082046065,1775212866941,-0.123089254,0.22021675,-0.080634154,3
android.sensor.accelerometer,1468059092881122,1468059100828253,1775212866959,-1.3220345,8.991031,4.1198425,3
android.sensor.gyroscope,1468059098913935,1468059105430336,1775212866964,-0.008246674,0.17012584,-0.14538582,3
android.sensor.gyroscope,1468059122659195,1468059129478617,1775212866988,-0.17318016,0.26053384,-0.03054324,3
android.sensor.accelerometer,1468059121375393,1468059129655440,1775212866988,-1.7168503,9.256635,3.557529,3
android.sensor.gyroscope,1468059146404455,1468059152906378,1775212867011,-0.17806709,0.4535671,0.09040799,3
android.sensor.accelerometer,1468059149869664,1468059158319190,1775212867017,-1.7647067,9.101101,4.1054854,3
android.sensor.gyroscope,1468059170149716,1468059176791534,1775212867035,0.00763581,0.48899725,0.15638138,3
android.sensor.accelerometer,1468059178363987,1468059186524295,1775212867045,-1.2789637,9.0436735,4.124628,3
android.sensor.gyroscope,1468059193894924,1468059200284555,1775212867059,-0.016798781,0.36804602,0.028099779,3
android.sensor.accelerometer,1468059206858310,1468059215046170,1775212867074,-1.2861422,9.160921,3.7824545,3
android.sensor.gyroscope,1468059212891122,1468059220491482,1775212867079,-0.054672398,0.32895067,0.02443459,3
android.sensor.gyroscope,1468059236636382,1468059243329347,1775212867102,-0.28313583,0.20922118,-0.15149446,3
android.sensor.accelerometer,1468059235352580,1468059243436534,1775212867102,-1.599602,8.955139,3.868596,3
android.sensor.gyroscope,1468059260381643,1468059266980492,1775212867125,-0.33322674,0.28252497,-0.023212861,3
android.sensor.accelerometer,1468059263846903,1468059271683982,1775212867130,-2.1858435,9.337991,4.8568316,3
android.sensor.gyroscope,1468059284126903,1468059290647315,1775212867149,-0.05589413,0.39736754,0.10506874,3
android.sensor.accelerometer,1468059292341174,1468059300356013,1775212867159,-1.8580267,9.213564,4.9214377,3
android.sensor.gyroscope,1468059307872164,1468059314419138,1775212867173,-0.058337588,0.19456044,0.100181825,3
android.sensor.accelerometer,1468059320835497,1468059328554659,1775212867187,-0.53240305,8.103293,4.2442694,3
android.sensor.gyroscope,1468059331617372,1468059338633669,1775212867197,-0.42363474,-0.08032872,-0.25900668,3
android.sensor.accelerometer,1468059349329820,1468059357518461,1775212867216,-2.3988047,8.825927,4.555336,3
android.sensor.gyroscope,1468059355362632,1468059361808982,1775212867220,-0.5751292,-0.044898562,-0.20891576,3
android.sensor.gyroscope,1468059379107893,1468059385858461,1775212867244,-0.30879214,0.09560034,0.100181825,3
android.sensor.accelerometer,1468059377824091,1468059386101586,1775212867245,-2.4921248,8.782856,5.8474603,3
android.sensor.gyroscope,1468059402853153,1468059409818149,1775212867268,-0.13652828,0.047952887,0.08307761,3
android.sensor.accelerometer,1468059406318414,1468059414385440,1775212867273,-0.7477571,7.509874,5.6967125,3
android.sensor.gyroscope,1468059426598414,1468059433610961,1775212867292,-0.24648394,-0.28924447,-0.2809978,3
android.sensor.accelerometer,1468059434812737,1468059444230909,1775212867303,-0.910469,7.5529447,4.9549375,3
android.sensor.gyroscope,1468059450343674,1468059457046742,1775212867316,-0.44562587,-0.3564396,-0.44470957,3
android.sensor.accelerometer,1468059463307007,1468059471530961,1775212867330,-2.989832,8.971889,5.3066826,3
android.sensor.gyroscope,1468059474088935,1468059480957784,1775212867339,-0.1915061,0.03451386,-0.02687805,3
android.sensor.accelerometer,1468059491801330,1468059500470544,1775212867359,-1.2215359,7.914261,6.318846,3
android.sensor.gyroscope,1468059497834195,1468059504782992,1775212867363,0.22754712,-0.031459536,-0.09040799,3
android.sensor.gyroscope,1468059521579455,1468059527975597,1775212867386,0.31551164,-0.09987639,-0.19547673,3
android.sensor.accelerometer,1468059520295653,1468059528422992,1775212867387,-2.0374885,8.416754,4.8376894,3
android.sensor.gyroscope,1468059545324716,1468059551927784,1775212867410,0.011300999,-0.18173227,-0.2150244,3
android.sensor.accelerometer,1468059548789976,1468059557534555,1775212867416,-1.7359928,8.333005,4.258626,3
android.sensor.gyroscope,1468059569069976,1468059577437836,1775212867436,-0.12675445,-0.14385866,-0.23823726,3
android.sensor.accelerometer,1468059567786174,1468059577568357,1775212867436,-2.353341,8.675179,4.9692945,3
android.sensor.gyroscope,1468059592815237,1468059600417992,1775212867459,-0.15241076,-0.21349724,-0.15760311,3
android.sensor.accelerometer,1468059596280497,1468059604032836,1775212867463,-2.3916261,8.589037,5.2372904,3
android.sensor.gyroscope,1468059616560497,1468059623485596,1775212867482,-0.04856375,-0.10109812,-0.09407318,3
android.sensor.accelerometer,1468059624774820,1468059633076638,1775212867492,-2.0183458,8.09133,6.189634,3
android.sensor.gyroscope,1468059640305757,1468059647059346,1775212867506,0.10537417,-0.3857611,-0.24068072,3
android.sensor.accelerometer,1468059653269143,1468059661028253,1775212867520,-2.6835506,8.991031,4.8137608,3
android.sensor.gyroscope,1468059664051018,1468059671146586,1775212867530,0.23487751,-0.029016078,0.013439025,3
android.sensor.accelerometer,1468059681763466,1468059689827940,1775212867548,-1.1042876,7.6127653,5.2947183,3
android.sensor.gyroscope,1468059687796278,1468059694315440,1775212867553,0.23243405,-0.021685699,0.042760536,3
android.sensor.gyroscope,1468059711541591,1468059718373930,1775212867577,0.1432478,-0.15851942,-0.3970621,3
android.sensor.accelerometer,1468059710257789,1468059718500128,1775212867577,-1.2000005,7.5792656,5.08415,3
android.sensor.gyroscope,1468059735286851,1468059742221534,1775212867601,0.15913028,-0.091324285,-0.2602284,3
android.sensor.accelerometer,1468059738752060,1468059747194451,1775212867606,-3.4995031,9.208778,4.9716873,3
android.sensor.gyroscope,1468059759032112,1468059765800128,1775212867624,0.17012584,-0.015577052,0.0,3
android.sensor.accelerometer,1468059767246382,1468059775417523,1775212867634,-2.2145574,8.991031,4.758726,3
android.sensor.gyroscope,1468059782777372,1468059789702940,1775212867648,0.19089524,0.043065965,0.05742129,3
android.sensor.accelerometer,1468059795740757,1468059804602419,1775212867663,-1.6283158,7.8664045,4.5888357,3
android.sensor.gyroscope,1468059806522632,1468059814497523,1775212867673,-0.04734202,-0.12675445,-0.16615522,3
android.sensor.accelerometer,1468059824235080,1468059832142419,1775212867691,-3.231507,9.409775,4.895117,3
android.sensor.gyroscope,1468059830267893,1468059836860701,1775212867695,-0.109650224,-0.13041963,0.039095346,3
android.sensor.gyroscope,1468059854013205,1468059860631638,1775212867719,0.032070402,-0.14752385,0.194255,3
android.sensor.accelerometer,1468059852729403,1468059860746586,1775212867719,-2.4035904,9.02453,5.3856454,3
android.sensor.gyroscope,1468059877758466,1468059884475857,1775212867743,0.113926284,-0.08155045,0.21991132,3
android.sensor.accelerometer,1468059881223726,1468059889559398,1775212867748,-1.7647067,7.8903327,4.275376,3
android.sensor.gyroscope,1468059901503726,1468059908212315,1775212867767,-0.038789913,-0.04856375,0.13561198,3
android.sensor.accelerometer,1468059909718049,1468059918647367,1775212867777,-1.5948163,7.696514,4.2945185,3
android.sensor.gyroscope,1468059925249039,1468059931875336,1775212867790,-0.07299834,-0.085215636,0.046425723,3
android.sensor.accelerometer,1468059938212372,1468059946574190,1775212867805,-1.8317057,8.49811,4.6654058,3
android.sensor.gyroscope,1468059948994299,1468059955859555,1775212867814,-0.059559315,-0.13897173,0.0024434591,3
android.sensor.accelerometer,1468059966706695,1468059974760596,1775212867833,-2.0183458,8.313862,4.7228336,3
android.sensor.gyroscope,1468059972739560,1468059980101065,1775212867839,-0.10109812,-0.11209369,0.021991132,3
android.sensor.gyroscope,1468059996484820,1468060003456950,1775212867862,-0.19394957,-0.06444623,-0.14172062,3
android.sensor.accelerometer,1468059995201018,1468060003606221,1775212867862,-2.0350957,7.9334035,4.808975,3
android.sensor.gyroscope,1468060020230132,1468060027004971,1775212867886,-0.10476331,-0.024129158,-0.08307761,3
android.sensor.accelerometer,1468060023695393,1468060031558930,1775212867890,-2.664408,8.653643,5.404788,3
android.sensor.gyroscope,1468060043975393,1468060050696898,1775212867909,0.06139191,-0.062002774,-0.028099779,3
android.sensor.accelerometer,1468060052189716,1468060060232211,1775212867919,-2.7672994,8.861818,4.9549375,3
android.sensor.gyroscope,1468060067720705,1468060074233409,1775212867933,-0.062002774,-0.20005822,-0.020769402,3
android.sensor.accelerometer,1468060080684039,1468060088896117,1775212867947,-2.152344,8.682357,4.421338,3
android.sensor.gyroscope,1468060091465966,1468060097749138,1775212867956,-0.15607595,-0.083993904,-0.014660755,3
android.sensor.accelerometer,1468060109178414,1468060117208409,1775212867976,-2.5088747,8.907282,4.7778687,3
android.sensor.gyroscope,1468060115211226,1468060121708253,1775212867980,-0.1291979,-0.024129158,-0.013439025,3
android.sensor.accelerometer,1468060128174612,1468060139719555,1775212867998,-3.1310084,9.400204,5.1870413,3
android.sensor.gyroscope,1468060138956539,1468060146130544,1775212868005,-0.091324285,-0.124310985,0.12705988,3
android.sensor.accelerometer,1468060156668935,1468060164381586,1775212868023,-1.2167503,8.273184,4.99083,3
android.sensor.gyroscope,1468060162701799,1468060169283982,1775212868028,-0.12797616,-0.09010255,0.068416856,3
android.sensor.gyroscope,1468060186447112,1468060192963096,1775212868051,-0.09010255,-0.029016078,-0.086742796,3
android.sensor.accelerometer,1468060185163310,1468060193043930,1775212868052,-2.2145574,8.53161,5.1990056,3
android.sensor.gyroscope,1468060210192372,1468060216649763,1775212868075,0.003970621,-0.024129158,0.07696896,3
android.sensor.accelerometer,1468060213657632,1468060221707315,1775212868080,-2.288735,8.813962,5.325825,3
android.sensor.gyroscope,1468060233937685,1468060240328982,1775212868099,0.082161315,-0.097432934,0.02565632,3
android.sensor.accelerometer,1468060242152007,1468060250966794,1775212868109,-0.95832545,8.005188,5.1200423,3
android.sensor.gyroscope,1468060252933882,1468060260392732,1775212868119,0.011300999,-0.15729769,-0.15027274,3
android.sensor.accelerometer,1468060270646330,1468060280291690,1775212868139,-2.544767,8.682357,5.0793643,3
android.sensor.gyroscope,1468060271930132,1468060280723669,1775212868139,-0.09498947,-0.092546016,-0.16249003,3
android.sensor.gyroscope,1468060295675445,1468060302330023,1775212868161,-0.015577052,-0.16707152,-0.046425723,3
android.sensor.accelerometer,1468060299140653,1468060306876482,1775212868165,-3.03051,8.656036,5.3162537,3
android.sensor.gyroscope,1468060319420705,1468060326012471,1775212868185,-0.04367683,-0.2953531,-0.043982264,3
android.sensor.accelerometer,1468060327635028,1468060336232523,1775212868195,-1.4847465,7.820941,5.3018966,3
android.sensor.gyroscope,1468060338416955,1468060347632211,1775212868206,-0.14752385,-0.39553493,-0.24068072,3
android.sensor.accelerometer,1468060356129351,1468060364059867,1775212868223,-2.032703,8.258827,5.352146,3
android.sensor.gyroscope,1468060362162216,1468060368932680,1775212868227,-0.19883649,-0.38820457,-0.40805766,3
android.sensor.gyroscope,1468060385907528,1468060392821586,1775212868251,-0.029016078,-0.37476555,-0.11362085,3
android.sensor.accelerometer,1468060384623726,1468060392940336,1775212868251,-3.298506,8.9312105,6.1585274,3
android.sensor.gyroscope,1468060409652841,1468060416120804,1775212868275,0.22876886,-0.5250383,-0.13072506,3
android.sensor.accelerometer,1468060413118101,1468060421470232,1775212868280,-1.2358929,8.048259,6.1824555,3
android.sensor.gyroscope,1468060433398101,1468060440289034,1775212868299,0.399811,-0.5018254,-0.37262753,3
android.sensor.accelerometer,1468060441612424,1468060450096638,1775212868309,-2.678765,8.914461,4.3495536,3
android.sensor.gyroscope,1468060452394351,1468060462089242,1775212868321,0.31551164,-0.35521787,-0.24190246,3
android.sensor.accelerometer,1468060470106799,1468060480325179,1775212868339,-2.3246272,8.849854,4.6582274,3
android.sensor.gyroscope,1468060476139664,1468060482836429,1775212868341,0.18845178,-0.41996953,-0.09529491,3
android.sensor.accelerometer,1468060498601122,1468060506844450,1775212868365,-2.300699,9.053245,4.6031923,3
android.sensor.gyroscope,1468060499884924,1468060506953252,1775212868365,0.18600832,-0.25870124,-0.047647454,3
android.sensor.gyroscope,1468060523630237,1468060530881482,1775212868389,0.09071342,-0.25992295,-0.032986697,3
android.sensor.accelerometer,1468060527095497,1468060535394450,1775212868394,-1.9657038,8.359326,4.4452662,3
android.sensor.gyroscope,1468060547375549,1468060554260909,1775212868413,-0.07177661,-0.3601048,-0.08552107,3
android.sensor.accelerometer,1468060555589872,1468060563941273,1775212868422,-2.1379871,8.648857,4.49073,3
android.sensor.gyroscope,1468060571120862,1468060577879502,1775212868436,-0.116980605,-0.2073886,0.046425723,3
android.sensor.accelerometer,1468060584084195,1468060592729190,1775212868451,-2.5136602,8.675179,4.272983,3
android.sensor.gyroscope,1468060594866122,1468060601580648,1775212868460,-0.24648394,-0.01802051,0.21746786,3
android.sensor.accelerometer,1468060612578570,1468060620394607,1775212868479,-1.8293129,8.333005,5.6297135,3
android.sensor.gyroscope,1468060618611435,1468060625516169,1775212868484,-0.2611447,-0.1291979,0.27488914,3
android.sensor.gyroscope,1468060642356747,1468060649386742,1775212868508,-0.06811142,-0.182954,0.15515965,3
android.sensor.accelerometer,1468060641072945,1468060649482627,1775212868508,-0.98943216,8.086544,5.945566,3
android.sensor.gyroscope,1468060666102060,1468060672713096,1775212868531,0.109039366,-0.14630212,0.13439025,3
android.sensor.accelerometer,1468060669567320,1468060677711117,1775212868536,-1.7647067,8.663215,5.1272206,3
android.sensor.gyroscope,1468060689847372,1468060697484034,1775212868556,0.11270455,-0.06811142,0.2272417,3
android.sensor.accelerometer,1468060698061643,1468060706127367,1775212868565,-1.0540384,8.536395,5.041079,3
android.sensor.gyroscope,1468060713592632,1468060720061221,1775212868579,0.13836087,-0.065667965,0.18692462,3
android.sensor.accelerometer,1468060726556018,1468060735528044,1775212868594,-0.6448657,8.1942215,4.6031923,3
android.sensor.gyroscope,1468060732588882,1468060740597836,1775212868599,0.025961753,-0.11942407,0.046425723,3
android.sensor.gyroscope,1468060756334195,1468060763012471,1775212868622,-0.12797616,-0.18417573,-0.062308207,3
android.sensor.accelerometer,1468060755050393,1468060763123565,1775212868622,-1.707279,8.737391,4.8496532,3
android.sensor.gyroscope,1468060780079507,1468060786615127,1775212868645,-0.04978548,-0.16462806,0.15393792,3
android.sensor.accelerometer,1468060783544768,1468060791392992,1775212868650,-1.9178474,8.577073,5.816354,3
android.sensor.gyroscope,1468060799075757,1468060806968825,1775212868665,0.10537417,-0.22082762,0.17470732,3
android.sensor.accelerometer,1468060812039143,1468060820803929,1775212868679,-0.8985049,8.244471,5.5387864,3
android.sensor.gyroscope,1468060822821070,1468060829405075,1775212868688,0.23976442,-0.1621846,0.12217296,3
android.sensor.accelerometer,1468060840533518,1468060848463825,1775212868707,-1.0827522,8.483752,4.6821556,3
android.sensor.gyroscope,1468060846566382,1468060853407627,1775212868712,0.18112141,-0.11575887,0.08796453,3
android.sensor.accelerometer,1468060869027893,1468060879162471,1775212868738,-1.0755738,8.383254,4.7252264,3
android.sensor.gyroscope,1468060870311695,1468060879270804,1775212868738,0.017409647,-0.16462806,0.04886918,3
android.sensor.gyroscope,1468060894057007,1468060901001638,1775212868760,-0.01802051,-0.11575887,0.1075122,3
android.sensor.accelerometer,1468060897522268,1468060905976377,1775212868764,-1.558924,8.758927,4.775476,3
android.sensor.gyroscope,1468060917802320,1468060924784398,1775212868783,0.00763581,-0.04612029,0.22601996,3
android.sensor.accelerometer,1468060926016643,1468060934977523,1775212868794,-0.47736812,8.177471,5.0506506,3
android.sensor.gyroscope,1468060941547632,1468060948360283,1775212868807,0.03573559,-0.10109812,0.0537561,3
android.sensor.accelerometer,1468060954511018,1468060964599971,1775212868823,-1.707279,8.653643,4.8448677,3
android.sensor.gyroscope,1468060965292945,1468060972250700,1775212868831,0.016187917,-0.091324285,0.11606431,3
android.sensor.accelerometer,1468060983005393,1468060991109711,1775212868850,-0.93679005,8.287541,4.9932227,3
android.sensor.gyroscope,1468060989038257,1468060995828148,1775212868854,-0.04367683,-0.092546016,0.14538582,3
android.sensor.gyroscope,1468061012783570,1468061020795596,1775212868879,-0.026572619,-0.118202336,0.07086031,3
android.sensor.accelerometer,1468061011499768,1468061020954242,1775212868879,-1.2502499,8.239685,5.519644,3
android.sensor.gyroscope,1468061036528882,1468061043244033,1775212868902,0.18600832,-0.10109812,0.13194679,3
android.sensor.accelerometer,1468061039994143,1468061048067731,1775212868907,-1.0803595,8.254042,5.3569317,3
android.sensor.gyroscope,1468061055525132,1468061063273669,1775212868922,0.21532984,-0.10231985,0.112399116,3
android.sensor.accelerometer,1468061058990393,1468061069399867,1775212868928,-0.67836523,8.2348995,4.569693,3
android.sensor.gyroscope,1468061079270445,1468061085968721,1775212868944,0.021074835,-0.10476331,0.07941242,3
android.sensor.accelerometer,1468061087484768,1468061095282575,1775212868954,-1.2358929,8.050652,4.7491546,3
android.sensor.gyroscope,1468061103015757,1468061109652419,1775212868968,-0.10354158,-0.13164136,0.124616414,3
android.sensor.accelerometer,1468061115979143,1468061124802679,1775212868983,-0.52522457,7.68455,5.3353963,3
android.sensor.gyroscope,1468061122012007,1468061129685752,1775212868988,-0.08155045,-0.15851942,0.008552107,3
android.sensor.gyroscope,1468061145757372,1468061153161638,1775212869012,-0.016798781,-0.19028437,0.017104214,3
android.sensor.accelerometer,1468061144473570,1468061153331690,1775212869012,-1.3220345,8.400003,5.8546386,3
android.sensor.gyroscope,1468061169502685,1468061177920752,1775212869036,0.24587308,-0.1414152,0.13194679,3
android.sensor.accelerometer,1468061172967945,1468061180972471,1775212869039,-1.2095718,8.368897,5.404788,3
android.sensor.gyroscope,1468061193247997,1468061200246221,1775212869059,0.2556469,-0.14508039,0.14905101,3
android.sensor.accelerometer,1468061201462320,1468061209761013,1775212869068,-0.48215377,7.993224,4.433302,3
android.sensor.gyroscope,1468061212244247,1468061220291742,1775212869079,0.076052666,-0.13652828,0.07208204,3
android.sensor.accelerometer,1468061229956695,1468061238293721,1775212869097,-0.58983076,8.344969,4.8903313,3
android.sensor.gyroscope,1468061235989560,1468061242344867,1775212869101,-0.04734202,-0.07055488,0.14416409,3
android.sensor.gyroscope,1468061259734872,1468061268892940,1775212869127,0.12492185,-0.0632245,0.04886918,3
android.sensor.accelerometer,1468061258451070,1468061269017940,1775212869128,-0.45822555,8.366505,5.4406805,3
android.sensor.gyroscope,1468061283480237,1468061289942367,1775212869148,0.25076,-0.07910699,0.037873615,3
android.sensor.accelerometer,1468061286945497,1468061294804190,1775212869153,-0.76689965,8.560323,4.8735814,3
android.sensor.gyroscope,1468061307225549,1468061313901533,1775212869172,0.1395826,-0.10598504,0.09651663,3
android.sensor.accelerometer,1468061315439872,1468061324206637,1775212869183,-0.40079778,8.500503,4.265805,3
android.sensor.gyroscope,1468061330970862,1468061338211065,1775212869197,-0.01802051,-0.035124727,0.14294235,3
android.sensor.accelerometer,1468061343934247,1468061352461898,1775212869211,-0.317049,8.534002,4.78744,3
android.sensor.gyroscope,1468061354716174,1468061361206950,1775212869220,-0.10720677,-0.057115857,0.15393792,3
android.sensor.accelerometer,1468061372428674,1468061380441065,1775212869239,-0.37447673,8.218149,5.215755,3
android.sensor.gyroscope,1468061378461539,1468061385608200,1775212869244,-0.031459536,-0.016798781,0.12828161,3
android.sensor.accelerometer,1468061391424924,1468061400562002,1775212869259,-0.7645068,8.366505,5.27079,3
android.sensor.gyroscope,1468061402206851,1468061409032054,1775212869268,0.11270455,0.0051923506,0.25900668,3
android.sensor.accelerometer,1468061419919299,1468061427644242,1775212869286,0.38404804,7.9860454,4.77069,3
android.sensor.gyroscope,1468061425952164,1468061433178981,1775212869292,0.041844238,-0.05222894,0.20280711,3
android.sensor.accelerometer,1468061438915601,1468061448093252,1775212869310,-0.09212367,8.132008,4.799404,3
android.sensor.gyroscope,1468061449697528,1468061456689919,1775212869315,-0.01802051,0.0051923506,0.16004658,3
android.sensor.accelerometer,1468061467409976,1468061475851273,1775212869334,-0.65922266,8.014759,4.947759,3
android.sensor.gyroscope,1468061473442841,1468061480675648,1775212869339,-0.024129158,0.03573559,0.2357938,3
android.sensor.gyroscope,1468061497188153,1468061504140075,1775212869363,-0.05222894,0.027183482,0.23823726,3
android.sensor.accelerometer,1468061495904351,1468061504284658,1775212869363,0.07298109,7.8903327,4.8448677,3
android.sensor.gyroscope,1468061520933518,1468061527449346,1775212869386,-0.07422007,-0.01802051,0.10506874,3
android.sensor.accelerometer,1468061524398778,1468061532868096,1775212869391,0.07298109,8.050652,5.6727843,3
android.sensor.gyroscope,1468061544678830,1468061551619502,1775212869410,0.0772744,-0.05222894,0.032986697,3
android.sensor.accelerometer,1468061552893153,1468061561056064,1775212869420,-0.23330021,8.210971,5.624928,3
android.sensor.gyroscope,1468061568424195,1468061574899867,1775212869433,0.14446951,0.025961753,0.05986475,3
android.sensor.accelerometer,1468061571889455,1468061581079658,1775212869440,-0.56111693,8.356933,5.407181,3
android.sensor.gyroscope,1468061592169507,1468061600098564,1775212869459,0.14202607,-0.026572619,0.09773836,3
android.sensor.accelerometer,1468061600383830,1468061608768460,1775212869467,0.60658056,8.110473,5.4000025,3
android.sensor.gyroscope,1468061615914872,1468061622496273,1775212869481,0.21166465,-0.05222894,-0.080634154,3
android.sensor.accelerometer,1468061628878257,1468061638780544,1775212869497,-0.30987054,8.534002,4.8448677,3
android.sensor.gyroscope,1468061639660185,1468061646390596,1775212869505,0.13469568,-0.04367683,-0.1197295,3
android.sensor.accelerometer,1468061657372632,1468061665480804,1775212869524,-0.5587241,9.170493,4.8496532,3
android.sensor.gyroscope,1468061663405549,1468061671476429,1775212869530,0.0015271619,-0.030237807,0.08796453,3
android.sensor.gyroscope,1468061687150862,1468061694031273,1775212869553,0.18356487,-0.0070249448,0.039095346,3
android.sensor.accelerometer,1468061685867060,1468061694095023,1775212869553,0.75254273,8.210971,5.6129637,3
android.sensor.gyroscope,1468061710896226,1468061717447262,1775212869576,0.20189081,-0.0876591,-0.13072506,3
android.sensor.accelerometer,1468061714361487,1468061723007054,1775212869582,0.24047868,8.52443,4.7084765,3
android.sensor.gyroscope,1468061734641539,1468061741065856,1775212869600,0.12370012,-0.10598504,-0.09651663,3
android.sensor.accelerometer,1468061742855862,1468061754083929,1775212869613,-0.15194423,8.708678,4.5266223,3
android.sensor.gyroscope,1468061753637841,1468061761565804,1775212869620,0.11514801,-0.109650224,-0.073303774,3
android.sensor.gyroscope,1468061767885028,1468061783069085,1775212869642,0.09560034,-0.18173227,-0.06108648,3
android.sensor.accelerometer,1468061771350289,1468061783189606,1775212869642,0.84347,8.328219,4.5409794,3
android.sensor.gyroscope,1468061796379455,1468061803128356,1775212869662,-0.04978548,-0.14874557,-0.13194679,3
android.sensor.accelerometer,1468061799844716,1468061807944241,1775212869666,1.032503,8.079366,4.6821556,3
android.sensor.gyroscope,1468061820124768,1468061826938408,1775212869685,-0.098654665,-0.228158,-0.3090976,3
android.sensor.accelerometer,1468061828339091,1468061837738096,1775212869696,0.34097722,8.287541,5.2420764,3
android.sensor.gyroscope,1468061843870132,1468061850686169,1775212869709,0.094378605,-0.228158,-0.28710645,3
android.sensor.accelerometer,1468061856833518,1468061864818981,1775212869723,-0.2620141,9.129815,4.619942,3
android.sensor.gyroscope,1468061867615445,1468061874268200,1775212869733,0.16768238,-0.029016078,-0.0012217296,3
android.sensor.accelerometer,1468061885327945,1468061893007575,1775212869752,1.3172488,8.179864,5.230112,3
android.sensor.gyroscope,1468061891360810,1468061897827314,1775212869756,0.26175556,-0.14263692,-0.24190246,3
android.sensor.accelerometer,1468061904324247,1468061913197783,1775212869772,0.573081,8.459825,4.284947,3
android.sensor.gyroscope,1468061915106174,1468061921830387,1775212869780,0.205556,-0.228158,-0.35430157,3
android.sensor.accelerometer,1468061932818622,1468061940906898,1775212869799,0.18305093,8.677571,4.0767717,3
android.sensor.gyroscope,1468061938851487,1468061945501012,1775212869804,0.03329213,-0.32100943,-0.3836231,3
android.sensor.gyroscope,1468061962596851,1468061969440596,1775212869828,0.13469568,-0.34300056,-0.37995788,3
android.sensor.accelerometer,1468061961313049,1468061969660335,1775212869828,0.25722843,8.801998,4.840082,3
android.sensor.gyroscope,1468061986342216,1468061992997887,1775212869852,0.41935867,-0.25625777,-0.32986698,3
android.sensor.accelerometer,1468061989807476,1468061997651689,1775212869856,-0.46061835,9.603594,3.906881,3
android.sensor.gyroscope,1468062010087528,1468062017232314,1775212869876,0.3179551,-0.13286309,-0.15149446,3
android.sensor.accelerometer,1468062018301903,1468062026628356,1775212869885,0.9702896,8.974281,2.574079,3
android.sensor.gyroscope,1468062033832893,1468062040337054,1775212869899,-0.13897173,-0.2941314,-0.34819293,3
android.sensor.accelerometer,1468062046796330,1468062055079293,1775212869914,0.111266255,9.036494,4.529015,3
android.sensor.gyroscope,1468062057578257,1468062070212731,1775212869929,-0.04367683,-0.42729992,-0.39461866,3
android.sensor.accelerometer,1468062075290757,1468062084371741,1775212869943,-0.46301118,9.519845,3.8183467,3
android.sensor.gyroscope,1468062086072685,1468062092964554,1775212869951,0.1273653,-0.110871956,-0.18448116,3
android.sensor.accelerometer,1468062103785132,1468062112074085,1775212869971,-0.16151553,9.254242,3.9834516,3
android.sensor.gyroscope,1468062109818049,1468062116357471,1775212869975,0.13347395,-0.21471897,-0.15760311,3
android.sensor.gyroscope,1468062133563414,1468062140387366,1775212869999,0.094378605,-0.37476555,-0.20402883,3
android.sensor.accelerometer,1468062132279612,1468062140759971,1775212869999,0.587438,9.165708,3.4977086,3
android.sensor.gyroscope,1468062157308726,1468062164161325,1775212870023,-0.09376775,-0.44929105,-0.30054548,3
android.sensor.accelerometer,1468062160773987,1468062172538929,1775212870031,0.79800636,8.787642,3.449852,3
android.sensor.gyroscope,1468062181054091,1468062187521325,1775212870046,-0.066889696,-0.4065305,-0.31520623,3
android.sensor.accelerometer,1468062189268414,1468062196990387,1775212870055,-0.8673982,9.079565,3.9930227,3
android.sensor.gyroscope,1468062204799455,1468062211505648,1775212870070,0.109039366,-0.30879214,-0.07086031,3
android.sensor.accelerometer,1468062217762893,1468062225962262,1775212870084,-0.2955136,8.835498,3.0670004,3
android.sensor.gyroscope,1468062228544820,1468062236323877,1775212870095,-0.0058032153,-0.2525926,0.035430156,3
android.sensor.accelerometer,1468062246257320,1468062254574606,1775212870113,0.4869394,8.596215,2.9569306,3
android.sensor.gyroscope,1468062252290185,1468062260648616,1775212870119,-0.43707374,-0.51282096,-0.10506874,3
android.sensor.accelerometer,1468062274751747,1468062283028720,1775212870142,-1.018146,8.816355,4.842475,3
android.sensor.gyroscope,1468062276035549,1468062283108564,1775212870142,-0.45906487,-0.2953531,-0.062308207,3
android.sensor.gyroscope,1468062299780862,1468062306351845,1775212870165,0.0858265,-0.34300056,0.018325943,3
android.sensor.accelerometer,1468062303246174,1468062311238825,1775212870170,-0.7429714,8.115258,5.189434,3
android.sensor.gyroscope,1468062323526226,1468062330405752,1775212870189,0.42668906,-0.14752385,0.05131264,3
android.sensor.accelerometer,1468062331740601,1468062341041481,1775212870200,0.041874398,9.041281,2.4281168,3
android.sensor.gyroscope,1468062347271591,1468062355499918,1775212870214,0.03940078,-0.092546016,0.06597339,3
android.sensor.accelerometer,1468062360235028,1468062369726898,1775212870228,-0.015553347,8.57468,2.7702904,3
android.sensor.gyroscope,1468062371016955,1468062377641012,1775212870236,-0.30879214,-0.15851942,-0.0048869182,3
android.sensor.accelerometer,1468062388729455,1468062396498825,1775212870255,-0.101694964,8.333005,4.502694,3
android.sensor.gyroscope,1468062394762320,1468062401248304,1775212870260,-0.19883649,-0.060781047,0.07819069,3
android.sensor.accelerometer,1468062407725757,1468062416792835,1775212870275,0.7812566,7.725228,4.9453664,3
android.sensor.gyroscope,1468062418507685,1468062425342314,1775212870284,-0.15485422,-0.22693627,-0.12217296,3
android.sensor.accelerometer,1468062436220185,1468062444050752,1775212870303,-0.05383851,8.249256,5.297111,3
android.sensor.gyroscope,1468062442253049,1468062448924762,1775212870307,-0.009468404,-0.16707152,-0.14660755,3
android.sensor.accelerometer,1468062455216487,1468062465472575,1775212870324,-0.06580263,8.6345005,5.732605,3
android.sensor.gyroscope,1468062465998414,1468062472984085,1775212870331,0.34727663,-0.09376775,-0.046425723,3
android.sensor.accelerometer,1468062483710914,1468062492439710,1775212870351,0.51565325,8.409575,4.026522,3
android.sensor.gyroscope,1468062489743778,1468062496379450,1775212870355,0.20677772,-0.18051054,-0.09773836,3
android.sensor.gyroscope,1468062513489143,1468062520570960,1775212870379,-0.2073886,-0.32956156,-0.15882485,3
android.sensor.accelerometer,1468062512205341,1468062520682314,1775212870379,-0.37447673,8.392825,3.2847474,3
android.sensor.accelerometer,1468062531201643,1468062540705335,1775212870399,-0.6472585,9.445667,3.906881,3
android.sensor.gyroscope,1468062532485445,1468062540839606,1775212870399,-0.3478875,-0.25014913,0.08552107,3
android.sensor.gyroscope,1468062556230810,1468062562702106,1775212870421,-0.47739083,-0.3979784,0.06597339,3
android.sensor.accelerometer,1468062559696070,1468062568048408,1775212870427,0.21415763,8.37129,4.462016,3
android.sensor.gyroscope,1468062575227112,1468062586083408,1775212870445,-0.5897899,-0.422413,0.020769402,3
android.sensor.accelerometer,1468062588190549,1468062596160387,1775212870455,-0.07058827,8.344969,5.6799626,3
android.sensor.gyroscope,1468062603721539,1468062610483408,1775212870469,-0.32100943,-0.3735438,0.03176497,3
android.sensor.accelerometer,1468062616684976,1468062624460908,1775212870483,0.357727,8.22772,5.6967125,3
android.sensor.gyroscope,1468062627466955,1468062634460752,1775212870493,0.00641408,-0.27091852,-0.106290475,3
android.sensor.accelerometer,1468062645179403,1468062653632002,1775212870512,0.022731815,9.725628,3.7633119,3
android.sensor.gyroscope,1468062651212320,1468062657778824,1775212870516,-0.12064579,-0.39675668,-0.0061086477,3
android.sensor.gyroscope,1468062674957685,1468062682185647,1775212870541,-0.3515527,-0.33078328,-0.17959425,3
android.sensor.accelerometer,1468062673673882,1468062682306324,1775212870541,1.7503498,8.526823,4.217948,3
android.sensor.gyroscope,1468062698703049,1468062705274189,1775212870564,-0.23793183,-0.32589635,-0.29688028,3
android.sensor.accelerometer,1468062702168310,1468062710269814,1775212870569,0.44147578,8.837891,5.27079,3
android.sensor.gyroscope,1468062722448414,1468062729010543,1775212870588,-0.010690134,-0.09010255,-0.19058982,3
android.sensor.accelerometer,1468062730662737,1468062740091064,1775212870599,0.6376872,8.457432,5.4095736,3
android.sensor.gyroscope,1468062746193778,1468062752901689,1775212870611,0.17501275,-0.062002774,-0.24068072,3
android.sensor.accelerometer,1468062759157216,1468062767501481,1775212870626,0.33140594,8.749356,5.3449674,3
android.sensor.gyroscope,1468062769939143,1468062776724502,1775212870635,0.25320345,-0.051007207,-0.21258095,3
android.sensor.accelerometer,1468062787651695,1468062795968408,1775212870654,0.4127619,8.100901,5.4957156,3
android.sensor.gyroscope,1468062793684560,1468062800746897,1775212870659,0.2593121,-0.05222894,-0.39950556,3
android.sensor.accelerometer,1468062816146122,1468062824075179,1775212870683,-1.5972091,9.455238,5.0195436,3
android.sensor.gyroscope,1468062817429924,1468062824216637,1775212870683,0.26908594,-0.13408482,-0.35796675,3
android.sensor.gyroscope,1468062841175289,1468062848661897,1775212870707,0.32162032,-0.123089254,-0.13927718,3
android.sensor.accelerometer,1468062844640601,1468062853016845,1775212870712,-2.2265215,9.783055,4.004987,3
android.sensor.gyroscope,1468062864920653,1468062871927054,1775212870730,0.074830934,-0.0754418,0.07941242,3
android.sensor.accelerometer,1468062873135028,1468062881596637,1775212870740,-1.2239288,8.955139,3.3493536,3
android.sensor.gyroscope,1468062888666070,1468062895454814,1775212870754,-0.39920014,-0.23793183,0.2150244,3
android.sensor.accelerometer,1468062901629507,1468062909978147,1775212870768,-0.20219351,8.696713,5.0362935,3
android.sensor.gyroscope,1468062912411435,1468062920471429,1775212870779,-0.47861254,-0.3979784,0.3103193,3
android.sensor.accelerometer,1468062930123935,1468062938693199,1775212870797,1.8077775,8.443074,5.299504,3
android.sensor.gyroscope,1468062936156799,1468062942504606,1775212870801,-0.21471897,-0.41630435,0.2932151,3
android.sensor.accelerometer,1468062958618414,1468062966597001,1775212870825,3.1740792,7.895118,4.5481577,3
android.sensor.gyroscope,1468062959902216,1468062966818668,1775212870825,0.03329213,0.00763581,-0.14294235,3
android.sensor.gyroscope,1468062983647580,1468062990124710,1775212870849,0.11514801,0.021074835,-0.37140578,3
android.sensor.accelerometer,1468062987112841,1468062995067314,1775212870854,0.12562318,9.507881,5.0937214,3
android.sensor.gyroscope,1468063007392945,1468063014446481,1775212870873,0.00763581,-0.30024004,-0.13561198,3
android.sensor.accelerometer,1468063015607320,1468063023785908,1775212870882,0.3481557,9.457631,4.3447676,3
android.sensor.gyroscope,1468063031138362,1468063038148824,1775212870897,-0.0754418,-0.36376998,-0.056199558,3
android.sensor.accelerometer,1468063044101799,1468063052372626,1775212870911,0.32183465,8.82832,4.8616176,3
android.sensor.gyroscope,1468063054883726,1468063061631116,1775212870920,0.051618073,-0.38453937,0.013439025,3
android.sensor.accelerometer,1468063072596226,1468063082089970,1775212870941,0.317049,7.8687973,5.2420764,3
android.sensor.gyroscope,1468063073880028,1468063082204345,1775212870941,0.20189081,-0.3356702,-0.073303774,3
android.sensor.gyroscope,1468063097625445,1468063104296168,1775212870963,0.1847866,-0.481056,-0.05864302,3
android.sensor.accelerometer,1468063101090705,1468063109246168,1775212870968,0.09451649,7.938189,4.2514477,3
android.sensor.gyroscope,1468063121370810,1468063128079710,1775212870987,0.0650571,-0.4150826,-0.0097738365,3
android.sensor.accelerometer,1468063129585185,1468063138326324,1775212870997,0.65682983,7.7204423,4.3734818,3
android.sensor.gyroscope,1468063145116226,1468063151762991,1775212871010,0.14446951,-0.38820457,-0.067195125,3
android.sensor.accelerometer,1468063158079664,1468063168543981,1775212871027,0.75493556,8.37129,4.256233,3
android.sensor.gyroscope,1468063168861591,1468063175919189,1775212871034,0.19456044,-0.32589635,-0.12095123,3
android.sensor.accelerometer,1468063186574091,1468063194508772,1775212871053,0.4223332,8.347362,4.3878384,3
android.sensor.gyroscope,1468063192607007,1468063200588720,1775212871059,0.022296565,-0.43585202,-0.2602284,3
android.sensor.accelerometer,1468063205570445,1468063215216428,1775212871074,-0.3385844,8.976674,4.4093738,3
android.sensor.gyroscope,1468063216352372,1468063222701376,1775212871081,-0.024129158,-0.4187478,-0.16249003,3
android.sensor.accelerometer,1468063234064924,1468063242079345,1775212871101,-0.10887343,8.971889,4.562515,3
android.sensor.gyroscope,1468063240097789,1468063247195491,1775212871106,-0.08643737,-0.43340856,-0.09529491,3
android.sensor.gyroscope,1468063259094091,1468063267348043,1775212871126,-0.009468404,-0.4101957,-0.22968516,3
android.sensor.accelerometer,1468063262559351,1468063271339918,1775212871130,0.08733802,8.624929,5.4502516,3
android.sensor.gyroscope,1468063282839455,1468063289569033,1775212871148,0.17623448,-0.32833982,-0.2480111,3
android.sensor.accelerometer,1468063291053830,1468063300383408,1775212871159,-0.4438686,9.163314,4.6558347,3
android.sensor.gyroscope,1468063306584872,1468063313350022,1775212871172,0.03940078,-0.42852163,-0.17715079,3
android.sensor.accelerometer,1468063319548310,1468063327202418,1775212871186,0.034695927,9.081959,3.8398821,3
android.sensor.gyroscope,1468063330330289,1468063337721585,1775212871196,-0.2073886,-0.33933538,-0.15271619,3
android.sensor.accelerometer,1468063338544612,1468063348631689,1775212871207,0.5515456,8.696713,5.074579,3
android.sensor.gyroscope,1468063354075653,1468063360713408,1775212871219,-0.1621846,-0.3649917,-0.32498005,3
android.sensor.accelerometer,1468063367039091,1468063375222626,1775212871234,0.3696911,8.5220375,5.4239306,3
android.sensor.gyroscope,1468063373072007,1468063380733824,1775212871239,-0.02535089,-0.31734425,-0.45570514,3
android.sensor.gyroscope,1468063396817372,1468063403571741,1775212871262,0.022296565,-0.26725334,-0.30665413,3
android.sensor.accelerometer,1468063395533570,1468063403646480,1775212871262,-0.73100734,9.158528,4.6414776,3
android.sensor.gyroscope,1468063420562789,1468063427153199,1775212871286,-0.13530655,-0.33689192,-0.20647229,3
android.sensor.accelerometer,1468063424028049,1468063432415283,1775212871291,0.25722843,8.914461,4.6319065,3
android.sensor.gyroscope,1468063444308205,1468063451108460,1775212871310,-0.13530655,-0.26358816,-0.32864526,3
android.sensor.accelerometer,1468063452522528,1468063460840908,1775212871319,0.40797627,8.421539,5.8187466,3
android.sensor.gyroscope,1468063468053570,1468063475013824,1775212871334,0.049174614,-0.22693627,-0.4667007,3
android.sensor.accelerometer,1468063481017007,1468063489754345,1775212871348,-1.7670995,9.766306,4.3040895,3
android.sensor.gyroscope,1468063491798987,1468063499841949,1775212871358,-0.12675445,-0.2855793,-0.18081598,3
android.sensor.accelerometer,1468063509511487,1468063517827522,1775212871376,0.2620141,8.878569,4.167699,3
android.sensor.gyroscope,1468063515544403,1468063522035439,1775212871381,-0.47739083,-0.318566,-0.16859868,3
android.sensor.gyroscope,1468063539289768,1468063546265022,1775212871405,-0.02535089,-0.098654665,-0.32009315,3
android.sensor.accelerometer,1468063538005966,1468063546382157,1775212871405,0.18783657,8.440681,6.393024,3
android.sensor.gyroscope,1468063563035185,1468063571878303,1775212871430,0.38759372,0.045509428,-0.33964083,3
android.sensor.accelerometer,1468063566500445,1468063574913199,1775212871433,-0.2117648,9.450453,4.3184466,3
android.sensor.gyroscope,1468063586780601,1468063593687991,1775212871452,0.19822562,0.029626941,-0.24312419,3
android.sensor.accelerometer,1468063594994924,1468063603065491,1775212871462,0.25004998,9.419347,3.3493536,3
android.sensor.gyroscope,1468063610526018,1468063617212574,1775212871476,-0.08155045,-0.033902995,-0.21258095,3
android.sensor.accelerometer,1468063623489455,1468063632168876,1775212871491,0.046660043,8.610572,4.624728,3
android.sensor.gyroscope,1468063634271382,1468063640769501,1775212871499,-0.04978548,-0.12064579,-0.18081598,3
android.sensor.accelerometer,1468063651983935,1468063660319553,1775212871519,0.38883367,8.270791,4.4428735,3
android.sensor.gyroscope,1468063658016799,1468063665210387,1775212871524,0.040622506,-0.09010255,-0.15027274,3
android.sensor.accelerometer,1468063680478414,1468063688549293,1775212871547,0.54436713,8.663215,4.08395,3
android.sensor.gyroscope,1468063681762216,1468063688671116,1775212871547,-0.013133593,-0.0632245,-0.14416409,3
android.sensor.gyroscope,1468063705507632,1468063712053251,1775212871571,3.054324E-4,-0.11209369,-0.15149446,3
android.sensor.accelerometer,1468063708972893,1468063717260595,1775212871576,0.015553347,8.751749,4.610371,3
android.sensor.gyroscope,1468063729253049,1468063736132939,1775212871595,0.1273653,-0.10720677,-0.08307761,3
android.sensor.accelerometer,1468063737467372,1468063745525543,1775212871604,-0.2117648,8.495717,4.2299123,3
android.sensor.gyroscope,1468063752998466,1468063760564605,1775212871619,0.14569125,-0.15729769,-0.09529491,3
android.sensor.accelerometer,1468063765961903,1468063774514032,1775212871633,-0.36729828,8.495717,3.4019957,3
android.sensor.gyroscope,1468063771994768,1468063781471897,1775212871640,0.057726722,-0.14508039,-0.02932151,3
android.sensor.gyroscope,1468063795740185,1468063802558980,1775212871661,-0.051007207,-0.2525926,0.06108648,3
android.sensor.accelerometer,1468063794456382,1468063802636324,1775212871661,-0.3290131,8.502895,3.9595232,3
android.sensor.gyroscope,1468063819485601,1468063826547522,1775212871685,0.017409647,-0.22693627,0.09529491,3
android.sensor.accelerometer,1468063822950862,1468063830953616,1775212871689,0.4103691,8.333005,3.9020956,3
android.sensor.gyroscope,1468063843231018,1468063850800543,1775212871709,0.00763581,-0.23915356,-0.020769402,3
android.sensor.accelerometer,1468063851445393,1468063861023147,1775212871720,0.48933223,8.165507,4.1629133,3
android.sensor.gyroscope,1468063866976435,1468063874753668,1775212871733,0.083383046,-0.27336198,-0.092851445,3
android.sensor.accelerometer,1468063879939872,1468063888152470,1775212871747,0.17347965,8.553144,3.8805602,3
android.sensor.gyroscope,1468063890721851,1468063897469241,1775212871756,0.03940078,-0.377209,-0.06475167,3
android.sensor.accelerometer,1468063908434351,1468063916705699,1775212871775,0.7908279,8.565108,3.2488549,3
android.sensor.gyroscope,1468063914467268,1468063920984241,1775212871779,-0.12675445,-0.33078328,-0.11362085,3
android.sensor.gyroscope,1468063938212685,1468063944911897,1775212871803,-0.06811142,-0.21838416,-0.21991132,3
android.sensor.accelerometer,1468063936928882,1468063945053720,1775212871804,0.6305088,8.627322,4.3998027,3
android.sensor.gyroscope,1468063961958101,1468063968391168,1775212871827,0.15790854,-0.13164136,-0.21135922,3
android.sensor.accelerometer,1468063965423362,1468063974158564,1775212871833,-0.31944183,9.029316,4.167699,3
android.sensor.gyroscope,1468063985703518,1468063992341480,1775212871851,0.13347395,-0.20983206,-0.17837252,3
android.sensor.accelerometer,1468063993917893,1468064002386272,1775212871861,-0.32183465,8.806784,3.6029928,3
android.sensor.gyroscope,1468064009448935,1468064016337834,1775212871875,-0.014355322,-0.2782489,-0.17104214,3
android.sensor.accelerometer,1468064022412372,1468064030498720,1775212871889,-0.4103691,8.935996,3.7130625,3
android.sensor.gyroscope,1468064033194351,1468064040547574,1775212871899,-0.118202336,-0.33078328,-0.12705988,3
android.sensor.accelerometer,1468064050906903,1468064060197678,1775212871919,0.26919255,8.589037,3.9044883,3
android.sensor.gyroscope,1468064056939768,1468064063430907,1775212871922,-0.14630212,-0.22204934,-0.21013749,3
android.sensor.gyroscope,1468064080685185,1468064087405491,1775212871946,0.017409647,-0.11331542,-0.26755878,3
android.sensor.accelerometer,1468064079401382,1468064087486793,1775212871946,-0.38644084,8.809176,4.6055856,3
android.sensor.gyroscope,1468064104430601,1468064111766897,1775212871970,0.019853106,-0.16707152,-0.2773326,3
android.sensor.accelerometer,1468064107895914,1468064116698511,1775212871975,-0.802792,8.900104,4.2251267,3
android.sensor.gyroscope,1468064128176018,1468064134867366,1775212871993,-9.162972E-4,-0.16462806,-0.23090689,3
android.sensor.accelerometer,1468064136390393,1468064144664293,1775212872003,-0.8554341,9.136993,4.4835515,3
android.sensor.gyroscope,1468064151921487,1468064159551480,1775212872018,-0.10598504,-0.21838416,-0.20525056,3
android.sensor.accelerometer,1468064164884924,1468064173022522,1775212872032,-0.25722843,8.928818,4.816154,3
android.sensor.gyroscope,1468064175666903,1468064181919605,1775212872040,-0.12186752,-0.2159407,-0.29932374,3
android.sensor.accelerometer,1468064193379403,1468064201343668,1775212872060,-0.5395815,9.036494,5.366503,3
android.sensor.gyroscope,1468064199412320,1468064206096011,1775212872065,0.08704823,-0.13408482,-0.3274235,3
android.sensor.gyroscope,1468064223157737,1468064229572991,1775212872088,0.21288638,-0.13897173,-0.27366742,3
android.sensor.accelerometer,1468064221873935,1468064229654397,1775212872088,-0.51565325,9.3308115,4.4596233,3
android.sensor.accelerometer,1468064240870289,1468064250756584,1775212872109,-0.45583272,9.287741,4.069593,3
android.sensor.gyroscope,1468064242154091,1468064250866897,1775212872109,0.019853106,-0.17684536,-0.27855435,3
android.sensor.gyroscope,1468064265899507,1468064272584241,1775212872131,-0.13041963,-0.2244928,-0.26267186,3
android.sensor.accelerometer,1468064269364820,1468064277674866,1775212872136,-0.42711884,9.096315,5.4837513,3
android.sensor.gyroscope,1468064289644924,1468064296196220,1775212872155,0.068722285,-0.2037234,-0.29932374,3
android.sensor.accelerometer,1468064297859299,1468064306925647,1775212872165,-0.5587241,8.87139,5.2899327,3
android.sensor.gyroscope,1468064313390393,1468064320476063,1775212872179,0.07849612,-0.25747952,-0.3274235,3
android.sensor.accelerometer,1468064326353830,1468064334718407,1775212872193,-1.1377872,8.861818,4.7252264,3
android.sensor.gyroscope,1468064337135810,1468064343518147,1775212872202,-0.053450666,-0.33322674,-0.25411975,3
android.sensor.accelerometer,1468064354848362,1468064362775230,1775212872221,-0.8961121,9.010174,5.1032925,3
android.sensor.gyroscope,1468064360881226,1468064367338615,1775212872226,-0.021685699,-0.36743516,-0.118507765,3
android.sensor.accelerometer,1468064383342841,1468064391634397,1775212872250,-0.7645068,8.1344,4.9286165,3
android.sensor.gyroscope,1468064384626643,1468064391722209,1775212872250,-0.01924224,-0.28435755,-0.17470732,3
android.sensor.gyroscope,1468064408372112,1468064414912261,1775212872273,-0.058337588,-0.23060146,-0.10873393,3
android.sensor.accelerometer,1468064411837372,1468064420766324,1775212872279,-1.3124632,7.8759756,5.6416774,3
android.sensor.gyroscope,1468064432117528,1468064440524761,1775212872299,0.14446951,-0.21716243,-0.100181825,3
android.sensor.accelerometer,1468064430833726,1468064440787990,1775212872299,-0.86979103,7.7156568,5.502894,3
android.sensor.gyroscope,1468064455862997,1468064462624813,1775212872321,0.16279547,-0.1744019,-0.10873393,3
android.sensor.accelerometer,1468064459328257,1468064467274865,1775212872326,-1.3531412,8.806784,4.2514477,3
android.sensor.gyroscope,1468064474859299,1468064485728772,1775212872344,-0.037568185,-0.30024004,0.073303774,3
android.sensor.accelerometer,1468064487822789,1468064495819136,1775212872354,-0.38165522,8.885747,3.935595,3
android.sensor.gyroscope,1468064498604768,1468064505953980,1775212872364,-0.29901832,-0.4468476,0.20402883,3
android.sensor.accelerometer,1468064516317320,1468064524512209,1775212872383,0.75972116,8.026724,4.77069,3
android.sensor.gyroscope,1468064522350185,1468064529311220,1775212872388,-0.318566,-0.37110037,0.11362085,3
android.sensor.gyroscope,1468064546095653,1468064552890699,1775212872411,-0.085215636,-0.16707152,0.0061086477,3
android.sensor.accelerometer,1468064544811851,1468064553019345,1775212872412,0.5778667,8.007581,5.5866427,3
android.sensor.gyroscope,1468064569841070,1468064577095803,1775212872436,0.06383537,-0.066889696,-0.1404989,3
android.sensor.accelerometer,1468064573306382,1468064581741167,1775212872440,0.08255238,8.349754,4.8903313,3
android.sensor.gyroscope,1468064593586539,1468064600417261,1775212872459,-0.008246674,-0.17806709,-0.16982041,3
android.sensor.accelerometer,1468064601800914,1468064609836740,1775212872468,-0.19980069,8.368897,4.854439,3
android.sensor.gyroscope,1468064617331955,1468064623711063,1775212872482,0.03940078,-0.24648394,-0.21135922,3
android.sensor.accelerometer,1468064630295445,1468064638604813,1775212872497,-0.6161518,8.622537,4.5338006,3
android.sensor.gyroscope,1468064641077424,1468064647758928,1775212872506,0.12125666,-0.13286309,-0.15271619,3
android.sensor.accelerometer,1468064658789976,1468064667174188,1775212872526,-0.41754755,8.55793,4.1844487,3
android.sensor.gyroscope,1468064664822841,1468064671477782,1775212872530,-0.015577052,-0.16584979,-0.10995566,3
android.sensor.accelerometer,1468064677786330,1468064687275542,1775212872546,-0.14476576,8.423932,5.148756,3
android.sensor.gyroscope,1468064688568310,1468064695740282,1775212872554,0.046731155,-0.28802276,-0.10506874,3
android.sensor.accelerometer,1468064706280862,1468064714953407,1775212872573,-0.15433706,8.52443,5.0219364,3
android.sensor.gyroscope,1468064712313726,1468064720901167,1775212872579,0.18112141,-0.37476555,-0.118507765,3
android.sensor.gyroscope,1468064736059195,1468064742900178,1775212872601,0.040622506,-0.37843072,-0.124616414,3
android.sensor.accelerometer,1468064734775393,1468064743011220,1775212872602,-0.111266255,8.579466,4.019344,3
android.sensor.gyroscope,1468064759804612,1468064766376949,1775212872625,-0.07910699,-0.25747952,-0.24923283,3
android.sensor.accelerometer,1468064763269924,1468064771522365,1775212872630,-0.29312077,8.529217,4.842475,3
android.sensor.gyroscope,1468064783550080,1468064790591897,1775212872649,-0.07177661,-0.3515527,-0.27977607,3
android.sensor.accelerometer,1468064791764455,1468064800626428,1775212872659,-0.76689965,8.909675,4.852046,3
android.sensor.gyroscope,1468064807295497,1468064814056584,1775212872673,-0.18906265,-0.42119128,-0.23457208,3
android.sensor.accelerometer,1468064820258987,1468064828444084,1775212872687,-0.29790643,8.447861,4.6725845,3
android.sensor.gyroscope,1468064831040966,1468064837876949,1775212872696,-0.27947062,-0.33811367,-0.29810202,3
android.sensor.accelerometer,1468064848753518,1468064856747365,1775212872715,-0.64008003,7.7706914,6.433702,3
android.sensor.gyroscope,1468064854786435,1468064861508876,1775212872720,-0.015577052,-0.30024004,-0.40805766,3
android.sensor.gyroscope,1468064878531851,1468064887092417,1775212872746,0.23976442,-0.31612253,-0.39950556,3
android.sensor.accelerometer,1468064877248049,1468064887208563,1775212872746,-1.302892,8.94796,4.959723,3
android.sensor.gyroscope,1468064902277320,1468064909533199,1775212872768,-0.13041963,-0.377209,-0.30665413,3
android.sensor.accelerometer,1468064905742632,1468064914239553,1775212872773,-0.7860422,9.053245,3.6317065,3
android.sensor.gyroscope,1468064926022789,1468064933244084,1775212872792,-0.36743516,-0.2489274,-0.34941465,3
android.sensor.accelerometer,1468064934237164,1468064942066167,1775212872801,-1.0803595,8.333005,6.2350974,3
android.sensor.gyroscope,1468064949768205,1468064956368876,1775212872815,-0.19883649,-0.32100943,-0.42027497,3
android.sensor.accelerometer,1468064962731695,1468064975029553,1775212872834,-1.0588241,8.280363,5.88096,3
android.sensor.gyroscope,1468064973513674,1468064980111272,1775212872839,-0.11209369,-0.37965247,-0.5045743,3
android.sensor.gyroscope,1468064992510028,1468065000422261,1775212872859,-0.032681264,-0.24648394,-0.4667007,3
android.sensor.accelerometer,1468064991226226,1468065000512678,1775212872859,-0.9415757,9.1465645,4.933402,3
android.sensor.gyroscope,1468065016255497,1468065023095907,1775212872882,-0.04856375,-0.24770567,-0.4715876,3
android.sensor.accelerometer,1468065019720810,1468065028141480,1775212872887,-0.51565325,8.718249,5.0219364,3
android.sensor.gyroscope,1468065040000966,1468065046574344,1775212872905,-0.16951497,-0.22204934,-0.35430157,3
android.sensor.accelerometer,1468065048215341,1468065056120230,1775212872915,-0.7932207,8.708678,5.2923255,3
android.sensor.gyroscope,1468065063746435,1468065070381896,1775212872929,-0.11942407,-0.36132652,-0.2602284,3
android.sensor.accelerometer,1468065067211695,1468065076120230,1775212872935,0.18783657,8.115258,5.6536417,3
android.sensor.gyroscope,1468065087491903,1468065094186532,1775212872953,0.052839804,-0.37843072,-0.3921752,3
android.sensor.accelerometer,1468065095706278,1468065103589917,1775212872962,0.40797627,8.344969,4.7922254,3
android.sensor.gyroscope,1468065111237320,1468065117996271,1775212872977,0.101708986,-0.0962112,-0.3518581,3
android.sensor.accelerometer,1468065124200810,1468065132266480,1775212872991,-0.70947194,9.282955,4.529015,3
android.sensor.gyroscope,1468065134982789,1468065142277417,1775212873001,-9.162972E-4,-0.042455103,-0.056199558,3
android.sensor.accelerometer,1468065152695341,1468065160708511,1775212873019,0.39361933,8.560323,5.0195436,3
android.sensor.gyroscope,1468065158728257,1468065165566949,1775212873024,-0.033902995,-0.28924447,-0.05864302,3
android.sensor.gyroscope,1468065182473726,1468065190391532,1775212873049,-0.08643737,-0.33444846,-0.10506874,3
android.sensor.accelerometer,1468065181189924,1468065190510282,1775212873049,0.36729828,8.629715,4.3758745,3
android.sensor.gyroscope,1468065206219195,1468065212772417,1775212873071,-0.15485422,-0.23182319,-0.015882485,3
android.sensor.accelerometer,1468065209684455,1468065217759084,1775212873076,-0.15194423,8.775677,5.0793643,3
android.sensor.gyroscope,1468065229964664,1468065236648511,1775212873095,-0.07422007,-0.34177884,0.040317077,3
android.sensor.accelerometer,1468065238179039,1468065246180230,1775212873105,0.53240305,8.313862,5.907281,3
android.sensor.gyroscope,1468065253710132,1468065260128771,1775212873119,0.11270455,-0.49327332,-0.039095346,3
android.sensor.accelerometer,1468065266673570,1468065275836636,1775212873134,0.49651068,8.711071,4.0624146,3
android.sensor.gyroscope,1468065272706487,1468065280515959,1775212873139,0.019853106,-0.42485645,-0.03054324,3
android.sensor.gyroscope,1468065296451955,1468065303087678,1775212873162,-0.10476331,-0.27336198,-0.08918626,3
android.sensor.accelerometer,1468065295168153,1468065303213876,1775212873162,0.6113662,7.88794,5.000401,3
android.sensor.gyroscope,1468065320197424,1468065327241271,1775212873186,0.19089524,-0.2855793,-0.284663,3
android.sensor.accelerometer,1468065323662737,1468065331762730,1775212873190,0.32183465,7.9597244,5.6033926,3
android.sensor.gyroscope,1468065343942893,1468065350825126,1775212873209,0.21532984,-0.33078328,-0.28710645,3
android.sensor.accelerometer,1468065352157268,1468065360417938,1775212873219,-0.8458628,9.218349,3.2727833,3
android.sensor.gyroscope,1468065367688362,1468065374839396,1775212873233,-0.21838416,-0.29168794,-0.032986697,3
android.sensor.accelerometer,1468065380651851,1468065388485178,1775212873247,0.20697916,7.9310107,4.8855457,3
android.sensor.gyroscope,1468065391433830,1468065398674761,1775212873257,-0.17318016,-0.11453715,-0.068416856,3
android.sensor.accelerometer,1468065409146382,1468065417523042,1775212873276,0.2955136,7.5816584,5.97428,3
android.sensor.gyroscope,1468065415179299,1468065421827417,1775212873280,0.13591741,-0.16829325,-0.26633704,3
android.sensor.accelerometer,1468065437640966,1468065445769396,1775212873304,-0.6520442,8.912068,4.4524446,3
android.sensor.gyroscope,1468065438924768,1468065445833198,1775212873304,0.1273653,-0.20127994,-0.24190246,3
android.sensor.gyroscope,1468065457921174,1468065467072678,1775212873326,0.024740024,-0.1621846,-0.16493349,3
android.sensor.accelerometer,1468065456637372,1468065467287365,1775212873326,-0.45104706,8.615358,4.7228336,3
android.sensor.gyroscope,1468065481666643,1468065488306115,1775212873347,0.109039366,-0.04856375,-0.14172062,3
android.sensor.accelerometer,1468065485131903,1468065493326532,1775212873352,-0.7788638,8.656036,5.392824,3
android.sensor.gyroscope,1468065505412112,1468065511948407,1775212873370,0.051618073,-0.18539746,0.0097738365,3
android.sensor.accelerometer,1468065513626487,1468065521652625,1775212873380,-0.5922236,8.845069,4.6031923,3
android.sensor.gyroscope,1468065529157580,1468065535711948,1775212873394,-0.04612029,-0.18173227,-0.013439025,3
android.sensor.accelerometer,1468065542121070,1468065550335021,1775212873409,0.35533416,8.055437,5.1439705,3
android.sensor.gyroscope,1468065552903049,1468065560422469,1775212873419,0.00763581,-0.12553272,-0.21991132,3
android.sensor.accelerometer,1468065570615601,1468065579874032,1775212873438,-1.018146,9.038888,4.825725,3
android.sensor.gyroscope,1468065576648518,1468065584800230,1775212873443,-0.024129158,-0.038789913,-0.05742129,3
android.sensor.gyroscope,1468065600393987,1468065607281167,1775212873466,-0.014355322,0.057726722,0.12705988,3
android.sensor.accelerometer,1468065599110185,1468065607505698,1775212873466,-0.29312077,8.438289,5.2372904,3
android.sensor.gyroscope,1468065624139455,1468065630669344,1775212873489,-0.10720677,-0.08155045,-0.09651663,3
android.sensor.accelerometer,1468065627604768,1468065635510855,1775212873494,0.20937198,8.088937,5.2492547,3
android.sensor.gyroscope,1468065647884976,1468065655025698,1775212873514,-0.14508039,-0.040011644,-0.17592905,3
android.sensor.accelerometer,1468065656099351,1468065664285855,1775212873523,-1.180858,8.943174,5.1200423,3
android.sensor.gyroscope,1468065671630445,1468065678586636,1775212873537,-0.11209369,0.017409647,0.035430156,3
android.sensor.accelerometer,1468065684593935,1468065692656688,1775212873551,0.12083755,8.060223,5.419145,3
android.sensor.gyroscope,1468065695375914,1468065701939969,1775212873560,-0.04978548,0.054061532,-0.032986697,3
android.sensor.accelerometer,1468065703590289,1468065713677990,1775212873572,-0.11844472,8.237292,5.601,3
android.sensor.gyroscope,1468065719121382,1468065726745386,1775212873585,-0.07299834,0.0051923506,-0.13683371,3
android.sensor.accelerometer,1468065732084872,1468065740269657,1775212873599,-0.32183465,8.1942215,5.553143,3
android.sensor.gyroscope,1468065742866903,1468065749646532,1775212873608,-0.2037234,-0.14630212,-0.29688028,3
android.sensor.accelerometer,1468065760579455,1468065768752105,1775212873627,-1.1760724,8.361719,5.2660046,3
android.sensor.gyroscope,1468065766612372,1468065773239605,1775212873632,-0.27458373,-0.20005822,-0.3604102,3
android.sensor.gyroscope,1468065790357841,1468065797466688,1775212873656,-0.18539746,-0.1084285,-0.11117739,3
android.sensor.accelerometer,1468065789074039,1468065797564396,1775212873656,-1.747957,9.201599,5.3066826,3
android.sensor.gyroscope,1468065814103362,1468065820382365,1775212873679,-0.15485422,-0.0754418,0.10262528,3
android.sensor.accelerometer,1468065817568622,1468065825493511,1775212873684,-0.2644069,7.8831544,5.419145,3
android.sensor.gyroscope,1468065833099716,1468065840416011,1775212873699,-0.24404047,-0.07422007,-0.010995566,3
android.sensor.accelerometer,1468065846063205,1468065854108980,1775212873713,0.08733802,7.3256264,5.9192452,3
android.sensor.gyroscope,1468065856845237,1468065863706271,1775212873722,-0.0876591,0.06017018,-0.19669846,3
android.sensor.accelerometer,1468065874557789,1468065882858250,1775212873741,-0.7908279,8.031509,6.1034923,3
android.sensor.gyroscope,1468065880590705,1468065887412417,1775212873746,-0.08032872,-0.22327107,-0.21624613,3
android.sensor.gyroscope,1468065904336174,1468065911107313,1775212873770,-0.022907428,-0.35888305,-0.13927718,3
android.sensor.accelerometer,1468065903052372,1468065911220907,1775212873770,-0.357727,7.6893353,5.512465,3
android.sensor.gyroscope,1468065928081695,1468065934435854,1775212873793,0.1065959,-0.15974113,-0.2761109,3
android.sensor.accelerometer,1468065931546955,1468065940325438,1775212873799,-0.008374879,7.672586,4.935795,3
android.sensor.gyroscope,1468065951827164,1468065959669448,1775212873818,-0.13652828,-0.27091852,-0.32253662,3
android.sensor.accelerometer,1468065960041539,1468065968032052,1775212873827,-0.8530413,8.299505,5.3736815,3
android.sensor.gyroscope,1468065975572632,1468065982225125,1775212873841,0.0027488915,-0.1915061,-0.18936808,3
android.sensor.accelerometer,1468065988536174,1468065996950802,1775212873855,-0.32422748,7.7108707,5.916852,3
android.sensor.gyroscope,1468065999318153,1468066006267938,1775212873865,0.16279547,-0.27214026,-0.22113305,3
android.sensor.accelerometer,1468066017030757,1468066025309084,1775212873884,-1.1784651,8.447861,4.7491546,3
android.sensor.gyroscope,1468066023063622,1468066029525750,1775212873888,-0.097432934,-0.46273008,-0.100181825,3
android.sensor.gyroscope,1468066046809143,1468066054134969,1775212873913,-0.182954,-0.3271181,-0.037873615,3
android.sensor.accelerometer,1468066045525341,1468066054247938,1775212873913,-0.49172506,7.9764743,5.1702914,3
android.sensor.gyroscope,1468066070554612,1468066077762625,1775212873940,-0.059559315,-0.07055488,-0.0036651888,3
android.sensor.accelerometer,1468066074019924,1468066082148979,1775212873941,-0.6735796,8.021938,5.766104,3
android.sensor.gyroscope,1468066094300132,1468066101212156,1775212873960,-0.20983206,-0.25992295,0.05497783,3
android.sensor.accelerometer,1468066102514560,1468066110684188,1775212873969,-0.6975078,7.8831544,6.5078793,3
android.sensor.gyroscope,1468066118045653,1468066124877521,1775212873983,-0.14385866,-0.318566,0.067195125,3
android.sensor.accelerometer,1468066131009143,1468066140192209,1775212873999,0.17826529,7.0863442,6.467201,3
android.sensor.gyroscope,1468066141791122,1468066151663875,1775212874010,-0.053450666,-0.25747952,-0.09651663,3
android.sensor.accelerometer,1468066159503726,1468066167915646,1775212874026,-0.8769695,7.895118,5.981458,3
android.sensor.gyroscope,1468066165536643,1468066172102365,1775212874031,-0.0876591,-0.2037234,-0.100181825,3
android.sensor.gyroscope,1468066189282112,1468066196176844,1775212874055,-0.20861033,-0.2904662,-0.018325943,3
android.sensor.accelerometer,1468066187998310,1468066196235646,1775212874055,-1.2311072,8.49811,5.8713884,3
android.sensor.gyroscope,1468066213027632,1468066220178927,1775212874079,-0.28435755,-0.36987862,-0.0097738365,3
android.sensor.accelerometer,1468066216492945,1468066224724240,1775212874083,-0.19501504,7.624729,5.97428,3
android.sensor.gyroscope,1468066236773101,1468066243242417,1775212874102,-0.07299834,-0.097432934,-0.11606431,3
android.sensor.accelerometer,1468066244987528,1468066253185125,1775212874112,-0.08255238,7.5625157,6.5030937,3
android.sensor.gyroscope,1468066260518622,1468066267179396,1775212874126,0.10537417,0.013744458,-0.17470732,3
android.sensor.accelerometer,1468066273482112,1468066281782990,1775212874140,-2.1499512,9.115458,6.0436716,3
android.sensor.gyroscope,1468066284264143,1468066290924240,1775212874149,0.05650499,-0.11331542,0.11606431,3
android.sensor.accelerometer,1468066301976747,1468066310294031,1775212874169,-0.47736812,7.6390862,5.7804613,3
android.sensor.gyroscope,1468066308009612,1468066314910333,1775212874173,-0.041233372,-0.20983206,0.092851445,3
android.sensor.gyroscope,1468066331755132,1468066338202417,1775212874197,-0.16584979,-0.25625777,-0.14538582,3
android.sensor.accelerometer,1468066330471330,1468066338636375,1775212874197,-0.47258246,7.60798,6.1322064,3
android.sensor.gyroscope,1468066355500653,1468066362575438,1775212874221,0.0858265,-0.109650224,-0.02687805,3
android.sensor.accelerometer,1468066358965914,1468066367205177,1775212874226,-0.9487542,8.017152,6.2231336,3
android.sensor.gyroscope,1468066379246122,1468066386034500,1775212874245,0.17379104,0.00763581,-0.12705988,3
android.sensor.accelerometer,1468066387460549,1468066395503875,1775212874254,0.37208393,6.856633,5.5387864,3
android.sensor.gyroscope,1468066402991643,1468066409786115,1775212874268,-0.009468404,-0.19028437,-0.46425724,3
android.sensor.accelerometer,1468066415955132,1468066424053042,1775212874283,-1.1330016,8.04108,6.318846,3
android.sensor.gyroscope,1468066426737164,1468066433519344,1775212874292,0.29962918,0.00763581,-0.3848448,3
android.sensor.accelerometer,1468066444449768,1468066452865802,1775212874311,-2.4346972,9.103494,5.6871414,3
android.sensor.gyroscope,1468066450482685,1468066457532104,1775212874316,0.33750278,-0.110871956,0.034208428,3
android.sensor.accelerometer,1468066463446174,1468066473085698,1775212874332,-0.39840496,7.6606216,5.1535416,3
android.sensor.gyroscope,1468066474228153,1468066480785281,1775212874339,0.16523892,-0.20616686,-0.05742129,3
android.sensor.accelerometer,1468066491940810,1468066500755906,1775212874359,0.52522457,7.29452,5.1702914,3
android.sensor.gyroscope,1468066497973674,1468066504476583,1775212874363,0.12125666,-0.1084285,-0.39950556,3
android.sensor.gyroscope,1468066521719195,1468066528521896,1775212874387,0.120034926,-0.016798781,-0.31276277,3
android.sensor.accelerometer,1468066520435393,1468066528644031,1775212874387,-1.6163517,8.983852,5.5483575,3
android.sensor.gyroscope,1468066545464716,1468066551759188,1775212874410,0.0858265,-0.22693627,-0.11728604,3
android.sensor.accelerometer,1468066548930028,1468066557083302,1775212874416,-0.87218386,8.2660055,6.17767,3
android.sensor.gyroscope,1468066569210237,1468066576200594,1775212874435,0.15302163,-0.49327332,-0.26511532,3
android.sensor.accelerometer,1468066577424612,1468066586403146,1775212874445,0.08733802,7.6917286,5.624928,3
android.sensor.gyroscope,1468066592955705,1468066600254969,1775212874459,0.14569125,-0.558025,-0.5009091,3
android.sensor.accelerometer,1468066605919247,1468066613864396,1775212874472,-1.2861422,8.629715,4.6438704,3
android.sensor.gyroscope,1468066616701226,1468066623268823,1775212874482,0.076052666,-0.4065305,-0.43249226,3
android.sensor.accelerometer,1468066624915653,1468066634990333,1775212874493,-1.7886349,9.323633,5.1966124,3
android.sensor.gyroscope,1468066640446747,1468066646896635,1775212874505,0.06627883,-0.37843072,-0.13439025,3
android.sensor.accelerometer,1468066653410289,1468066662233354,1775212874521,-1.0468599,9.136993,5.998208,3
android.sensor.gyroscope,1468066664192268,1468066675960490,1775212874534,0.11026109,-0.558025,0.11728604,3
android.sensor.accelerometer,1468066681904872,1468066689972677,1775212874548,0.991825,7.1007013,4.66062,3
android.sensor.gyroscope,1468066692686903,1468066700707990,1775212874559,0.06627883,-0.45417798,-0.10262528,3
android.sensor.accelerometer,1468066710399507,1468066718617052,1775212874577,0.16630118,7.4883385,3.9212382,3
android.sensor.gyroscope,1468066716432424,1468066722932781,1775212874581,-0.2073886,-0.16584979,-0.23701553,3
android.sensor.gyroscope,1468066740177945,1468066746819656,1775212874605,-0.2159407,-0.19394957,-0.13194679,3
android.sensor.accelerometer,1468066738894143,1468066747918667,1775212874606,-1.262214,8.677571,5.6321063,3
android.sensor.gyroscope,1468066763923466,1468066770442365,1775212874629,-0.10720677,-0.24648394,0.1404989,3
android.sensor.accelerometer,1468066767388778,1468066775646010,1775212874634,-0.28594232,8.079366,5.581857,3
android.sensor.gyroscope,1468066787668987,1468066794247729,1775212874653,-0.23304491,-0.43340856,0.028099779,3
android.sensor.accelerometer,1468066795883362,1468066803819135,1775212874662,0.7812566,7.2658057,6.187241,3
android.sensor.gyroscope,1468066811414507,1468066818526062,1775212874677,-0.09010255,-0.42729992,-0.15271619,3
android.sensor.accelerometer,1468066824377997,1468066832736479,1775212874691,0.75972116,7.1629148,6.1824555,3
android.sensor.gyroscope,1468066835160028,1468066841695229,1775212874700,0.12980877,-0.25625777,-0.34452772,3
android.sensor.accelerometer,1468066852872632,1468066861201583,1775212874720,-0.88414794,8.43111,6.16092,3
android.sensor.gyroscope,1468066858905549,1468066865692000,1775212874724,0.13347395,-0.34177884,-0.29688028,3
android.sensor.accelerometer,1468066871869039,1468066881590125,1775212874740,-1.3674982,8.864211,6.1968126,3
android.sensor.gyroscope,1468066882651070,1468066889939865,1775212874748,0.11759147,-0.6056724,-0.06352994,3
android.sensor.accelerometer,1468066900363674,1468066911156896,1775212874770,0.058624156,7.8281193,5.0674,3
android.sensor.gyroscope,1468066906396591,1468066913257573,1775212874772,0.19700389,-0.5763509,0.0097738365,3
android.sensor.gyroscope,1468066930142112,1468066936600073,1775212874795,-0.040011644,-0.16951497,-0.22968516,3
android.sensor.accelerometer,1468066928858310,1468066936687156,1775212874795,0.99661064,6.9355965,3.571886,3
android.sensor.accelerometer,1468066947854716,1468066957162156,1775212874816,-0.4749753,8.096115,4.5409794,3
android.sensor.gyroscope,1468066953887632,1468066960245281,1775212874819,-0.34910923,0.12247839,-0.2357938,3
android.sensor.accelerometer,1468066976349351,1468066984142208,1775212874843,-1.1090733,8.589037,6.022136,3
android.sensor.gyroscope,1468066977633153,1468066984326114,1775212874843,-0.40408704,0.074830934,0.10384701,3
android.sensor.gyroscope,1468067001378674,1468067008174864,1775212874867,-0.34910923,-0.14752385,0.12705988,3
android.sensor.accelerometer,1468067004843987,1468067012688719,1775212874871,0.7908279,7.2346992,6.3403816,3
android.sensor.gyroscope,1468067025124247,1468067032039604,1775212874891,-0.25137085,-0.19883649,-0.08185588,3
android.sensor.accelerometer,1468067033338622,1468067041401844,1775212874900,1.154537,6.7034926,5.610571,3
android.sensor.gyroscope,1468067048869768,1468067055740698,1775212874914,-0.31734425,-0.13286309,-0.3274235,3
android.sensor.accelerometer,1468067061833257,1468067073622937,1775212874932,0.013160525,7.4907312,5.9934225,3
android.sensor.gyroscope,1468067067866174,1468067078262937,1775212874937,-0.3149008,-0.09010255,-0.39950556,3
android.sensor.gyroscope,1468067091611695,1468067098292833,1775212874957,-0.16707152,-0.07055488,-0.05131264,3
android.sensor.accelerometer,1468067090327893,1468067098369396,1775212874957,-1.5421742,9.022138,6.3978095,3
android.sensor.gyroscope,1468067115357268,1468067122079031,1775212874981,-0.26358816,-0.08155045,0.29810202,3
android.sensor.accelerometer,1468067118822528,1468067127250125,1775212874986,-0.0035892338,7.6271224,6.622735,3
android.sensor.gyroscope,1468067139102789,1468067145774864,1775212875004,-0.182954,-0.036346454,0.15393792,3
android.sensor.accelerometer,1468067147317164,1468067155607521,1775212875014,1.5637096,6.3828545,6.7926254,3
android.sensor.gyroscope,1468067162848310,1468067169813823,1775212875028,-0.16829325,-0.04856375,-0.13683371,3
android.sensor.accelerometer,1468067175811851,1468067184056062,1775212875043,-0.3481557,7.830512,6.823732,3
android.sensor.gyroscope,1468067186593830,1468067193359604,1775212875052,-0.16096286,-0.10598504,-0.019547673,3
android.sensor.accelerometer,1468067204306487,1468067212492000,1775212875071,-0.36490545,7.68455,6.929016,3
android.sensor.gyroscope,1468067210339403,1468067217342000,1775212875076,-0.1499673,-0.24648394,0.14782928,3
android.sensor.gyroscope,1468067234084924,1468067240630073,1775212875099,-0.14385866,-0.20861033,-0.021991132,3
android.sensor.accelerometer,1468067232801122,1468067240878927,1775212875099,0.7812566,6.734599,5.921638,3
android.sensor.accelerometer,1468067251797528,1468067262381896,1775212875121,-0.19980069,7.5122666,5.799604,3
android.sensor.gyroscope,1468067253081330,1468067262540281,1775212875121,-0.228158,-0.008246674,-0.10262528,3
android.sensor.gyroscope,1468067276826903,1468067286091219,1775212875145,-0.3564396,0.05894845,-0.05742129,3
android.sensor.accelerometer,1468067280292216,1468067288438146,1775212875147,-0.9056834,7.899904,7.175477,3
android.sensor.gyroscope,1468067300572424,1468067307300541,1775212875166,-0.20494513,0.03695732,0.010995566,3
android.sensor.accelerometer,1468067308786851,1468067316828666,1775212875175,0.13040884,7.1365933,7.4769726,3
android.sensor.gyroscope,1468067324317945,1468067331283406,1775212875190,-0.044898562,-0.057115857,-0.05131264,3
android.sensor.accelerometer,1468067337281487,1468067345351166,1775212875204,-0.020338992,6.969096,7.252047,3
android.sensor.gyroscope,1468067348063518,1468067355186896,1775212875214,0.15302163,-0.08155045,-0.09529491,3
android.sensor.accelerometer,1468067365776122,1468067374304083,1775212875233,-0.58983076,7.373483,6.17767,3
android.sensor.gyroscope,1468067371809039,1468067379794552,1775212875238,0.12614357,-0.08277218,-0.03054324,3
android.sensor.gyroscope,1468067395554612,1468067402056271,1775212875261,0.03329213,-0.14752385,-0.013439025,3
android.sensor.accelerometer,1468067394270810,1468067402124031,1775212875261,-0.82672024,7.7204423,6.515058,3
android.sensor.gyroscope,1468067419300132,1468067425838718,1775212875284,0.21532984,-0.25503606,0.09651663,3
android.sensor.accelerometer,1468067422765445,1468067430929187,1775212875289,-1.2717853,8.160722,6.445666,3
android.sensor.gyroscope,1468067443045653,1468067449664552,1775212875308,0.22388195,-0.34666577,0.17837252,3
android.sensor.accelerometer,1468067451260080,1468067460643875,1775212875319,0.6017949,7.0695944,5.354539,3
android.sensor.gyroscope,1468067466791226,1468067473605541,1775212875332,0.1065959,-0.21838416,-0.05497783,3
android.sensor.accelerometer,1468067479754768,1468067488018354,1775212875347,0.36729828,7.1581287,5.5340004,3
android.sensor.gyroscope,1468067490536747,1468067497497833,1775212875356,-0.013133593,-0.15241076,-0.24678937,3
android.sensor.accelerometer,1468067508249403,1468067516501791,1775212875375,-1.989632,8.909675,5.730212,3
android.sensor.gyroscope,1468067514282320,1468067520753302,1775212875379,3.054324E-4,-0.054672398,0.034208428,3
android.sensor.gyroscope,1468067538027841,1468067544835229,1775212875403,-0.1414152,-0.0632245,0.28954992,3
android.sensor.accelerometer,1468067536744039,1468067545008510,1775212875404,-0.465404,7.5625157,5.947959,3
android.sensor.gyroscope,1468067561773414,1468067569045229,1775212875428,-0.11453715,-0.08888082,0.014660755,3
android.sensor.accelerometer,1468067565238726,1468067573777364,1775212875432,1.1784651,6.593423,6.9385877,3
android.sensor.gyroscope,1468067580769820,1468067592725229,1775212875451,-0.021685699,-0.2037234,-0.19914192,3
android.sensor.accelerometer,1468067593733362,1468067601770333,1775212875460,-0.5778667,7.9908314,7.05105,3
android.sensor.gyroscope,1468067609264507,1468067618278823,1775212875477,0.18600832,-0.27947062,-0.08429934,3
android.sensor.accelerometer,1468067622228049,1468067630360489,1775212875489,-0.64008003,7.9597244,5.6153564,3
android.sensor.gyroscope,1468067633010080,1468067639849864,1775212875498,0.0772744,-0.19883649,0.039095346,3
android.sensor.gyroscope,1468067652006487,1468067659995385,1775212875518,-0.09498947,-0.19394957,-0.02443459,3
android.sensor.accelerometer,1468067650722685,1468067660073875,1775212875519,-0.0849452,7.7276206,6.378667,3
android.sensor.gyroscope,1468067675752060,1468067682385229,1775212875541,0.09682207,-0.32467464,-0.010995566,3
android.sensor.accelerometer,1468067679217372,1468067691813770,1775212875550,-0.04426722,7.8903327,7.268797,3
android.sensor.gyroscope,1468067699497580,1468067706170489,1775212875565,0.19578215,-0.40775225,-0.07819069,3
android.sensor.accelerometer,1468067707712007,1468067716637104,1775212875575,0.8817552,7.2658057,5.9527445,3
android.sensor.gyroscope,1468067718494039,1468067726346739,1775212875585,0.14691298,-0.27580544,-0.23212862,3
android.sensor.accelerometer,1468067736206695,1468067744203927,1775212875603,-0.2644069,7.90469,5.8618174,3
android.sensor.gyroscope,1468067742239612,1468067748667208,1775212875607,-0.026572619,-0.16340633,-0.2944368,3
android.sensor.gyroscope,1468067765985132,1468067773234291,1775212875632,-0.07788526,-0.16340633,-0.07696896,3
android.sensor.accelerometer,1468067764701330,1468067773361270,1775212875632,-1.7982062,8.809176,6.2805614,3
android.sensor.gyroscope,1468067789730705,1468067796108875,1775212875655,-0.07910699,-0.3197877,-0.012217295,3
android.sensor.accelerometer,1468067793196018,1468067801319656,1775212875660,0.41754755,6.9523463,6.7519474,3
android.sensor.gyroscope,1468067813476278,1468067821666166,1775212875680,0.046731155,-0.4065305,-0.3017672,3
android.sensor.accelerometer,1468067812192476,1468067821762625,1775212875680,0.9056834,6.6364937,6.6418777,3
android.sensor.gyroscope,1468067837221851,1468067843828562,1775212875702,0.06383537,-0.30757043,-0.47647452,3
android.sensor.accelerometer,1468067840687164,1468067848951583,1775212875707,-0.70947194,7.9238324,5.3425746,3
android.sensor.gyroscope,1468067860967372,1468067867940593,1775212875726,-0.1499673,-0.30146176,-0.2944368,3
android.sensor.accelerometer,1468067869181799,1468067877477937,1775212875736,-1.7599211,8.572288,5.8689957,3
android.sensor.gyroscope,1468067884712945,1468067891349968,1775212875750,-0.14752385,-0.33689192,-0.023212861,3
android.sensor.accelerometer,1468067897676487,1468067906121427,1775212875765,0.43908295,6.8662047,6.369096,3
android.sensor.gyroscope,1468067908458518,1468067917367833,1775212875776,-0.033902995,-0.42363474,-0.16737695,3
android.sensor.accelerometer,1468067926171174,1468067934698666,1775212875793,0.7860422,6.9188466,6.3140607,3
android.sensor.gyroscope,1468067932204091,1468067940052677,1775212875799,-0.062002774,-0.48716468,-0.41905323,3
android.sensor.gyroscope,1468067955949612,1468067962629968,1775212875821,-0.091324285,-0.5067123,-0.38240135,3
android.sensor.accelerometer,1468067954665810,1468067962756010,1775212875821,-0.42951167,8.04108,6.699305,3
android.sensor.gyroscope,1468067979695185,1468067986265333,1775212875845,-0.04978548,-0.43218684,-0.2480111,3
android.sensor.accelerometer,1468067983160497,1468067991114031,1775212875850,-0.111266255,7.8496547,6.230312,3
android.sensor.gyroscope,1468068003440757,1468068009934083,1775212875868,-0.15118903,-0.42852163,-0.252898,3
android.sensor.accelerometer,1468068011655185,1468068020392572,1775212875879,0.4438686,7.4309106,7.043872,3
android.sensor.gyroscope,1468068027186330,1468068033879500,1775212875892,-0.04612029,-0.4065305,-0.3017672,3
android.sensor.accelerometer,1468068040149872,1468068048112781,1775212875907,0.046660043,7.713264,7.2640114,3
android.sensor.gyroscope,1468068050931903,1468068058038927,1775212875917,0.07116575,-0.40775225,-0.28832817,3
android.sensor.accelerometer,1468068068644560,1468068076962156,1775212875935,0.7070791,7.361519,6.134599,3
android.sensor.gyroscope,1468068074677476,1468068081405177,1775212875940,0.109039366,-0.3356702,-0.3090976,3
android.sensor.gyroscope,1468068098422997,1468068104976218,1775212875964,0.011300999,-0.23182319,-0.4092794,3
android.sensor.accelerometer,1468068097139195,1468068105801322,1775212875964,0.6975078,7.5385876,5.6799626,3
android.sensor.gyroscope,1468068122168570,1468068129144656,1775212875988,-0.014355322,-0.20494513,-0.3090976,3
android.sensor.accelerometer,1468068125633882,1468068133502156,1775212875992,0.032303106,7.9310107,6.376274,3
android.sensor.gyroscope,1468068145914143,1468068152611427,1775212876011,0.08704823,-0.30757043,-0.28710645,3
android.sensor.accelerometer,1468068154128570,1468068162021218,1775212876021,0.8554341,7.4333034,5.8307104,3
android.sensor.gyroscope,1468068164910601,1468068173187260,1775212876032,0.0858265,-0.3894263,-0.37018406,3
android.sensor.accelerometer,1468068182623257,1468068190938093,1775212876049,0.32422748,7.897511,5.0674,3
android.sensor.gyroscope,1468068188656174,1468068195082156,1775212876054,0.050396346,-0.36987862,-0.34574947,3
android.sensor.accelerometer,1468068211117945,1468068220837781,1775212876079,0.21655045,7.945368,4.6845484,3
android.sensor.gyroscope,1468068212401747,1468068220956010,1775212876079,-0.10476331,-0.27458373,-0.15271619,3
android.sensor.gyroscope,1468068236147320,1468068242800177,1775212876101,-0.23182319,-0.20005822,-0.16249003,3
android.sensor.accelerometer,1468068239612632,1468068247724656,1775212876106,1.2502499,7.196414,5.3018966,3
android.sensor.gyroscope,1468068259892893,1468068266646114,1775212876125,-0.27947062,-0.2244928,-0.24434592,3
android.sensor.accelerometer,1468068268107320,1468068277190697,1775212876136,0.56111693,7.763513,6.1441703,3
android.sensor.gyroscope,1468068283638466,1468068290287989,1775212876149,-0.228158,-0.3026835,-0.19181155,3
android.sensor.accelerometer,1468068296602007,1468068304606479,1775212876163,0.6329016,7.7826557,6.483951,3
android.sensor.gyroscope,1468068307384039,1468068313953197,1775212876172,-0.092546016,-0.33689192,-0.13561198,3
android.sensor.accelerometer,1468068325096695,1468068333336010,1775212876192,1.1736795,7.450053,6.0580287,3
android.sensor.gyroscope,1468068331129612,1468068338053666,1775212876197,-0.10720677,-0.2819141,-0.16493349,3
android.sensor.gyroscope,1468068354875185,1468068361652260,1775212876220,-0.16096286,-0.29168794,-0.13805544,3
android.sensor.accelerometer,1468068353591382,1468068361724395,1775212876220,0.46301118,7.940582,6.6203423,3
android.sensor.gyroscope,1468068378620757,1468068385342260,1775212876244,-0.07177661,-0.3100139,-0.0097738365,3
android.sensor.accelerometer,1468068382086070,1468068390557676,1775212876249,0.21655045,8.07458,6.574878,3
android.sensor.gyroscope,1468068402366330,1468068410979708,1775212876270,-0.01924224,-0.28802276,0.045203995,3
android.sensor.accelerometer,1468068401082528,1468068411095072,1775212876270,1.0444671,7.368697,6.4719872,3
android.sensor.gyroscope,1468068426111955,1468068432655385,1775212876291,0.014966187,-0.25870124,-0.11117739,3
android.sensor.accelerometer,1468068429577268,1468068437555958,1775212876296,1.3339987,7.3304124,6.450452,3
android.sensor.gyroscope,1468068445108414,1468068454587572,1775212876313,-0.013133593,-0.2525926,-0.16615522,3
android.sensor.accelerometer,1468068458071955,1468068466260489,1775212876325,0.1160519,8.1942215,6.498308,3
android.sensor.gyroscope,1468068468853987,1468068475776426,1775212876334,-0.029016078,-0.27091852,-0.05986475,3
android.sensor.accelerometer,1468068486566643,1468068494802416,1775212876353,0.75493556,7.631908,6.0029936,3
android.sensor.gyroscope,1468068492599560,1468068500209968,1775212876359,-0.033902995,-0.21838416,-0.045203995,3
android.sensor.gyroscope,1468068516345132,1468068523715124,1775212876382,-0.13164136,-0.16951497,-0.17837252,3
android.sensor.accelerometer,1468068515061330,1468068523809708,1775212876382,0.86261255,7.3950186,6.230312,3
android.sensor.gyroscope,1468068540090705,1468068546806531,1775212876405,-0.07177661,-0.17684536,-0.16859868,3
android.sensor.accelerometer,1468068543556018,1468068552211114,1775212876411,0.046660043,7.813762,7.0582285,3
android.sensor.gyroscope,1468068563836330,1468068570568197,1775212876429,0.055283263,-0.26847506,-0.12217296,3
android.sensor.accelerometer,1468068572050757,1468068580547728,1775212876439,0.3792624,7.4883385,6.129813,3
android.sensor.gyroscope,1468068587581903,1468068594302624,1775212876453,0.03573559,-0.1621846,-0.12583815,3
android.sensor.accelerometer,1468068591047216,1468068600623093,1775212876459,0.22372891,7.548159,5.665606,3
android.sensor.gyroscope,1468068611327476,1468068617997103,1775212876477,-0.0754418,-0.14508039,-0.14660755,3
android.sensor.accelerometer,1468068619541903,1468068628024135,1775212876487,0.5563313,7.301698,6.500701,3
android.sensor.gyroscope,1468068635073049,1468068643302572,1775212876502,0.019853106,-0.18051054,-0.22113305,3
android.sensor.accelerometer,1468068648036591,1468068656524864,1775212876515,0.613759,7.409375,6.5222363,3
android.sensor.gyroscope,1468068658818674,1468068666010541,1775212876525,0.076052666,-0.23060146,-0.27488914,3
android.sensor.gyroscope,1468068677815132,1468068687465697,1775212876546,0.068722285,-0.1499673,-0.239459,3
android.sensor.accelerometer,1468068676531330,1468068687616947,1775212876546,0.2739782,7.6917286,5.799604,3
android.sensor.gyroscope,1468068701560705,1468068714749603,1775212876573,-0.024129158,-0.013133593,-0.17715079,3
android.sensor.accelerometer,1468068705026018,1468068714846583,1775212876573,0.34576288,7.6797643,6.1322064,3
android.sensor.gyroscope,1468068730055445,1468068736620801,1775212876595,-0.041233372,-0.07055488,-0.17104214,3
android.sensor.accelerometer,1468068733520757,1468068741517728,1775212876600,0.4031906,7.6630144,6.8021965,3
android.sensor.gyroscope,1468068753801018,1468068760357416,1775212876619,0.021074835,-0.109650224,-0.18325943,3
android.sensor.accelerometer,1468068762015445,1468068771169291,1775212876630,0.4438686,7.8496547,6.6945195,3
android.sensor.gyroscope,1468068777546591,1468068783761114,1775212876642,-9.162972E-4,-0.13897173,-0.124616414,3
android.sensor.accelerometer,1468068790510132,1468068799992364,1775212876659,0.63529444,8.079366,6.5772715,3
android.sensor.gyroscope,1468068801292216,1468068808196530,1775212876667,-0.042455103,-0.09987639,-0.05497783,3
android.sensor.accelerometer,1468068819004872,1468068827014447,1775212876686,0.9128618,7.1365933,6.517451,3
android.sensor.gyroscope,1468068825037789,1468068832202312,1775212876691,-0.07666353,-0.026572619,-0.18203771,3
android.sensor.gyroscope,1468068848783362,1468068856507364,1775212876715,-0.027794348,-0.109650224,-0.20402883,3
android.sensor.accelerometer,1468068847499560,1468068856662312,1775212876715,0.06819545,7.507481,6.8931236,3
android.sensor.gyroscope,1468068872528987,1468068880163510,1775212876739,0.038179047,-0.17318016,-0.22479823,3
android.sensor.accelerometer,1468068875994299,1468068883689239,1775212876742,1.0516455,6.8781686,6.2877398,3
android.sensor.gyroscope,1468068896274560,1468068903050176,1775212876762,0.008857539,-0.13775001,-0.3762927,3
android.sensor.accelerometer,1468068904488987,1468068912650645,1775212876771,0.78843504,7.29452,6.0604215,3
android.sensor.gyroscope,1468068920020185,1468068926714708,1775212876785,-0.05222894,-0.14508039,-0.3677406,3
android.sensor.accelerometer,1468068932983726,1468068940793405,1775212876799,-0.33379877,8.218149,6.9242306,3
android.sensor.gyroscope,1468068943765757,1468068950301114,1775212876809,-0.033902995,-0.2904662,-0.16126831,3
android.sensor.accelerometer,1468068961478466,1468068970025437,1775212876829,0.6233303,7.483553,6.86441,3
android.sensor.gyroscope,1468068967511382,1468068974053041,1775212876833,0.03940078,-0.32100943,-0.08307761,3
android.sensor.gyroscope,1468068991256955,1468068998531322,1775212876857,0.045509428,-0.23304491,-0.22601996,3
android.sensor.accelerometer,1468068989973153,1468068998624655,1775212876857,1.1784651,6.8422766,6.476773,3
android.sensor.gyroscope,1468069015002580,1468069021941322,1775212876880,-0.009468404,-0.23548837,-0.31398448,3
android.sensor.accelerometer,1468069018467893,1468069026663301,1775212876885,0.3696911,7.088737,6.9768724,3
android.sensor.gyroscope,1468069038748153,1468069045829030,1775212876904,0.0980438,-0.24770567,-0.32864526,3
android.sensor.accelerometer,1468069046962580,1468069055391374,1775212876914,-0.17347965,7.2346992,6.773483,3
android.sensor.gyroscope,1468069062493778,1468069069394135,1775212876928,0.1517999,-0.26358816,-0.29810202,3
android.sensor.accelerometer,1468069075457320,1468069083776843,1775212876942,-0.35533416,7.3112698,6.081957,3
android.sensor.gyroscope,1468069086239351,1468069093097885,1775212876952,0.11148282,-0.21716243,-0.23701553,3
android.sensor.accelerometer,1468069103952060,1468069112118197,1775212876971,-0.09451649,7.268199,6.6203423,3
android.sensor.gyroscope,1468069109984976,1468069116248666,1775212876975,0.09926552,-0.2623664,-0.16493349,3
android.sensor.gyroscope,1468069133730549,1468069140190853,1775212876999,0.1847866,-0.31367907,-0.21624613,3
android.sensor.accelerometer,1468069132446747,1468069140290957,1775212876999,0.5084748,7.155736,6.4002023,3
android.sensor.gyroscope,1468069152727060,1468069160519030,1775212877019,0.15668681,-0.3112356,-0.24678937,3
android.sensor.accelerometer,1468069151443257,1468069160647364,1775212877019,0.40079778,7.304091,6.022136,3
android.sensor.gyroscope,1468069176472685,1468069183028874,1775212877042,0.054061532,-0.2611447,-0.19181155,3
android.sensor.accelerometer,1468069179937997,1468069188469759,1775212877047,-0.3074777,7.7419777,6.230312,3
android.sensor.gyroscope,1468069200218257,1468069206851426,1775212877065,0.06017018,-0.2819141,-0.074525505,3
android.sensor.accelerometer,1468069208432685,1468069216448197,1775212877075,0.19980069,7.59123,6.6945195,3
android.sensor.gyroscope,1468069223963882,1468069231024759,1775212877090,0.12858704,-0.2782489,-0.046425723,3
android.sensor.accelerometer,1468069236927424,1468069245623926,1775212877104,0.9942178,7.220342,6.409774,3
android.sensor.gyroscope,1468069247709507,1468069254464187,1775212877113,0.03084867,-0.3234529,-0.16004658,3
android.sensor.accelerometer,1468069265422164,1468069273275384,1775212877132,0.4103691,7.483553,7.106085,3
android.sensor.gyroscope,1468069271455080,1468069280408197,1775212877139,0.101708986,-0.3686569,-0.19547673,3
android.sensor.gyroscope,1468069295200705,1468069302301582,1775212877161,0.20799945,-0.4138609,-0.17470732,3
android.sensor.accelerometer,1468069293916903,1468069302371739,1775212877161,0.05383851,7.6869426,6.5700927,3
android.sensor.gyroscope,1468069318946330,1468069325681426,1775212877184,0.13469568,-0.39675668,-0.12339468,3
android.sensor.accelerometer,1468069322411643,1468069331095228,1775212877190,0.4941179,7.6534433,6.069993,3
android.sensor.gyroscope,1468069342691903,1468069349390489,1775212877208,0.0051923506,-0.4187478,-0.16615522,3
android.sensor.accelerometer,1468069350906382,1468069360141166,1775212877219,0.8650054,7.5625157,6.5342007,3
android.sensor.gyroscope,1468069366437528,1468069373145541,1775212877232,3.054324E-4,-0.3979784,-0.24434592,3
android.sensor.accelerometer,1468069379401122,1468069388254551,1775212877247,0.6735796,7.7946196,6.297311,3
android.sensor.gyroscope,1468069390183153,1468069396886322,1775212877255,-0.042455103,-0.33444846,-0.2687805,3
android.sensor.accelerometer,1468069407895862,1468069416024082,1775212877275,0.573081,7.7850485,6.701698,3
android.sensor.gyroscope,1468069413928778,1468069420288666,1775212877279,0.014966187,-0.30024004,-0.23457208,3
android.sensor.gyroscope,1468069432925237,1468069440509968,1775212877299,0.028405212,-0.33444846,-0.25045455,3
android.sensor.accelerometer,1468069436390549,1468069444973978,1775212877303,0.7908279,7.3375907,6.1441703,3
android.sensor.gyroscope,1468069456670862,1468069463341374,1775212877322,0.017409647,-0.32223117,-0.39584038,3
android.sensor.accelerometer,1468069464885289,1468069473512468,1775212877332,0.7956135,7.1629148,5.536393,3
android.sensor.gyroscope,1468069480416487,1468069487306270,1775212877346,-0.032681264,-0.34177884,-0.51068294,3
android.sensor.accelerometer,1468069493380028,1468069500991270,1775212877359,0.013160525,7.7754774,5.246862,3
android.sensor.gyroscope,1468069504162112,1468069511795489,1775212877370,0.010079269,-0.25870124,-0.44470957,3
android.sensor.accelerometer,1468069521874768,1468069529923770,1775212877388,-0.13040884,7.9573317,4.852046,3
android.sensor.gyroscope,1468069527907737,1468069534310020,1775212877393,-0.0754418,-0.20983206,-0.24068072,3
android.sensor.gyroscope,1468069551653362,1468069558807728,1775212877417,-0.15607595,-0.16951497,-0.16249003,3
android.sensor.accelerometer,1468069550369560,1468069558915697,1775212877417,1.1928221,7.239485,5.1583276,3
android.sensor.gyroscope,1468069575398935,1468069582009655,1775212877441,-0.1621846,-0.16829325,-0.18325943,3
android.sensor.accelerometer,1468069578864299,1468069587409291,1775212877446,1.1234303,7.5553374,5.89771,3
android.sensor.gyroscope,1468069599144560,1468069605806009,1775212877464,-0.10598504,-0.228158,-0.16249003,3
android.sensor.accelerometer,1468069607359039,1468069615602155,1775212877474,0.73579293,7.85444,6.3643103,3
android.sensor.gyroscope,1468069622890185,1468069629674916,1775212877488,0.03084867,-0.29901832,-0.106290475,3
android.sensor.accelerometer,1468069635853778,1468069644457780,1775212877503,0.6903293,7.7611203,6.093921,3
android.sensor.gyroscope,1468069646635810,1468069654318718,1775212877513,0.13469568,-0.32589635,-0.08552107,3
android.sensor.gyroscope,1468069665632320,1468069676756374,1775212877535,0.120034926,-0.32467464,-0.15882485,3
android.sensor.accelerometer,1468069664348518,1468069676916843,1775212877535,0.98943216,7.5122666,5.368896,3
android.sensor.gyroscope,1468069694127060,1468069700732936,1775212877559,0.088269964,-0.2452622,-0.18936808,3
android.sensor.accelerometer,1468069692843257,1468069700832207,1775212877559,0.74536425,7.8759756,5.469394,3
android.sensor.gyroscope,1468069717872685,1468069724849707,1775212877583,0.017409647,-0.26480988,-0.18936808,3
android.sensor.accelerometer,1468069721337997,1468069729447468,1775212877588,0.59940207,7.9094753,5.502894,3
android.sensor.gyroscope,1468069741618310,1468069748446530,1775212877607,0.06750056,-0.19028437,-0.20891576,3
android.sensor.accelerometer,1468069749832789,1468069758953770,1775212877617,0.59940207,7.8376904,5.6033926,3
android.sensor.gyroscope,1468069765363935,1468069772052155,1775212877631,-0.0058032153,-0.26847506,-0.23090689,3
android.sensor.accelerometer,1468069778327528,1468069786926061,1775212877645,0.33379877,8.002795,5.5459647,3
android.sensor.gyroscope,1468069789109560,1468069795974082,1775212877654,0.0051923506,-0.14263692,-0.16126831,3
android.sensor.accelerometer,1468069806822268,1468069815152103,1775212877674,0.42951167,7.773084,5.833103,3
android.sensor.gyroscope,1468069812855185,1468069819936999,1775212877678,-0.08155045,-0.13775001,-0.18325943,3
android.sensor.gyroscope,1468069831851695,1468069840086999,1775212877699,-0.057115857,-0.16707152,-0.1197295,3
android.sensor.accelerometer,1468069835317007,1468069843349551,1775212877702,0.104087785,8.009974,6.6203423,3
android.sensor.gyroscope,1468069855597320,1468069863103093,1775212877722,0.088269964,-0.21349724,-0.13072506,3
android.sensor.accelerometer,1468069863811799,1468069872304968,1775212877731,0.62093747,7.7419777,6.3595243,3
android.sensor.gyroscope,1468069879342945,1468069886267259,1775212877745,0.1065959,-0.18661919,-0.16371176,3
android.sensor.accelerometer,1468069892306539,1468069900131165,1775212877759,0.19501504,7.9740815,6.136992,3
android.sensor.gyroscope,1468069903088622,1468069909724343,1775212877769,0.041844238,-0.13286309,-0.112399116,3
android.sensor.accelerometer,1468069911303049,1468069920622884,1775212877779,0.4031906,7.732406,6.5485573,3
android.sensor.gyroscope,1468069922085080,1468069929729551,1775212877788,0.094378605,-0.08888082,-0.10384701,3
android.sensor.accelerometer,1468069939797789,1468069948195905,1775212877807,1.1377872,7.2059855,6.7088766,3
android.sensor.gyroscope,1468069945830705,1468069952860072,1775212877811,0.14935644,-0.10231985,-0.28954992,3
android.sensor.gyroscope,1468069969576382,1468069976452155,1775212877835,0.20799945,-0.053450666,-0.30421066,3
android.sensor.accelerometer,1468069968292580,1468069976588822,1775212877835,-0.1471586,8.182257,6.376274,3
android.sensor.gyroscope,1468069993322007,1468070000287572,1775212877859,0.17501275,-0.015577052,-0.13316852,3
android.sensor.accelerometer,1468069996787320,1468070004495957,1775212877863,-0.16869399,8.210971,6.337989,3
android.sensor.gyroscope,1468070012318518,1468070021948561,1775212877880,0.23609924,-0.0033597562,-0.11117739,3
android.sensor.accelerometer,1468070025282112,1468070033624134,1775212877892,1.3794622,7.172486,6.022136,3
android.sensor.gyroscope,1468070036064143,1468070042827572,1775212877901,0.15424335,-0.035124727,-0.3347539,3
android.sensor.accelerometer,1468070044278622,1468070054470436,1775212877913,0.57547385,7.8831544,6.0101724,3
android.sensor.gyroscope,1468070059809768,1468070066847572,1775212877925,0.13591741,-0.013133593,-0.3017672,3
android.sensor.accelerometer,1468070072773362,1468070082931061,1775212877941,-0.14476576,8.270791,5.543572,3
android.sensor.gyroscope,1468070083555445,1468070090577884,1775212877949,0.0980438,0.0650571,-0.18936808,3
android.sensor.gyroscope,1468070102551955,1468070111942363,1775212877970,-0.029016078,0.1517999,-0.05131264,3
android.sensor.accelerometer,1468070101268153,1468070112177624,1775212877971,-0.6903293,8.37129,5.581857,3
android.sensor.gyroscope,1468070126297580,1468070133141270,1775212877992,-0.032681264,0.08093958,0.11117739,3
android.sensor.accelerometer,1468070129762893,1468070137717311,1775212877996,-0.28115666,8.316256,6.6203423,3
android.sensor.gyroscope,1468070150043205,1468070156826374,1775212878015,0.06383537,-0.0754418,0.20769402,3
android.sensor.accelerometer,1468070158257685,1468070166187936,1775212878025,1.422533,7.210771,6.079564,3
android.sensor.gyroscope,1468070173788830,1468070180271009,1775212878039,0.057726722,-0.083993904,0.056199558,3
android.sensor.accelerometer,1468070186752424,1468070194765332,1775212878053,1.8436699,6.629315,5.285147,3
android.sensor.gyroscope,1468070197534507,1468070204044238,1775212878063,-0.07299834,0.10415245,-0.15271619,3
android.sensor.accelerometer,1468070215247216,1468070223451582,1775212878082,-0.29072794,8.017152,6.189634,3
android.sensor.gyroscope,1468070221280132,1468070228355592,1775212878087,-0.15363249,0.1847866,-0.091629714,3
android.sensor.gyroscope,1468070245025757,1468070251553301,1775212878110,-0.08032872,-0.044898562,0.18936808,3
android.sensor.accelerometer,1468070243741955,1468070251924082,1775212878110,-0.9559326,8.488539,7.5463643,3
android.sensor.gyroscope,1468070268771435,1468070275425801,1775212878134,0.1310305,-0.23182319,0.27855435,3
android.sensor.accelerometer,1468070272236747,1468070280305488,1775212878139,0.66161543,7.3160553,6.773483,3
android.sensor.accelerometer,1468070291233257,1468070300394707,1775212878159,1.1688938,6.9906316,6.014958,3
android.sensor.gyroscope,1468070292517060,1468070300523978,1775212878159,0.12370012,-0.15241076,0.09407318,3
android.sensor.gyroscope,1468070316262737,1468070323264394,1775212878182,0.06627883,-0.032681264,-0.05253437,3
android.sensor.accelerometer,1468070319728049,1468070327936842,1775212878186,-0.24047868,8.316256,6.261419,3
android.sensor.gyroscope,1468070335259247,1468070343445384,1775212878202,0.06017018,-0.065667965,0.019547673,3
android.sensor.accelerometer,1468070348222841,1468070356553665,1775212878215,-0.587438,8.445468,6.1322064,3
android.sensor.gyroscope,1468070359004872,1468070365638769,1775212878224,0.08460477,-0.1414152,0.11117739,3
android.sensor.accelerometer,1468070367219351,1468070376714394,1775212878235,-0.18305093,8.026724,5.5387864,3
android.sensor.gyroscope,1468070382750549,1468070389965697,1775212878248,0.06017018,-0.0632245,0.09529491,3
android.sensor.accelerometer,1468070395714091,1468070403936842,1775212878262,0.44147578,7.500303,5.232505,3
android.sensor.gyroscope,1468070406496174,1468070413776582,1775212878272,-0.07422007,0.0027488915,-0.06963859,3
android.sensor.accelerometer,1468070424208882,1468070432691634,1775212878291,-0.27158538,8.206185,6.201598,3
android.sensor.gyroscope,1468070430241851,1468070436867780,1775212878295,-0.04856375,-0.06444623,-0.07208204,3
android.sensor.gyroscope,1468070453987476,1468070460568821,1775212878319,0.06627883,-0.13897173,-0.0012217296,3
android.sensor.accelerometer,1468070452703674,1468070460677363,1775212878319,-0.022731815,8.335398,6.1178493,3
android.sensor.gyroscope,1468070477733153,1468070484200332,1775212878343,0.068722285,-0.12553272,0.0073303776,3
android.sensor.accelerometer,1468070481198466,1468070493613665,1775212878352,0.13040884,8.187042,5.675177,3
android.sensor.gyroscope,1468070501478778,1468070508146790,1775212878367,0.023518294,-0.08155045,0.021991132,3
android.sensor.accelerometer,1468070509693257,1468070517790540,1775212878376,0.23808585,7.911868,6.110671,3
android.sensor.gyroscope,1468070525224455,1468070532225592,1775212878391,0.076052666,-0.10476331,-0.014660755,3
android.sensor.accelerometer,1468070538188049,1468070546968613,1775212878405,0.7190432,7.655836,6.189634,3
android.sensor.gyroscope,1468070548970080,1468070555964551,1775212878414,0.046731155,-0.19028437,-0.13561198,3
android.sensor.accelerometer,1468070566682789,1468070575070384,1775212878434,0.25962126,8.301898,6.352346,3
android.sensor.gyroscope,1468070572715757,1468070580318405,1775212878439,0.03451386,-0.19761476,-0.074525505,3
android.sensor.gyroscope,1468070596461382,1468070603725957,1775212878462,0.06994402,-0.1744019,-0.08552107,3
android.sensor.accelerometer,1468070595177580,1468070603830436,1775212878462,0.6520442,7.832905,6.4959154,3
android.sensor.gyroscope,1468070620207060,1468070627143926,1775212878486,0.03940078,-0.27336198,-0.1404989,3
android.sensor.accelerometer,1468070623672372,1468070631978353,1775212878490,-0.041874398,8.35454,6.850053,3
android.sensor.gyroscope,1468070643952737,1468070650762832,1775212878509,0.06994402,-0.44562587,-0.010995566,3
android.sensor.accelerometer,1468070652167164,1468070660498613,1775212878519,0.68075806,8.112865,6.9242306,3
android.sensor.gyroscope,1468070667698362,1468070674371530,1775212878533,0.1517999,-0.5103775,0.015882485,3
android.sensor.accelerometer,1468070671163726,1468070681316373,1775212878540,1.6043876,7.670193,6.460023,3
android.sensor.gyroscope,1468070691444039,1468070698388561,1775212878557,0.06750056,-0.49938196,-0.14416409,3
android.sensor.accelerometer,1468070699658518,1468070708035853,1775212878567,1.3076776,7.9573317,6.2159553,3
android.sensor.gyroscope,1468070710440549,1468070719993769,1775212878579,0.040622506,-0.5054906,-0.17104214,3
android.sensor.accelerometer,1468070728153310,1468070736177988,1775212878595,1.1712867,7.911868,5.8833528,3
android.sensor.gyroscope,1468070734186226,1468070740499290,1775212878599,0.050396346,-0.5726857,-0.16982041,3
android.sensor.gyroscope,1468070757931903,1468070764368457,1775212878623,-0.11331542,-0.59345514,-0.07086031,3
android.sensor.accelerometer,1468070756648101,1468070764481321,1775212878623,0.3505485,8.565108,5.1272206,3
android.sensor.gyroscope,1468070781677528,1468070788457623,1775212878647,-0.20250167,-0.47006044,0.19058982,3
android.sensor.accelerometer,1468070785142893,1468070793344446,1775212878652,1.0971092,8.07458,5.4143596,3
android.sensor.gyroscope,1468070805423205,1468070812442988,1775212878671,-0.2196059,-0.3149008,0.0537561,3
android.sensor.accelerometer,1468070813637685,1468070823212415,1775212878682,3.9900317,5.215157,4.4021955,3
android.sensor.gyroscope,1468070829168882,1468070835984394,1775212878694,-0.46761698,-0.16951497,-0.718377,3
android.sensor.accelerometer,1468070842132476,1468070850191009,1775212878709,0.8003992,7.3806615,4.706084,3
android.sensor.gyroscope,1468070852914560,1468070860243092,1775212878719,-0.5885682,-0.18173227,-0.849102,3
android.sensor.accelerometer,1468070870627268,1468070879765176,1775212878738,-1.3052847,9.122637,5.529215,3
android.sensor.gyroscope,1468070876660185,1468070883924446,1775212878742,-0.4016436,-0.16951497,-0.34941465,3
android.sensor.gyroscope,1468070900405862,1468070906944186,1775212878765,-0.40408704,-0.24404047,-0.118507765,3
android.sensor.accelerometer,1468070899122060,1468070907022728,1775212878766,0.6879365,7.5050883,5.5914283,3
android.sensor.gyroscope,1468070924151539,1468070930896530,1775212878789,-0.43707374,-0.49327332,-0.23335035,3
android.sensor.accelerometer,1468070927616851,1468070935647519,1775212878794,1.288535,7.411768,6.704091,3
android.sensor.gyroscope,1468070947897216,1468070954489759,1775212878813,-0.15363249,-0.63010705,-0.20647229,3
android.sensor.accelerometer,1468070956111643,1468070964017936,1775212878823,1.43689,7.493124,6.261419,3
android.sensor.gyroscope,1468070971642893,1468070979082363,1775212878838,0.032070402,-0.5201514,-0.19547673,3
android.sensor.accelerometer,1468070984606487,1468070992800228,1775212878851,1.6474584,6.8853474,5.105685,3
android.sensor.gyroscope,1468070995388570,1468071001795696,1775212878860,-0.14019346,-0.3894263,-0.37262753,3
android.sensor.accelerometer,1468071013101278,1468071021590228,1775212878880,0.32662028,7.830512,5.7637115,3
android.sensor.gyroscope,1468071014385080,1468071022522884,1775212878881,-0.21349724,-0.35521787,-0.34941465,3
android.sensor.gyroscope,1468071038130757,1468071045473405,1775212878904,-0.14630212,-0.3356702,-0.23701553,3
android.sensor.accelerometer,1468071041596070,1468071049647571,1775212878908,0.6520442,7.500303,5.833103,3
android.sensor.gyroscope,1468071061876435,1468071068714498,1775212878927,-0.13286309,-0.2819141,-0.24923283,3
android.sensor.accelerometer,1468071070090914,1468071078743561,1775212878937,1.2095718,6.99781,5.4382877,3
android.sensor.gyroscope,1468071080872945,1468071088835436,1775212878947,-0.1915061,-0.19272783,-0.30421066,3
android.sensor.accelerometer,1468071098585705,1468071106457103,1775212878965,0.75493556,7.1485577,5.981458,3
android.sensor.gyroscope,1468071104618622,1468071112022780,1775212878971,-0.228158,-0.15729769,-0.30787584,3
android.sensor.gyroscope,1468071128364299,1468071135239863,1775212878994,-0.1915061,-0.21471897,-0.252898,3
android.sensor.accelerometer,1468071127080497,1468071135349498,1775212878994,0.39840496,7.7994056,6.5294147,3
android.sensor.gyroscope,1468071152109976,1468071160200071,1775212879019,-0.092546016,-0.33689192,-0.16982041,3
android.sensor.accelerometer,1468071155575341,1468071163934863,1775212879022,0.9415757,7.8687973,6.871588,3
android.sensor.gyroscope,1468071175855653,1468071183601477,1775212879042,0.046731155,-0.36743516,-0.19914192,3
android.sensor.accelerometer,1468071184070132,1468071192009811,1775212879051,1.4847465,7.48116,6.3164535,3
android.sensor.gyroscope,1468071199601330,1468071206022363,1775212879065,0.017409647,-0.35399613,-0.2614501,3
android.sensor.accelerometer,1468071212564924,1468071220528873,1775212879079,1.3435699,7.507481,6.378667,3
android.sensor.gyroscope,1468071223347007,1468071229899342,1775212879088,0.028405212,-0.286801,-0.2516763,3
android.sensor.accelerometer,1468071241059768,1468071249324030,1775212879108,1.9513469,6.856633,6.2638116,3
android.sensor.gyroscope,1468071247092685,1468071255643352,1775212879114,-0.0033597562,-0.28069237,-0.42882708,3
android.sensor.accelerometer,1468071269554560,1468071277866946,1775212879136,0.8913264,7.5864444,6.0747786,3
android.sensor.gyroscope,1468071270838362,1468071278141061,1775212879137,-0.10354158,-0.18051054,-0.505796,3
android.sensor.gyroscope,1468071294584039,1468071300891165,1775212879159,-0.1499673,-0.054672398,-0.51190466,3
android.sensor.accelerometer,1468071298049403,1468071305979550,1775212879164,0.79800636,7.119844,6.3810596,3
android.sensor.gyroscope,1468071318329716,1468071325043352,1775212879184,-0.25992295,-0.016798781,-0.51068294,3
android.sensor.accelerometer,1468071326544195,1468071334834654,1775212879193,-0.101694964,7.6917286,7.2616186,3
android.sensor.gyroscope,1468071342075445,1468071348726061,1775212879207,-0.23793183,-0.14508039,-0.3506364,3
android.sensor.accelerometer,1468071345540757,1468071355574550,1775212879214,-0.025124637,8.038688,8.201998,3
android.sensor.gyroscope,1468071365821122,1468071372949550,1775212879231,-0.04734202,-0.377209,-0.15515965,3
android.sensor.accelerometer,1468071374035601,1468071382616113,1775212879241,1.2598212,7.4620175,7.8287177,3
android.sensor.gyroscope,1468071389566799,1468071396228665,1775212879255,0.011300999,-0.35033095,-0.13805544,3
android.sensor.accelerometer,1468071402530393,1468071412599342,1775212879271,2.248057,5.7655063,7.1826553,3
android.sensor.gyroscope,1468071413312476,1468071420651373,1775212879279,0.062613636,-0.17195843,-0.3604102,3
android.sensor.accelerometer,1468071431025237,1468071440603925,1775212879299,0.7932207,6.3661046,7.2089763,3
android.sensor.gyroscope,1468071432309039,1468071440713300,1775212879299,0.12858704,-0.17562363,-0.5412262,3
android.sensor.gyroscope,1468071456054716,1468071462841582,1775212879321,0.24342962,-0.37476555,-0.4166098,3
android.sensor.accelerometer,1468071459520028,1468071467818717,1775212879326,-0.046660043,8.029117,6.6945195,3
android.sensor.gyroscope,1468071479800393,1468071486299446,1775212879345,0.35460702,-0.36132652,-0.19547673,3
android.sensor.accelerometer,1468071488014872,1468071496560332,1775212879355,0.7692925,7.7850485,4.8448677,3
android.sensor.gyroscope,1468071503546070,1468071510197259,1775212879369,0.15424335,-0.10476331,-0.10262528,3
android.sensor.accelerometer,1468071516509716,1468071526094029,1775212879385,0.9846465,7.665407,5.340182,3
android.sensor.gyroscope,1468071527291799,1468071534230019,1775212879393,-0.10476331,-0.04734202,-0.13561198,3
android.sensor.accelerometer,1468071545004507,1468071553169394,1775212879412,0.51086766,7.911868,7.094121,3
android.sensor.gyroscope,1468071551037476,1468071557908873,1775212879416,0.054061532,-0.1621846,-0.11484258,3
android.sensor.gyroscope,1468071574783153,1468071581641894,1775212879440,0.27030766,-0.35033095,-0.14660755,3
android.sensor.accelerometer,1468071573499351,1468071582026477,1775212879441,0.59940207,7.9501534,6.6035924,3
android.sensor.gyroscope,1468071598528830,1468071605178561,1775212879464,0.18967351,-0.3527744,-0.24068072,3
android.sensor.accelerometer,1468071601994195,1468071610206217,1775212879469,0.9631111,7.698907,5.280361,3
android.sensor.gyroscope,1468071622274560,1468071629004915,1775212879488,0.06627883,-0.2452622,-0.37384924,3
android.sensor.accelerometer,1468071630489039,1468071639052936,1775212879498,0.3074777,8.177471,5.703891,3
android.sensor.gyroscope,1468071646020237,1468071652389186,1775212879511,0.109039366,-0.13897173,-0.35307986,3
android.sensor.accelerometer,1468071658983830,1468071668778821,1775212879527,-0.18065812,8.268398,5.6536417,3
android.sensor.gyroscope,1468071669765914,1468071676888092,1775212879535,0.11514801,-0.10476331,-0.23701553,3
android.sensor.accelerometer,1468071687478674,1468071696310592,1775212879555,0.79800636,7.4883385,5.8881383,3
android.sensor.gyroscope,1468071693511643,1468071700350071,1775212879559,0.05650499,-0.17684536,-0.25411975,3
android.sensor.gyroscope,1468071712508153,1468071720363561,1775212879579,0.07238748,-0.25137085,-0.34574947,3
android.sensor.accelerometer,1468071715973518,1468071723742154,1775212879582,0.64247286,7.765906,6.259026,3
android.sensor.gyroscope,1468071736253882,1468071743073509,1775212879602,0.15546508,-0.3149008,-0.28954992,3
android.sensor.accelerometer,1468071744468362,1468071752376686,1775212879611,0.42711884,8.076973,6.220741,3
android.sensor.gyroscope,1468071755250445,1468071763462154,1775212879622,0.23609924,-0.3271181,-0.24312419,3
android.sensor.accelerometer,1468071772963205,1468071781174186,1775212879640,0.6161518,8.031509,5.5387864,3
android.sensor.gyroscope,1468071778996122,1468071785353873,1775212879644,0.24220788,-0.28802276,-0.25656322,3
android.sensor.gyroscope,1468071802741851,1468071810170644,1775212879669,0.16768238,-0.21716243,-0.046425723,3
android.sensor.accelerometer,1468071801458049,1468071810266061,1775212879669,-0.45822555,9.139386,5.6871414,3
android.sensor.gyroscope,1468071826487528,1468071833733456,1775212879692,0.1847866,-0.35033095,0.16737695,3
android.sensor.accelerometer,1468071829952893,1468071838433040,1775212879697,0.86979103,7.873583,6.4959154,3
android.sensor.gyroscope,1468071850233205,1468071856950748,1775212879716,0.2678642,-0.42974338,0.0061086477,3
android.sensor.accelerometer,1468071858447685,1468071866872519,1775212879725,1.2454642,7.7347994,5.9264235,3
android.sensor.gyroscope,1468071873978935,1468071880344446,1775212879739,0.31551164,-0.40042186,-0.08552107,3
android.sensor.accelerometer,1468071886942528,1468071895477883,1775212879754,0.0059820567,8.708678,5.6129637,3
android.sensor.gyroscope,1468071892975497,1468071900420644,1775212879759,0.20189081,-0.51282096,0.0073303776,3
android.sensor.gyroscope,1468071916721174,1468071923485956,1775212879782,0.1395826,-0.5836813,0.1404989,3
android.sensor.accelerometer,1468071915437372,1468071923607727,1775212879782,0.56829536,8.565108,5.2277193,3
android.sensor.gyroscope,1468071940466903,1468071947019498,1775212879806,-0.0021380268,-0.44196066,0.1404989,3
android.sensor.accelerometer,1468071943932216,1468071951902311,1775212879810,0.61854464,8.467003,5.263612,3
android.sensor.gyroscope,1468071964212580,1468071971105331,1775212879830,-0.0754418,-0.53236866,0.11728604,3
android.sensor.accelerometer,1468071972427060,1468071980288300,1775212879839,2.3102703,7.1677003,5.8426747,3
android.sensor.gyroscope,1468071987958310,1468071994530279,1775212879853,0.003970621,-0.56291187,-0.239459,3
android.sensor.accelerometer,1468071991423622,1468072000713665,1775212879859,2.231307,7.368697,5.4406805,3
android.sensor.gyroscope,1468072011704039,1468072018583248,1775212879877,-0.11209369,-0.6203332,-0.4166098,3
android.sensor.accelerometer,1468072019918518,1468072027931685,1775212879886,0.62811595,8.500503,5.163113,3
android.sensor.gyroscope,1468072035449716,1468072042237363,1775212879901,-0.13286309,-0.56046844,-0.25411975,3
android.sensor.accelerometer,1468072048413362,1468072056575123,1775212879915,1.4608182,7.88794,5.945566,3
android.sensor.gyroscope,1468072059195445,1468072065949706,1775212879924,0.0736092,-0.51526445,-0.27244568,3
android.sensor.accelerometer,1468072076908205,1468072084849758,1775212879943,2.2576282,7.225128,5.263612,3
android.sensor.gyroscope,1468072082941122,1468072090230488,1775212879949,0.16646065,-0.54702944,-0.57787806,3
android.sensor.gyroscope,1468072106686851,1468072113447310,1775212879972,0.11759147,-0.33078328,-0.6377428,3
android.sensor.accelerometer,1468072105403049,1468072113578092,1775212879972,0.97507524,8.242078,4.325625,3
android.sensor.gyroscope,1468072130432580,1468072137179081,1775212879996,-0.04978548,-0.3026835,-0.59498227,3
android.sensor.accelerometer,1468072133897893,1468072141931373,1775212880000,0.63529444,8.35454,4.852046,3
android.sensor.gyroscope,1468072154178257,1468072160659706,1775212880019,-0.02046397,-0.2770272,-0.51434815,3
android.sensor.accelerometer,1468072162392737,1468072170705592,1775212880029,0.13040884,8.65125,5.096114,3
android.sensor.gyroscope,1468072177923987,1468072184815696,1775212880043,-0.009468404,-0.35033095,-0.3836231,3
android.sensor.accelerometer,1468072190887580,1468072200252571,1775212880059,-0.12323037,8.87139,4.95733,3
android.sensor.gyroscope,1468072201669716,1468072208254654,1775212880067,0.040622506,-0.2367101,-0.20036365,3
android.sensor.accelerometer,1468072219382476,1468072227489290,1775212880086,0.80997044,8.038688,5.311468,3
android.sensor.gyroscope,1468072225415393,1468072231798248,1775212880090,0.107817635,-0.20616686,-0.22846343,3
android.sensor.gyroscope,1468072249161122,1468072258274810,1775212880117,0.13225223,-0.22693627,-0.3506364,3
android.sensor.accelerometer,1468072247877320,1468072258386477,1775212880117,0.6759724,8.26122,4.718048,3
android.sensor.gyroscope,1468072272906851,1468072280055071,1775212880139,-0.0021380268,-0.2696968,-0.35674503,3
android.sensor.accelerometer,1468072276372164,1468072284222727,1775212880143,0.23808585,8.703893,4.49073,3
android.sensor.gyroscope,1468072291903414,1468072300337935,1775212880159,-0.02046397,-0.22571453,-0.32009315,3
android.sensor.accelerometer,1468072304867060,1468072313207102,1775212880172,0.6735796,8.220542,4.529015,3
android.sensor.gyroscope,1468072315649143,1468072322780175,1775212880181,-0.06811142,-0.18173227,-0.3848448,3
android.sensor.accelerometer,1468072333361903,1468072341186790,1775212880200,0.69272214,8.120044,4.88076,3
android.sensor.gyroscope,1468072339394820,1468072346102935,1775212880205,-0.2037234,-0.21349724,-0.5387827,3
android.sensor.gyroscope,1468072363140549,1468072370042935,1775212880229,-0.097432934,-0.24648394,-0.3970621,3
android.sensor.accelerometer,1468072361856747,1468072370167831,1775212880229,-0.046660043,8.885747,5.5866427,3
android.sensor.gyroscope,1468072386886278,1468072393703248,1775212880252,0.025961753,-0.20005822,-0.34086254,3
android.sensor.accelerometer,1468072390351643,1468072398598612,1775212880257,0.56829536,8.163115,4.9381876,3
android.sensor.gyroscope,1468072410632007,1468072418740227,1775212880277,-0.07666353,-0.23793183,-0.4007273,3
android.sensor.accelerometer,1468072409348205,1468072419007310,1775212880278,0.4031906,8.230113,5.325825,3
android.sensor.gyroscope,1468072434377737,1468072440830487,1775212880299,0.021074835,-0.27458373,-0.375071,3
android.sensor.accelerometer,1468072437843049,1468072446516112,1775212880305,-0.17587246,8.55793,6.024529,3
android.sensor.gyroscope,1468072458123466,1468072464882467,1775212880323,0.13225223,-0.36621344,-0.29565856,3
android.sensor.accelerometer,1468072466337945,1468072474521946,1775212880333,-0.4223332,8.720642,5.313861,3
android.sensor.gyroscope,1468072481869195,1468072488613196,1775212880347,0.11148282,-0.3112356,-0.20036365,3
android.sensor.accelerometer,1468072494832789,1468072502718769,1775212880361,-0.0011964113,8.2014,4.950152,3
android.sensor.gyroscope,1468072505614872,1468072512983092,1775212880372,0.03940078,-0.18539746,-0.19303326,3
android.sensor.accelerometer,1468072523327685,1468072531391269,1775212880390,0.33379877,7.945368,5.665606,3
android.sensor.gyroscope,1468072529360601,1468072535958196,1775212880394,0.019853106,-0.22082762,-0.24678937,3
android.sensor.gyroscope,1468072553106330,1468072560399498,1775212880419,0.107817635,-0.2073886,-0.31642795,3
android.sensor.accelerometer,1468072551822528,1468072560564914,1775212880419,0.30987054,8.29472,5.5866427,3
android.sensor.gyroscope,1468072572102945,1468072580612258,1775212880439,0.11636974,-0.123089254,-0.2944368,3
android.sensor.accelerometer,1468072570819143,1468072580751998,1775212880439,0.08255238,8.455039,5.0051866,3
android.sensor.accelerometer,1468072589815705,1468072601195592,1775212880460,-0.039481573,8.273184,4.8496532,3
android.sensor.gyroscope,1468072595848674,1468072602134289,1775212880461,0.018631376,0.021074835,-0.31398448,3
android.sensor.gyroscope,1468072619594403,1468072626561946,1775212880485,-0.11942407,-0.0754418,-0.27000225,3
android.sensor.accelerometer,1468072618310601,1468072626645748,1775212880485,-0.43669012,8.825927,5.636892,3
android.sensor.gyroscope,1468072643340132,1468072649981373,1775212880509,-0.1744019,-0.015577052,-0.12705988,3
android.sensor.accelerometer,1468072646805445,1468072654764237,1775212880513,-0.26919255,8.723035,5.7206407,3
android.sensor.gyroscope,1468072667085862,1468072673757987,1775212880532,-0.10720677,0.22876886,0.021991132,3
android.sensor.accelerometer,1468072675300341,1468072686060800,1775212880545,0.25004998,7.9477606,6.335596,3
android.sensor.gyroscope,1468072690831591,1468072697873039,1775212880556,0.008857539,0.33261588,0.012217295,3
android.sensor.accelerometer,1468072703795185,1468072712833821,1775212880571,1.2382857,6.9092755,5.907281,3
android.sensor.gyroscope,1468072714577320,1468072720868769,1775212880579,-0.026572619,0.33505934,-0.22846343,3
android.sensor.gyroscope,1468072733573882,1468072740881946,1775212880599,-0.0632245,0.39370236,-0.21380267,3
android.sensor.accelerometer,1468072732290080,1468072740956008,1775212880599,-0.025124637,7.9357963,5.543572,3
android.sensor.gyroscope,1468072757319612,1468072763862675,1775212880622,0.022296565,0.5855139,-0.0073303776,3
android.sensor.accelerometer,1468072760784976,1468072770424237,1775212880629,-0.07058827,8.143971,5.691927,3
android.sensor.gyroscope,1468072781065341,1468072787655175,1775212880646,0.06383537,0.46334094,0.067195125,3
android.sensor.accelerometer,1468072789279872,1468072797918456,1775212880656,0.22612174,7.9022965,6.230312,3
android.sensor.gyroscope,1468072804811070,1468072811400644,1775212880670,0.120034926,0.14569125,0.062308207,3
android.sensor.accelerometer,1468072817774716,1468072826105123,1775212880685,0.12562318,8.495717,5.849853,3
android.sensor.gyroscope,1468072828556799,1468072836011269,1775212880695,0.2922988,0.08093958,0.12217296,3
android.sensor.accelerometer,1468072846269612,1468072854121841,1775212880713,1.0803595,7.9980097,4.868796,3
android.sensor.gyroscope,1468072852302528,1468072860225279,1775212880719,0.24831653,0.13469568,0.034208428,3
android.sensor.gyroscope,1468072871299143,1468072882573300,1775212880741,0.109039366,0.09071342,-0.1404989,3
android.sensor.accelerometer,1468072874764507,1468072882993248,1775212880741,0.5276174,8.596215,5.354539,3
android.sensor.gyroscope,1468072899794039,1468072906200279,1775212880765,0.17134757,0.13836087,-0.13439025,3
android.sensor.accelerometer,1468072903259351,1468072911415904,1775212880770,0.2955136,8.49811,4.9381876,3
android.sensor.gyroscope,1468072923539768,1468072930031112,1775212880789,0.0772744,0.18234314,-0.25411975,3
android.sensor.accelerometer,1468072931754247,1468072940577779,1775212880799,-0.25004998,8.124829,5.38086,3
android.sensor.gyroscope,1468072947285497,1468072953932154,1775212880812,0.03940078,-0.013133593,-0.31276277,3
android.sensor.accelerometer,1468072960249143,1468072968605071,1775212880827,-0.7860422,8.340183,6.0987067,3
android.sensor.gyroscope,1468072971031226,1468072977721581,1775212880836,0.24342962,-0.19028437,-0.2614501,3
android.sensor.accelerometer,1468072988744039,1468072996885279,1775212880855,-0.587438,8.311469,4.7946186,3
android.sensor.gyroscope,1468072994777007,1468073001454966,1775212880860,0.25320345,-0.14019346,-0.23335035,3
android.sensor.gyroscope,1468073018522737,1468073025851425,1775212880884,0.19700389,0.15424335,-0.05986475,3
android.sensor.accelerometer,1468073017238935,1468073025954446,1775212880884,-1.0707881,8.811569,4.7922254,3
android.sensor.gyroscope,1468073042268466,1468073049250383,1775212880908,0.13836087,0.1432478,-0.0024434591,3
android.sensor.accelerometer,1468073045733830,1468073053627727,1775212880912,-0.15433706,7.6271224,5.5675,3
android.sensor.gyroscope,1468073066014195,1468073072726216,1775212880931,0.107817635,-0.11575887,-0.17104214,3
android.sensor.accelerometer,1468073074228726,1468073082618143,1775212880941,-0.50129634,8.151151,5.6440706,3
android.sensor.gyroscope,1468073089759976,1468073097022623,1775212880956,0.22754712,-0.13286309,-0.15882485,3
android.sensor.accelerometer,1468073093225289,1468073103377831,1775212880962,-0.9607183,8.957532,4.7491546,3
android.sensor.gyroscope,1468073113505705,1468073120651112,1775212880979,0.18967351,0.03940078,-0.013439025,3
android.sensor.accelerometer,1468073121720185,1468073129923456,1775212880988,-0.67118675,8.37129,4.5601215,3
android.sensor.gyroscope,1468073137251435,1468073143694654,1775212881002,0.13469568,0.1847866,0.014660755,3
android.sensor.accelerometer,1468073150215080,1468073158510070,1775212881017,-0.19740787,7.9716887,5.1846485,3
android.sensor.gyroscope,1468073160997216,1468073167491216,1775212881026,0.051618073,0.043065965,-0.12095123,3
android.sensor.accelerometer,1468073169211695,1468073179185539,1775212881038,-0.46061835,8.325827,5.3425746,3
android.sensor.gyroscope,1468073184742945,1468073191584393,1775212881050,0.044287696,-0.07055488,-0.15271619,3
android.sensor.accelerometer,1468073197706591,1468073205616841,1775212881064,-0.89371926,8.938389,5.139185,3
android.sensor.gyroscope,1468073208488674,1468073215538664,1775212881074,0.11514801,-0.05222894,-0.02932151,3
android.sensor.accelerometer,1468073226201487,1468073234463143,1775212881093,-0.4989035,8.526823,4.799404,3
android.sensor.gyroscope,1468073232234455,1468073240105018,1775212881099,0.100487255,-0.0058032153,-0.0061086477,3
android.sensor.gyroscope,1468073255980185,1468073265460539,1775212881124,0.022296565,-0.09010255,-0.15027274,3
android.sensor.accelerometer,1468073254696382,1468073265586789,1775212881124,-0.1471586,8.177471,4.983651,3
android.sensor.gyroscope,1468073279725914,1468073286208768,1775212881145,0.00641408,-0.065667965,-0.194255,3
android.sensor.accelerometer,1468073283191278,1468073291344289,1775212881150,-1.0923235,9.376275,4.828118,3
android.sensor.gyroscope,1468073303471695,1468073310274237,1775212881169,-0.092546016,-0.02046397,-0.05253437,3
android.sensor.accelerometer,1468073311686174,1468073320806008,1775212881179,-1.1377872,9.05803,5.1822557,3
android.sensor.gyroscope,1468073327217424,1468073334016477,1775212881193,-0.036346454,0.014966187,0.0012217296,3
android.sensor.accelerometer,1468073340181070,1468073348571997,1775212881207,-0.81236327,8.330612,5.725426,3
android.sensor.gyroscope,1468073350963205,1468073357913977,1775212881216,0.08704823,-0.116980605,-0.068416856,3
android.sensor.accelerometer,1468073368675966,1468073376674289,1775212881235,-1.1114662,8.840283,4.572086,3
android.sensor.gyroscope,1468073374708935,1468073381076008,1775212881240,3.054324E-4,-0.12797616,0.0048869182,3
android.sensor.gyroscope,1468073398454716,1468073404763664,1775212881263,0.023518294,-0.0632245,0.16004658,3
android.sensor.accelerometer,1468073397170914,1468073405137831,1775212881264,-0.24765715,8.258827,5.1008997,3
android.sensor.gyroscope,1468073422200445,1468073428982675,1775212881288,0.25198174,-0.008246674,0.02687805,3
android.sensor.accelerometer,1468073425665810,1468073434493612,1775212881293,0.44626144,7.5553374,4.7156553,3
android.sensor.gyroscope,1468073445946226,1468073452908300,1775212881311,0.21899502,0.00641408,-0.19058982,3
android.sensor.accelerometer,1468073454160705,1468073462260800,1775212881321,-0.27876383,8.478967,3.7250266,3
android.sensor.gyroscope,1468073469691955,1468073476406945,1775212881335,0.10537417,0.0015271619,-0.16859868,3
android.sensor.accelerometer,1468073473157320,1468073485600487,1775212881344,-0.45822555,8.53161,4.1461635,3
android.sensor.gyroscope,1468073493437737,1468073501164289,1775212881360,0.113926284,-0.06811142,-0.15882485,3
android.sensor.accelerometer,1468073501652216,1468073509490591,1775212881368,-0.06580263,8.347362,4.0528436,3
android.sensor.gyroscope,1468073517183466,1468073523888091,1775212881382,0.107817635,0.012522728,-0.18692462,3
android.sensor.accelerometer,1468073530147164,1468073537934810,1775212881396,-0.64247286,8.912068,4.074379,3
android.sensor.gyroscope,1468073540929247,1468073548891529,1775212881407,0.076052666,0.03451386,-0.06963859,3
android.sensor.accelerometer,1468073549143726,1468073558103352,1775212881417,-0.7405786,9.110672,4.3878384,3
android.sensor.gyroscope,1468073564675028,1468073571547987,1775212881430,0.074830934,-0.15241076,0.034208428,3
android.sensor.accelerometer,1468073577638674,1468073585841685,1775212881444,-0.47976094,8.868998,4.651049,3
android.sensor.gyroscope,1468073588420757,1468073595261320,1775212881454,0.17867795,-0.23426664,0.06352994,3
android.sensor.accelerometer,1468073606133570,1468073614349497,1775212881473,-0.4534399,9.079565,3.8997028,3
android.sensor.gyroscope,1468073612166539,1468073619836945,1775212881478,0.12247839,-0.15851942,0.118507765,3
android.sensor.gyroscope,1468073635912320,1468073642736737,1775212881501,0.052839804,-0.07910699,0.11117739,3
android.sensor.accelerometer,1468073634628518,1468073642978404,1775212881501,-0.09212367,8.536395,4.3184466,3
android.sensor.gyroscope,1468073659658049,1468073666361008,1775212881525,0.11270455,-0.0058032153,0.020769402,3
android.sensor.accelerometer,1468073663123414,1468073671434237,1775212881530,-0.21655045,8.596215,4.866403,3
android.sensor.gyroscope,1468073683403830,1468073691008195,1775212881550,0.15668681,-0.08888082,-0.05864302,3
android.sensor.accelerometer,1468073691618310,1468073700629654,1775212881559,-0.7788638,8.85464,4.1294136,3
android.sensor.gyroscope,1468073707149612,1468073715870279,1775212881574,0.120034926,0.057726722,0.012217295,3
android.sensor.accelerometer,1468073720113257,1468073728175383,1775212881587,-0.58983076,9.041281,3.69392,3
android.sensor.gyroscope,1468073730895341,1468073737663612,1775212881596,0.057726722,0.3265072,0.124616414,3
android.sensor.accelerometer,1468073748608153,1468073756506424,1775212881615,-0.17587246,8.2253275,4.964509,3
android.sensor.gyroscope,1468073754641122,1468073761089549,1775212881620,-0.066889696,0.18723005,0.05742129,3
android.sensor.gyroscope,1468073773637737,1468073781363039,1775212881640,0.0650571,-9.162972E-4,-0.041538805,3
android.sensor.accelerometer,1468073777103101,1468073785189862,1775212881644,-0.44865423,8.548359,5.703891,3
android.sensor.gyroscope,1468073797383518,1468073803891476,1775212881662,0.32284203,0.0015271619,0.0,3
android.sensor.accelerometer,1468073805597997,1468073815362674,1775212881674,-0.6855437,9.285348,3.6699917,3
android.sensor.gyroscope,1468073821129299,1468073828274237,1775212881687,0.15668681,0.15057817,0.11117739,3
android.sensor.accelerometer,1468073834092945,1468073842143508,1775212881701,-0.802792,9.223135,4.110271,3
android.sensor.gyroscope,1468073844875028,1468073851276633,1775212881710,-0.06933315,0.027183482,0.21380267,3
android.sensor.accelerometer,1468073862587841,1468073870617206,1775212881729,0.30029923,8.160722,5.323432,3
android.sensor.gyroscope,1468073868620810,1468073874937726,1775212881733,0.08460477,-0.062002774,0.07819069,3
android.sensor.gyroscope,1468073892366591,1468073900698820,1775212881759,0.21899502,-0.042455103,-0.09529491,3
android.sensor.accelerometer,1468073891082789,1468073900799185,1775212881759,-0.6879365,8.895318,4.2921257,3
android.sensor.gyroscope,1468073916112372,1468073923837049,1775212881782,0.1725693,0.1310305,0.09040799,3
android.sensor.accelerometer,1468073919577737,1468073928059862,1775212881787,-1.3387842,9.670592,4.0648074,3
android.sensor.gyroscope,1468073939858153,1468073946893872,1775212881805,0.11636974,0.06383537,0.16737695,3
android.sensor.accelerometer,1468073948072632,1468073959918456,1775212881818,-0.3385844,8.347362,4.8376894,3
android.sensor.gyroscope,1468073963603935,1468073970481112,1775212881829,0.040622506,-0.118202336,0.02932151,3
android.sensor.accelerometer,1468073976567580,1468073984275695,1775212881843,-0.7645068,8.579466,5.014758,3
android.sensor.gyroscope,1468073987349716,1468073994008039,1775212881853,0.06750056,-0.2196059,-0.0036651888,3
android.sensor.accelerometer,1468074005062528,1468074013447778,1775212881872,-0.8219346,9.017352,4.1030927,3
android.sensor.gyroscope,1468074011095445,1468074017766737,1775212881876,0.120034926,-0.010690134,0.043982264,3
android.sensor.gyroscope,1468074034841226,1468074041942883,1775212881900,0.025961753,0.14080434,-0.018325943,3
android.sensor.accelerometer,1468074033557424,1468074042048924,1775212881901,-0.46301118,8.739784,4.3878384,3
android.sensor.gyroscope,1468074058587007,1468074065220747,1775212881924,0.032070402,0.03573559,-0.04886918,3
android.sensor.accelerometer,1468074062052372,1468074070892935,1775212881929,-1.0229317,8.904889,4.97408,3
android.sensor.gyroscope,1468074082332789,1468074089205278,1775212881948,0.1310305,0.09315688,0.09407318,3
android.sensor.accelerometer,1468074090547320,1468074099914810,1775212881958,-0.695115,8.59143,4.0360937,3
android.sensor.gyroscope,1468074106078570,1468074112728143,1775212881971,0.06017018,0.31184646,0.12095123,3
android.sensor.accelerometer,1468074119042216,1468074127103508,1775212881986,-0.80997044,8.933603,4.356732,3
android.sensor.gyroscope,1468074129824351,1468074136872622,1775212881995,0.024740024,0.3460549,0.18325943,3
android.sensor.accelerometer,1468074147537164,1468074156068664,1775212882015,-0.6520442,8.744571,4.9214377,3
android.sensor.gyroscope,1468074153570132,1468074160366164,1775212882019,-0.008246674,0.013744458,0.19058982,3
android.sensor.accelerometer,1468074176032112,1468074184184601,1775212882043,-0.40558344,9.007781,4.3758745,3
android.sensor.gyroscope,1468074177315914,1468074184461580,1775212882043,0.09315688,-0.030237807,0.18570289,3
android.sensor.gyroscope,1468074201061695,1468074207433299,1775212882066,0.14691298,0.17867795,0.23701553,3
android.sensor.accelerometer,1468074204527060,1468074212615487,1775212882071,-0.16869399,9.15135,3.3110683,3
android.sensor.gyroscope,1468074224807476,1468074231427778,1775212882090,-0.058337588,0.32284203,0.22235478,3
android.sensor.accelerometer,1468074233022007,1468074241416633,1775212882100,0.05623133,8.8187475,4.1150565,3
android.sensor.gyroscope,1468074248553257,1468074255518872,1775212882114,-0.182954,0.12614357,0.15271619,3
android.sensor.accelerometer,1468074261516955,1468074269866008,1775212882128,-0.013160525,8.2660055,5.411967,3
android.sensor.gyroscope,1468074272299039,1468074279922778,1775212882138,0.049174614,-0.04734202,0.06352994,3
android.sensor.accelerometer,1468074290011903,1468074298091320,1775212882157,-0.31944183,8.725428,3.8781674,3
android.sensor.gyroscope,1468074296044820,1468074302617518,1775212882161,0.22510368,0.09682207,0.062308207,3
android.sensor.gyroscope,1468074319790601,1468074326713403,1775212882185,-0.07666353,0.10293072,0.06352994,3
android.sensor.accelerometer,1468074318506799,1468074327151945,1775212882186,-0.28115666,8.462217,3.586243,3
android.sensor.gyroscope,1468074343536435,1468074350927935,1775212882209,-0.16951497,-0.10231985,-0.020769402,3
android.sensor.accelerometer,1468074347001747,1468074354970226,1775212882213,-0.38404804,8.627322,5.3736815,3
android.sensor.gyroscope,1468074367282216,1468074374393872,1775212882233,0.12492185,-0.16951497,0.05497783,3
android.sensor.accelerometer,1468074375496695,1468074383717466,1775212882242,-0.4869394,8.933603,4.447659,3
android.sensor.gyroscope,1468074391027997,1468074398203716,1775212882257,0.101708986,-0.092546016,0.11606431,3
android.sensor.accelerometer,1468074403991643,1468074412381112,1775212882271,0.04426722,8.455039,3.8853457,3
android.sensor.gyroscope,1468074414773778,1468074422504028,1775212882281,-0.07910699,-0.032681264,0.02443459,3
android.sensor.accelerometer,1468074432486591,1468074440400851,1775212882299,-0.37686956,8.749356,5.191827,3
android.sensor.gyroscope,1468074438519560,1468074445567882,1775212882304,-0.013133593,-0.08155045,0.014660755,3
android.sensor.accelerometer,1468074460981539,1468074468845174,1775212882327,-0.72382885,9.237492,4.1150565,3
android.sensor.gyroscope,1468074462265341,1468074468947830,1775212882327,0.088269964,-0.097432934,0.06352994,3
android.sensor.gyroscope,1468074486011174,1468074492659549,1775212882351,-0.085215636,0.06017018,0.19669846,3
android.sensor.accelerometer,1468074489476487,1468074497907466,1775212882356,-0.12323037,8.79482,3.8255253,3
android.sensor.gyroscope,1468074509756955,1468074516598924,1775212882375,-0.16096286,0.09193515,0.112399116,3
android.sensor.accelerometer,1468074517971487,1468074526484862,1775212882385,0.16390835,7.9477606,5.667999,3
android.sensor.gyroscope,1468074533502737,1468074540393247,1775212882399,0.022296565,-0.098654665,-0.06963859,3
android.sensor.accelerometer,1468074546466435,1468074554582414,1775212882413,-1.0660025,9.156136,4.6007996,3
android.sensor.gyroscope,1468074557248518,1468074566098351,1775212882425,-0.024129158,-0.2452622,0.047647454,3
android.sensor.accelerometer,1468074574961382,1468074583238507,1775212882442,-0.8913264,9.266206,3.6747773,3
android.sensor.gyroscope,1468074580994351,1468074587437362,1775212882446,-0.25870124,-0.2122755,0.24923283,3
android.sensor.gyroscope,1468074604740132,1468074611015591,1775212882470,-0.23915356,-0.11453715,0.056199558,3
android.sensor.accelerometer,1468074603456330,1468074611090330,1775212882470,0.6161518,7.8759756,5.014758,3
android.sensor.gyroscope,1468074628485914,1468074635442622,1775212882494,-0.2696968,-0.28802276,-0.09407318,3
android.sensor.accelerometer,1468074631951278,1468074640287518,1775212882499,-1.43689,9.311669,4.7371907,3
android.sensor.accelerometer,1468074650947893,1468074660881580,1775212882519,-1.4727824,9.972089,4.840082,3
android.sensor.gyroscope,1468074652231695,1468074660991372,1775212882519,-0.33811367,-0.3564396,0.31154105,3
android.sensor.gyroscope,1468074671228362,1468074681230278,1775212882540,-0.21471897,-0.24648394,0.45326167,3
android.sensor.accelerometer,1468074669944560,1468074681334237,1775212882540,0.762114,8.112865,5.5052867,3
android.sensor.gyroscope,1468074694974143,1468074701369237,1775212882560,-0.02535089,-0.15851942,0.0048869182,3
android.sensor.accelerometer,1468074698439507,1468074706374601,1775212882565,0.8362915,7.9836526,5.108078,3
android.sensor.gyroscope,1468074718719976,1468074725436424,1775212882584,-0.18051054,-0.1621846,-0.080634154,3
android.sensor.accelerometer,1468074726934455,1468074735262882,1775212882594,-0.58265233,9.661021,4.009773,3
android.sensor.gyroscope,1468074742465757,1468074749427153,1775212882608,-0.39675668,-0.065667965,0.18325943,3
android.sensor.accelerometer,1468074755429455,1468074763465122,1775212882622,0.75972116,7.9022965,5.837889,3
android.sensor.gyroscope,1468074766211591,1468074773136320,1775212882632,-0.27336198,-0.19394957,0.014660755,3
android.sensor.accelerometer,1468074783924403,1468074792470591,1775212882651,0.3792624,8.304291,5.230112,3
android.sensor.gyroscope,1468074789957372,1468074796531945,1775212882655,-0.15607595,-0.2623664,-0.15149446,3
android.sensor.gyroscope,1468074813703153,1468074820408559,1775212882679,-0.26725334,-0.0632245,-0.0024434591,3
android.sensor.accelerometer,1468074812419351,1468074820787882,1775212882679,-0.16869399,9.148957,4.36391,3
android.sensor.gyroscope,1468074832699820,1468074840743820,1775212882699,-0.11575887,0.16279547,0.06475167,3
android.sensor.accelerometer,1468074831416018,1468074840838716,1775212882699,0.6257231,8.10808,5.703891,3
android.sensor.gyroscope,1468074856445601,1468074863165122,1775212882722,0.1847866,0.03573559,-0.10506874,3
android.sensor.accelerometer,1468074859910966,1468074868248976,1775212882727,0.62093747,8.050652,5.6727843,3
android.sensor.gyroscope,1468074880191435,1468074887734393,1775212882746,-0.004581486,-0.28924447,-0.16615522,3
android.sensor.accelerometer,1468074888405966,1468074896510851,1775212882755,0.101694964,8.790034,4.471587,3
android.sensor.gyroscope,1468074903937216,1468074910797622,1775212882769,-0.07910699,-0.15729769,-0.013439025,3
android.sensor.accelerometer,1468074916900914,1468074925396111,1775212882784,1.0803595,7.873583,4.964509,3
android.sensor.gyroscope,1468074927683049,1468074934412153,1775212882793,-0.01924224,-0.051007207,-0.12217296,3
android.sensor.accelerometer,1468074945395862,1468074953208143,1775212882812,0.6257231,8.376076,4.7563334,3
android.sensor.gyroscope,1468074951428830,1468074958580851,1775212882817,-0.035124727,-0.057115857,-0.17592905,3
android.sensor.gyroscope,1468074975174664,1468074982810226,1775212882841,-0.09010255,-0.116980605,-0.18448116,3
android.sensor.accelerometer,1468074973890862,1468074982924341,1775212882841,0.38404804,8.507681,4.545765,3
android.sensor.gyroscope,1468074998920445,1468075005384028,1775212882864,-0.06444623,0.03329213,-0.11117739,3
android.sensor.accelerometer,1468075002385810,1468075010277778,1775212882869,0.101694964,8.493324,4.4428735,3
android.sensor.gyroscope,1468075022666278,1468075029634809,1775212882888,-0.04734202,0.11026109,-0.032986697,3
android.sensor.accelerometer,1468075030880810,1468075039999653,1775212882899,-0.051445685,8.416754,5.462216,3
android.sensor.gyroscope,1468075046412112,1468075052950226,1775212882911,3.054324E-4,-0.0632245,-0.0073303776,3
android.sensor.accelerometer,1468075059375757,1468075067641684,1775212882926,0.09930214,8.507681,5.172684,3
android.sensor.gyroscope,1468075070157893,1468075077068091,1775212882936,0.05894845,-0.109650224,0.0073303776,3
android.sensor.accelerometer,1468075087870757,1468075096476893,1775212882955,0.18305093,8.579466,4.2705903,3
android.sensor.gyroscope,1468075093903726,1468075100616372,1775212882959,-0.022907428,0.025961753,0.043982264,3
android.sensor.gyroscope,1468075117649507,1468075124099393,1775212882983,-0.04856375,0.14202607,0.13072506,3
android.sensor.accelerometer,1468075116365705,1468075124246111,1775212882983,0.111266255,8.366505,4.868796,3
android.sensor.gyroscope,1468075141395341,1468075148081372,1775212883007,0.05650499,0.08704823,0.07574723,3
android.sensor.accelerometer,1468075144860705,1468075153018976,1775212883012,0.23808585,8.242078,5.354539,3
android.sensor.gyroscope,1468075165141174,1468075171705018,1775212883030,0.06750056,0.00641408,0.05742129,3
android.sensor.accelerometer,1468075173355705,1468075182309236,1775212883041,0.13280165,8.804391,4.3208394,3
android.sensor.gyroscope,1468075188886955,1468075195358195,1775212883054,-0.04612029,0.08460477,0.10873393,3
android.sensor.accelerometer,1468075201850653,1468075209630851,1775212883068,0.30987054,8.581859,4.8975096,3
android.sensor.gyroscope,1468075212632789,1468075220790226,1775212883079,0.0027488915,0.16523892,0.14660755,3
android.sensor.accelerometer,1468075230345653,1468075238265070,1775212883097,0.4749753,8.263613,5.411967,3
android.sensor.gyroscope,1468075236378622,1468075242909601,1775212883101,0.15424335,0.14446951,0.12828161,3
android.sensor.accelerometer,1468075249342268,1468075258407466,1775212883117,0.54675996,8.462217,4.895117,3
android.sensor.gyroscope,1468075260124403,1468075267104653,1775212883126,0.09682207,0.00763581,0.05986475,3
android.sensor.accelerometer,1468075277837268,1468075286288351,1775212883145,0.54675996,9.077172,4.1988053,3
android.sensor.gyroscope,1468075283870237,1468075290973976,1775212883149,-0.04856375,0.100487255,0.15027274,3
android.sensor.gyroscope,1468075307616070,1468075314620903,1775212883173,-0.066889696,0.12980877,0.118507765,3
android.sensor.accelerometer,1468075306332268,1468075314847986,1775212883173,0.8458628,8.584251,5.1008997,3
android.sensor.gyroscope,1468075331361903,1468075337887465,1775212883196,0.016187917,0.076052666,0.11728604,3
android.sensor.accelerometer,1468075334827268,1468075342509132,1775212883201,0.45822555,8.852247,5.08415,3
android.sensor.gyroscope,1468075355107685,1468075361772101,1775212883220,0.11636974,0.15668681,0.23090689,3
android.sensor.accelerometer,1468075353823882,1468075362843403,1775212883221,0.9272188,8.536395,4.8376894,3
android.sensor.gyroscope,1468075378853518,1468075385582518,1775212883244,0.047952887,0.11759147,0.073303774,3
android.sensor.accelerometer,1468075382318882,1468075390320590,1775212883249,1.2119647,8.452646,4.6989055,3
android.sensor.gyroscope,1468075402599351,1468075409480018,1775212883268,-0.09987639,-0.07788526,0.010995566,3
android.sensor.accelerometer,1468075410813882,1468075420020434,1775212883279,0.3074777,9.41456,4.7371907,3
android.sensor.gyroscope,1468075426345185,1468075433168455,1775212883292,-0.04978548,-0.02535089,0.19669846,3
android.sensor.accelerometer,1468075439308882,1468075447520903,1775212883306,0.7716853,8.883354,4.5218368,3
android.sensor.gyroscope,1468075450091018,1468075456756163,1775212883315,-0.016798781,0.082161315,0.26511532,3
android.sensor.accelerometer,1468075467803882,1468075475961788,1775212883334,1.1617154,8.191829,4.663013,3
android.sensor.gyroscope,1468075473836851,1468075480236372,1775212883339,-0.0021380268,0.12614357,0.092851445,3
android.sensor.gyroscope,1468075492833466,1468075500562257,1775212883359,0.08704823,-0.022907428,0.06108648,3
android.sensor.accelerometer,1468075496298830,1468075504493611,1775212883363,0.32183465,8.900104,5.323432,3
android.sensor.gyroscope,1468075516579299,1468075523470747,1775212883382,0.16157374,-0.182954,0.22968516,3
android.sensor.accelerometer,1468075524793830,1468075532809132,1775212883391,1.2981063,8.734999,4.36391,3
android.sensor.gyroscope,1468075540325132,1468075547460642,1775212883406,0.024740024,-0.11453715,0.124616414,3
android.sensor.accelerometer,1468075553288830,1468075561022882,1775212883420,1.4536397,8.189436,4.67737,3
android.sensor.gyroscope,1468075564070966,1468075571156632,1775212883430,0.0027488915,-0.032681264,-0.047647454,3
android.sensor.accelerometer,1468075581783830,1468075590129236,1775212883449,0.33379877,8.845069,4.947759,3
android.sensor.gyroscope,1468075587816799,1468075594753663,1775212883453,0.03084867,-0.17928882,0.03054324,3
android.sensor.gyroscope,1468075611562632,1468075618776892,1775212883477,0.022296565,-0.23426664,0.1075122,3
android.sensor.accelerometer,1468075610278830,1468075618898611,1775212883477,1.4009976,8.443074,4.9142594,3
android.sensor.gyroscope,1468075635308466,1468075641812101,1775212883500,0.17745622,-0.13897173,-0.06352994,3
android.sensor.accelerometer,1468075638773830,1468075646649497,1775212883505,1.154537,8.218149,5.2827544,3
android.sensor.gyroscope,1468075659054299,1468075665931945,1775212883524,0.2751946,-0.27580544,-0.12705988,3
android.sensor.accelerometer,1468075667268830,1468075675136580,1775212883534,0.32183465,9.2997055,4.8975096,3
android.sensor.gyroscope,1468075682800132,1468075689759080,1775212883548,0.4169152,-0.23793183,0.074525505,3
android.sensor.accelerometer,1468075686265497,1468075695493299,1775212883554,0.54675996,9.206385,3.8638103,3
android.sensor.gyroscope,1468075706545966,1468075713226424,1775212883572,0.28130323,0.008857539,0.10873393,3
android.sensor.accelerometer,1468075714760497,1468075723023142,1775212883582,1.3866407,8.232507,4.141378,3
android.sensor.gyroscope,1468075730291799,1468075737080694,1775212883596,0.09926552,0.03329213,-0.08552107,3
android.sensor.accelerometer,1468075743255497,1468075751544913,1775212883610,0.32183465,9.005388,5.041079,3
android.sensor.gyroscope,1468075754037632,1468075760882101,1775212883619,0.25320345,-0.23793183,-0.0097738365,3
android.sensor.accelerometer,1468075771750497,1468075780299861,1775212883639,0.29312077,9.266206,3.7106698,3
android.sensor.gyroscope,1468075777783466,1468075784783351,1775212883643,0.22632541,-0.332005,0.15149446,3
android.sensor.gyroscope,1468075801529299,1468075808303559,1775212883667,0.17012584,-0.031459536,0.106290475,3
android.sensor.accelerometer,1468075800245497,1468075808472934,1775212883667,1.4799608,8.426325,4.009773,3
android.sensor.gyroscope,1468075825275132,1468075831783819,1775212883690,0.32895067,-0.124310985,-0.010995566,3
android.sensor.accelerometer,1468075828740497,1468075836976059,1775212883695,1.5661024,8.447861,4.1198425,3
android.sensor.gyroscope,1468075849020966,1468075855718142,1775212883714,0.1432478,-0.2941314,-0.1404989,3
android.sensor.accelerometer,1468075857235497,1468075865340486,1775212883724,0.8171489,9.220742,3.0933216,3
android.sensor.gyroscope,1468075872766799,1468075880674809,1775212883739,-0.08643737,-0.36621344,-0.050090913,3
android.sensor.accelerometer,1468075885730497,1468075894368038,1775212883753,0.64247286,9.239884,4.4548373,3
android.sensor.gyroscope,1468075896512632,1468075902810382,1775212883761,0.11759147,-0.23060146,0.16126831,3
android.sensor.accelerometer,1468075914225549,1468075922211319,1775212883781,1.9106688,7.9357963,4.581657,3
android.sensor.gyroscope,1468075920258518,1468075927408142,1775212883786,0.22143848,-0.3234529,-0.0024434591,3
android.sensor.accelerometer,1468075942720549,1468075951042309,1775212883810,1.7312071,8.486146,4.612764,3
android.sensor.gyroscope,1468075944004351,1468075951188715,1775212883810,0.14813471,-0.59712034,-0.3188714,3
android.sensor.accelerometer,1468075961717216,1468075971173611,1775212883830,0.88414794,9.239884,3.9667017,3
android.sensor.gyroscope,1468075963001018,1468075971272413,1775212883830,0.18234314,-0.60689414,-0.33964083,3
android.sensor.gyroscope,1468075986746851,1468075993483351,1775212883852,0.0858265,-0.35766134,-0.13927718,3
android.sensor.accelerometer,1468075990212216,1468075998373767,1775212883857,0.9391829,9.290133,3.720241,3
android.sensor.gyroscope,1468076005743518,1468076015233246,1775212883874,0.23365578,-0.15241076,-0.050090913,3
android.sensor.accelerometer,1468076018707216,1468076026873611,1775212883885,1.0875379,8.756535,4.7563334,3
android.sensor.gyroscope,1468076029489351,1468076036099965,1775212883895,0.3839285,-0.32956156,-0.08429934,3
android.sensor.accelerometer,1468076047202268,1468076055241319,1775212883914,0.8745767,9.326026,3.2392836,3
android.sensor.gyroscope,1468076053235237,1468076060073455,1775212883919,0.18112141,-0.37110037,-0.07208204,3
android.sensor.gyroscope,1468076076981070,1468076083618299,1775212883942,-0.118202336,-0.33322674,-0.068416856,3
android.sensor.accelerometer,1468076075697268,1468076083815642,1775212883942,0.9702896,9.194421,3.3110683,3
android.sensor.gyroscope,1468076100726903,1468076107094132,1775212883966,-0.15363249,-0.32589635,-0.018325943,3
android.sensor.accelerometer,1468076104192268,1468076112230851,1775212883971,0.5300102,9.416953,4.000201,3
android.sensor.gyroscope,1468076124472737,1468076131207049,1775212883990,-0.022907428,-0.14752385,0.15149446,3
android.sensor.accelerometer,1468076132687320,1468076140742465,1775212883999,1.4464613,8.845069,4.282554,3
android.sensor.gyroscope,1468076148218622,1468076154992153,1775212884014,0.11270455,-0.05222894,0.047647454,3
android.sensor.accelerometer,1468076161182320,1468076169508507,1775212884028,1.6474584,8.478967,4.2945185,3
android.sensor.gyroscope,1468076171964455,1468076181048090,1775212884040,0.068722285,-0.23548837,-0.15271619,3
android.sensor.accelerometer,1468076189677320,1468076197639548,1775212884056,0.6999006,9.589237,3.6149569,3
android.sensor.gyroscope,1468076195710289,1468076202171996,1775212884061,0.022296565,-0.13775001,-0.046425723,3
android.sensor.gyroscope,1468076219456174,1468076226184392,1775212884085,-0.06811142,-0.021685699,-0.010995566,3
android.sensor.accelerometer,1468076218172372,1468076226444184,1775212884085,1.747957,8.682357,3.7657046,3
android.sensor.gyroscope,1468076243202007,1468076249919028,1775212884108,-0.1499673,-0.123089254,-0.18936808,3
android.sensor.accelerometer,1468076246667372,1468076254863455,1775212884113,1.1330016,8.675179,4.8855457,3
android.sensor.gyroscope,1468076266947841,1468076274026580,1775212884133,0.35582873,-0.022907428,-0.12828161,3
android.sensor.accelerometer,1468076275162424,1468076283457986,1775212884142,1.1473584,9.038888,4.7395835,3
android.sensor.gyroscope,1468076290693726,1468076297715434,1775212884156,0.43890634,-0.10109812,-0.14172062,3
android.sensor.accelerometer,1468076303657424,1468076311928142,1775212884170,1.0013963,9.2997055,2.5669005,3
android.sensor.gyroscope,1468076314439560,1468076320996111,1775212884180,0.0015271619,-0.13897173,-0.16371176,3
android.sensor.accelerometer,1468076332152476,1468076340896892,1775212884199,0.52522457,9.177671,3.6460636,3
android.sensor.gyroscope,1468076338185445,1468076345932778,1775212884204,-0.10354158,-0.09010255,-0.08796453,3
android.sensor.gyroscope,1468076361931278,1468076368808767,1775212884227,-0.0033597562,-0.010690134,-0.12705988,3
android.sensor.accelerometer,1468076360647476,1468076368907309,1775212884227,0.95353985,8.76132,3.7298124,3
android.sensor.gyroscope,1468076385677164,1468076392651007,1775212884251,-0.15485422,-0.026572619,-0.19181155,3
android.sensor.accelerometer,1468076389142528,1468076397383507,1775212884256,0.62093747,9.182457,3.80399,3
android.sensor.gyroscope,1468076409422997,1468076416393194,1775212884275,-0.060781047,-0.037568185,-0.10873393,3
android.sensor.accelerometer,1468076417637528,1468076425585017,1775212884284,0.34337005,8.995817,4.5768714,3
android.sensor.gyroscope,1468076433168830,1468076440449236,1775212884299,0.07238748,-0.17562363,-0.046425723,3
android.sensor.accelerometer,1468076446132580,1468076454222153,1775212884313,0.4103691,9.000603,3.667599,3
android.sensor.gyroscope,1468076456914716,1468076463689965,1775212884322,0.043065965,-0.19883649,-0.019547673,3
android.sensor.accelerometer,1468076474627580,1468076482898298,1775212884341,0.67118675,8.952746,3.9547377,3
android.sensor.gyroscope,1468076480660549,1468076487138455,1775212884346,0.107817635,-0.10720677,-0.021991132,3
android.sensor.gyroscope,1468076504406435,1468076510755694,1775212884369,0.03940078,-0.22693627,-0.0537561,3
android.sensor.accelerometer,1468076503122632,1468076511037569,1775212884370,0.9128618,8.840283,3.976273,3
android.sensor.gyroscope,1468076528152320,1468076534755538,1775212884393,-0.109650224,-0.41141742,-0.10995566,3
android.sensor.accelerometer,1468076531617685,1468076540512153,1775212884399,0.59700924,9.280562,3.0430722,3
android.sensor.gyroscope,1468076547148987,1468076555744496,1775212884414,3.054324E-4,-0.13286309,-0.020769402,3
android.sensor.accelerometer,1468076550614351,1468076560891736,1775212884419,0.74536425,9.09153,4.404588,3
android.sensor.gyroscope,1468076570894872,1468076578036944,1775212884437,0.32406378,-0.08155045,0.0012217296,3
android.sensor.accelerometer,1468076579109403,1468076587103663,1775212884446,1.1186446,8.950353,3.7226338,3
android.sensor.gyroscope,1468076594640705,1468076600902882,1775212884459,0.0980438,-0.2696968,-0.09040799,3
android.sensor.accelerometer,1468076607604403,1468076616098246,1775212884475,1.2574283,8.971889,2.9042885,3
android.sensor.gyroscope,1468076618386591,1468076625523298,1775212884484,-0.124310985,-0.0876591,-0.16859868,3
android.sensor.accelerometer,1468076636099455,1468076643976215,1775212884502,1.0636097,9.215957,3.734598,3
android.sensor.gyroscope,1468076642132424,1468076648620902,1775212884507,-0.17806709,-0.035124727,-0.20402883,3
android.sensor.accelerometer,1468076664594507,1468076672705382,1775212884531,0.48933223,9.572487,3.4450665,3
android.sensor.gyroscope,1468076665878310,1468076672847569,1775212884531,-0.21716243,-0.16829325,-0.047647454,3
android.sensor.gyroscope,1468076689624195,1468076698049132,1775212884557,-0.36621344,3.054324E-4,0.02443459,3
