camera_sensor_timestamp_ns,elapsed_realtime_ns,wall_time_ms,rotation_degrees,session_elapsed_ns
1468036891063918,1468037029520084,1775212844888,0,1426563905
1468036924427980,1468037029638834,1775212844888,0,1426682655
1468036957792043,1468037029711699,1775212844888,0,1426755520
1468036991156053,1468037045309407,1775212844904,0,1442353228
1468037016171116,1468037081306595,1775212844940,0,1478350416
1468037049535178,1468037116096490,1775212844975,0,1513140311
1468037082899189,1468037144767897,1775212845003,0,1541811718
1468037116263251,1468037182125136,1775212845041,0,1579168957
1468037149627314,1468037215932897,1775212845074,0,1612976718
1468037182991324,1468037249873574,1775212845108,0,1646917395
1468037216355387,1468037280855813,1775212845139,0,1677899634
1468037249719449,1468037318702740,1775212845177,0,1715746561
1468037283083460,1468037352447063,1775212845211,0,1749490884
1468037316447522,1468037381665761,1775212845240,0,1778709582
1468037349811532,1468037422765605,1775212845281,0,1819809426
1468037383175595,1468037454294407,1775212845313,0,1851338228
1468037416539657,1468037485070657,1775212845344,0,1882114478
1468037449903668,1468037515611126,1775212845374,0,1912654947
1468037483267730,1468037551164615,1775212845410,0,1948208436
1468037516631793,1468037585375032,1775212845444,0,1982418853
1468037549995803,1468037626726386,1775212845485,0,2023770207
1468037583359866,1468037657990292,1775212845516,0,2055034113
1468037616723928,1468037693290240,1775212845552,0,2090334061
1468037650087939,1468037715152115,1775212845574,0,2112195936
1468037683452001,1468037753650761,1775212845612,0,2150694582
1468037636381928,1468037758730969,1775212845623,0,2155774790
1468037669745939,1468037764516126,1775212845623,0,2161559947
1468037703172417,1468037769543782,1775212845628,0,2166587603
1468037716816064,1468037783335709,1775212845642,0,2180379530
1468037736536480,1468037792976490,1775212845652,0,2190020311
1468037750180074,1468037821098157,1775212845680,0,2218141978
1468037769900490,1468037835074459,1775212845694,0,2232118280
1468037783544137,1468037860710136,1775212845719,0,2257753957
1468037804088449,1468037870144771,1775212845729,0,2267188592
1468037816908199,1468037882762636,1775212845741,0,2279806457
1468037837452511,1468037892231803,1775212845751,0,2289275624
1468037850272210,1468037920492896,1775212845779,0,2317536717
1468037870816522,1468037934851126,1775212845794,0,2331894947
1468037883636272,1468037951605813,1775212845810,0,2348649634
1468037904556719,1468037963366438,1775212845822,0,2360410259
1468037917000282,1468037994819094,1775212845853,0,2391862915
1468037937920729,1468038005857167,1775212845865,0,2402900988
1468037950364345,1468038021688209,1775212845880,0,2418732030
1468037971284792,1468038030441959,1775212845889,0,2427485780
1468037983728407,1468038052761126,1775212845911,0,2449804947
1468038003900760,1468038063932584,1775212845923,0,2460976405
1468038017092418,1468038092462219,1775212845951,0,2489506040
1468038037264771,1468038101327480,1775212845960,0,2498371301
1468038050456480,1468038118800865,1775212845977,0,2515844686
1468038070628833,1468038136449980,1775212845997,0,2533493801
1468038083820543,1468038155607323,1775212846014,0,2552651144
1468038103075670,1468038165641803,1775212846026,0,2562685624
1468038117184553,1468038187198000,1775212846046,0,2584241821
1468038136439680,1468038199797844,1775212846060,0,2596841665
1468038150548616,1468038219071542,1775212846078,0,2616115363
1468038169803743,1468038231400084,1775212846091,0,2628443905
1468038183912678,1468038253909459,1775212846112,0,2650953280
1468038202928819,1468038266357688,1775212846127,0,2663401509
1468038217276689,1468038290453053,1775212846149,0,2687496874
1468038236292830,1468038304407740,1775212846165,0,2701451561
1468038250640751,1468038321065500,1775212846180,0,2718109321
1468038269656892,1468038333347375,1775212846193,0,2730391196
1468038284004814,1468038352676438,1775212846211,0,2749720259
1468038303640543,1468038361881907,1775212846221,0,2758925728
1468038317368824,1468038386846802,1775212846245,0,2783890623
1468038337004553,1468038398146698,1775212846257,0,2795190519
1468038350732887,1468038418743521,1775212846277,0,2815787342
1468038370368616,1468038432668625,1775212846291,0,2829712446
1468038384096897,1468038453637375,1775212846312,0,2850681196
1468038404366557,1468038465971542,1775212846325,0,2863015363
1468038417460960,1468038484486907,1775212846343,0,2881530728
1468038437730620,1468038497230344,1775212846356,0,2894274165
1468038450825022,1468038516700396,1775212846375,0,2913744217
1468038471094682,1468038528318261,1775212846387,0,2925362082
1468038484189032,1468038554621386,1775212846413,0,2951665207
1468038503827879,1468038569965709,1775212846429,0,2967009530
1468038517553095,1468038597598104,1775212846456,0,2994641925
1468038537191942,1468038613978313,1775212846473,0,3011022134
1468038550917157,1468038620977688,1775212846479,0,3018021509
1468038570556004,1468038639143834,1775212846498,0,3036187655
1468038584281168,1468038655451490,1775212846514,0,3052495311
1468038603625303,1468038664833313,1775212846524,0,3061877134
1468038617645230,1468038701580761,1775212846560,0,3098624582
1468038636989365,1468038719216386,1775212846579,0,3116260207
1468038651009293,1468038735235761,1775212846594,0,3132279582
1468038670353428,1468038743618990,1775212846603,0,3140662811
1468038684373303,1468038767247584,1775212846626,0,3164291405
1468038703490117,1468038779916802,1775212846640,0,3176960623
1468038717737366,1468038796720604,1775212846655,0,3193764425
1468038736854180,1468038808840084,1775212846669,0,3205883905
1468038751101428,1468038838049250,1775212846697,0,3235093071
1468038770218242,1468038854787219,1775212846715,0,3251831040
1468038784465439,1468038861902427,1775212846720,0,3258946248
1468038803355258,1468038871515969,1775212846731,0,3268559790
1468038817829501,1468038888639094,1775212846747,0,3285682915
1468038836719320,1468038901474979,1775212846762,0,3298518800
1468038851193512,1468038926073261,1775212846785,0,3323117082
1468038870083331,1468038938036334,1775212846798,0,3335080155
1468038884557574,1468038953033729,1775212846812,0,3350077550
1468038903292714,1468038963649563,1775212846824,0,3360693384
1468038917921637,1468038995464094,1775212846854,0,3392507915
1468038936656777,1468039010415865,1775212846871,0,3407459686
1468038951285647,1468039032599563,1775212846891,0,3429643384
1468038970020787,1468039048953052,1775212846910,0,3445996873
1468038984649710,1468039059766802,1775212846918,0,3456810623
1468039003553347,1468039069979302,1775212846930,0,3467023123
1468039026362772,1468039094295917,1775212846954,0,3491339738
1468039041090409,1468039106457011,1775212846967,0,3503500832
1468039059726782,1468039126637323,1775212846985,0,3523681144
1468039074454419,1468039139245031,1775212847000,0,3536288852
1468039093090845,1468039155020083,1775212847014,0,3552063904
1468039107667806,1468039163772583,1775212847024,0,3560816404
1468039126454907,1468039195512219,1775212847054,0,3592556040
1468039141031868,1468039208973521,1775212847069,0,3606017342
1468039159818918,1468039228231438,1775212847087,0,3625275259
1468039174395879,1468039237797323,1775212847098,0,3634841144
1468039193182980,1468039260470604,1775212847120,0,3657514425
1468039207773232,1468039268532896,1775212847129,0,3665576717
1468039226547043,1468039298223104,1775212847157,0,3695266925
1468039241137295,1468039314471281,1775212847174,0,3711515102
1468039259911053,1468039332678781,1775212847191,0,3729722602
1468039274501305,1468039347433313,1775212847207,0,3744477134
1468039293275116,1468039364700969,1775212847223,0,3761744790
1468039307939980,1468039376118677,1775212847236,0,3773162498
1468039326639126,1468039397023729,1775212847256,0,3794067550
1468039341303990,1468039405610500,1775212847266,0,3802654321
1468039360003189,1468039420915031,1775212847279,0,3817958852
1468039374668053,1468039434063573,1775212847294,0,3831107394
1468039393367251,1468039458071958,1775212847317,0,3855115779
1468039408293487,1468039470484719,1775212847330,0,3867528540
1468039426731262,1468039486418885,1775212847345,0,3883462706
1468039441657498,1468039498590448,1775212847359,0,3895634269
1468039460095324,1468039523151490,1775212847382,0,3920195311
1468039475021560,1468039533604562,1775212847394,0,3930648383
1468039493459387,1468039561246750,1775212847420,0,3958290571
1468039508244281,1468039575548208,1775212847435,0,3972592029
1468039526823397,1468039589341385,1775212847448,0,3986385206
1468039541608291,1468039601275448,1775212847461,0,3998319269
1468039560187460,1468039627899354,1775212847486,0,4024943175
1468039574972354,1468039639491333,1775212847500,0,4036535154
1468039593551522,1468039655917114,1775212847514,0,4052960935
1468039608443020,1468039670886542,1775212847531,0,4067930363
1468039626915532,1468039694934146,1775212847553,0,4091977967
1468039641807030,1468039705253208,1775212847566,0,4102297029
1468039660279595,1468039728453208,1775212847587,0,4125497029
1468039675171093,1468039742570448,1775212847602,0,4139614269
1468039693643657,1468039761650344,1775212847620,0,4158694165
1468039708522847,1468039773391021,1775212847633,0,4170434842
1468039727007668,1468039787609667,1775212847646,0,4184653488
1468039741886858,1468039797202948,1775212847657,0,4194246769
1468039760371730,1468039819980187,1775212847679,0,4217024008
1468039775250920,1468039829843677,1775212847690,0,4226887498
1468039793735741,1468039856501906,1775212847715,0,4253545727
1468039808691713,1468039868330708,1775212847728,0,4265374529
1468039827099803,1468039899408312,1775212847758,0,4296452133
1468039842055775,1468039911154458,1775212847772,0,4308198279
1468039860463866,1468039927941906,1775212847786,0,4324985727
1468039875419838,1468039938761594,1775212847799,0,4335805415
1468039893827876,1468039956294510,1775212847815,0,4353338331
1468039908860261,1468039972482948,1775212847832,0,4369526769
1468039927191939,1468039998304354,1775212847857,0,4395348175
1468039942224324,1468040011353364,1775212847871,0,4408397185
1468039960556001,1468040031818885,1775212847890,0,4428862706
1468039975588386,1468040039703573,1775212847899,0,4436747394
1468039993920012,1468040061191541,1775212847920,0,4458235362
1468040008904585,1468040071818416,1775212847933,0,4468862237
1468040027284074,1468040101466698,1775212847960,0,4498510519
1468040042268647,1468040111347583,1775212847971,0,4508391404
1468040060648137,1468040137805552,1775212847996,0,4534849373
1468040075632710,1468040148149614,1775212848008,0,4545193435
1468040094012147,1468040161502896,1775212848020,0,4558546717
1468040108996534,1468040169849614,1775212848030,0,4566893435
1468040127376210,1468040191420031,1775212848050,0,4588463852
1468040142360597,1468040205468260,1775212848065,0,4602512081
1468040160740272,1468040230946177,1775212848089,0,4627989998
1468040175724659,1468040245907843,1775212848106,0,4642951664
1468040194104282,1468040267071281,1775212848126,0,4664115102
1468040209097075,1468040278935604,1775212848139,0,4675979425
1468040227468345,1468040292935760,1775212848151,0,4689979581
1468040242461138,1468040303330448,1775212848164,0,4700374269
1468040260832355,1468040324792739,1775212848183,0,4721836560
1468040275825148,1468040337580812,1775212848197,0,4734624633
1468040294196418,1468040365360239,1775212848224,0,4762404060
1468040309229349,1468040375921854,1775212848236,0,4772965675
1468040327560480,1468040388277427,1775212848247,0,4785321248
1468040342593411,1468040399651437,1775212848261,0,4796695258
1468040360924491,1468040425746593,1775212848284,0,4822790414
1468040375957422,1468040434148885,1775212848294,0,4831192706
1468040394288553,1468040456286645,1775212848315,0,4853330466
1468040409378470,1468040466577010,1775212848326,0,4863620831
1468040427652616,1468040500462739,1775212848359,0,4897506560
1468040442742533,1468040518147427,1775212848378,0,4915191248
1468040461016626,1468040534346385,1775212848393,0,4931390206
1468040476106543,1468040543648052,1775212848404,0,4940691873
1468040494380689,1468040561641281,1775212848420,0,4958685102
1468040509506312,1468040571225604,1775212848431,0,4968269425
1468040527744751,1468040594727739,1775212848453,0,4991771560
1468040542870374,1468040608057583,1775212848468,0,5005101404
1468040561108762,1468040628467062,1775212848487,0,5025510883
1468040576234385,1468040642752635,1775212848503,0,5039796456
1468040594472824,1468040657026229,1775212848516,0,5054070050
1468040609729827,1468040667026645,1775212848527,0,5064070466
1468040627836887,1468040694058312,1775212848553,0,5091102133
1468040643093890,1468040704384458,1775212848564,0,5101428279
1468040661200897,1468040730761333,1775212848589,0,5127805154
1468040676457900,1468040740436437,1775212848600,0,5137480258
1468040694564960,1468040762381437,1775212848621,0,5159425258
1468040709799626,1468040774915187,1775212848635,0,5171959008
1468040727928970,1468040798644666,1775212848657,0,5195688487
1468040743163636,1468040815281020,1775212848674,0,5212324841
1468040761293032,1468040825069979,1775212848684,0,5222113800
1468040776527698,1468040837472166,1775212848696,0,5234515987
1468040794657095,1468040855327739,1775212848714,0,5252371560
1468040809890912,1468040865974302,1775212848725,0,5263018123
1468040828021105,1468040893181333,1775212848752,0,5290225154
1468040843254922,1468040908462374,1775212848767,0,5305506195
1468040861385168,1468040922651697,1775212848781,0,5319695518
1468040876618985,1468040933979874,1775212848793,0,5331023695
1468040894749230,1468040955503156,1775212848814,0,5352546977
1468040910027767,1468040966029770,1775212848825,0,5363073591
1468040928113241,1468040998747062,1775212848857,0,5395790883
1468040943391778,1468041015801854,1775212848875,0,5412845675
1468040961477303,1468041036204614,1775212848895,0,5433248435
1468040976755840,1468041054903624,1775212848914,0,5451947445
1468040994841366,1468041068222374,1775212848927,0,5465266195
1468041010198273,1468041085708833,1775212848945,0,5482752654
1468041028205376,1468041094642635,1775212848953,0,5491686456
1468041043562283,1468041108225864,1775212848967,0,5505269685
1468041061569439,1468041123333676,1775212848982,0,5520377497
1468041076926346,1468041135762010,1775212848995,0,5532805831
1468041094933501,1468041155767010,1775212849014,0,5552810831
1468041110271231,1468041164604145,1775212849023,0,5561647966
1468041128297512,1468041191597583,1775212849050,0,5588641404
1468041143635242,1468041202252531,1775212849061,0,5599296352
1468041161661574,1468041232222895,1775212849091,0,5629266716
1468041176999304,1468041244827635,1775212849104,0,5641871456
1468041195025637,1468041261738312,1775212849120,0,5658782133
1468041210346488,1468041277853572,1775212849137,0,5674897393
1468041228389647,1468041292980447,1775212849151,0,5690024268
1468041243710498,1468041306653781,1775212849166,0,5703697602
1468041261753710,1468041328690603,1775212849187,0,5725734424
1468041277074561,1468041338218781,1775212849197,0,5735262602
1468041295117720,1468041364934770,1775212849223,0,5761978591
1468041310401835,1468041378310864,1775212849237,0,5775354685
1468041328481782,1468041406640812,1775212849265,0,5803684633
1468041343765897,1468041415414249,1775212849274,0,5812458070
1468041361845845,1468041433421801,1775212849292,0,5830465622
1468041377129960,1468041444543208,1775212849303,0,5841587029
1468041395209855,1468041466631020,1775212849325,0,5863674841
1468041410552702,1468041475650812,1775212849335,0,5872694633
1468041428573918,1468041500985135,1775212849359,0,5898028956
1468041443916765,1468041513718155,1775212849373,0,5910761976
1468041461937980,1468041532681124,1775212849391,0,5929724945
1468041477280827,1468041541717947,1775212849401,0,5938761768
1468041495301991,1468041566236958,1775212849425,0,5963280779
1468041510672866,1468041579614666,1775212849438,0,5976658487
1468041528666053,1468041598307270,1775212849457,0,5995351091
1468041544036928,1468041615082010,1775212849475,0,6012125831
1468041562030116,1468041623745916,1775212849482,0,6020789737
1468041577400991,1468041637647530,1775212849498,0,6034691351
1468041595394126,1468041665548312,1775212849524,0,6062592133
1468041610700424,1468041676471124,1775212849535,0,6073514945
1468041628758189,1468041693552895,1775212849552,0,6090596716
1468041644064487,1468041704837114,1775212849564,0,6101880935
1468041662122251,1468041725801020,1775212849584,0,6122844841
1468041677428549,1468041736983260,1775212849596,0,6134027081
1468041695486262,1468041764032218,1775212849623,0,6161076039
1468041710821730,1468041773601332,1775212849632,0,6170645153
1468041728850324,1468041798175864,1775212849657,0,6195219685
1468041744185792,1468041811036228,1775212849670,0,6208080049
1468041762214335,1468041832264457,1775212849691,0,6229308278
1468041777549803,1468041850248780,1775212849709,0,6247292601
1468041795578397,1468041868655239,1775212849727,0,6265699060
1468041810957166,1468041881107791,1775212849740,0,6278151612
1468041828942460,1468041906995864,1775212849765,0,6304039685
1468041844321229,1468041926481176,1775212849785,0,6323524997
1468041862306470,1468041943962270,1775212849802,0,6341006091
1468041895670532,1468041965841853,1775212849824,0,6362885674
1468041877685239,1468041973073468,1775212849832,0,6370117289
1468041911023485,1468041979203312,1775212849838,0,6376247133
1468041929034595,1468041988004093,1775212849846,0,6385047914
1468041944387548,1468041998058937,1775212849857,0,6395102758
1468041962398605,1468042037906749,1775212849896,0,6434950570
1468041977751558,1468042051923312,1775212849911,0,6448967133
1468041995762668,1468042064177218,1775212849923,0,6461221039
1468042011149481,1468042076718572,1775212849935,0,6473762393
1468042029126730,1468042091806280,1775212849950,0,6488850101
1468042044513543,1468042103759249,1775212849963,0,6500803070
1468042062490741,1468042135630395,1775212849994,0,6532674216
1468042077877554,1468042145571645,1775212850004,0,6542615466
1468042095854803,1468042162283624,1775212850021,0,6559327445
1468042111308687,1468042172836280,1775212850032,0,6569880101
1468042129218866,1468042191946072,1775212850050,0,6588989893
1468042144672750,1468042203821280,1775212850063,0,6600865101
1468042162582876,1468042231680186,1775212850090,0,6628724007
1468042178036760,1468042242461697,1775212850101,0,6639505518
1468042195946939,1468042258315186,1775212850117,0,6655359007
1468042211365421,1468042268336541,1775212850127,0,6665380362
1468042229310949,1468042305316905,1775212850164,0,6702360726
1468042244729431,1468042324083572,1775212850183,0,6721127393
1468042262675012,1468042338033884,1775212850197,0,6735077705
1468042278093494,1468042348291593,1775212850207,0,6745335414
1468042296039074,1468042359947895,1775212850218,0,6756991716
1468042311456808,1468042371089978,1775212850230,0,6768133799
1468042329403085,1468042390491645,1775212850249,0,6787535466
1468042344820819,1468042406741697,1775212850266,0,6803785518
1468042362767147,1468042427755863,1775212850286,0,6824799684
1468042378184881,1468042441717947,1775212850301,0,6838761768
1468042396131210,1468042465711957,1775212850324,0,6862755778
1468042411544785,1468042480715186,1775212850340,0,6877759007
1468042429495220,1468042493974613,1775212850352,0,6891018434
1468042444908795,1468042507579561,1775212850366,0,6904623382
1468042462859282,1468042528896124,1775212850387,0,6925939945
1468042478272857,1468042538838832,1775212850398,0,6935882653
1468042496223345,1468042559254249,1775212850418,0,6956298070
1468042511584265,1468042571823832,1775212850431,0,6968867653
1468042529587355,1468042596348207,1775212850455,0,6993392028
1468042544948275,1468042615070707,1775212850474,0,7012114528
1468042562951418,1468042630208728,1775212850489,0,7027252549
1468042578312338,1468042639321228,1775212850499,0,7036365049
1468042596315480,1468042658245499,1775212850517,0,7055289320
1468042611763442,1468042672339353,1775212850533,0,7069383174
1468042629679491,1468042695000655,1775212850553,0,7092044476
1468042645127453,1468042705866593,1775212850566,0,7102910414
1468042663043553,1468042730258520,1775212850589,0,7127302341
1468042678491515,1468042741410082,1775212850601,0,7138453903
1468042696407616,1468042757791488,1775212850616,0,7154835309
1468042711820295,1468042775961332,1775212850636,0,7173005153
1468042729771626,1468042798167113,1775212850657,0,7195210934
1468042745184305,1468042809679822,1775212850670,0,7206723643
1468042763135689,1468042832713467,1775212850691,0,7229757288
1468042778548368,1468042843640967,1775212850705,0,7240684788
1468042796499699,1468042863030134,1775212850722,0,7260073955
1468042811867072,1468042874617426,1775212850733,0,7271661247
1468042829863762,1468042894467322,1775212850753,0,7291511143
1468042845231135,1468042906985186,1775212850766,0,7304029007
1468042863227824,1468042929397113,1775212850788,0,7326440934
1468042878595197,1468042939458572,1775212850798,0,7336502393
1468042896591835,1468042962447999,1775212850821,0,7359491820
1468042911932005,1468042974380499,1775212850833,0,7371424320
1468042929955897,1468043009067426,1775212850868,0,7406111247
1468042945296067,1468043024830342,1775212850884,0,7421874163
1468042963319960,1468043041321905,1775212850900,0,7438365726
1468042978660130,1468043058837061,1775212850918,0,7455880882
1468042996683970,1468043067121644,1775212850926,0,7464165465
1468043011943591,1468043077190707,1775212850936,0,7474234528
1468043030048032,1468043093913728,1775212850952,0,7490957549
1468043045307653,1468043103858467,1775212850963,0,7500902288
1468043063412095,1468043131222738,1775212850990,0,7528266559
1468043078671716,1468043141980863,1775212851001,0,7539024684
1468043088427105,1468043159060394,1775212851018,0,7556104215
1468043107846205,1468043170533624,1775212851029,0,7567577445
1468043121791168,1468043198244509,1775212851057,0,7595288330
1468043141210268,1468043213063988,1775212851072,0,7610107809
1468043155155230,1468043232602530,1775212851091,0,7629646351
1468043174574330,1468043250288728,1775212851109,0,7647332549
1468043188519241,1468043267038780,1775212851126,0,7664082601
1468043207932366,1468043278121696,1775212851137,0,7675165517
1468043221883303,1468043290835030,1775212851149,0,7687878851
1468043241296428,1468043301732582,1775212851161,0,7698776403
1468043255247366,1468043335135238,1775212851194,0,7732179059
1468043274660491,1468043351347061,1775212851210,0,7748390882
1468043288611376,1468043365449874,1775212851224,0,7762493695
1468043308033034,1468043373324665,1775212851232,0,7770368486
1468043321975439,1468043396741905,1775212851255,0,7793785726
1468043341397097,1468043409388155,1775212851268,0,7806431976
1468043355339449,1468043429356332,1775212851288,0,7826400153
1468043374761107,1468043444226384,1775212851303,0,7841270205
1468043388703512,1468043470301176,1775212851329,0,7867344997
1468043408112046,1468043493746696,1775212851352,0,7890790517
1468043422067574,1468043494099301,1775212851353,0,7891143122
1468043441476108,1468043502038728,1775212851361,0,7899082549
1468043455431585,1468043534199301,1775212851393,0,7931243122
1468043474840119,1468043548484561,1775212851407,0,7945528382
1468043488795647,1468043571510134,1775212851430,0,7968553955
1468043508235502,1468043583703884,1775212851442,0,7980747705
1468043522159710,1468043598209769,1775212851457,0,7995253590
1468043541599565,1468043606333623,1775212851465,0,8003377444
1468043555523720,1468043627878467,1775212851486,0,8024922288
1468043574963575,1468043638661853,1775212851497,0,8035705674
1468043588887782,1468043658240655,1775212851517,0,8055284476
1468043608255478,1468043670433728,1775212851529,0,8067477549
1468043622251845,1468043699815446,1775212851558,0,8096859267
1468043641619541,1468043713446853,1775212851572,0,8110490674
1468043655615855,1468043733420707,1775212851592,0,8130464528
1468043674983551,1468043745930342,1775212851605,0,8142974163
1468043688979918,1468043768662842,1775212851627,0,8165706663
1468043708372821,1468043777664509,1775212851636,0,8174708330
1468043722343928,1468043797570238,1775212851656,0,8194614059
1468043741736831,1468043808312061,1775212851667,0,8205355882
1468043755707991,1468043831913675,1775212851690,0,8228957496
1468043775100894,1468043842859457,1775212851704,0,8239903278
1468043789072053,1468043871788727,1775212851730,0,8268832548
1468043808477967,1468043881996540,1775212851742,0,8279040361
1468043822436064,1468043903335446,1775212851762,0,8300379267
1468043841841978,1468043914261123,1775212851775,0,8311304944
1468043855800126,1468043934882790,1775212851793,0,8331926611
1468043875206040,1468043939866748,1775212851800,0,8336910569
1468043889164189,1468043956879144,1775212851815,0,8353922965
1468043908529494,1468043966093675,1775212851826,0,8363137496
1468043922528199,1468043998678259,1775212851857,0,8395722080
1468043941893504,1468044013436019,1775212851873,0,8410479840
1468043955892262,1468044037002373,1775212851895,0,8434046194
1468043975257567,1468044050281540,1775212851910,0,8447325361
1468043989256324,1468044068936436,1775212851927,0,8465980257
1468044008566291,1468044077276540,1775212851940,0,8474320361
1468044022620335,1468044098228363,1775212851957,0,8495272184
1468044041930302,1468044109052009,1775212851968,0,8506095830
1468044055984397,1468044130871540,1775212851989,0,8527915361
1468044075294364,1468044141092009,1775212852000,0,8538135830
1468044089348460,1468044166351800,1775212852025,0,8563395621
1468044108650475,1468044174059352,1775212852033,0,8571103173
1468044122712470,1468044195045342,1775212852054,0,8592089163
1468044142014485,1468044208789352,1775212852068,0,8605833173
1468044156076532,1468044239986748,1775212852098,0,8637030569
1468044175378547,1468044256674561,1775212852116,0,8653718382
1468044189440543,1468044273462634,1775212852132,0,8670506455
1468044208774216,1468044282531800,1775212852141,0,8679575621
1468044222804605,1468044299933363,1775212852158,0,8696977184
1468044242138278,1468044310864665,1775212852170,0,8707908486
1468044256168668,1468044332903415,1775212852191,0,8729947236
1468044275502341,1468044344502998,1775212852203,0,8741546819
1468044289532678,1468044374869144,1775212852233,0,8771912965
1468044308901183,1468044386605081,1775212852246,0,8783648902
1468044322896741,1468044407798415,1775212852266,0,8804842236
1468044342265246,1468044422030602,1775212852281,0,8819074423
1468044356260803,1468044438410342,1775212852297,0,8835454163
1468044375629308,1468044455174769,1775212852315,0,8852218590
1468044389624814,1468044467526800,1775212852326,0,8864570621
1468044408938476,1468044481815498,1775212852343,0,8878859319
1468044422988876,1468044513033883,1775212852372,0,8910077704
1468044442302538,1468044515539144,1775212852376,0,8912582965
1468044456352939,1468044533503467,1775212852392,0,8930547288
1468044475666601,1468044544415446,1775212852405,0,8941459267
1468044489716949,1468044557021123,1775212852416,0,8954064944
1468044508994205,1468044566726904,1775212852433,0,8963770725
1468044523081012,1468044590049561,1775212852449,0,8987093382
1468044542358268,1468044608472738,1775212852469,0,9005516559
1468044556445074,1468044631396956,1775212852490,0,9028440777
1468044575722330,1468044654680290,1775212852513,0,9051724111
1468044589809085,1468044666656227,1775212852525,0,9063700048
1468044609146288,1468044674135238,1775212852533,0,9071179059
1468044623173147,1468044702469352,1775212852561,0,9099513173
1468044642510350,1468044708126071,1775212852567,0,9105169892
1468044656537157,1468044732947425,1775212852591,0,9129991246
1468044675874360,1468044746395185,1775212852605,0,9143439006
1468044689901220,1468044768016592,1775212852627,0,9165060413
1468044709240302,1468044777449144,1775212852636,0,9174492965
1468044723265282,1468044794912633,1775212852653,0,9191956454
1468044742604364,1468044809690290,1775212852669,0,9206734111
1468044756629293,1468044830972842,1775212852689,0,9228016663
1468044775968375,1468044850821748,1775212852710,0,9247865569
1468044789993355,1468044868583467,1775212852727,0,9265627288
1468044809380458,1468044878388779,1775212852737,0,9275432600
1468044823357418,1468044901363727,1775212852760,0,9298407548
1468044842744521,1468044914730133,1775212852774,0,9311773954
1468044856721428,1468044932013467,1775212852791,0,9329057288
1468044876108531,1468044943448779,1775212852802,0,9340492600
1468044890085491,1468044963857477,1775212852822,0,9360901298
1468044909503927,1468044974509456,1775212852833,0,9371553277
1468044923449553,1468045000201227,1775212852859,0,9397245048
1468044942867989,1468045010728935,1775212852869,0,9407772756
1468044956813564,1468045028492581,1775212852887,0,9425536402
1468044976232000,1468045044317581,1775212852905,0,9441361402
1468044990177626,1468045064435133,1775212852923,0,9461478954
1468045009578661,1468045074722477,1775212852935,0,9471766298
1468045023541689,1468045092600498,1775212852951,0,9489644319
1468045042942724,1468045104078050,1775212852965,0,9501121871
1468045056905699,1468045130369508,1775212852989,0,9527413329
1468045076306734,1468045144726175,1775212853004,0,9541769996
1468045090269762,1468045167070029,1775212853026,0,9564113850
1468045109647532,1468045177544664,1775212853037,0,9574588485
1468045123633824,1468045193875394,1775212853052,0,9590919215
1468045143011594,1468045207115758,1775212853067,0,9604159579
1468045156997835,1468045236415706,1775212853095,0,9633459527
1468045176375605,1468045249098414,1775212853109,0,9646142235
1468045190361897,1468045272057008,1775212853131,0,9669100829
1468045209736798,1468045283457321,1775212853143,0,9680501142
1468045223725907,1468045296065133,1775212853155,0,9693108954
1468045243100808,1468045310644456,1775212853170,0,9707688277
1468045257089970,1468045327808883,1775212853186,0,9724852704
1468045276464871,1468045342402477,1775212853202,0,9739446298
1468045290454032,1468045363396071,1775212853222,0,9760439892
1468045309924307,1468045374254560,1775212853234,0,9771298381
1468045323818043,1468045394671071,1775212853253,0,9791714892
1468045343288318,1468045405511227,1775212853265,0,9802555048
1468045357182105,1468045427651800,1775212853286,0,9824695621
1468045376652380,1468045444708571,1775212853304,0,9841752392
1468045390546168,1468045471543675,1775212853330,0,9868587496
1468045409947436,1468045481034300,1775212853341,0,9878078121
1468045423910178,1468045499504248,1775212853358,0,9896548069
1468045443311446,1468045508207894,1775212853368,0,9905251715
1468045457274241,1468045523478466,1775212853382,0,9920522287
1468045476675509,1468045538027946,1775212853398,0,9935071767
1468045490638303,1468045561718883,1775212853420,0,9958762704
1468045510065036,1468045572023518,1775212853431,0,9969067339
1468045524002314,1468045593170393,1775212853452,0,9990214214
1468045543429047,1468045614289821,1775212853473,0,10011333642
1468045557366376,1468045631569143,1775212853490,0,10028612964
1468045576793109,1468045655396591,1775212853514,0,10052440412
1468045590730439,1468045673942633,1775212853532,0,10070986454
1468045610261447,1468045682896904,1775212853542,0,10079940725
1468045624094449,1468045702865862,1775212853561,0,10099909683
1468045643625457,1468045717948102,1775212853577,0,10114991923
1468045657458512,1468045734062633,1775212853593,0,10131106454
1468045676989520,1468045748514248,1775212853607,0,10145558069
1468045690822522,1468045771521071,1775212853630,0,10168564892
1468045710420891,1468045782114977,1775212853641,0,10179158798
1468045724186585,1468045797546018,1775212853656,0,10194589839
1468045743784954,1468045810815185,1775212853671,0,10207859006
1468045757550647,1468045835245445,1775212853694,0,10232289266
1468045777149016,1468045855731175,1775212853716,0,10252774996
1468045790914657,1468045871564091,1775212853730,0,10268607912
1468045810525978,1468045879916070,1775212853740,0,10276959891
1468045824278720,1468045902404873,1775212853761,0,10299448694
1468045843890041,1468045914332685,1775212853774,0,10311376506
1468045857642782,1468045934698570,1775212853793,0,10331742391
1468045877254103,1468045947782998,1775212853807,0,10344826819
1468045891006793,1468045968528258,1775212853827,0,10365572079
1468045910588330,1468045977172112,1775212853837,0,10374215933
1468045924370855,1468045992740133,1775212853851,0,10389783954
1468045943952392,1468046004429352,1775212853865,0,10401473173
1468045957734918,1468046035605237,1775212853894,0,10432649058
1468045977316455,1468046048621435,1775212853909,0,10445665256
1468045991098928,1468046065957893,1775212853924,0,10463001714
1468046010630629,1468046075726747,1775212853936,0,10472770568
1468046024462991,1468046095650550,1775212853954,0,10492694371
1468046043994692,1468046104290393,1775212853964,0,10501334214
1468046057827053,1468046137400706,1775212853996,0,10534444527
1468046077358754,1468046152508362,1775212854012,0,10549552183
1468046091191064,1468046171796383,1775212854030,0,10568840204
1468046110803202,1468046180369820,1775212854040,0,10577413641
1468046124555126,1468046201192893,1775212854060,0,10598236714
1468046144167264,1468046211263570,1775212854072,0,10608307391
1468046157919137,1468046233637893,1775212854092,0,10630681714
1468046177531275,1468046246353466,1775212854107,0,10643397287
1468046191283199,1468046262277737,1775212854121,0,10659321558
1468046210990248,1468046272091956,1775212854132,0,10669135777
1468046224647262,1468046302721383,1775212854161,0,10699765204
1468046244354311,1468046314100133,1775212854174,0,10711143954
1468046258011272,1468046335538206,1775212854194,0,10732582027
1468046277718321,1468046352242789,1775212854215,0,10749286610
1468046291375335,1468046367031227,1775212854226,0,10764075048
1468046311062079,1468046375376904,1775212854234,0,10772420725
1468046324739397,1468046398184039,1775212854257,0,10795227860
1468046344426141,1468046410902789,1775212854270,0,10807946610
1468046358103407,1468046432939195,1775212854291,0,10829983016
1468046377790151,1468046445940654,1775212854305,0,10842984475
1468046391467470,1468046470347789,1775212854329,0,10867391610
1468046411139232,1468046480390497,1775212854339,0,10877434318
1468046424831532,1468046496978622,1775212854355,0,10894022443
1468046444503294,1468046508601956,1775212854367,0,10905645777
1468046458195543,1468046539307633,1775212854398,0,10936351454
1468046477867305,1468046546256851,1775212854405,0,10943300672
1468046491559605,1468046574561747,1775212854433,0,10971605568
1468046511362225,1468046582646018,1775212854441,0,10979689839
1468046524923668,1468046605200601,1775212854464,0,11002244422
1468046544726288,1468046616782112,1775212854477,0,11013825933
1468046558287678,1468046628255445,1775212854487,0,11025299266
1468046578090298,1468046640560341,1775212854501,0,11037604162
1468046591651741,1468046670328206,1775212854529,0,11067372027
1468046611440527,1468046682019508,1775212854542,0,11079063329
1468046625015803,1468046703602737,1775212854562,0,11100646558
1468046644804589,1468046719781018,1775212854585,0,11116824839
1468046658379814,1468046736169403,1775212854595,0,11133213224
1468046678168600,1468046746001435,1775212854605,0,11143045256
1468046691743876,1468046771125653,1775212854630,0,11168169474
1468046711542775,1468046780898935,1775212854640,0,11177942756
1468046725107887,1468046795221539,1775212854654,0,11192265360
1468046744906786,1468046805693518,1775212854665,0,11202737339
1468046758471949,1468046836477945,1775212854695,0,11233521766
1468046778270848,1468046856069820,1775212854715,0,11253113641
1468046791836012,1468046870566591,1775212854729,0,11267610412
1468046811568794,1468046878362528,1775212854737,0,11275406349
1468046825200022,1468046899540549,1775212854758,0,11296584370
1468046844932804,1468046909651591,1775212854768,0,11306695412
1468046858564085,1468046937184039,1775212854796,0,11334227860
1468046878296867,1468046960930185,1775212854820,0,11357974006
1468046891928147,1468046963351903,1775212854822,0,11360395724
1468046911583953,1468046973543258,1775212854832,0,11370587079
1468046925292157,1468047003922685,1775212854862,0,11400966506
1468046944947963,1468047016361487,1775212854875,0,11413405308
1468046958656220,1468047032257737,1775212854891,0,11429301558
1468046978312026,1468047048367633,1775212854907,0,11445411454
1468046992020282,1468047073804299,1775212854932,0,11470848120
1468047011687522,1468047085428570,1775212854944,0,11482472391
1468047025384293,1468047106807268,1775212854965,0,11503851089
1468047045051533,1468047119273570,1775212854978,0,11516317391
1468047058748355,1468047135866278,1775212854994,0,11532910099
1468047078415595,1468047149196539,1775212855008,0,11546240360
1468047092112366,1468047169011487,1775212855028,0,11566055308
1468047111692941,1468047180576226,1775212855039,0,11577620047
1468047125476428,1468047202023101,1775212855061,0,11599066922
1468047145057003,1468047213306851,1775212855072,0,11610350672
1468047158840491,1468047235785185,1775212855094,0,11632829006
1468047178421066,1468047245830810,1775212855105,0,11642874631
1468047192204501,1468047267989091,1775212855126,0,11665032912
1468047211894278,1468047278436278,1775212855138,0,11675480099
1468047225568564,1468047292985549,1775212855151,0,11690029370
1468047245258341,1468047302167476,1775212855162,0,11699211297
1468047258932626,1468047343423466,1775212855202,0,11740467287
1468047278622403,1468047362030966,1775212855222,0,11759074787
1468047292296637,1468047377399351,1775212855236,0,11774443172
1468047325660699,1468047402456799,1775212855261,0,11799500620
1468047312012628,1468047401197737,1775212855261,0,11798241558
1468047345376690,1468047413992476,1775212855273,0,11811036297
1468047359024762,1468047429408257,1775212855288,0,11826452078
1468047378740753,1468047446480549,1775212855306,0,11843524370
1468047392388772,1468047475245705,1775212855334,0,11872289526
1468047412138196,1468047484046018,1775212855343,0,11881089839
1468047425752835,1468047498423830,1775212855357,0,11895467651
1468047445502259,1468047511601747,1775212855370,0,11908645568
1468047459116897,1468047541909716,1775212855400,0,11938953537
1468047478866321,1468047553423778,1775212855412,0,11950467599
1468047492480907,1468047576295549,1775212855435,0,11973339370
1468047512173939,1468047586884039,1775212855446,0,11983927860
1468047525844970,1468047598875132,1775212855457,0,11995918953
1468047545538002,1468047609456226,1775212855468,0,12006500047
1468047559209032,1468047631307372,1775212855490,0,12028351193
1468047578902064,1468047650369195,1775212855509,0,12047413016
1468047592573043,1468047672623205,1775212855531,0,12069667026
1468047612229225,1468047682346851,1775212855541,0,12079390672
1468047625937105,1468047704667789,1775212855563,0,12101711610
1468047645593287,1468047720418257,1775212855582,0,12117462078
1468047659301116,1468047739304872,1775212855598,0,12136348693
1468047678957298,1468047756549559,1775212855616,0,12153593380
1468047692665178,1468047789699091,1775212855648,0,12186742912
1468047726029241,1468047799646330,1775212855658,0,12196690151
1468047712278828,1468047806647528,1775212855667,0,12203691349
1468047745642891,1468047813870080,1775212855674,0,12210913901
1468047759393251,1468047834298361,1775212855693,0,12231342182
1468047779006901,1468047844152372,1775212855706,0,12241196193
1468047792757314,1468047863728778,1775212855722,0,12260772599
1468047812477160,1468047874297216,1775212855734,0,12271341037
1468047826121376,1468047906146174,1775212855765,0,12303189995
1468047845841222,1468047918628153,1775212855779,0,12315671974
1468047859485387,1468047943071538,1775212855802,0,12340115359
1468047879205233,1468047956762059,1775212855817,0,12353805880
1468047892849449,1468047977777320,1775212855836,0,12374821141
1468047912540624,1468047986380965,1775212855846,0,12383424786
1468047926213512,1468047996214403,1775212855855,0,12393258224
1468047945904687,1468048008647424,1775212855868,0,12405691245
1468047959577522,1468048037762424,1775212855896,0,12434806245
1468047979268697,1468048052393309,1775212855912,0,12449437130
1468047992941585,1468048070763465,1775212855929,0,12467807286
1468048012635475,1468048079291643,1775212855939,0,12476335464
1468048026305647,1468048099802320,1775212855958,0,12496846141
1468048045999537,1468048112529663,1775212855973,0,12509573484
1468048059669657,1468048139351799,1775212855998,0,12536395620
1468048079363547,1468048156651799,1775212856017,0,12553695620
1468048093033720,1468048172447997,1775212856031,0,12569491818
1468048112695023,1468048186144090,1775212856045,0,12583187911
1468048126397730,1468048195936070,1775212856054,0,12592979891
1468048146059033,1468048206246382,1775212856065,0,12603290203
1468048159761793,1468048228056747,1775212856087,0,12625100568
1468048179423096,1468048239398465,1775212856098,0,12636442286
1468048193125855,1468048262558309,1775212856121,0,12659602130
1468048212752956,1468048273721017,1775212856132,0,12670764838
1468048226489866,1468048294108153,1775212856153,0,12691151974
1468048246116967,1468048310423413,1775212856169,0,12707467234
1468048259853928,1468048332328622,1775212856191,0,12729372443
1468048279481029,1468048345398101,1775212856204,0,12742441922
1468048293217991,1468048363832163,1775212856222,0,12760875984
1468048312822374,1468048375600601,1775212856234,0,12772644422
1468048326582001,1468048403687632,1775212856262,0,12800731453
1468048346186384,1468048418697267,1775212856278,0,12815741088
1468048359946064,1468048432711903,1775212856291,0,12829755724
1468048379550447,1468048445831174,1775212856305,0,12842874995
1468048393310126,1468048466988622,1775212856325,0,12864032443
1468048412932071,1468048475693309,1775212856334,0,12872737130
1468048426674137,1468048495267632,1775212856354,0,12892311453
1468048446296082,1468048509389403,1775212856370,0,12906433224
1468048460038199,1468048539218986,1775212856398,0,12936262807
1468048479660144,1468048559486747,1775212856419,0,12956530568
1468048493402262,1468048575620184,1775212856434,0,12972664005
1468048512968845,1468048583862319,1775212856444,0,12980906140
1468048526766272,1468048598698726,1775212856457,0,12995742547
1468048546332855,1468048612412684,1775212856473,0,13009456505
1468048560130335,1468048643129767,1775212856502,0,13040173588
1468048579696918,1468048656516642,1775212856517,0,13053560463
1468048593494345,1468048676439142,1775212856535,0,13073482963
1468048613044294,1468048687665496,1775212856547,0,13084709317
1468048626858407,1468048701648934,1775212856560,0,13098692755
1468048646408356,1468048711782736,1775212856572,0,13108826557
1468048660222470,1468048731734871,1775212856590,0,13128778692
1468048679772419,1468048754983674,1775212856615,0,13152027495
1468048693586480,1468048770416434,1775212856629,0,13167460255
1468048713144391,1468048778638986,1775212856638,0,13175682807
1468048726950543,1468048798993934,1775212856657,0,13196037755
1468048746508454,1468048810879507,1775212856671,0,13207923328
1468048760314605,1468048835659871,1775212856694,0,13232703692
1468048779872516,1468048849819663,1775212856710,0,13246863484
1468048793678616,1468048870519246,1775212856729,0,13267563067
1468048813183617,1468048879509663,1775212856741,0,13276553484
1468048827042678,1468048911031330,1775212856770,0,13308075151
1468048846547679,1468048925928934,1775212856786,0,13322972755
1468048860406741,1468048943124246,1775212856802,0,13340168067
1468048879911742,1468048963124351,1775212856823,0,13360168172
1468048893770751,1468048976714038,1775212856835,0,13373757859
1468048913268607,1468048995717944,1775212856855,0,13392761765
1468048927134814,1468048998845601,1775212856857,0,13395889422
1468048946632670,1468049010299246,1775212856870,0,13407343067
1468048960498876,1468049030344194,1775212856889,0,13427388015
1468048979996732,1468049042147580,1775212856903,0,13439191401
1468048993862887,1468049058702632,1775212856917,0,13455746453
1468049013340206,1468049066976903,1775212856926,0,13464020724
1468049027226949,1468049092048100,1775212856951,0,13489091921
1468049046704268,1468049101973673,1775212856961,0,13499017494
1468049060591012,1468049134127840,1775212856993,0,13531171661
1468049080068331,1468049146888048,1775212857006,0,13543931869
1468049093955022,1468049167601121,1775212857026,0,13564644942
1468049113531268,1468049179178361,1775212857038,0,13576222182
1468049127319085,1468049206229975,1775212857065,0,13603273796
1468049146895331,1468049216505184,1775212857075,0,13613549005
1468049160683095,1468049242339038,1775212857101,0,13639382859
1468049180259341,1468049252094507,1775212857111,0,13649138328
1468049194047157,1468049274458569,1775212857133,0,13671502390
1468049213542023,1468049285483777,1775212857144,0,13682527598
1468049227411220,1468049310135600,1775212857169,0,13707179421
1468049246906086,1468049324832736,1775212857184,0,13721876557
1468049260775230,1468049341063830,1775212857200,0,13738107651
1468049280270096,1468049353871694,1775212857215,0,13750915515
1468049294139293,1468049375012736,1775212857234,0,13772056557
1468049313685209,1468049387469975,1775212857248,0,13784513796
1468049327503355,1468049398511173,1775212857257,0,13795554994
1468049347049271,1468049409102892,1775212857270,0,13806146713
1468049360867366,1468049445348361,1775212857304,0,13842392182
1468049380413282,1468049462911434,1775212857323,0,13859955255
1468049394231428,1468049477745444,1775212857336,0,13874789265
1468049413889475,1468049490344194,1775212857350,0,13887388015
1468049427595491,1468049508202840,1775212857367,0,13905246661
1468049447253538,1468049519425132,1775212857379,0,13916468953
1468049460959501,1468049534863100,1775212857393,0,13931906921
1468049480617548,1468049547415392,1775212857408,0,13944459213
1468049494323564,1468049565493152,1775212857424,0,13962536973
1468049514035953,1468049577107579,1775212857437,0,13974151400
1468049527687626,1468049610082632,1775212857469,0,14007126453
1468049547400015,1468049629523777,1775212857490,0,14026567598
1468049561051637,1468049638275340,1775212857497,0,14035319161
1468049580764026,1468049651181017,1775212857511,0,14048224838
1468049594415699,1468049671170444,1775212857530,0,14068214265
1468049614156866,1468049682699871,1775212857543,0,14079743692
1468049627779710,1468049700877579,1775212857559,0,14097921400
1468049647520877,1468049716676069,1775212857577,0,14113719890
1468049661143772,1468049743170965,1775212857602,0,14140214786
1468049680884939,1468049757582163,1775212857619,0,14154625984
1468049694507835,1468049779085809,1775212857638,0,14176129630
1468049714271928,1468049791132684,1775212857658,0,14188176505
1468049727871845,1468049803005184,1775212857661,0,14200049005
1468049747635938,1468049810876798,1775212857670,0,14207920619
1468049761235907,1468049838591590,1775212857697,0,14235635411
1468049781000000,1468049854966225,1775212857714,0,14252010046
1468049794599970,1468049871973725,1775212857730,0,14269017546
1468049814307446,1468049879715809,1775212857738,0,14276759630
1468049827963980,1468049903515809,1775212857762,0,14300559630
1468049847671456,1468049918459975,1775212857777,0,14315503796
1468049861328043,1468049931849819,1775212857790,0,14328893640
1468049881035519,1468049947526798,1775212857806,0,14344570619
1468049894692105,1468049970093152,1775212857829,0,14367136973
1468049914390924,1468049979404090,1775212857838,0,14376447911
1468049928056116,1468049998877475,1775212857857,0,14395921296
1468049947754935,1468050012465913,1775212857871,0,14409509734
1468049961420178,1468050040871277,1775212857899,0,14437915098
1468049981118997,1468050053992788,1775212857913,0,14451036609
1468049994784241,1468050071696173,1775212857930,0,14468739994
1468050014505155,1468050079699142,1775212857938,0,14476742963
1468050028148251,1468050098480236,1775212857957,0,14495524057
1468050047869165,1468050109312058,1775212857970,0,14506355879
1468050061512314,1468050137881069,1775212857996,0,14534924890
1468050081233228,1468050154744923,1775212858020,0,14551788744
1468050094876324,1468050175839819,1775212858034,0,14572883640
1468050114670446,1468050183891850,1775212858043,0,14580935671
1468050128240387,1468050206417788,1775212858065,0,14603461609
1468050148034509,1468050219577996,1775212858078,0,14616621817
1468050161604449,1468050237417267,1775212858096,0,14634461088
1468050194968460,1468050270619090,1775212858129,0,14667662911
1468050181398571,1468050273206590,1775212858132,0,14670250411
1468050214709997,1468050281928933,1775212858141,0,14678972754
1468050228332522,1468050303260340,1775212858162,0,14700304161
1468050248074059,1468050314801433,1775212858174,0,14711845254
1468050261696585,1468050335679923,1775212858194,0,14732723744
1468050281438122,1468050347538933,1775212858206,0,14744582754
1468050295060595,1468050366048673,1775212858225,0,14763092494
1468050314819402,1468050376523829,1775212858235,0,14773567650
1468050328424657,1468050399385496,1775212858258,0,14796429317
1468050348183464,1468050408289142,1775212858267,0,14805332963
1468050361788720,1468050428383412,1775212858287,0,14825427233
1468050381547527,1468050463012267,1775212858322,0,14860056088
1468050395152730,1468050468604142,1775212858327,0,14865647963
1468050414919065,1468050481953829,1775212858341,0,14878997650
1468050428516793,1468050507715340,1775212858366,0,14904759161
1468050448283128,1468050516155756,1775212858375,0,14913199577
1468050461880855,1468050531336017,1775212858390,0,14928379838
1468050481647190,1468050545708308,1775212858405,0,14942752129
1468050495244866,1468050570560652,1775212858429,0,14967604473
1468050515024423,1468050580817006,1775212858440,0,14977860827
1468050528608928,1468050602097892,1775212858461,0,14999141713
1468050548388485,1468050611612058,1775212858470,0,15008655879
1468050561972991,1468050640654506,1775212858499,0,15037698327
1468050581752548,1468050658075444,1775212858517,0,15055119265
1468050595337001,1468050682715912,1775212858541,0,15079759733
1468050615242416,1468050694010339,1775212858553,0,15091054160
1468050628701064,1468050710187527,1775212858569,0,15107231348
1468050648606479,1468050717390339,1775212858576,0,15114434160
1468050662065074,1468050733796173,1775212858592,0,15130839994
1468050681970489,1468050748464975,1775212858607,0,15145508796
1468050695429137,1468050769495808,1775212858628,0,15166539629
1468050715386647,1468050779040912,1775212858638,0,15176084733
1468050728793199,1468050805003152,1775212858663,0,15202046973
1468050748750709,1468050817710391,1775212858677,0,15214754212
1468050762157210,1468050840513881,1775212858699,0,15237557702
1468050782114720,1468050849516746,1775212858708,0,15246560567
1468050795521272,1468050871180600,1775212858730,0,15268224421
1468050815442546,1468050879361485,1775212858738,0,15276405306
1468050828885335,1468050900168881,1775212858759,0,15297212702
1468050848806609,1468050910927683,1775212858770,0,15307971504
1468050862249345,1468050935565548,1775212858794,0,15332609369
1468050882170619,1468050951429506,1775212858811,0,15348473327
1468050895613407,1468050976681954,1775212858835,0,15373725775
1468050915489208,1468050988752787,1775212858849,0,15385796608
1468050928977470,1468050999452110,1775212858858,0,15396495931
1468050948853271,1468051012019923,1775212858872,0,15409063744
1468050962341480,1468051043706329,1775212858902,0,15440750150
1468050982217281,1468051057614975,1775212858917,0,15454658796
1468050995705543,1468051075767162,1775212858934,0,15472810983
1468051015477810,1468051086397423,1775212858946,0,15483441244
1468051029069553,1468051100444662,1775212858959,0,15497488483
1468051048841820,1468051114840391,1775212858975,0,15511884212
1468051062433616,1468051142662110,1775212859001,0,15539705931
1468051082205883,1468051154265391,1775212859015,0,15551309212
1468051095797678,1468051177847735,1775212859036,0,15574891556
1468051115518754,1468051187069975,1775212859046,0,15584113796
1468051129161689,1468051205915235,1775212859064,0,15602959056
1468051148882765,1468051220353725,1775212859079,0,15617397546
1468051162525751,1468051234367006,1775212859093,0,15631410827
1468051182246827,1468051251310912,1775212859110,0,15648354733
1468051195889814,1468051270201693,1775212859129,0,15667245514
1468051215669247,1468051280427943,1775212859139,0,15677471764
1468051229253824,1468051305652631,1775212859164,0,15702696452
1468051249033257,1468051318196537,1775212859177,0,15715240358
1468051262617887,1468051339668308,1775212859198,0,15736712129
1468051282397320,1468051351853881,1775212859211,0,15748897702
1468051295981949,1468051379102943,1775212859238,0,15776146764
1468051315836131,1468051389626225,1775212859249,0,15786670046
1468051329345960,1468051406025079,1775212859265,0,15803068900
1468051349200142,1468051415480027,1775212859276,0,15812523848
1468051362710022,1468051446389923,1775212859305,0,15843433744
1468051382564204,1468051468215183,1775212859329,0,15865259004
1468051396074085,1468051487153100,1775212859346,0,15884196921
1468051429438095,1468051509629870,1775212859368,0,15906673691
1468051415854612,1468051514714818,1775212859374,0,15911758639
1468051449218622,1468051520998672,1775212859381,0,15918042493
1468051462802157,1468051532486277,1775212859391,0,15929530098
1468051482582684,1468051544425235,1775212859403,0,15941469056
1468051496166220,1468051567670027,1775212859426,0,15964713848
1468051516147528,1468051585910704,1775212859445,0,15982954525
1468051529530230,1468051604602787,1775212859463,0,16001646608
1468051549511538,1468051616380235,1775212859475,0,16013424056
1468051562894293,1468051633136797,1775212859492,0,16030180618
1468051582875601,1468051649900600,1775212859509,0,16046944421
1468051596258303,1468051677757995,1775212859536,0,16074801816
1468051616172423,1468051687799506,1775212859547,0,16084843327
1468051629622366,1468051710698516,1775212859569,0,16107742337
1468051649536486,1468051730743047,1775212859590,0,16127786868
1468051662986428,1468051742973985,1775212859601,0,16140017806
1468051682900548,1468051755051902,1775212859614,0,16152095723
1468051696350439,1468051772031381,1775212859631,0,16169075202
1468051716219395,1468051784379193,1775212859644,0,16181423014
1468051729714501,1468051811432527,1775212859670,0,16208476348
1468051749583457,1468051827654766,1775212859687,0,16224698587
1468051763078564,1468051842064245,1775212859701,0,16239108066
1468051782947520,1468051855410756,1775212859715,0,16252454577
1468051796442574,1468051868900652,1775212859727,0,16265944473
1468051816386061,1468051880940756,1775212859742,0,16277984577
1468051829806637,1468051913872631,1775212859772,0,16310916452
1468051849750124,1468051927218412,1775212859787,0,16324262233
1468051863170699,1468051944876641,1775212859803,0,16341920462
1468051883114186,1468051963257943,1775212859822,0,16360301764
1468051896534710,1468051972860495,1775212859831,0,16369904316
1468051916517471,1468051982995547,1775212859842,0,16380039368
1468051929898772,1468052010219714,1775212859869,0,16407263535
1468051949881533,1468052015734714,1775212859874,0,16412778535
1468051963262782,1468052033609610,1775212859892,0,16430653431
1468051983245543,1468052048606120,1775212859907,0,16445649941
1468051996626845,1468052066972943,1775212859925,0,16464016764
1468052016589038,1468052082040235,1775212859941,0,16479084056
1468052029990907,1468052108203151,1775212859967,0,16505246972
1468052049953100,1468052117408256,1775212859976,0,16514452077
1468052063354918,1468052137883516,1775212859996,0,16534927337
1468052083317111,1468052152579089,1775212860011,0,16549622910
1468052096718980,1468052173718516,1775212860032,0,16570762337
1468052116614698,1468052186130651,1775212860045,0,16583174472
1468052130083043,1468052200972370,1775212860059,0,16598016191
1468052149978761,1468052210870703,1775212860070,0,16607914524
1468052163447053,1468052232869193,1775212860091,0,16629913014
1468052183342771,1468052247828933,1775212860108,0,16644872754
1468052196811116,1468052278847058,1775212860137,0,16675890879
1468052216728604,1468052293432422,1775212860153,0,16690476243
1468052230175178,1468052307572422,1775212860166,0,16704616243
1468052250092666,1468052320537891,1775212860180,0,16717581712
1468052263539189,1468052335951849,1775212860194,0,16732995670
1468052283456677,1468052352222735,1775212860212,0,16749266556
1468052296903251,1468052365883880,1775212860224,0,16762927701
1468052316767623,1468052375004453,1775212860235,0,16772048274
1468052330267314,1468052410786693,1775212860269,0,16807830514
1468052350131686,1468052425555755,1775212860286,0,16822599576
1468052363631324,1468052440179037,1775212860299,0,16837222858
1468052383495696,1468052457202526,1775212860316,0,16854246347
1468052396995387,1468052469045183,1775212860328,0,16866089004
1468052416851876,1468052485964922,1775212860345,0,16883008743
1468052430359449,1468052499761693,1775212860358,0,16896805514
1468052450215938,1468052513138620,1775212860372,0,16910182441
1468052463723460,1468052539651953,1775212860398,0,16936695774
1468052483579949,1468052556943047,1775212860416,0,16953986868
1468052497087522,1468052577799922,1775212860436,0,16974843743
1468052516949177,1468052591289297,1775212860450,0,16988333118
1468052530451532,1468052607186693,1775212860466,0,17004230514
1468052550313187,1468052619937735,1775212860479,0,17016981556
1468052563815595,1468052641228516,1775212860500,0,17038272337
1468052583677250,1468052655818724,1775212860515,0,17052862545
1468052597179657,1468052683115182,1775212860542,0,17080159003
1468052617055451,1468052692654193,1775212860551,0,17089698014
1468052630543668,1468052711815755,1775212860570,0,17108859576
1468052650419462,1468052724804610,1775212860584,0,17121848431
1468052663907730,1468052740743880,1775212860599,0,17137787701
1468052683783524,1468052756822943,1775212860617,0,17153866764
1468052697271793,1468052780290807,1775212860639,0,17177334628
1468052717120551,1468052791827526,1775212860651,0,17188871347
1468052730635803,1468052811325651,1775212860670,0,17208369472
1468052750484561,1468052824065287,1775212860685,0,17221109108
1468052763999866,1468052831410859,1775212860690,0,17228454680
1468052783848624,1468052840137839,1775212860699,0,17237181660
1468052797363928,1468052866405234,1775212860725,0,17263449055
1468052817239053,1468052882306016,1775212860741,0,17279349837
1468052830727939,1468052904629974,1775212860763,0,17301673795
1468052850603064,1468052909747370,1775212860768,0,17306791191
1468052864092001,1468052945417943,1775212860804,0,17342461764
1468052883967126,1468052955874349,1775212860815,0,17352918170
1468052897456064,1468052978132318,1775212860837,0,17375176139
1468052917318408,1468052982949609,1775212860842,0,17379993430
1468052930820074,1468053005079714,1775212860864,0,17402123535
1468052950682418,1468053014955547,1775212860874,0,17411999368
1468052964184137,1468053040067578,1775212860899,0,17437111399
1468052984046481,1468053055917943,1775212860915,0,17452961764
1468052997548147,1468053076320286,1775212860935,0,17473364107
1468053017434836,1468053086817839,1775212860946,0,17483861660
1468053030912210,1468053105468151,1775212860964,0,17502511972
1468053050798899,1468053116468099,1775212860975,0,17513511920
1468053064276272,1468053145562057,1775212861004,0,17542605878
1468053084162961,1468053154242266,1775212861014,0,17551286087
1468053097640282,1468053173645286,1775212861032,0,17570689107
1468053117535820,1468053185277370,1775212861046,0,17582321191
1468053131004345,1468053199197943,1775212861058,0,17596241764
1468053150899883,1468053208393255,1775212861068,0,17605437076
1468053164368407,1468053244744193,1775212861103,0,17641788014
1468053184263945,1468053262156797,1775212861122,0,17659200618
1468053197732418,1468053285065443,1775212861144,0,17682109264
1468053217625004,1468053294905495,1775212861155,0,17691949316
1468053231096480,1468053306205286,1775212861165,0,17703249107
1468053250989066,1468053315332734,1775212861177,0,17712376555
1468053264460543,1468053340742682,1775212861199,0,17737786503
1468053284353129,1468053357050495,1775212861217,0,17754094316
1468053297824553,1468053375527422,1775212861234,0,17772571243
1468053317674646,1468053386827734,1775212861247,0,17783871555
1468053331188616,1468053403217995,1775212861262,0,17800261816
1468053351038709,1468053418023984,1775212861278,0,17815067805
1468053364552678,1468053443108047,1775212861302,0,17840151868
1468053384402771,1468053457654193,1775212861317,0,17854698014
1468053397916689,1468053479132786,1775212861338,0,17876176607
1468053417757785,1468053483792318,1775212861343,0,17880836139
1468053431280751,1468053500332161,1775212861359,0,17897375982
1468053451121847,1468053512183620,1775212861372,0,17909227441
1468053464644762,1468053536270130,1775212861395,0,17933313951
1468053484485858,1468053550683672,1775212861411,0,17947727493
1468053498008824,1468053574136015,1775212861433,0,17971179836
1468053517851276,1468053587819036,1775212861447,0,17984862857
1468053531372887,1468053609918776,1775212861468,0,18006962597
1468053551215339,1468053625525338,1775212861486,0,18022569159
1468053564736897,1468053645860026,1775212861504,0,18042903847
1468053584579349,1468053659899140,1775212861520,0,18056942961
1468053598100960,1468053676178047,1775212861535,0,18073221868
1468053617911119,1468053688608307,1775212861549,0,18085652128
1468053631465022,1468053702704036,1775212861561,0,18099747857
1468053651275181,1468053714189245,1775212861574,0,18111233066
1468053664829032,1468053744198359,1775212861603,0,18141242180
1468053684639191,1468053759039245,1775212861619,0,18156083066
1468053698193095,1468053778188359,1775212861637,0,18175232180
1468053718011943,1468053789540026,1775212861649,0,18186583847
1468053731557157,1468053812259245,1775212861671,0,18209303066
1468053751376005,1468053821268828,1775212861682,0,18218312649
1468053764921168,1468053842965495,1775212861701,0,18240009316
1468053784740016,1468053858420442,1775212861720,0,18255464263
1468053798285230,1468053876824297,1775212861735,0,18273868118
1468053818083528,1468053885455390,1775212861746,0,18282499211
1468053831649293,1468053908732994,1775212861767,0,18305776815
1468053851447591,1468053924394765,1775212861784,0,18321438586
1468053865013303,1468053940692526,1775212861799,0,18337736347
1468053884811601,1468053964597474,1775212861826,0,18361641295
1468053898377366,1468053979991276,1775212861838,0,18377035097
1468053918164615,1468053988799557,1775212861848,0,18385843378
1468053931741428,1468054010502786,1775212861869,0,18407546607
1468053951528677,1468054021589817,1775212861880,0,18418633638
1468053965105439,1468054037664088,1775212861896,0,18434707909
1468053984892688,1468054065683724,1775212861927,0,18462727545
1468053998469501,1468054076845234,1775212861935,0,18473889055
1468054018236937,1468054089124713,1775212861948,0,18486168534
1468054031833512,1468054105250338,1775212861964,0,18502294159
1468054051600948,1468054115806640,1775212861975,0,18512850461
1468054065197574,1468054147603359,1775212862006,0,18544647180
1468054084965010,1468054165262526,1775212862024,0,18562306347
1468054098561637,1468054177464296,1775212862036,0,18574508117
1468054118257075,1468054190215338,1775212862049,0,18587259159
1468054131925647,1468054207627265,1775212862066,0,18604671086
1468054151621085,1468054218948359,1775212862078,0,18615992180
1468054165289710,1468054231551328,1775212862090,0,18628595149
1468054184985148,1468054245254765,1775212862104,0,18642298586
1468054198653772,1468054267289817,1775212862126,0,18664333638
1468054218372736,1468054274442057,1775212862133,0,18671485878
1468054232017782,1468054312326380,1775212862171,0,18709370201
1468054251736746,1468054327051796,1775212862186,0,18724095617
1468054265381845,1468054341316067,1775212862200,0,18738359888
1468054285100809,1468054359316848,1775212862218,0,18756360669
1468054298745907,1468054380181015,1775212862239,0,18777224836
1468054318476280,1468054392545807,1775212862251,0,18789589628
1468054332109918,1468054411819296,1775212862270,0,18808863117
1468054351840291,1468054422363723,1775212862281,0,18819407544
1468054365473980,1468054435800494,1775212862294,0,18832844315
1468054385204353,1468054458126484,1775212862317,0,18855170305
1468054398837991,1468054473816380,1775212862332,0,18870860201
1468054418530486,1468054482540026,1775212862341,0,18879583847
1468054432202053,1468054500770286,1775212862359,0,18897814107
1468054451894548,1468054514513255,1775212862373,0,18911557076
1468054465566116,1468054543187682,1775212862402,0,18940231503
1468054485258611,1468054557153150,1775212862416,0,18954196971
1468054498930178,1468054578695911,1775212862437,0,18975739732
1468054518622321,1468054594337265,1775212862453,0,18991381086
1468054532294189,1468054614546015,1775212862473,0,19011589836
1468054551986332,1468054628210286,1775212862487,0,19025254107
1468054565658251,1468054643928775,1775212862502,0,19040972596
1468054585350394,1468054656301328,1775212862515,0,19053345149
1468054599022262,1468054677104817,1775212862536,0,19074148638
1468054618713182,1468054684734921,1775212862544,0,19081778742
1468054632386324,1468054710720234,1775212862569,0,19107764055
1468054652077244,1468054724855234,1775212862584,0,19121899055
1468054665750387,1468054743568411,1775212862602,0,19140612232
1468054685441307,1468054761908098,1775212862622,0,19158951919
1468054699114397,1468054784164140,1775212862643,0,19181207961
1468054718782799,1468054801206744,1775212862661,0,19198250565
1468054732478460,1468054816568619,1775212862675,0,19213612440
1468054752146862,1468054831257838,1775212862690,0,19228301659
1468054765842522,1468054848892057,1775212862707,0,19245935878
1468054785510924,1468054859572369,1775212862718,0,19256616190
1468054799206532,1468054878700859,1775212862737,0,19275744680
1468054818816215,1468054888152994,1775212862747,0,19285196815
1468054832570595,1468054908759557,1775212862767,0,19305803378
1468054852180278,1468054920266744,1775212862779,0,19317310565
1468054865934657,1468054945293463,1775212862804,0,19342337284
1468054885544340,1468054968235807,1775212862827,0,19365279628
1468054899298668,1468054974369140,1775212862833,0,19371412961
1468054918853409,1468054983347629,1775212862842,0,19380391450
1468054932662730,1468055003243567,1775212862862,0,19400287388
1468054952217471,1468055014593723,1775212862874,0,19411637544
1468054966026741,1468055047415182,1775212862906,0,19444459003
1468054985581482,1468055065279713,1775212862924,0,19462323534
1468054999390803,1468055086245546,1775212862945,0,19483289367
1468055018926291,1468055098796119,1775212862958,0,19495839940
1468055032754866,1468055110660859,1775212862969,0,19507704680
1468055052290354,1468055121343254,1775212862980,0,19518387075
1468055066118876,1468055145073671,1775212863004,0,19542117492
1468055085654364,1468055157885182,1775212863017,0,19554929003
1468055099482939,1468055175956536,1775212863034,0,19573000357
1468055119048094,1468055187782421,1775212863047,0,19584826242
1468055132847001,1468055202840598,1775212863061,0,19599884419
1468055152412156,1468055215819765,1775212863076,0,19612863586
1468055166211012,1468055237523150,1775212863096,0,19634566971
1468055185776167,1468055254497890,1775212863114,0,19651541711
1468055199575074,1468055270579296,1775212863129,0,19667623117
1468055219155271,1468055282108879,1775212863142,0,19679152700
1468055232939137,1468055309709556,1775212863168,0,19706753377
1468055252519334,1468055320824765,1775212863181,0,19717868586
1468055266303147,1468055342927890,1775212863201,0,19739971711
1468055285883344,1468055368162786,1775212863228,0,19765206607
1468055299667210,1468055379477369,1775212863238,0,19776521190
1468055319321030,1468055389518411,1775212863249,0,19786562232
1468055333031272,1468055407825858,1775212863266,0,19804869679
1468055352685092,1468055419832317,1775212863280,0,19816876138
1468055366395282,1468055443350025,1775212863302,0,19840393846
1468055386049102,1468055456617265,1775212863316,0,19853661086
1468055399759345,1468055475307004,1775212863334,0,19872350825
1468055419395753,1468055484010546,1775212863344,0,19881054367
1468055433123355,1468055498830129,1775212863357,0,19895873950
1468055452759763,1468055510438775,1775212863370,0,19907482596
1468055466487418,1468055548493358,1775212863407,0,19945537179
1468055486123826,1468055571123827,1775212863431,0,19968167648
1468055499851480,1468055588648723,1775212863447,0,19985692544
1468055519343147,1468055600090286,1775212863460,0,19997134107
1468055533215491,1468055608774035,1775212863467,0,20005817856
1468055552707158,1468055617488879,1775212863477,0,20014532700
1468055566579553,1468055645027369,1775212863504,0,20042071190
1468055586071220,1468055661287108,1775212863521,0,20058330929
1468055599943616,1468055679622004,1775212863538,0,20076665825
1468055619547356,1468055691482577,1775212863551,0,20088526398
1468055633307626,1468055711089921,1775212863570,0,20108133742
1468055652911366,1468055723673723,1775212863584,0,20120717544
1468055666671689,1468055746027213,1775212863605,0,20143071034
1468055686275429,1468055762245858,1775212863624,0,20159289679
1468055700035751,1468055782484400,1775212863641,0,20179528221
1468055719682936,1468055792395494,1775212863651,0,20189439315
1468055733399762,1468055818749504,1775212863677,0,20215793325
1468055753046947,1468055831571275,1775212863690,0,20228615096
1468055766763824,1468055851637108,1775212863710,0,20248680929
1468055800127887,1468055874403046,1775212863733,0,20271446867
1468055786411009,1468055876031692,1775212863737,0,20273075513
1468055819824948,1468055886757785,1775212863746,0,20283801606
1468055833491897,1468055902652421,1775212863761,0,20299696242
1468055853188958,1468055913927837,1775212863773,0,20310971658
1468055866855960,1468055935662525,1775212863794,0,20332706346
1468055886553021,1468055945941952,1775212863805,0,20342985773
1468055900220022,1468055978172994,1775212863837,0,20375216815
1468055919908968,1468055987722004,1775212863847,0,20384765825
1468055933584032,1468056003622108,1775212863862,0,20400665929
1468055953272978,1468056017741535,1775212863877,0,20414785356
1468055966948095,1468056042527212,1775212863901,0,20439571033
1468055986637041,1468056053520806,1775212863912,0,20450564627
1468056000312105,1468056078316692,1775212863937,0,20475360513
1468056020008447,1468056090890806,1775212863950,0,20487934627
1468056033676168,1468056104307942,1775212863963,0,20501351763
1468056053372510,1468056115820858,1775212863975,0,20512864679
1468056067040230,1468056150127004,1775212864009,0,20547170825
1468056086736572,1468056164708150,1775212864024,0,20561751971
1468056100404241,1468056181985650,1775212864040,0,20579029471
1468056120093968,1468056193302785,1775212864052,0,20590346606
1468056133768303,1468056209061431,1775212864068,0,20606105252
1468056153458030,1468056217921587,1775212864079,0,20614965408
1468056167132366,1468056239814817,1775212864098,0,20636858638
1468056186822093,1468056254920181,1775212864115,0,20651964002
1468056200496376,1468056282345598,1775212864141,0,20679389419
1468056220280523,1468056292421119,1775212864153,0,20689464940
1468056233860439,1468056310242421,1775212864169,0,20707286242
1468056253644586,1468056321286431,1775212864182,0,20718330252
1468056267224501,1468056343511900,1775212864202,0,20740555721
1468056287008648,1468056359798619,1775212864222,0,20756842440
1468056300588512,1468056383756379,1775212864242,0,20780800200
1468056320269145,1468056402728827,1775212864262,0,20799772648
1468056333952574,1468056409762473,1775212864268,0,20806806294
1468056353633207,1468056428346327,1775212864289,0,20825390148
1468056367316637,1468056439433410,1775212864298,0,20836477231
1468056386997270,1468056461220285,1775212864320,0,20858264106
1468056400680647,1468056475577941,1775212864334,0,20872621762
1468056420413849,1468056484358514,1775212864343,0,20881402335
1468056434044710,1468056507194868,1775212864366,0,20904238689
1468056453777912,1468056520601066,1775212864379,0,20917644887
1468056467408720,1468056544612212,1775212864403,0,20941656033
1468056487141922,1468056562586952,1775212864421,0,20959630773
1468056500772782,1468056582530493,1775212864441,0,20979574314
1468056520485899,1468056592866743,1775212864452,0,20989910564
1468056534136845,1468056613726171,1775212864472,0,21010769992
1468056553849962,1468056622845077,1775212864482,0,21019888898
1468056567500855,1468056643259556,1775212864502,0,21040303377
1468056587213972,1468056653797941,1775212864513,0,21050841762
1468056600864918,1468056672857577,1775212864531,0,21069901398
1468056620549578,1468056681079139,1775212864540,0,21078122960
1468056634228980,1468056707525493,1775212864566,0,21104569314
1468056653913640,1468056720697004,1775212864580,0,21117740825
1468056667592991,1468056746416587,1775212864605,0,21143460408
1468056687277651,1468056761655181,1775212864621,0,21158699002
1468056700957053,1468056784617681,1775212864643,0,21181661502
1468056720666476,1468056797156379,1775212864657,0,21194200200
1468056734321116,1468056812188254,1775212864671,0,21209232075
1468056754030539,1468056818665910,1775212864679,0,21215709731
1468056767685126,1468056847291848,1775212864706,0,21244335669
1468056787394549,1468056860971014,1775212864721,0,21258014835
1468056801049189,1468056881611275,1775212864740,0,21278655096
1468056820809689,1468056892312629,1775212864752,0,21289356450
1468056834413251,1468056909801900,1775212864768,0,21306845721
1468056854173751,1468056926590702,1775212864786,0,21323634523
1468056867777262,1468056942755754,1775212864801,0,21339799575
1468056887537762,1468056962164452,1775212864822,0,21359208273
1468056901141324,1468056975689347,1775212864834,0,21372733168
1468056920872307,1468056985502785,1775212864845,0,21382546606
1468056934505335,1468057003535025,1775212864862,0,21400578846
1468056954236318,1468057012448670,1775212864872,0,21409492491
1468056967869397,1468057046880545,1775212864905,0,21443924366
1468056987600380,1468057058706691,1775212864919,0,21455750512
1468057001233460,1468057079293618,1775212864938,0,21476337439
1468057020900239,1468057090060962,1775212864950,0,21487104783
1468057034597470,1468057107105597,1775212864966,0,21504149418
1468057054264249,1468057118571847,1775212864978,0,21515615668
1468057067961532,1468057143114504,1775212865002,0,21540158325
1468057087628311,1468057153893827,1775212865014,0,21550937648
1468057101325595,1468057171647004,1775212865030,0,21568690825
1468057120920349,1468057181066535,1775212865042,0,21578110356
1468057134689605,1468057214139712,1775212865073,0,21611183533
1468057154284359,1468057223390545,1775212865083,0,21620434366
1468057168053668,1468057250089087,1775212865109,0,21647132908
1468057187648422,1468057266207837,1775212865132,0,21663251658
1468057201417730,1468057282558254,1775212865141,0,21679602075
1468057221034142,1468057291467577,1775212865150,0,21688511398
1468057234781741,1468057316770077,1775212865175,0,21713813898
1468057254398153,1468057329650910,1775212865188,0,21726694731
1468057268145803,1468057346367837,1775212865205,0,21743411658
1468057287762215,1468057361224608,1775212865220,0,21758268429
1468057301509866,1468057376896483,1775212865235,0,21773940304
1468057321179538,1468057383981587,1775212865243,0,21781025408
1468057334873876,1468057415869972,1775212865274,0,21812913793
1468057354543548,1468057427703670,1775212865287,0,21824747491
1468057368237939,1468057450883826,1775212865309,0,21847927647
1468057387907611,1468057463122004,1775212865322,0,21860165825
1468057401601949,1468057481560024,1775212865340,0,21878603845
1468057421288579,1468057490091691,1775212865349,0,21887135512
1468057434966012,1468057506937264,1775212865365,0,21903981085
1468057454652642,1468057519540649,1775212865378,0,21916584470
1468057468330074,1468057543603566,1775212865402,0,21940647387
1468057488016704,1468057555016483,1775212865414,0,21952060304
1468057501694137,1468057579261639,1775212865438,0,21976305460
1468057521387994,1468057587936222,1775212865447,0,21984980043
1468057535058147,1468057603810441,1775212865462,0,22000854262
1468057554752004,1468057617183097,1775212865476,0,22014226918
1468057568422210,1468057643641378,1775212865502,0,22040685199
1468057588116067,1468057656557108,1775212865516,0,22053600929
1468057601786220,1468057679241326,1775212865538,0,22076285147
1468057621492371,1468057688643045,1775212865549,0,22085686866
1468057635150282,1468057707287264,1775212865566,0,22104331085
1468057654856433,1468057722089139,1775212865583,0,22119132960
1468057668514345,1468057745583931,1775212865604,0,22142627752
1468057688220496,1468057760989451,1775212865621,0,22158033272
1468057701878355,1468057778533045,1775212865637,0,22175576866
1468057721563128,1468057789926430,1775212865650,0,22186970251
1468057735242418,1468057807556222,1775212865666,0,22204600043
1468057754927191,1468057823820337,1775212865683,0,22220864158
1468057768606480,1468057841310493,1775212865700,0,22238354314
1468057788291253,1468057856020024,1775212865716,0,22253063845
1468057801970491,1468057877934295,1775212865736,0,22274978116
1468057821663952,1468057887085024,1775212865747,0,22284128845
1468057835334553,1468057918768358,1775212865777,0,22315812179
1468057855028014,1468057932440910,1775212865792,0,22329484731
1468057868698564,1468057953742472,1775212865812,0,22350786293
1468057888392025,1468057970464347,1775212865830,0,22367508168
1468057902062626,1468057988814191,1775212865847,0,22385858012
1468057921749747,1468057999043097,1775212865862,0,22396086918
1468057935426689,1468058015981535,1775212865874,0,22413025356
1468057955113810,1468058026139191,1775212865885,0,22423183012
1468057968790699,1468058047018045,1775212865906,0,22444061866
1468057988477820,1468058055888305,1775212865915,0,22452932126
1468058002154762,1468058076993618,1775212865935,0,22474037439
1468058021881830,1468058087900857,1775212865947,0,22484944678
1468058035518824,1468058105534972,1775212865964,0,22502578793
1468058055245892,1468058116793045,1775212865976,0,22513836866
1468058068882835,1468058140753253,1775212865999,0,22537797074
1468058088609903,1468058152119191,1775212866011,0,22549163012
1468058102246897,1468058181752993,1775212866040,0,22578796814
1468058122062596,1468058192263930,1775212866051,0,22589307751
1468058135610960,1468058211253826,1775212866070,0,22608297647
1468058155426659,1468058219832941,1775212866079,0,22616876762
1468058168974970,1468058239629087,1775212866098,0,22636672908
1468058188790669,1468058251949920,1775212866112,0,22648993741
1468058202339032,1468058284228618,1775212866143,0,22681272439
1468058222166965,1468058294491430,1775212866154,0,22691535251
1468058235703095,1468058312476899,1775212866171,0,22709520720
1468058255531028,1468058323805597,1775212866183,0,22720849418
1468058269067105,1468058345969451,1775212866204,0,22743013272
1468058288895038,1468058366639399,1775212866227,0,22763683220
1468058302431168,1468058381236534,1775212866240,0,22778280355
1468058322299959,1468058391407628,1775212866251,0,22788451449
1468058335795178,1468058413831222,1775212866272,0,22810875043
1468058355663969,1468058421077159,1775212866281,0,22818120980
1468058369159241,1468058445935180,1775212866304,0,22842979001
1468058389028032,1468058465503566,1775212866326,0,22862547387
1468058402523303,1468058484875753,1775212866343,0,22881919574
1468058422406249,1468058495121795,1775212866355,0,22892165616
1468058435887314,1468058513405128,1775212866372,0,22910448949
1468058455770260,1468058527168722,1775212866387,0,22924212543
1468058469251376,1468058544286274,1775212866403,0,22941330095
1468058489134322,1468058557075389,1775212866417,0,22954119210
1468058502615439,1468058584219503,1775212866443,0,22981263324
1468058522447125,1468058593839503,1775212866454,0,22990883324
1468058535979449,1468058613756743,1775212866472,0,23010800564
1468058555811135,1468058623034972,1775212866483,0,23020078793
1468058569343512,1468058643920389,1775212866502,0,23040964210
1468058589175198,1468058659286743,1775212866519,0,23056330564
1468058602707574,1468058675217576,1775212866534,0,23072261397
1468058622526273,1468058688415076,1775212866548,0,23085458897
1468058636071585,1468058717422316,1775212866576,0,23114466137
1468058655890284,1468058732810857,1775212866593,0,23129854678
1468058669435647,1468058748518149,1775212866607,0,23145561970
1468058689254346,1468058771453045,1775212866635,0,23168496866
1468058702799710,1468058792680232,1775212866651,0,23189724053
1468058722658638,1468058813359763,1775212866672,0,23210403584
1468058736163720,1468058816956326,1775212866675,0,23214000147
1468058756022648,1468058830435076,1775212866689,0,23227478897
1468058769527782,1468058846963201,1775212866705,0,23244007022
1468058789386710,1468058854671378,1775212866713,0,23251715199
1468058802891845,1468058871900701,1775212866730,0,23268944522
1468058822798207,1468058881901847,1775212866741,0,23278945668
1468058836255855,1468058913403722,1775212866772,0,23310447543
1468058856162217,1468058927133826,1775212866786,0,23324177647
1468058869619918,1468058945506170,1775212866804,0,23342549991
1468058889526280,1468058958343149,1775212866817,0,23355386970
1468058902983928,1468058983747680,1775212866842,0,23380791501
1468058922969610,1468058994577472,1775212866853,0,23391621293
1468058936347991,1468059012770857,1775212866871,0,23409814678
1468058956333673,1468059024378826,1775212866883,0,23421422647
1468058969712053,1468059050547055,1775212866909,0,23447590876
1468058989697735,1468059060938618,1775212866921,0,23457982439
1468059003076064,1468059085775284,1775212866944,0,23482819105
1468059023073790,1468059103974347,1775212866964,0,23501018168
1468059036440126,1468059117106847,1775212866976,0,23514150668
1468059056437852,1468059131925336,1775212866992,0,23528969157
1468059069804189,1468059151517680,1775212867010,0,23548561501
1468059089801915,1468059165417524,1775212867030,0,23562461345
1468059103168199,1468059182524399,1775212867041,0,23579568220
1468059123131056,1468059192129711,1775212867051,0,23589173532
1468059136532262,1468059203272628,1775212867062,0,23600316449
1468059156495119,1468059214252367,1775212867073,0,23611296188
1468059169896324,1468059244397159,1775212867103,0,23641440980
1468059189859181,1468059257301951,1775212867116,0,23654345772
1468059203260335,1468059272071690,1775212867131,0,23669115511
1468059223219797,1468059281420440,1775212867140,0,23678464261
1468059236624397,1468059306379086,1775212867165,0,23703422907
1468059256583859,1468059320171742,1775212867179,0,23717215563
1468059269988407,1468059340841378,1775212867199,0,23737885199
1468059289947869,1468059358644972,1775212867217,0,23755688793
1468059303352470,1468059382733617,1775212867241,0,23779777438
1468059323272322,1468059392502211,1775212867251,0,23789546032
1468059336716532,1468059407346742,1775212867266,0,23804390563
1468059356636384,1468059422725909,1775212867281,0,23819769730
1468059370080595,1468059444526378,1775212867303,0,23841570199
1468059390000447,1468059466393409,1775212867325,0,23863437230
1468059403444605,1468059484715909,1775212867343,0,23881759730
1468059423347467,1468059492677784,1775212867351,0,23889721605
1468059436808668,1468059514948357,1775212867373,0,23911992178
1468059456711530,1468059524236951,1775212867383,0,23921280772
1468059470172678,1468059549059867,1775212867408,0,23946103688
1468059490075540,1468059561640024,1775212867421,0,23958683845
1468059503536741,1468059584543721,1775212867443,0,23981587542
1468059523409022,1468059593428669,1775212867452,0,23990472490
1468059536900803,1468059605392992,1775212867464,0,24002436813
1468059556773084,1468059621614451,1775212867482,0,24018658272
1468059570264814,1468059640569503,1775212867499,0,24037613324
1468059590137095,1468059651720909,1775212867511,0,24048764730
1468059603628876,1468059676773201,1775212867535,0,24073817022
1468059623438228,1468059688174138,1775212867549,0,24085217959
1468059636992939,1468059711752367,1775212867570,0,24108796188
1468059656802291,1468059729228149,1775212867589,0,24126271970
1468059670356949,1468059749660232,1775212867608,0,24146704053
1468059690166301,1468059764639919,1775212867625,0,24161683740
1468059703721012,1468059781616638,1775212867640,0,24178660459
1468059723616721,1468059790953305,1775212867651,0,24187997126
1468059737085074,1468059816556534,1775212867675,0,24213600355
1468059756980783,1468059826327680,1775212867687,0,24223371501
1468059770449085,1468059856145909,1775212867715,0,24253189730
1468059790344794,1468059877579294,1775212867737,0,24274623115
1468059803813147,1468059886534763,1775212867745,0,24283578584
1468059823670613,1468059896139034,1775212867756,0,24293182855
1468059837177157,1468059915593669,1775212867774,0,24312637490
1468059857034623,1468059928577003,1775212867788,0,24325620824
1468059870541220,1468059945732576,1775212867804,0,24342776397
1468059890398686,1468059958294398,1775212867818,0,24355338219
1468059903905282,1468059976685648,1775212867835,0,24373729469
1468059923897844,1468059986752471,1775212867846,0,24383796292
1468059937269293,1468060021236794,1775212867880,0,24418280615
1468059957261855,1468060030065128,1775212867891,0,24427108949
1468059970633355,1468060051666117,1775212867910,0,24448709938
1468059990625917,1468060061985232,1775212867928,0,24459029053
1468060003997418,1468060080300023,1775212867939,0,24477343844
1468060024001652,1468060090860232,1775212867950,0,24487904053
1468060037361428,1468060113009190,1775212867972,0,24510053011
1468060057365662,1468060122083825,1775212867981,0,24519127646
1468060070725491,1468060142802159,1775212868001,0,24539845980
1468060090729725,1468060152177888,1775212868011,0,24549221709
1468060104089553,1468060180250909,1775212868039,0,24577294730
1468060124093853,1468060189327836,1775212868048,0,24586371657
1468060137453564,1468060207329346,1775212868066,0,24604373167
1468060157457864,1468060218993148,1775212868078,0,24616036969
1468060170817626,1468060246762211,1775212868105,0,24643806032
1468060190821926,1468060259042315,1775212868118,0,24656086136
1468060204181689,1468060284706742,1775212868143,0,24681750563
1468060224200495,1468060292634555,1775212868151,0,24689678376
1468060237545699,1468060312544398,1775212868171,0,24709588219
1468060257564505,1468060326087680,1775212868185,0,24723131501
1468060270909762,1468060341729138,1775212868200,0,24738772959
1468060290928568,1468060362959867,1775212868224,0,24760003688
1468060304273824,1468060384685648,1775212868243,0,24781729469
1468060324263195,1468060395308930,1775212868255,0,24792352751
1468060337637835,1468060417466846,1775212868276,0,24814510667
1468060357627206,1468060436347992,1775212868297,0,24833391813
1468060371001897,1468060453577888,1775212868312,0,24850621709
1468060390991268,1468060464499659,1775212868325,0,24861543480
1468060404365907,1468060484778565,1775212868343,0,24881822386
1468060424417429,1468060495700909,1775212868357,0,24892744730
1468060437729970,1468060516445700,1775212868375,0,24913489521
1468060457781492,1468060525861638,1775212868385,0,24922905459
1468060471094032,1468060542793044,1775212868401,0,24939836865
1468060491145554,1468060558484919,1775212868417,0,24955528740
1468060504458043,1468060585180284,1775212868444,0,24982224105
1468060524555312,1468060594325284,1775212868453,0,24991369105
1468060537822105,1468060617540492,1775212868476,0,25014584313
1468060557919374,1468060625460127,1775212868484,0,25022503948
1468060571186168,1468060649793929,1775212868508,0,25046837750
1468060591283437,1468060667861065,1775212868527,0,25064904886
1468060604550178,1468060684397106,1775212868543,0,25081440927
1468060624523406,1468060692034034,1775212868551,0,25089077855
1468060637914241,1468060720469450,1775212868579,0,25117513271
1468060657887469,1468060731945648,1775212868591,0,25128989469
1468060671278303,1468060746789346,1775212868605,0,25143833167
1468060691251531,1468060760564086,1775212868619,0,25157607907
1468060704642314,1468060775976377,1775212868634,0,25173020198
1468060724526433,1468060786851638,1775212868646,0,25183895459
1468060738006376,1468060815229919,1775212868674,0,25212273740
1468060757890495,1468060833886169,1775212868693,0,25230929990
1468060771370387,1468060849197419,1775212868708,0,25246241240
1468060791254506,1468060864465596,1775212868723,0,25261509417
1468060804734449,1468060889789606,1775212868748,0,25286833427
1468060824526845,1468060897580752,1775212868756,0,25294624573
1468060838098512,1468060912934294,1775212868771,0,25309978115
1468060857890908,1468060924325075,1775212868784,0,25321368896
1468060871462522,1468060946032263,1775212868805,0,25343076084
1468060891254918,1468060958708929,1775212868819,0,25355752750
1468060904826585,1468060976237419,1775212868835,0,25373281240
1468060924606285,1468060990125179,1775212868850,0,25387169000
1468060938190647,1468061019538981,1775212868878,0,25416582802
1468060957970347,1468061038643669,1775212868900,0,25435687490
1468060971554657,1468061054262158,1775212868913,0,25451305979
1468060991334357,1468061067383096,1775212868926,0,25464426917
1468061004918720,1468061091200804,1775212868950,0,25488244625
1468061024649470,1468061103328304,1775212868962,0,25500372125
1468061038282782,1468061119190856,1775212868978,0,25516234677
1468061058013532,1468061127005908,1775212868986,0,25524049729
1468061071646793,1468061152845440,1775212869011,0,25549889261
1468061091377543,1468061177380023,1775212869036,0,25574423844
1468061105010855,1468061189412315,1775212869048,0,25586456136
1468061124706778,1468061198852992,1775212869058,0,25595896813
1468061138374918,1468061217679710,1775212869076,0,25614723531
1468061158070841,1468061228879658,1775212869088,0,25625923479
1468061171738928,1468061250240075,1775212869109,0,25647283896
1468061191434851,1468061266817992,1775212869126,0,25663861813
1468061205102991,1468061284627679,1775212869143,0,25681671500
1468061224781807,1468061290156794,1775212869149,0,25687200615
1468061238467053,1468061307171325,1775212869166,0,25704215146
1468061258145869,1468061323661742,1775212869183,0,25720705563
1468061271831064,1468061351295648,1775212869210,0,25748339469
1468061291509880,1468061367077471,1775212869226,0,25764121292
1468061305195126,1468061392541898,1775212869251,0,25789585719
1468061324879452,1468061403353044,1775212869262,0,25800396865
1468061338559137,1468061420835283,1775212869279,0,25817879104
1468061358243463,1468061435372210,1775212869294,0,25832416031
1468061371923199,1468061452399815,1775212869311,0,25849443636
1468061391607525,1468061466418773,1775212869325,0,25863462594
1468061405287262,1468061485722940,1775212869344,0,25882766761
1468061424924532,1468061494754815,1775212869353,0,25891798636
1468061438651272,1468061511295908,1775212869370,0,25908339729
1468061458288542,1468061526143252,1775212869386,0,25923187073
1468061472015335,1468061556214502,1775212869415,0,25953258323
1468061491652605,1468061569230439,1775212869430,0,25966274260
1468061505379397,1468061586874814,1775212869445,0,25983918635
1468061525007833,1468061598707887,1775212869459,0,25995751708
1468061538743407,1468061621896481,1775212869480,0,26018940302
1468061558371843,1468061634729398,1775212869495,0,26031773219
1468061572107470,1468061647129085,1775212869506,0,26044172906
1468061591735906,1468061674888564,1775212869535,0,26071932385
1468061605471532,1468061683620335,1775212869542,0,26080664156
1468061625086723,1468061691013252,1775212869551,0,26088057073
1468061638835543,1468061724593877,1775212869583,0,26121637698
1468061658450734,1468061738490491,1775212869598,0,26135534312
1468061672199605,1468061756742106,1775212869615,0,26153785927
1468061691814796,1468061775891273,1775212869636,0,26172935094
1468061705563616,1468061791229346,1775212869650,0,26188273167
1468061725142396,1468061806048721,1775212869666,0,26203092542
1468061738927678,1468061817748200,1775212869676,0,26214792021
1468061758506458,1468061830189450,1775212869691,0,26227233271
1468061772291741,1468061843711221,1775212869702,0,26240755042
1468061791870521,1468061853942419,1775212869713,0,26250986240
1468061805655803,1468061873027679,1775212869732,0,26270071500
1468061825282948,1468061881667679,1775212869741,0,26278711500
1468061839019814,1468061904902158,1775212869763,0,26301945979
1468061858646959,1468061913683616,1775212869773,0,26310727437
1468061872383876,1468061943118668,1775212869802,0,26340162489
1468061892011021,1468061957877106,1775212869818,0,26354920927
1468061905747887,1468061977658929,1775212869836,0,26374702750
1468061925422606,1468061984992366,1775212869845,0,26382036187
1468061939111949,1468062013342939,1775212869872,0,26410386760
1468061958786668,1468062028198773,1775212869888,0,26425242594
1468061972476012,1468062050785283,1775212869909,0,26447829104
1468062005840022,1468062081248096,1775212869940,0,26478291917
1468061992150731,1468062084803408,1775212869944,0,26481847229
1468062025481629,1468062095341377,1775212869955,0,26492385198
1468062039204085,1468062113802106,1775212869972,0,26510845927
1468062058845692,1468062127813408,1775212869987,0,26524857229
1468062072568147,1468062142861221,1775212870001,0,26539905042
1468062092209754,1468062156687418,1775212870017,0,26553731239
1468062105932157,1468062182224241,1775212870041,0,26579268062
1468062125641426,1468062190581845,1775212870050,0,26587625666
1468062139296220,1468062209044293,1775212870068,0,26606088114
1468062159005489,1468062217998252,1775212870079,0,26615042073
1468062172660282,1468062250210231,1775212870109,0,26647254052
1468062192369551,1468062278878720,1775212870140,0,26675922541
1468062206024293,1468062282157418,1775212870141,0,26679201239
1468062225748626,1468062289863304,1775212870150,0,26686907125
1468062239388355,1468062317161533,1775212870176,0,26714205354
1468062259112688,1468062339396377,1775212870198,0,26736440198
1468062272752366,1468062351991429,1775212870210,0,26749035250
1468062292476699,1468062361623616,1775212870220,0,26758667437
1468062306116428,1468062382939137,1775212870241,0,26779982958
1468062325903436,1468062395868512,1775212870255,0,26792912333
1468062339480491,1468062414912106,1775212870273,0,26811955927
1468062359267499,1468062426723877,1775212870285,0,26823767698
1468062372844553,1468062448899814,1775212870307,0,26845943635
1468062392631561,1468062473998772,1775212870333,0,26871042593
1468062406208564,1468062480908252,1775212870339,0,26877952073
1468062425919182,1468062489409554,1775212870348,0,26886453375
1468062439572626,1468062514372679,1775212870373,0,26911416500
1468062459283244,1468062529849502,1775212870389,0,26926893323
1468062481285637,1468062550259345,1775212870409,0,26947303166
1468062496820255,1468062563360647,1775212870423,0,26960404468
1468062514649699,1468062588923929,1775212870447,0,26985967750
1468062530163735,1468062608103616,1775212870468,0,27005147437
1468062548013762,1468062609779293,1775212870468,0,27006823114
1468062563527798,1468062621720647,1775212870481,0,27018764468
1468062581377772,1468062650686272,1775212870509,0,27047730093
1468062596891808,1468062664198824,1775212870524,0,27061242645
1468062614741835,1468062687707939,1775212870546,0,27084751760
1468062630178357,1468062701891637,1775212870561,0,27098935458
1468062648105897,1468062721956845,1775212870581,0,27119000666
1468062663542419,1468062732504762,1775212870593,0,27129548583
1468062681469907,1468062750269293,1775212870609,0,27147313114
1468062696906429,1468062761599866,1775212870622,0,27158643687
1468062706484970,1468062788811168,1775212870647,0,27185854989
1468062726115529,1468062798393304,1775212870659,0,27195437125
1468062739849032,1468062814677679,1775212870673,0,27211721500
1468062759479591,1468062828281324,1775212870689,0,27225325145
1468062773213043,1468062847229397,1775212870706,0,27244273218
1468062792843602,1468062855636533,1775212870714,0,27252680354
1468062806577105,1468062876790491,1775212870735,0,27273834312
1468062826263376,1468062888737001,1775212870748,0,27285780822
1468062839941116,1468062918296429,1775212870777,0,27315340250
1468062859627387,1468062928412054,1775212870787,0,27325455875
1468062873305178,1468062945844814,1775212870804,0,27342888635
1468062892991449,1468062954933095,1775212870814,0,27351976916
1468062906669241,1468062978041064,1775212870837,0,27375084885
1468062926313710,1468062988690491,1775212870847,0,27385734312
1468062940033251,1468063017400751,1775212870876,0,27414444572
1468062959677720,1468063029499866,1775212870888,0,27426543687
1468062973397314,1468063046675439,1775212870905,0,27443719260
1468062993041783,1468063060627678,1775212870919,0,27457671499
1468063006761376,1468063081834397,1775212870940,0,27478878218
1468063026451597,1468063091895751,1775212870951,0,27488939572
1468063040125387,1468063111269241,1775212870970,0,27508313062
1468063059815608,1468063125824710,1775212870987,0,27522868531
1468063073489449,1468063144642418,1775212871003,0,27541686239
1468063093179670,1468063159622001,1775212871019,0,27556665822
1468063106853512,1468063181055960,1775212871040,0,27578099781
1468063126579269,1468063191157158,1775212871051,0,27588200979
1468063140217522,1468063210130074,1775212871069,0,27607173895
1468063159943279,1468063223195647,1775212871083,0,27620239468
1468063173581585,1468063248511637,1775212871107,0,27645555458
1468063193307342,1468063262235595,1775212871122,0,27659279416
1468063206945595,1468063278591480,1775212871137,0,27675635301
1468063226676988,1468063291283147,1775212871151,0,27688326968
1468063240309657,1468063311732314,1775212871170,0,27708776135
1468063260041050,1468063320967418,1775212871181,0,27718011239
1468063273673720,1468063352642678,1775212871211,0,27749686499
1468063293405113,1468063363390543,1775212871223,0,27760434364
1468063307037782,1468063385923668,1775212871244,0,27782967489
1468063326791346,1468063401298512,1775212871261,0,27798342333
1468063340401793,1468063414850178,1775212871273,0,27811893999
1468063360155357,1468063425418564,1775212871285,0,27822462385
1468063373765855,1468063443159658,1775212871302,0,27840203479
1468063393519419,1468063454761376,1775212871315,0,27851805197
1468063407129866,1468063486224449,1775212871345,0,27883268270
1468063426920541,1468063498558928,1775212871359,0,27895602749
1468063440493928,1468063520068668,1775212871379,0,27917112489
1468063460284603,1468063534225751,1775212871394,0,27931269572
1468063473857991,1468063548884814,1775212871407,0,27945928635
1468063493648666,1468063570344970,1775212871430,0,27967388791
1468063507222001,1468063588935543,1775212871447,0,27985979364
1468063527060032,1468063599005855,1775212871459,0,27996049676
1468063540586064,1468063619774762,1775212871478,0,28016818583
1468063560424095,1468063631276793,1775212871491,0,28028320614
1468063573950126,1468063653902782,1775212871512,0,28050946603
1468063593788157,1468063668386637,1775212871529,0,28065430458
1468063607314137,1468063686115907,1775212871545,0,28083159728
1468063627150452,1468063696384866,1775212871556,0,28093428687
1468063640678199,1468063711218043,1775212871570,0,28108261864
1468063660514514,1468063729508251,1775212871590,0,28126552072
1468063674042262,1468063748608147,1775212871607,0,28145651968
1468063693878577,1468063761181584,1775212871621,0,28158225405
1468063707406272,1468063779726845,1775212871638,0,28176770666
1468063727235737,1468063789666168,1775212871649,0,28186709989
1468063740770335,1468063810704449,1775212871669,0,28207748270
1468063760599800,1468063822766897,1775212871683,0,28219810718
1468063774134397,1468063851833876,1775212871710,0,28248877697
1468063793963862,1468063863620491,1775212871724,0,28260664312
1468063807498407,1468063884228876,1775212871743,0,28281272697
1468063827361457,1468063892853876,1775212871753,0,28289897697
1468063840862470,1468063914293303,1775212871773,0,28311337124
1468063860725520,1468063924270907,1775212871784,0,28321314728
1468063874226480,1468063946059970,1775212871805,0,28343103791
1468063894089530,1468063964375959,1775212871824,0,28361419780
1468063907590543,1468063985372886,1775212871844,0,28382416707
1468063927392466,1468063995099553,1775212871855,0,28392143374
1468063940954605,1468064009574761,1775212871868,0,28406618582
1468063960756528,1468064019262418,1775212871879,0,28416306239
1468063974318616,1468064055851897,1775212871914,0,28452895718
1468063994120539,1468064070854032,1775212871931,0,28467897853
1468064007682678,1468064081749293,1775212871940,0,28478793114
1468064027461091,1468064092462209,1775212871952,0,28489506030
1468064041046741,1468064118707626,1775212871977,0,28515751447
1468064060825154,1468064127262261,1775212871987,0,28524306082
1468064074410751,1468064148232053,1775212872007,0,28545275874
1468064094189164,1468064160470178,1775212872020,0,28557513999
1468064107774814,1468064189353980,1775212872048,0,28586397801
1468064127578294,1468064204335230,1775212872064,0,28601379051
1468064141138876,1468064219987730,1775212872078,0,28617031551
1468064160942356,1468064228978147,1775212872089,0,28626021968
1468064174502887,1468064244591376,1775212872103,0,28641635197
1468064194306367,1468064256365803,1775212872116,0,28653409624
1468064207866949,1468064285780907,1775212872144,0,28682824728
1468064227686500,1468064295498251,1775212872156,0,28692542072
1468064241231012,1468064315475543,1775212872174,0,28712519364
1468064261050563,1468064319085907,1775212872180,0,28716129728
1468064274595022,1468064342403876,1775212872201,0,28739447697
1468064294414573,1468064357701011,1775212872218,0,28754744832
1468064307959085,1468064376281428,1775212872235,0,28773325249
1468064327708713,1468064386699345,1775212872246,0,28783743166
1468064341323095,1468064412969605,1775212872271,0,28810013426
1468064361072723,1468064421934918,1775212872282,0,28818978739
1468064374687157,1468064452132782,1775212872311,0,28849176603
1468064394436785,1468064471048720,1775212872332,0,28868092541
1468064408051220,1468064486270438,1775212872345,0,28883314259
1468064427833862,1468064500361480,1775212872360,0,28897405301
1468064441415230,1468064511859293,1775212872370,0,28908903114
1468064461197872,1468064522803511,1775212872383,0,28919847332
1468064474779293,1468064554257782,1775212872413,0,28951301603
1468064494561935,1468064568533199,1775212872429,0,28965577020
1468064508143355,1468064588486897,1775212872447,0,28985530718
1468064527920787,1468064602021584,1775212872462,0,28999065405
1468064541507366,1468064612444970,1775212872471,0,29009488791
1468064561284798,1468064624427105,1775212872484,0,29021470926
1468064574871428,1468064651804397,1775212872510,0,29048848218
1468064594648860,1468064663089345,1775212872523,0,29060133166
1468064608235491,1468064690769188,1775212872549,0,29087813009
1468064628076866,1468064710452990,1775212872570,0,29107496811
1468064641599501,1468064720293407,1775212872579,0,29117337228
1468064661440876,1468064732390074,1775212872593,0,29129433895
1468064674963564,1468064749304970,1775212872608,0,29146348791
1468064694804939,1468064760947261,1775212872621,0,29157991082
1468064708327626,1468064780156219,1775212872639,0,29177200040
1468064728236542,1468064791459188,1775212872650,0,29188503009
1468064741691637,1468064811656584,1775212872670,0,29208700405
1468064761600553,1468064825591897,1775212872684,0,29222635718
1468064775055699,1468064852118824,1775212872711,0,29249162645
1468064794964615,1468064865807001,1775212872725,0,29262850822
1468064808419710,1468064887128459,1775212872746,0,29284172280
1468064828301683,1468064898506324,1775212872757,0,29295550145
1468064841783772,1468064921621480,1775212872780,0,29318665301
1468064861665745,1468064928303824,1775212872787,0,29325347645
1468064875147835,1468064950583251,1775212872809,0,29347627072
1468064895029808,1468064966018719,1775212872825,0,29363062540
1468064908511845,1468064981326011,1775212872840,0,29378369832
1468064928483693,1468064994342834,1775212872853,0,29391386655
1468064941875907,1468065020407626,1775212872879,0,29417451447
1468064961847755,1468065032778719,1775212872893,0,29429822540
1468064975239970,1468065052185803,1775212872911,0,29449229624
1468064995211818,1468065067213615,1775212872927,0,29464257436
1468065008603980,1468065088105074,1775212872947,0,29485148895
1468065028568433,1468065099990126,1775212872960,0,29497033947
1468065041968043,1468065119135803,1775212872978,0,29516179624
1468065061932496,1468065142539605,1775212873003,0,29539583426
1468065075332105,1468065147080646,1775212873006,0,29544124467
1468065095296558,1468065164004188,1775212873024,0,29561048009
1468065108696116,1468065192946480,1775212873051,0,29589990301
1468065128624742,1468065207124292,1775212873068,0,29604168113
1468065142060178,1468065221290386,1775212873080,0,29618334207
1468065161988804,1468065232166480,1775212873092,0,29629210301
1468065175424241,1468065252549709,1775212873111,0,29649593530
1468065195352867,1468065266146584,1775212873126,0,29663190405
1468065208788251,1468065281392053,1775212873140,0,29678435874
1468065228806927,1468065290155959,1775212873150,0,29687199780
1468065242152314,1468065320752678,1775212873179,0,29717796499
1468065262170990,1468065332697678,1775212873194,0,29729741499
1468065275516324,1468065347589709,1775212873206,0,29744633530
1468065295535000,1468065366814553,1775212873227,0,29763858374
1468065308880387,1468065389301480,1775212873248,0,29786345301
1468065328884586,1468065399643563,1775212873259,0,29796687384
1468065342244449,1468065420869761,1775212873279,0,29817913582
1468065362248648,1468065438774240,1775212873299,0,29835818061
1468065375608460,1468065444475282,1775212873303,0,29841519103
1468065395612659,1468065455444553,1775212873315,0,29852488374
1468065408972522,1468065475771688,1775212873334,0,29872815509
1468065429015806,1468065485944657,1775212873346,0,29882988478
1468065442336585,1468065514053823,1775212873373,0,29911097644
1468065462379869,1468065524754761,1775212873385,0,29921798582
1468065475700595,1468065554166428,1775212873413,0,29951210249
1468065495743879,1468065573821271,1775212873434,0,29970865092
1468065509064657,1468065593623875,1775212873452,0,29990667696
1468065528977208,1468065601160750,1775212873462,0,29998204571
1468065542428720,1468065616685542,1775212873475,0,30013729363
1468065562341271,1468065631226375,1775212873491,0,30028270196
1468065575792730,1468065646905230,1775212873505,0,30043949051
1468065595705281,1468065656915855,1775212873517,0,30053959676
1468065609156793,1468065691353563,1775212873550,0,30088397384
1468065629133177,1468065701765490,1775212873562,0,30098809311
1468065642520855,1468065726525959,1775212873585,0,30123569780
1468065662497239,1468065733887573,1775212873594,0,30130931394
1468065675884866,1468065751404032,1775212873610,0,30148447853
1468065695861250,1468065762066532,1775212873622,0,30159110353
1468065709248928,1468065778434709,1775212873637,0,30175478530
1468065729270182,1468065788507938,1775212873648,0,30185551759
1468065742612939,1468065821022521,1775212873680,0,30218066342
1468065762634193,1468065830420698,1775212873693,0,30227464519
1468065775977001,1468065847992052,1775212873706,0,30245035873
1468065795998255,1468065864251740,1775212873723,0,30261295561
1468065809341064,1468065888764709,1775212873747,0,30285808530
1468065829349935,1468065900285802,1775212873759,0,30297329623
1468065842705074,1468065917502625,1775212873776,0,30314546446
1468065862713945,1468065941874761,1775212873801,0,30338918582
1468065876069137,1468065947966688,1775212873806,0,30345010509
1468065896078008,1468065958901948,1775212873818,0,30355945769
1468065909433199,1468065982225438,1775212873841,0,30379269259
1468065929394264,1468065992930073,1775212873852,0,30389973894
1468065942797210,1468066020640386,1775212873879,0,30417684207
1468065962758275,1468066031513354,1775212873890,0,30428557175
1468065976161272,1468066047842729,1775212873906,0,30444886550
1468065996122337,1468066063611896,1775212873922,0,30460655717
1468066009525335,1468066093914917,1775212873952,0,30490958738
1468066029516543,1468066110745021,1775212873969,0,30507788842
1468066042889345,1468066119050438,1775212873978,0,30516094259
1468066062880553,1468066130391011,1775212873990,0,30527434832
1468066076253407,1468066148661531,1775212874007,0,30545705352
1468066096244615,1468066160719344,1775212874020,0,30557763165
1468066109617470,1468066185661115,1775212874044,0,30582704936
1468066129648676,1468066194231115,1775212874056,0,30591274936
1468066142981480,1468066213497000,1775212874072,0,30610540821
1468066163012686,1468066226635438,1775212874085,0,30623679259
1468066176345543,1468066246432886,1775212874105,0,30643476707
1468066196376749,1468066259169917,1775212874118,0,30656213738
1468066209709553,1468066283332313,1775212874142,0,30680376134
1468066229731252,1468066294432052,1775212874153,0,30691475873
1468066243073616,1468066315020906,1775212874174,0,30712064727
1468066263095315,1468066327470281,1775212874186,0,30724514102
1468066276437678,1468066347298302,1775212874206,0,30744342123
1468066296459377,1468066365390125,1775212874224,0,30762433946
1468066309801689,1468066387109500,1775212874246,0,30784153321
1468066329811685,1468066395732000,1775212874254,0,30792775821
1468066343165751,1468066415063354,1775212874274,0,30812107175
1468066363175747,1468066426178823,1775212874286,0,30823222644
1468066376529814,1468066448628146,1775212874307,0,30845671967
1468066396539810,1468066466572261,1775212874327,0,30863616082
1468066409893824,1468066490629813,1775212874349,0,30887673634
1468066429848567,1468066502961948,1775212874363,0,30900005769
1468066443257887,1468066528607729,1775212874387,0,30925651550
1468066463212630,1468066546147677,1775212874409,0,30943191498
1468066476621949,1468066565348458,1775212874424,0,30962392279
1468066496576692,1468066575397677,1775212874434,0,30972441498
1468066509985960,1468066602562573,1775212874461,0,30999606394
1468066529923854,1468066621984500,1775212874481,0,31019028321
1468066543350022,1468066624310125,1775212874483,0,31021353946
1468066563287916,1468066639706375,1775212874499,0,31036750196
1468066576714085,1468066644057885,1775212874503,0,31041101706
1468066596651979,1468066657730542,1775212874516,0,31054774363
1468066610078095,1468066679781792,1775212874538,0,31076825613
1468066630038507,1468066690984188,1775212874550,0,31088028009
1468066643442157,1468066716769344,1775212874575,0,31113813165
1468066663402569,1468066725939604,1775212874585,0,31122983425
1468066676806168,1468066746059500,1775212874605,0,31143103321
1468066696766580,1468066761397260,1775212874620,0,31158441081
1468066710170230,1468066786396531,1775212874645,0,31183440352
1468066730201388,1468066795899604,1775212874655,0,31192943425
1468066743534293,1468066819662052,1775212874678,0,31216705873
1468066763565451,1468066828215958,1775212874687,0,31225259779
1468066776898303,1468066860282833,1775212874719,0,31257326654
1468066796929461,1468066875842937,1775212874735,0,31272886758
1468066810262366,1468066888034396,1775212874747,0,31285078217
1468066830152338,1468066903998302,1775212874763,0,31301042123
1468066843626428,1468066922779865,1775212874781,0,31319823686
1468066863516400,1468066929687729,1775212874789,0,31326731550
1468066876990439,1468066951742052,1775212874810,0,31348785873
1468066896880411,1468066965401739,1775212874826,0,31362445560
1468066910354501,1468066988995177,1775212874847,0,31386038998
1468066930302647,1468067002509864,1775212874863,0,31399553685
1468066943718564,1468067020748354,1775212874879,0,31417792175
1468066963666710,1468067032577052,1775212874892,0,31429620873
1468066977082574,1468067052790906,1775212874911,0,31449834727
1468066997030720,1468067063958823,1775212874924,0,31461002644
1468067010446637,1468067089159812,1775212874948,0,31486203633
1468067030451367,1468067100750594,1775212874960,0,31497794415
1468067043810699,1468067113316844,1775212874972,0,31510360665
1468067063815429,1468067122066792,1775212874982,0,31519110613
1468067077174710,1468067148052469,1775212875007,0,31545096290
1468067097179440,1468067163632052,1775212875025,0,31560675873
1468067110538772,1468067185412208,1775212875044,0,31582456029
1468067130587796,1468067196387989,1775212875056,0,31593431810
1468067143902782,1468067214431739,1775212875073,0,31611475560
1468067163951806,1468067222535021,1775212875082,0,31619578842
1468067177266845,1468067259372208,1775212875118,0,31656416029
1468067197315869,1468067288804500,1775212875152,0,31685848321
1468067210630907,1468067295286844,1775212875154,0,31692330665
1468067230656021,1468067302818927,1775212875162,0,31699862748
1468067243994970,1468067322301375,1775212875181,0,31719345196
1468067264020084,1468067330388510,1775212875189,0,31727432331
1468067277358980,1468067357329969,1775212875216,0,31754373790
1468067297384094,1468067367748198,1775212875227,0,31764792019
1468067310723043,1468067389244604,1775212875248,0,31786288425
1468067330807713,1468067400584343,1775212875259,0,31797628164
1468067344087053,1468067420027729,1775212875279,0,31817071550
1468067364171723,1468067431035593,1775212875290,0,31828079414
1468067377451116,1468067452182729,1775212875311,0,31849226550
1468067397535786,1468067466618354,1775212875325,0,31863662175
1468067410815178,1468067489540489,1775212875348,0,31886584310
1468067430850118,1468067501169135,1775212875360,0,31898212956
1468067444179189,1468067515483354,1775212875374,0,31912527175
1468067464214129,1468067526900489,1775212875386,0,31923944310
1468067477543251,1468067557509708,1775212875416,0,31954553529
1468067497578191,1468067578613041,1775212875439,0,31975656862
1468067510907314,1468067595828823,1775212875454,0,31992872644
1468067530976433,1468067612549343,1775212875472,0,32009593164
1468067544271324,1468067626413250,1775212875485,0,32023457071
1468067564340443,1468067634376166,1775212875495,0,32031419987
1468067577635387,1468067659371791,1775212875518,0,32056415612
1468067597704506,1468067665879291,1775212875525,0,32062923112
1468067610999449,1468067696116791,1775212875555,0,32093160612
1468067630924960,1468067707319604,1775212875567,0,32104363425
1468067644363460,1468067724297573,1775212875583,0,32121341394
1468067664288971,1468067736014760,1775212875596,0,32133058581
1468067677727522,1468067752172885,1775212875611,0,32149216706
1468067697653033,1468067766865281,1775212875627,0,32163909102
1468067711091532,1468067780561791,1775212875639,0,32177605612
1468067730999177,1468067789428041,1775212875650,0,32186471862
1468067744455595,1468067823224187,1775212875682,0,32220268008
1468067764363240,1468067837069239,1775212875698,0,32234113060
1468067777819657,1468067854386947,1775212875713,0,32251430768
1468067797727302,1468067870538041,1775212875731,0,32267581862
1468067811183668,1468067893341114,1775212875752,0,32290384935
1468067831089093,1468067903045333,1775212875763,0,32300089154
1468067844547730,1468067928608927,1775212875787,0,32325652748
1468067864453155,1468067938183302,1775212875799,0,32335227123
1468067877911793,1468067954223979,1775212875813,0,32351267800
1468067897817218,1468067966352000,1775212875826,0,32363395821
1468067911275803,1468067980134812,1775212875839,0,32377178633
1468067931207314,1468067991192781,1775212875851,0,32388236602
1468067944639866,1468068021030541,1775212875880,0,32418074362
1468067964571377,1468068033048041,1775212875894,0,32430091862
1468067978003928,1468068053225906,1775212875912,0,32450269727
1468067997935439,1468068066516322,1775212875927,0,32463560143
1468068011367939,1468068095844031,1775212875954,0,32492887852
1468068031307612,1468068112983145,1775212875973,0,32510026966
1468068044732001,1468068117049187,1775212875976,0,32514093008
1468068064671674,1468068127271687,1775212875987,0,32524315508
1468068078096064,1468068148471843,1775212876007,0,32545515664
1468068098035737,1468068159587572,1775212876023,0,32556631393
1468068111460074,1468068188557624,1775212876047,0,32585601445
1468068131376017,1468068194574031,1775212876053,0,32591617852
1468068144824137,1468068215726791,1775212876074,0,32612770612
1468068164740080,1468068224366843,1775212876083,0,32621410664
1468068178188199,1468068256556895,1775212876115,0,32653600716
1468068198104142,1468068273178927,1775212876133,0,32670222748
1468068211552210,1468068285946166,1775212876144,0,32682989987
1468068231443844,1468068299848979,1775212876159,0,32696892800
1468068244916272,1468068317083041,1775212876176,0,32714126862
1468068264807906,1468068322663926,1775212876181,0,32719707747
1468068278280282,1468068348794604,1775212876207,0,32745838425
1468068298171916,1468068359909499,1775212876219,0,32756953320
1468068311644345,1468068388043197,1775212876247,0,32785087018
1468068331460924,1468068400183249,1775212876259,0,32797227070
1468068345008407,1468068422013562,1775212876281,0,32819057383
1468068364824986,1468068431319864,1775212876290,0,32828363685
1468068378372418,1468068463637051,1775212876322,0,32860680872
1468068398188997,1468068479997937,1775212876339,0,32877041758
1468068411736480,1468068486785489,1775212876345,0,32883829310
1468068431539383,1468068498087364,1775212876357,0,32895131185
1468068445100543,1468068523720541,1775212876382,0,32920764362
1468068464903446,1468068536130020,1775212876395,0,32933173841
1468068478464553,1468068556789708,1775212876415,0,32953833529
1468068498267456,1468068566479343,1775212876425,0,32963523164
1468068511828616,1468068585056739,1775212876444,0,32982100560
1468068531638093,1468068594441843,1775212876453,0,32991485664
1468068545192678,1468068614198562,1775212876473,0,33011242383
1468068565002155,1468068623067416,1775212876483,0,33020111237
1468068578556689,1468068658910385,1775212876517,0,33055954206
1468068598366166,1468068672585593,1775212876533,0,33069629414
1468068611920751,1468068695829812,1775212876554,0,33092873633
1468068631841132,1468068705978978,1775212876566,0,33103022799
1468068645284814,1468068727677416,1775212876586,0,33124721237
1468068665205195,1468068738077312,1775212876602,0,33135121133
1468068678648824,1468068756111739,1775212876615,0,33153155560
1468068698569205,1468068765066791,1775212876625,0,33162110612
1468068712012887,1468068783240437,1775212876642,0,33180284258
1468068731926618,1468068791485489,1775212876651,0,33188529310
1468068745376897,1468068825645072,1775212876684,0,33222688893
1468068765290628,1468068834374447,1775212876695,0,33231418268
1468068778740960,1468068849761114,1775212876708,0,33246804935
1468068798654691,1468068862841322,1775212876722,0,33259885143
1468068812105022,1468068891089603,1775212876750,0,33288133424
1468068832029894,1468068900215437,1775212876760,0,33297259258
1468068845469032,1468068916172676,1775212876775,0,33313216497
1468068865393904,1468068931328718,1775212876792,0,33328372539
1468068878833095,1468068948747728,1775212876807,0,33345791549
1468068898757967,1468068960778353,1775212876820,0,33357822174
1468068912197157,1468068986298301,1775212876845,0,33383342122
1468068932090283,1468069002591895,1775212876862,0,33399635716
1468068945561168,1468069015121166,1775212876874,0,33412164987
1468068965454294,1468069027026374,1775212876887,0,33424070195
1468068978925230,1468069066771582,1775212876925,0,33463815403
1468068998818356,1468069078602885,1775212876939,0,33475646706
1468069012289293,1468069096876999,1775212876955,0,33493920820
1468069032136249,1468069105285437,1775212876965,0,33502329258
1468069045653303,1468069124846687,1775212876983,0,33521890508
1468069065500259,1468069135637416,1775212876995,0,33532681237
1468069079017366,1468069150690905,1775212877009,0,33547734726
1468069098864322,1468069162838457,1775212877023,0,33559882278
1468069112381428,1468069190653874,1775212877049,0,33587697695
1468069132307407,1468069201854916,1775212877062,0,33598898737
1468069145745439,1468069223186374,1775212877082,0,33620230195
1468069165671418,1468069234359187,1775212877095,0,33631403008
1468069179109501,1468069253298718,1775212877112,0,33650342539
1468069199035480,1468069265612312,1775212877125,0,33662656133
1468069212473512,1468069289677207,1775212877148,0,33686721028
1468069232427748,1468069297649239,1775212877158,0,33694693060
1468069245837574,1468069317377207,1775212877176,0,33714421028
1468069265791810,1468069323966530,1775212877185,0,33721010351
1468069279201637,1468069362285541,1775212877221,0,33759329362
1468069299155873,1468069375424968,1775212877235,0,33772468789
1468069312565647,1468069394982676,1775212877253,0,33792026497
1468069332600116,1468069401521791,1775212877261,0,33798565612
1468069345929710,1468069423743249,1775212877282,0,33820787070
1468069365964179,1468069434086322,1775212877294,0,33831130143
1468069379293772,1468069457698822,1775212877316,0,33854742643
1468069399328241,1468069472913614,1775212877335,0,33869957435
1468069412657782,1468069489810957,1775212877348,0,33886854778
1468069432629555,1468069500260697,1775212877359,0,33897304518
1468069446021845,1468069524064447,1775212877383,0,33921108268
1468069465993618,1468069532248197,1775212877391,0,33929292018
1468069479385907,1468069557186686,1775212877416,0,33954230507
1468069499357680,1468069571248093,1775212877430,0,33968291914
1468069512749918,1468069590033926,1775212877449,0,33987077747
1468069532655618,1468069601300072,1775212877460,0,33998343893
1468069546113980,1468069624712259,1775212877483,0,34021756080
1468069566019680,1468069632435072,1775212877491,0,34029478893
1468069579478043,1468069652307520,1775212877511,0,34049351341
1468069599383743,1468069665267780,1775212877524,0,34062311601
1468069612842053,1468069701737416,1775212877560,0,34098781237
1468069632716626,1468069712376061,1775212877571,0,34109419882
1468069646206116,1468069735558145,1775212877594,0,34132601966
1468069666080689,1468069746873874,1775212877607,0,34143917695
1468069679570178,1468069760118978,1775212877619,0,34157162799
1468069699444751,1468069772708822,1775212877633,0,34169752643
1468069712934189,1468069798258770,1775212877657,0,34195302591
1468069732777298,1468069808869968,1775212877669,0,34205913789
1468069746298251,1468069818861426,1775212877677,0,34215905247
1468069766141360,1468069828086999,1775212877689,0,34225130820
1468069779662262,1468069862657363,1775212877721,0,34259701184
1468069799505371,1468069877282728,1775212877737,0,34274326549
1468069813026324,1468069900913978,1775212877759,0,34297957799
1468069832824603,1468069912759811,1775212877773,0,34309803632
1468069846390387,1468069923024863,1775212877782,0,34320068684
1468069866188666,1468069933237728,1775212877793,0,34330281549
1468069879754397,1468069954821322,1775212877813,0,34351865143
1468069899552676,1468069965580853,1775212877825,0,34362624674
1468069913118460,1468069983029499,1775212877842,0,34380073320
1468069932885703,1468069993897051,1775212877854,0,34390940872
1468069946482522,1468070014973353,1775212877873,0,34412017174
1468069966249765,1468070024735488,1775212877885,0,34421779309
1468069979846532,1468070055379447,1775212877914,0,34452423268
1468069999613775,1468070069216009,1775212877929,0,34466259830
1468070013210595,1468070091130176,1775212877950,0,34488173997
1468070032922065,1468070101650020,1775212877962,0,34498693841
1468070046574657,1468070118711217,1775212877977,0,34515755038
1468070066286127,1468070134681634,1775212877997,0,34531725455
1468070079938668,1468070154731270,1775212878013,0,34551775091
1468070099650138,1468070166851061,1775212878026,0,34563894882
1468070113302730,1468070186827780,1775212878045,0,34583871601
1468070133070341,1468070199447103,1775212878058,0,34596490924
1468070146666793,1468070216888926,1775212878075,0,34613932747
1468070166434404,1468070226271686,1775212878085,0,34623315507
1468070180030803,1468070252731478,1775212878111,0,34649775299
1468070199798414,1468070266710801,1775212878126,0,34663754622
1468070213394866,1468070291303249,1775212878150,0,34688347070
1468070233083888,1468070300348301,1775212878159,0,34697392122
1468070246758876,1468070316132051,1775212878175,0,34713175872
1468070266447898,1468070325353249,1775212878184,0,34722397070
1468070280122939,1468070359448144,1775212878218,0,34756491965
1468070299811961,1468070373808561,1775212878233,0,34770852382
1468070313487001,1468070394132311,1775212878253,0,34791176132
1468070333207306,1468070410399603,1775212878269,0,34807443424
1468070346851012,1468070427962415,1775212878286,0,34825006236
1468070366571317,1468070437040905,1775212878296,0,34834084726
1468070380215074,1468070456856426,1775212878315,0,34853900247
1468070399935379,1468070479514759,1775212878339,0,34876558580
1468070413579137,1468070487176894,1775212878346,0,34884220715
1468070433172971,1468070509991999,1775212878370,0,34907035820
1468070446943147,1468070530964863,1775212878389,0,34928008684
1468070466536981,1468070543290176,1775212878403,0,34940333997
1468070480307210,1468070551106999,1775212878410,0,34948150820
1468070499901044,1468070564906061,1775212878425,0,34961949882
1468070513671272,1468070587736946,1775212878446,0,34984780767
1468070533296298,1468070598803978,1775212878459,0,34995847799
1468070547035282,1468070618571374,1775212878477,0,35015615195
1468070566660308,1468070633040644,1775212878493,0,35030084465
1468070580399345,1468070657587832,1775212878516,0,35054631653
1468070600024371,1468070672640592,1775212878532,0,35069684413
1468070613763407,1468070695981217,1775212878554,0,35093025038
1468070633403713,1468070705086946,1775212878565,0,35102130767
1468070647127418,1468070730018248,1775212878589,0,35127062069
1468070666767724,1468070738684342,1775212878600,0,35135728163
1468070680491480,1468070756324394,1775212878615,0,35153368215
1468070700131786,1468070769658561,1775212878629,0,35166702382
1468070713855491,1468070785093144,1775212878644,0,35182136965
1468070733390909,1468070799252207,1775212878660,0,35196296028
1468070747219553,1468070826857103,1775212878685,0,35223900924
1468070766754971,1468070834591269,1775212878696,0,35231635090
1468070780583616,1468070858288092,1775212878717,0,35255331913
1468070800119034,1468070871170332,1775212878731,0,35268214153
1468070813947626,1468070892077623,1775212878751,0,35289121444
1468070833588614,1468070902842259,1775212878763,0,35299886080
1468070847311689,1468070925315957,1775212878784,0,35322359778
1468070866952677,1468070936214655,1775212878796,0,35333258476
1468070880675751,1468070957403821,1775212878816,0,35354447642
1468070900316739,1468070971620436,1775212878831,0,35368664257
1468070914039762,1468070984667780,1775212878843,0,35381711601
1468070933828876,1468070997283248,1775212878857,0,35394327069
1468070947403824,1468071023172259,1775212878882,0,35420216080
1468070967192938,1468071034626634,1775212878894,0,35431670455
1468070980767887,1468071051151634,1775212878910,0,35448195455
1468071000557001,1468071073921582,1775212878934,0,35470965403
1468071014131897,1468071086787415,1775212878945,0,35483831236
1468071034029453,1468071097784238,1775212878957,0,35494828059
1468071047495960,1468071117763405,1775212878976,0,35514807226
1468071067393516,1468071125779811,1775212878985,0,35522823632
1468071080860022,1468071156621113,1775212879015,0,35553664934
1468071100757578,1468071165244290,1775212879025,0,35562288111
1468071114224032,1468071191852832,1775212879050,0,35588896653
1468071134069106,1468071199788769,1775212879060,0,35596832590
1468071147588095,1468071218642519,1775212879077,0,35615686340
1468071167433169,1468071228777571,1775212879089,0,35625821392
1468071180952105,1468071257840488,1775212879116,0,35654884309
1468071200797179,1468071272476790,1775212879132,0,35669520611
1468071214316168,1468071291072988,1775212879150,0,35688116809
1468071234162117,1468071303079030,1775212879163,0,35700122851
1468071247680230,1468071325843248,1775212879184,0,35722887069
1468071267526179,1468071338373821,1775212879198,0,35735417642
1468071281044241,1468071356020436,1775212879215,0,35753064257
1468071300890190,1468071369582519,1775212879229,0,35766626340
1468071314408303,1468071388596061,1775212879247,0,35785639882
1468071334279441,1468071400731321,1775212879261,0,35797775142
1468071347772366,1468071418582675,1775212879277,0,35815626496
1468071367643504,1468071433620696,1775212879293,0,35830664517
1468071381136376,1468071454103144,1775212879313,0,35851146965
1468071401007514,1468071469094186,1775212879329,0,35866138007
1468071414500439,1468071494738821,1775212879353,0,35891782642
1468071434333641,1468071506150800,1775212879366,0,35903194621
1468071447864501,1468071523238561,1775212879382,0,35920282382
1468071467697703,1468071533846425,1775212879393,0,35930890246
1468071481228512,1468071551797154,1775212879410,0,35948840975
1468071501061714,1468071563815904,1775212879424,0,35960859725
1468071514592574,1468071593066477,1775212879452,0,35990110298
1468071534402305,1468071601678769,1775212879462,0,35998722590
1468071547956637,1468071619284498,1775212879478,0,36016328319
1468071567766368,1468071630636321,1775212879490,0,36027680142
1468071581320647,1468071664231061,1775212879523,0,36061274882
1468071601130378,1468071680510279,1775212879542,0,36077554100
1468071614684710,1468071702153821,1775212879561,0,36099197642
1468071634534160,1468071713542259,1775212879574,0,36110586080
1468071648048720,1468071732121477,1775212879591,0,36129165298
1468071667898170,1468071744056165,1775212879604,0,36141099986
1468071681412782,1468071757030175,1775212879616,0,36154073996
1468071701262232,1468071769570123,1775212879629,0,36166613944
1468071714776845,1468071788222623,1775212879647,0,36185266444
1468071734533746,1468071797454706,1775212879657,0,36194498527
1468071748140855,1468071818121061,1775212879677,0,36215164882
1468071767897756,1468071829342883,1775212879689,0,36226386704
1468071781504918,1468071863883925,1775212879722,0,36260927746
1468071801261819,1468071876969758,1775212879738,0,36274013579
1468071814868980,1468071895777519,1775212879754,0,36292821340
1468071834791522,1468071905505748,1775212879766,0,36302549569
1468071848232991,1468071925457467,1775212879784,0,36322501288
1468071868155533,1468071935568092,1775212879795,0,36332611913
1468071881597053,1468071953428717,1775212879812,0,36350472538
1468071901519595,1468071969333144,1775212879829,0,36366376965
1468071914961116,1468071994452675,1775212879853,0,36391496496
1468071934798252,1468072004524654,1775212879866,0,36401568475
1468071948325126,1468072025017102,1775212879884,0,36422060923
1468071968162262,1468072033959498,1775212879893,0,36431003319
1468071981689189,1468072052498925,1775212879911,0,36449542746
1468072001526325,1468072066707883,1775212879927,0,36463751704
1468072015053199,1468072089153144,1775212879948,0,36486196965
1468072034830863,1468072101643665,1775212879962,0,36498687486
1468072048417262,1468072119437779,1775212879978,0,36516481600
1468072068194926,1468072127782675,1775212879987,0,36524826496
1468072081781324,1468072161446529,1775212880020,0,36558490350
1468072101558988,1468072179491060,1775212880042,0,36576534881
1468072115145387,1468072195755748,1775212880054,0,36592799569
1468072134972013,1468072204754238,1775212880063,0,36601798059
1468072148509397,1468072218252206,1775212880077,0,36615296027
1468072168336023,1468072228985540,1775212880088,0,36626029361
1468072181873460,1468072252253404,1775212880111,0,36649297225
1468072201700086,1468072264432467,1775212880123,0,36661476288
1468072215237470,1468072297935435,1775212880156,0,36694979256
1468072235059982,1468072309907050,1775212880169,0,36706950871
1468072248601532,1468072329229550,1775212880188,0,36726273371
1468072268424044,1468072340447310,1775212880199,0,36737491131
1468072281965595,1468072360492467,1775212880219,0,36757536288
1468072301788107,1468072375514967,1775212880234,0,36772558788
1468072315329605,1468072392686269,1775212880251,0,36789730090
1468072335150215,1468072404563092,1775212880265,0,36801606913
1468072348693668,1468072425864550,1775212880284,0,36822908371
1468072368514278,1468072440389289,1775212880300,0,36837433110
1468072382057730,1468072452458821,1775212880311,0,36849502642
1468072401878340,1468072467686998,1775212880327,0,36864730819
1468072415421741,1468072490475487,1775212880349,0,36887519308
1468072435251110,1468072503857154,1775212880364,0,36900900975
1468072448785803,1468072520475539,1775212880379,0,36917519360
1468072468615172,1468072535889237,1775212880396,0,36932933058
1468072482149866,1468072558817258,1775212880417,0,36955861079
1468072501979235,1468072574744394,1775212880435,0,36971788215
1468072515513876,1468072591441737,1775212880450,0,36988485558
1468072535353936,1468072599896321,1775212880460,0,36996940142
1468072548877939,1468072623514185,1775212880482,0,37020558006
1468072568717999,1468072627373352,1775212880487,0,37024417173
1468072582241949,1468072660526216,1775212880519,0,37057570037
1468072602082009,1468072676848300,1775212880537,0,37073892121
1468072615606012,1468072697580800,1775212880556,0,37094624621
1468072635379262,1468072708461164,1775212880568,0,37105504985
1468072648970074,1468072727678404,1775212880586,0,37124722225
1468072668743324,1468072737771269,1775212880598,0,37134815090
1468072682334085,1468072766121685,1775212880625,0,37163165506
1468072702107335,1468072779435071,1775212880639,0,37176478892
1468072715698147,1468072798668039,1775212880657,0,37195711860
1468072735461728,1468072808064498,1775212880668,0,37205108319
1468072749062210,1468072829385696,1775212880688,0,37226429517
1468072768825791,1468072840458560,1775212880701,0,37237502381
1468072782426220,1468072857363456,1775212880716,0,37254407277
1468072802189801,1468072872515487,1775212880735,0,37269559308
1468072815790282,1468072890009966,1775212880749,0,37287053787
1468072835511943,1468072901675539,1775212880760,0,37298719360
1468072849154345,1468072919536373,1775212880778,0,37316580194
1468072868876006,1468072927674289,1775212880786,0,37324718110
1468072882518355,1468072954169862,1775212880813,0,37351213683
1468072902240016,1468072967341998,1775212880826,0,37364385819
1468072915882418,1468072986438039,1775212880845,0,37383481860
1468072935416460,1468072999966998,1775212880859,0,37397010819
1468072949246480,1468073026355435,1775212880885,0,37423399256
1468072968780522,1468073038063925,1775212880897,0,37435107746
1468072982610491,1468073066870748,1775212880925,0,37463914569
1468073002144533,1468073083813560,1775212880943,0,37480857381
1468073015974553,1468073106478664,1775212880965,0,37503522485
1468073035565175,1468073118069445,1775212880977,0,37515113266
1468073049338616,1468073134920748,1775212880993,0,37531964569
1468073068929238,1468073144901477,1775212881004,0,37541945298
1468073082702626,1468073154110643,1775212881013,0,37551154464
1468073102293248,1468073168226477,1775212881027,0,37565270298
1468073116066689,1468073186662779,1775212881045,0,37583706600
1468073135667756,1468073197507727,1775212881056,0,37594551548
1468073149430699,1468073227791373,1775212881086,0,37624835194
1468073169031766,1468073240442466,1775212881099,0,37637486287
1468073182794762,1468073252140591,1775212881111,0,37649184412
1468073202395829,1468073269534341,1775212881128,0,37666578162
1468073216158824,1468073288649550,1775212881147,0,37685693371
1468073235727837,1468073296200383,1775212881155,0,37693244204
1468073249522835,1468073329912883,1775212881188,0,37726956704
1468073269091848,1468073339783768,1775212881199,0,37736827589
1468073291235897,1468073360174602,1775212881219,0,37757218423
1468073306628910,1468073369858143,1775212881229,0,37766901964
1468073324599960,1468073392803352,1775212881251,0,37789847173
1468073339995104,1468073405566581,1775212881265,0,37802610402
1468073357963970,1468073420583300,1775212881279,0,37817627121
1468073373359114,1468073429163508,1775212881289,0,37826207329
1468073391328032,1468073458296789,1775212881317,0,37855340610
1468073406723176,1468073473094862,1775212881333,0,37870138683
1468073424692095,1468073492156633,1775212881351,0,37889200454
1468073440082277,1468073502460539,1775212881362,0,37899504360
1468073458056105,1468073518397518,1775212881377,0,37915441339
1468073473446287,1468073526299654,1775212881386,0,37923343475
1468073491420168,1468073562272466,1775212881421,0,37959316287
1468073506810350,1468073577679654,1775212881438,0,37974723475
1468073524784178,1468073594317049,1775212881453,0,37991360870
1468073540192915,1468073609086945,1775212881469,0,38006130766
1468073558148241,1468073624871789,1775212881483,0,38021915610
1468073573556978,1468073635545487,1775212881495,0,38032589308
1468073591512303,1468073663597831,1775212881522,0,38060641652
1468073606921040,1468073676370904,1775212881537,0,38073414725
1468073624876314,1468073699046997,1775212881558,0,38096090818
1468073640282214,1468073710080174,1775212881569,0,38107123995
1468073658240376,1468073725361737,1775212881584,0,38122405558
1468073691604439,1468073753031529,1775212881612,0,38150075350
1468073673646276,1468073773759185,1775212881632,0,38170803006
1468073707010339,1468073781652414,1775212881640,0,38178696235
1468073724968449,1468073786908716,1775212881645,0,38183952537
1468073740378655,1468073798284497,1775212881657,0,38195328318
1468073758332512,1468073824531164,1775212881683,0,38221574985
1468073773742718,1468073834810122,1775212881694,0,38231853943
1468073791696574,1468073855255643,1775212881714,0,38252299464
1468073807106780,1468073866951529,1775212881726,0,38263995350
1468073825060585,1468073890224341,1775212881749,0,38287268162
1468073840501844,1468073903291476,1775212881762,0,38300335297
1468073858424647,1468073926708768,1775212881785,0,38323752589
1468073873865906,1468073934707258,1775212881793,0,38331751079
1468073891788710,1468073954323247,1775212881813,0,38351367068
1468073907229969,1468073966809081,1775212881826,0,38363852902
1468073925152720,1468073992985018,1775212881851,0,38390028839
1468073940592008,1468074001960799,1775212881861,0,38399004620
1468073958516782,1468074020688508,1775212881879,0,38417732329
1468073973956070,1468074030403403,1775212881891,0,38427447224
1468073991880845,1468074064221112,1775212881923,0,38461264933
1468074007320133,1468074080652778,1775212881941,0,38477696599
1468074025244855,1468074097556060,1775212881956,0,38494599881
1468074040659002,1468074108136476,1775212881968,0,38505180297
1468074058608918,1468074130489133,1775212881989,0,38527532954
1468074074023065,1468074149408195,1775212882009,0,38546452016
1468074091972928,1468074157565643,1775212882016,0,38554609464
1468074107387075,1468074172954862,1775212882034,0,38569998683
1468074125336991,1468074196035487,1775212882055,0,38593079308
1468074140714775,1468074208452518,1775212882068,0,38605496339
1468074158701053,1468074224788195,1775212882083,0,38621832016
1468074174078837,1468074233305955,1775212882093,0,38630349776
1468074192065064,1468074259383560,1775212882118,0,38656427381
1468074207442848,1468074275897466,1775212882136,0,38672941287
1468074225429126,1468074295411008,1775212882154,0,38692454829
1468074240831517,1468074303508195,1775212882163,0,38700552016
1468074258793189,1468074322263872,1775212882181,0,38719307693
1468074274195580,1468074330790018,1775212882191,0,38727833839
1468074292157199,1468074367370851,1775212882226,0,38764414672
1468074307559590,1468074384517049,1775212882244,0,38781560870
1468074325521262,1468074399510382,1775212882258,0,38796554203
1468074340906359,1468074410421372,1775212882271,0,38807465193
1468074358885324,1468074437456424,1775212882296,0,38834500245
1468074374270421,1468074450424914,1775212882310,0,38847468735
1468074392249335,1468074460961060,1775212882319,0,38858004881
1468074407634432,1468074472592257,1775212882333,0,38869636078
1468074425613397,1468074487933612,1775212882346,0,38884977433
1468074440991529,1468074502599237,1775212882362,0,38899643058
1468074458977460,1468074528719653,1775212882387,0,38925763474
1468074474355592,1468074545292726,1775212882406,0,38942336547
1468074492341470,1468074561826216,1775212882420,0,38958870037
1468074507719602,1468074578562726,1775212882438,0,38975606547
1468074525705532,1468074598336372,1775212882457,0,38995380193
1468074541062579,1468074607559341,1775212882467,0,39004603162
1468074559069595,1468074630462778,1775212882489,0,39027506599
1468074574426642,1468074640951684,1775212882500,0,39037995505
1468074592433605,1468074655560174,1775212882514,0,39052603995
1468074607790652,1468074666974757,1775212882527,0,39064018578
1468074625797668,1468074688965955,1775212882547,0,39086009776
1468074641151904,1468074701421112,1775212882561,0,39098464933
1468074659161678,1468074723768091,1775212882582,0,39120811912
1468074674515914,1468074732171059,1775212882592,0,39129214880
1468074692525741,1468074753952726,1775212882612,0,39150996547
1468074707879977,1468074763772466,1775212882624,0,39160816287
1468074725889803,1468074797049653,1775212882656,0,39194093474
1468074741250956,1468074808891112,1775212882669,0,39205934933
1468074759253814,1468074825902570,1775212882684,0,39222946391
1468074774614967,1468074834728351,1775212882697,0,39231772172
1468074792617876,1468074867068351,1775212882726,0,39264112172
1468074807979029,1468074880231528,1775212882742,0,39277275349
1468074825981939,1468074896145122,1775212882755,0,39293188943
1468074841345093,1468074910141528,1775212882771,0,39307185349
1468074859345949,1468074928162205,1775212882787,0,39325206026
1468074874709103,1468074943285018,1775212882803,0,39340328839
1468074892710012,1468074961921632,1775212882820,0,39358965453
1468074908073166,1468074973553195,1775212882833,0,39370597016
1468074926074074,1468074988886841,1775212882847,0,39385930662
1468074941530485,1468074996712153,1775212882856,0,39393755974
1468074951089085,1468075026801528,1775212882885,0,39423845349
1468074970721496,1468075040315851,1775212882900,0,39437359672
1468074984453147,1468075055005330,1775212882913,0,39452049151
1468075004085558,1468075070891841,1775212882931,0,39467935662
1468075017817157,1468075089903611,1775212882948,0,39486947432
1468075037408411,1468075100539757,1775212882960,0,39497583578
1468075051181220,1468075132227413,1775212882991,0,39529271234
1468075070772474,1468075151518507,1775212883013,0,39548562328
1468075084545282,1468075165375955,1775212883024,0,39562419776
1468075104136536,1468075177211788,1775212883036,0,39574255609
1468075117909293,1468075189480018,1775212883048,0,39586523839
1468075137500547,1468075201384393,1775212883060,0,39598428214
1468075151273355,1468075227205434,1775212883086,0,39624249255
1468075170855198,1468075237297882,1775212883096,0,39634341703
1468075184637418,1468075256992101,1775212883115,0,39654035922
1468075204219261,1468075269399028,1775212883128,0,39666442849
1468075218001428,1468075294486007,1775212883153,0,39691529828
1468075237615907,1468075304652413,1775212883163,0,39701696234
1468075251365491,1468075324012674,1775212883183,0,39721056495
1468075270979970,1468075336386215,1775212883195,0,39733430036
1468075284729553,1468075355791372,1775212883214,0,39752835193
1468075304344032,1468075370110382,1775212883229,0,39767154203
1468075318093564,1468075397602309,1775212883256,0,39794646130
1468075337723403,1468075410031632,1775212883270,0,39807075453
1468075351457626,1468075429526997,1775212883288,0,39826570818
1468075371087465,1468075442209393,1775212883302,0,39839253214
1468075384821689,1468075455892361,1775212883314,0,39852936182
1468075404451528,1468075470819601,1775212883331,0,39867863422
1468075418185699,1468075493530174,1775212883352,0,39890573995
1468075437869060,1468075502881580,1775212883363,0,39899925401
1468075451549762,1468075524099549,1775212883383,0,39921143370
1468075471233123,1468075537707570,1775212883398,0,39934751391
1468075484913824,1468075559485486,1775212883418,0,39956529307
1468075504597185,1468075571492934,1775212883431,0,39968536755
1468075518277835,1468075598208767,1775212883457,0,39995252588
1468075537980386,1468075611092778,1775212883471,0,40008136599
1468075551641897,1468075626641945,1775212883485,0,40023685766
1468075571344448,1468075642488767,1775212883502,0,40039532588
1468075585005907,1468075657334497,1775212883516,0,40054378318
1468075604708458,1468075666918455,1775212883527,0,40063962276
1468075618369970,1468075706233247,1775212883565,0,40103277068
1468075638071455,1468075715480017,1775212883576,0,40112523838
1468075651734032,1468075731786007,1775212883590,0,40128829828
1468075671435517,1468075747091528,1775212883609,0,40144135349
1468075685098043,1468075763576267,1775212883622,0,40160620088
1468075704799528,1468075776386788,1775212883636,0,40173430609
1468075718462105,1468075802522361,1775212883661,0,40199566182
1468075738151254,1468075815271476,1775212883675,0,40212315297
1468075751826168,1468075821102569,1775212883680,0,40218146390
1468075771515317,1468075836118976,1775212883697,0,40233162797
1468075785190178,1468075852956372,1775212883711,0,40250000193
1468075804879327,1468075867100330,1775212883726,0,40264144151
1468075818554241,1468075886120226,1775212883745,0,40283164047
1468075838309294,1468075894742309,1775212883754,0,40291786130
1468075851918303,1468075923839288,1775212883782,0,40320883109
1468075871673356,1468075940476215,1775212883801,0,40337520036
1468075885282314,1468075954681788,1775212883813,0,40351725609
1468075905037367,1468075967909653,1775212883827,0,40364953474
1468075918646376,1468075985928507,1775212883844,0,40382972328
1468075938452179,1468075996949288,1775212883858,0,40393993109
1468075952010439,1468076021717778,1775212883880,0,40418761599
1468075971816242,1468076030845382,1775212883891,0,40427889203
1468075985374449,1468076066518403,1775212883925,0,40463562224
1468076005180252,1468076077634601,1775212883937,0,40474678422
1468076018738512,1468076094871580,1775212883953,0,40491915401
1468076038626500,1468076103426684,1775212883963,0,40500470505
1468076052102522,1468076122876788,1775212883981,0,40519920609
1468076071990510,1468076137973142,1775212883998,0,40535016963
1468076085466585,1468076158012153,1775212884017,0,40555055974
1468076105354573,1468076171267830,1775212884031,0,40568311651
1468076118830647,1468076189508819,1775212884048,0,40586552640
1468076138659775,1468076199296319,1775212884059,0,40596340140
1468076152194657,1468076224704757,1775212884083,0,40621748578
1468076172023785,1468076238309913,1775212884098,0,40635353734
1468076185558720,1468076256798767,1775212884115,0,40653842588
1468076205387848,1468076271058871,1775212884131,0,40668102692
1468076218922782,1468076300454340,1775212884159,0,40697498161
1468076238724387,1468076314777361,1775212884175,0,40711821182
1468076252286793,1468076332901371,1775212884191,0,40729945192
1468076272088398,1468076345956944,1775212884206,0,40743000765
1468076285650855,1468076358981267,1775212884217,0,40756025088
1468076305452460,1468076370891007,1775212884231,0,40767934828
1468076319014918,1468076394881267,1775212884253,0,40791925088
1468076338782733,1468076406070225,1775212884267,0,40803114046
1468076352378928,1468076424299236,1775212884283,0,40821343057
1468076372146743,1468076435810850,1775212884295,0,40832854671
1468076385742991,1468076461542153,1775212884320,0,40858585974
1468076405510806,1468076474840486,1775212884334,0,40871884307
1468076419107053,1468076494223663,1775212884353,0,40891267484
1468076438844144,1468076505228403,1775212884366,0,40902272224
1468076452471064,1468076536142205,1775212884395,0,40933186026
1468076472208155,1468076550712986,1775212884411,0,40947756807
1468076494184126,1468076568007725,1775212884427,0,40965051546
1468076509745217,1468076576317517,1775212884437,0,40973361338
1468076527548137,1468076594855173,1775212884453,0,40991898994
1468076543110927,1468076606824236,1775212884466,0,41003868057
1468076560912199,1468076619484496,1775212884478,0,41016528317
1468076576474989,1468076628724548,1775212884490,0,41025768369
1468076594276262,1468076657402725,1775212884516,0,41054446546
1468076609839052,1468076674721944,1775212884534,0,41071765765
